2026-08-09 20:56:44.611+09:00 [INFO ] kaspad v1.1.0-4f8794e
2026-08-09 20:56:44.611+09:00 [INFO ] Application directory: /Users/wata/Downloads/MISAKA-testnet/.misaka-vlt-devnet-2/node-4
2026-08-09 20:56:44.611+09:00 [INFO ] Data directory: /Users/wata/Downloads/MISAKA-testnet/.misaka-vlt-devnet-2/node-4/misaka-devnet/datadir
2026-08-09 20:56:44.611+09:00 [INFO ] Logs directory: /Users/wata/Downloads/MISAKA-testnet/.misaka-vlt-devnet-2/node-4/misaka-devnet/logs
2026-08-09 20:56:44.611+09:00 [INFO ] Utxoindex Data directory /Users/wata/Downloads/MISAKA-testnet/.misaka-vlt-devnet-2/node-4/misaka-devnet/datadir/utxoindex
2026-08-09 20:56:44.617+09:00 [INFO ] P2P bootstrap: DNS seed disabled (--nodnsseed) — using explicit peers + the address manager
2026-08-09 20:56:44.624+09:00 [WARN ] [vlt-state] none -> pre_shadow at daa=0
2026-08-09 20:56:44.626+09:00 [INFO ] Importing the UTXO set of the pruning point c31bfae8fc7a45010d6aab0e38ebdcce1e87b1444eb9aac6ed2d00de7f286aa6785eb88416b7e7b3c4b46750c2ae9e17bfa6e9f0312a4db82eb5652f17674f12
2026-08-09 20:56:44.630+09:00 [INFO ] Resyncing the utxoindex...
2026-08-09 20:56:44.630+09:00 [INFO ] [UPnP] Attempting to register upnp... (to disable run the node with --disable-upnp)
2026-08-09 20:56:54.630+09:00 [WARN ] [UPnP] Error adding port mapping: IO error: Resource temporarily unavailable (os error 35)
2026-08-09 20:56:54.631+09:00 [INFO ] [validator-service] loaded validator signing key from /Users/wata/Downloads/MISAKA-testnet/.misaka-vlt-devnet-2/node-4/validator.key (validator_id=697311d4c6baec6bc376e1b07f3bb38c421b60038f6cd26c42d2dbc47bd18d4ab271af0065d920c49d0ae40b2c7ddf988fd37ac6d780e82b0e486f509b0323b8)
2026-08-09 20:56:54.631+09:00 [INFO ] [validator-service] funding address: misakadev:qfr0e7gsl2mrxsvr5r8nrq60fn3eufxs46u3r6qaufcp45xfmv42hygmljcc33yt2mespxrrcscvkx3e600erk4tvudsq674tvzzykqf9ss06hgm — send UTXOs here to fund attestation-shard submission
2026-08-09 20:56:54.632+09:00 [WARN ] [validator-compute] --enable-compute without --compute-worker: using the DEVNET VLT FIXTURE runtime.                      Deterministic, not a model — valid only where the fixture profile is registered.
2026-08-09 20:56:54.632+09:00 [INFO ] [validator-compute] executor job input: /Users/wata/Downloads/MISAKA-testnet/.misaka-vlt-devnet-2/node-4/compute-prompt.txt (41 bytes)
2026-08-09 20:56:54.632+09:00 [INFO ] [validator-compute] devnet fixture: max_tokens pinned to the fixed job shape (15 = 10 prefill + 5 decode, 50 VLT/job); --compute-max-tokens=512 ignored
2026-08-09 20:56:54.632+09:00 [INFO ] [validator-compute] enabled: runtime=7ee20f6e853b2fb413bbbef94f7a6fc8951e82d55efec7c739f2c5267fea6eae7d68b9bf9f29566505ec539068b0677e7a16f833ad18d106f54556d3a6ecce7d class=8d416f720772b533f43006c4cbdc1effa7fc5d1e3fb7974dfecaa9589f1e2865a6144ef5d8d996e456d64429d6d42d9b32cc2fe98a97c5f08704d43c420c89ed max_tokens=15 auto_challenge=false
2026-08-09 20:56:54.632+09:00 [INFO ] [validator-compute] fixture quota: 0/1 job(s) certified, 0 slot(s) claimed (plan 7ee20f6e853b2fb413bbbef94f7a6fc8951e82d55efec7c739f2c5267fea6eae7d68b9bf9f29566505ec539068b0677e7a16f833ad18d106f54556d3a6ecce7d:1:15:41)
2026-08-09 20:56:54.632+09:00 [INFO ] MISAKA node endpoints (network devnet):
2026-08-09 20:56:54.632+09:00 [INFO ]   P2P:             127.0.0.1:17151   node-to-node only (not RPC)
2026-08-09 20:56:54.632+09:00 [INFO ]   node-grpc:       127.0.0.1:17150   miner / low-level node RPC
2026-08-09 20:56:54.632+09:00 [INFO ]   node-wrpc-borsh: 127.0.0.1:17152   validator / wallet / operator
2026-08-09 20:56:54.632+09:00 [INFO ]   node-wrpc-json:  disabled   explorer / browser
2026-08-09 20:56:54.632+09:00 [INFO ]   evm-rpc-http:    disabled   Ethereum JSON-RPC (EVM lane)
2026-08-09 20:56:54.633+09:00 [INFO ] Startup pruning recovery deferred (consensus transitional or catching up); the pruning worker will retry on its first message
2026-08-09 20:56:54.634+09:00 [INFO ] GRPC Server starting on: 127.0.0.1:17150
2026-08-09 20:56:54.634+09:00 [INFO ] P2P Server starting on: 127.0.0.1:17151
2026-08-09 20:56:54.635+09:00 [INFO ] [validator-service] starting (mode=active, validator_id=697311d4c6baec6bc376e1b07f3bb38c421b60038f6cd26c42d2dbc47bd18d4ab271af0065d920c49d0ae40b2c7ddf988fd37ac6d780e82b0e486f509b0323b8, stake-bond=none)
2026-08-09 20:56:54.635+09:00 [INFO ] WRPC Server starting on: 127.0.0.1:17152
2026-08-09 20:56:54.637+09:00 [INFO ] Registering p2p flows for peer 127.0.0.1:58848 for protocol version 102
2026-08-09 20:56:54.638+09:00 [INFO ] P2P Connected to incoming peer 127.0.0.1:58848 (inbound: 1)
2026-08-09 20:56:54.638+09:00 [INFO ] Registering p2p flows for peer 127.0.0.1:17141 for protocol version 102
2026-08-09 20:56:54.638+09:00 [INFO ] P2P Connected to outgoing peer 127.0.0.1:17141 (outbound: 1)
2026-08-09 20:56:54.638+09:00 [INFO ] P2P, incoming stream ended from peer 127.0.0.1:17141
2026-08-09 20:56:54.638+09:00 [WARN ] P2P, Hub event loop, removing peer with duplicate key: d2658601-d2a9-4333-9c32-1b205912e4c6+127.0.0.1
2026-08-09 20:56:54.638+09:00 [WARN ] P2P, route error: no flow has been registered for message type Addresses for peer: 127.0.0.1:58848
2026-08-09 20:56:54.639+09:00 [INFO ] Registering p2p flows for peer 127.0.0.1:17111 for protocol version 102
2026-08-09 20:56:54.639+09:00 [INFO ] P2P Connected to outgoing peer 127.0.0.1:17111 (outbound: 1)
2026-08-09 20:56:54.640+09:00 [INFO ] Registering p2p flows for peer 127.0.0.1:17121 for protocol version 102
2026-08-09 20:56:54.640+09:00 [INFO ] P2P Connected to outgoing peer 127.0.0.1:17121 (outbound: 2)
2026-08-09 20:56:54.641+09:00 [INFO ] Registering p2p flows for peer 127.0.0.1:17131 for protocol version 102
2026-08-09 20:56:54.641+09:00 [INFO ] P2P Connected to outgoing peer 127.0.0.1:17131 (outbound: 3)
2026-08-09 20:56:54.641+09:00 [INFO ] Registering p2p flows for peer 127.0.0.1:58868 for protocol version 102
2026-08-09 20:56:54.641+09:00 [INFO ] P2P Connected to incoming peer 127.0.0.1:58868 (inbound: 1)
2026-08-09 20:56:56.221+09:00 [INFO ] Accepted block 2e9f359e9b89e68fa578adfc22376dcd4a6795ad2e1c063729473a78cc0db297646a0da0968f3662eb5768d5543184c5d3dff72683bdb780f873366ed4c7307f via relay
2026-08-09 20:56:57.754+09:00 [INFO ] Accepted block d51198303ec57e8115858f37afb30f41422434bd43befde24932ed93e35cafd778aa4f84ba869fa14625ed104dbeaa69880d765e117bfb74298060d08a2a4d7a via relay
2026-08-09 20:56:58.773+09:00 [INFO ] Accepted block 49b1ae6fd8df53b33787be31c3397364906db876c4c05d283b8ac875b9a392aa879e773313d5cc17ecd8aba2dd2dd8a91e0e187a8317cb3c762ce4ea4b310c0b via relay
2026-08-09 20:57:00.712+09:00 [INFO ] Accepted block 81f6fab0943203f7d3f4faa407a834605f1fb829219e3708a40919c340c9baa47b2df21a425e588e277cbb01027816e16d1616eca786b0479db7bed623cce220 via relay
2026-08-09 20:57:01.943+09:00 [INFO ] Accepted block 76299f34700b8b453684cfc8e1c1ee35ef23546b252e471f079ebd7229a0dcda833655d860bbbbdc7d6248f5aa7dbc0804ef1948a6d5f6f9464203ed2429d807 via relay
2026-08-09 20:57:03.061+09:00 [INFO ] Accepted block 11832091564fb9e27cd88a13f005fd037e14443ce457dcab244393d907af28731b3bff652a44823e8f485991e35b33cf02868d9c4c023883106434962496b0aa via relay
2026-08-09 20:57:04.637+09:00 [INFO ] Processed 7 blocks and 7 headers in the last 10.00s (7 transactions; 7 UTXO-validated blocks; 1.00 parents; 1.00 mergeset; 1.00 TPB; 0.0 mass)
2026-08-09 20:57:04.637+09:00 [INFO ] [ibd-perf] 7 hdrs avg: validate(A,parallelizable) 96.7us | commit(serial) 75.8us [add_block 12.0 + db.write 19.1; held-lock 40.7] | f_serial=0.439 f_reach=0.070 | parallelize-ceiling 2.28x
2026-08-09 20:57:04.689+09:00 [INFO ] Accepted block c89d8900fbf5ac30420d14811d98f76a2738c4f9eee614107aeb30433f3ea42f9dda32f96ebf944dd4574516359e90b3bda6c5e499f1493e79eb9f420c409cde via relay
2026-08-09 20:57:06.205+09:00 [INFO ] Accepted block 834866f0b2c1ecf39360e5c50164cb0cab4db1c2a16401dacff86424192299fdfce156d0f57b2b96edd2265f2a5631188e1f58fbbf4438a0449bc6d919b392d7 via relay
2026-08-09 20:57:07.298+09:00 [INFO ] Accepted block 9777b94321839802e38fb1e421b09fed53792dcca31f1a630c479e990d240350e00f6344d3f7b29dd70ba5ee54060f36fd90a57a0c8c7cfd93e89073016f82d2 via relay
2026-08-09 20:57:08.700+09:00 [INFO ] Accepted block 3b67f603f7e23320f810acdb8abcd8c90010da3177cab3e1fde9bf041db460cfc826294eaf44f50020c9200640c2967e41b11c0a6ee01469c6180807c24612de via relay
2026-08-09 20:57:10.641+09:00 [INFO ] Accepted 6 blocks ...ecddfe3f9209ab8c350965653a7c304ba4fddc449b9771e142e50277aa8f8736d6d3594ba193f37c5fa66c78bfef6e6990fc2ca13e39361f36088c39a350d1f9 via relay
2026-08-09 20:57:11.889+09:00 [INFO ] Accepted 8 blocks ...2be7be2d9330fa1fe1c19d0b08fda20450610b8b93e0a69a977acfea4f747ad84ae2a734703f6c4e439df8640b5efa7aadb14e1dc17ecd6d6e47a5a985131a01 via relay
2026-08-09 20:57:13.060+09:00 [INFO ] Accepted 5 blocks ...a4bb225f0d56f318714dc36c074fd4de4e1f1b20697aa7961b4bca760ee60799a42c5afa4c7d18aa2117311cb821050c749a314db8ac820f4e50d569e4c36a3b via relay
2026-08-09 20:57:14.639+09:00 [INFO ] Processed 23 blocks and 23 headers in the last 10.00s (23 transactions; 20 UTXO-validated blocks; 1.13 parents; 1.13 mergeset; 1.00 TPB; 0.0 mass)
2026-08-09 20:57:14.639+09:00 [INFO ] [ibd-perf] 23 hdrs avg: validate(A,parallelizable) 72.4us | commit(serial) 55.2us [add_block 9.5 + db.write 18.2; held-lock 36.4] | f_serial=0.432 f_reach=0.074 | parallelize-ceiling 2.31x
2026-08-09 20:57:14.868+09:00 [INFO ] Accepted block e71132d2072fe27a80a5c1003c2f7920175e2bd9d154c89f088fe4599f55780fb16d0fa2e84ecb3db108c0b9c43f5d268befa3c1acb2ad866c0a3b74fc4ae4b3 via relay
2026-08-09 20:57:15.887+09:00 [INFO ] Accepted 2 blocks ...80779483683456a955616bdfbc20a6763d2b8a4e023611c19bd0cf0ee446242c27a63f1a2b591865123f803a12763958790f358257c454e08ef7995c8883f918 via relay
2026-08-09 20:57:16.938+09:00 [INFO ] Accepted 4 blocks ...b5c91d87af6543565ac12fb8cdb6666ec6d4f50d62d56f3fcdd2aad95dd5523aea0b4119550de3be6e65a2fc3126b34940e486618c008df544f8e0c53f782190 via relay
2026-08-09 20:57:17.961+09:00 [INFO ] Accepted 3 blocks ...5eb43fef0ee455c6192794a24963d4d2a1508074fa8d0c47d6754be47fdbad444547ccc68064a7094d40999f8b3f01f394e3d6939cf4c0ba40ac6a9362f5604c via relay
2026-08-09 20:57:19.044+09:00 [INFO ] Accepted 3 blocks ...adc92849260c9b288a4c482dbc879cdb4989af2dec79f16ee7d2915d6b6328b3cc3589308cbcfc71511c296cf5ca0059e680577565454a2a6d4be465b7d27df8 via relay
2026-08-09 20:57:20.134+09:00 [INFO ] Accepted 4 blocks ...cdea1e81ec884864233078ca6ef2eb996cd96a1b4f4eac9dc2a6a6fd239db16958b6125b71228eaf91244ae6754c113a49173bdcc3879bf47d863e6172f7d96b via relay
2026-08-09 20:57:21.218+09:00 [INFO ] Accepted 3 blocks ...a3c4d2c3daba2202e301fdb6d8fd260bda3e85ad6f703a3f2740e5c6e852c164544847ff9b12abd234c87bb2a8fcef16f4af0b2eb3b1988817be710151b117d5 via relay
2026-08-09 20:57:22.329+09:00 [INFO ] Accepted 2 blocks ...53ce53a6f85769a8d403a086628859dfa363dc7c788c68bb62d68704ca2c7b1aeda1518a855b01392e062723651e556af8e88d08f184371d52bfa970e4b2c488 via relay
2026-08-09 20:57:24.000+09:00 [INFO ] Accepted 3 blocks ...6d684583ea0cdc10a1cf87b1845358d022c1655d424182156040f59ab0ce05321e8af87b12b810961f6893156acd1cd98e2c820b17bbc5b6fe3baf8b61cfc67d via relay
2026-08-09 20:57:24.636+09:00 [INFO ] [validator-service] heartbeat: mode=active sink_daa=54 bond=unconfigured active_set=[epoch=0 is_active_validator=false (active_validators=0)] dns_overlay=configured (stage=Bootstrap, dns_confirmed=false)
2026-08-09 20:57:24.640+09:00 [INFO ] Processed 26 blocks and 26 headers in the last 10.00s (26 transactions; 21 UTXO-validated blocks; 1.35 parents; 1.35 mergeset; 1.00 TPB; 0.0 mass)
2026-08-09 20:57:24.640+09:00 [INFO ] [ibd-perf] 26 hdrs avg: validate(A,parallelizable) 81.1us | commit(serial) 55.8us [add_block 7.6 + db.write 20.0; held-lock 36.9] | f_serial=0.408 f_reach=0.056 | parallelize-ceiling 2.45x
2026-08-09 20:57:25.135+09:00 [INFO ] Accepted 3 blocks ...f78168f4d301470499d611c9324ffe3bf1cc74879d5571d5df5fc8259f065c7e5b1d3837ef4ea154aff3b1de5125d66dee9e3cf161c4c2f378d4cad7852d6de7 via relay
2026-08-09 20:57:26.246+09:00 [INFO ] Accepted 6 blocks ...f523baf8f94aa2ce14b3479aa7fab732edb5d75227fcce2d59b750cd6aefcb36be9a284737aa2c81afa3dea53f3338f5b55d2480bf37420b520c7a4182648c7a via relay
2026-08-09 20:57:27.628+09:00 [INFO ] Accepted 7 blocks ...d5675758e76e067a6935eef36778c15f56adc3f2d90342320c5352bceacf75086497f726ad3a68ecdae31504232e20456e88a8ca49831ef206c3ec867168cccd via relay
2026-08-09 20:57:28.640+09:00 [INFO ] Accepted 3 blocks ...17dce857cd6a99e13bcb18728982e8fbdfd0b25a5f1463f80e0ec8e43dc6b275960ba74198710dc1b5ec02e0d6d3cf4531657ff7d40de8d77b9c26e426bb85e9 via relay
2026-08-09 20:57:29.700+09:00 [INFO ] Accepted 6 blocks ...4e2988368ef7fae9c7239f8daec5e44d3f01b435fe180dd73930be1a8cde1ebc97bbebd67fee36733028ddb5a67a3b4ab53d05a6090d35fc0e776fc071fc5a7a via relay
2026-08-09 20:57:30.795+09:00 [INFO ] Accepted 4 blocks ...231ecc2c1dc9a26c3cf431b1eebf2fc3ed6b74de930e5834623a9771d5a0b72029667a48e45dacf1d27022cc126fea1a9081bf1b62ad5640399e9511cc756535 via relay
2026-08-09 20:57:31.950+09:00 [INFO ] Accepted 4 blocks ...09fb8f1d8f83a8f38bddeab3d0a94b799bcebbd532da0b065dd71fb2fc356db84417c8e54fb655e4522a5b0a5c6be5d1acf946f30ae246e644bb877a575b82f7 via relay
2026-08-09 20:57:33.491+09:00 [INFO ] Accepted 3 blocks ...2b30c8ff31b374b15186757729210bc1d0cdf77930ee57cc452a18bdf5af9c1fb7f79bc71e4c90ac5c8c3c7230ccfc2d76e515a9bffbb1aebe97c8a883051916 via relay
2026-08-09 20:57:34.642+09:00 [INFO ] Processed 36 blocks and 36 headers in the last 10.00s (36 transactions; 31 UTXO-validated blocks; 1.22 parents; 1.22 mergeset; 1.00 TPB; 0.0 mass)
2026-08-09 20:57:34.642+09:00 [INFO ] [ibd-perf] 36 hdrs avg: validate(A,parallelizable) 79.0us | commit(serial) 60.5us [add_block 10.2 + db.write 22.5; held-lock 42.3] | f_serial=0.434 f_reach=0.073 | parallelize-ceiling 2.31x
2026-08-09 20:57:35.460+09:00 [INFO ] Accepted 3 blocks ...764159638d892b518dc6689d7eb73d8115bd8c647054fa2eb8978d8fe28c64754d0dab66cfd498f5d1ebb5f50adba9d319f65d3bb1a62f4ade149ff96beb9141 via relay
2026-08-09 20:57:36.487+09:00 [INFO ] Accepted 5 blocks ...107505fd8393fdf9a1b54dfd3b25ed05fe5c0a95d756fb2e7bf70099cae537a1215063988ade8d71f40ac84d97250ac6eaada4ebff187e442a48fc067f6ab60c via relay
2026-08-09 20:57:37.716+09:00 [INFO ] Accepted 7 blocks ...7ed5eddef11d29fdb090d4b08061808e444851bcebf728665ea736a421757e92aa4e4f2c8da031ebb576a06213d94000581a5298ea69995db733610f555ad4cc via relay
2026-08-09 20:57:40.407+09:00 [INFO ] Accepted 2 blocks ...6f8d38da1ea17c190b3d0e10cc44c356a4a4763740127c7e2943960a8e0d8c5013e4c25c9ca4fe409a8de6c269a702780eecba053533294483bf765434d7e4b1 via relay
2026-08-09 20:57:43.524+09:00 [INFO ] Accepted 2 blocks ...dca9cdc1049718adf7d156ce9bcb5f2a39a7bf604a3c84a6f8bd519dbdf0106d879a4ba2d0a87157333a3d2d466d63705f0079f6704ba35259d6bd36b80a4eb5 via relay
2026-08-09 20:57:44.643+09:00 [INFO ] Processed 20 blocks and 20 headers in the last 10.00s (20 transactions; 17 UTXO-validated blocks; 1.40 parents; 1.40 mergeset; 1.00 TPB; 0.0 mass)
2026-08-09 20:57:44.643+09:00 [INFO ] [ibd-perf] 20 hdrs avg: validate(A,parallelizable) 97.2us | commit(serial) 68.3us [add_block 13.8 + db.write 24.9; held-lock 49.8] | f_serial=0.413 f_reach=0.083 | parallelize-ceiling 2.42x
2026-08-09 20:57:44.918+09:00 [INFO ] Accepted 4 blocks ...89d310f0a96ad473138628aa0fc82a9a5326b1aae3334773d51818a7581489aeeb354cfc9b4cb70f944779c10dbfecb10690fea5ea195d41938a399c6b8ae4e9 via relay
2026-08-09 20:57:46.212+09:00 [INFO ] Accepted block 38f0868683d177b39c0b5134fb94c25acbc01bcc377da5ac52c5bdca496b177168006ab8d6b1b8014710b21eeb384ed5222247652ba018ef94aea0b855b9c402 via relay
2026-08-09 20:57:47.533+09:00 [INFO ] Accepted 6 blocks ...3cb16ed695502376be741681159b709b9f948f47d47b9c094cd608e24f32c3ccda7068ac270c46b40c68002584760cbd3e9e8a097f4b639b1d265e75fc621985 via relay
2026-08-09 20:57:48.761+09:00 [INFO ] Accepted 5 blocks ...b33c66713de468a3dc12e0e9c8c61dbf1e1469937fc11c2adcd9d99ad2d774402ffe97704871075c31a5785bdcf51521a73f1898cd21b1b7cdf86932bad3c17a via relay
2026-08-09 20:57:49.987+09:00 [INFO ] Accepted 3 blocks ...a569d3ab1e3a4dc24e7814153000aa93e266c95ce4a513bb54bad9dae6da7615f9575e8c02c9c758fe6d43c6fb1d86bc269d88f7e373291e86b1dbdf6732bf05 via relay
2026-08-09 20:57:51.467+09:00 [INFO ] Accepted block 417292f8736e20ecb615f6d4a808bfa063ed7d6b3d2f6c06fe9727ea1de40e78cc288d468ca33d563db228d0748a4d6a74e78af3dc26fc40b0177190826424c6 via relay
2026-08-09 20:57:52.489+09:00 [INFO ] Accepted 4 blocks ...c5027d49bd65d00cc71d351e3d8432de35179e5ed4495e514a44b9aba64c5b6088fc0177c5f5b0ee43b003f60fcb81183646782e7d14e01e96fe72f40c45307b via relay
2026-08-09 20:57:53.866+09:00 [INFO ] Accepted 3 blocks ...17d1b864b07b9e83594c2dbef0800455bdd382e6d54018047f0135d4be826e3eac28272e51c84b22f8883f1baa715996e68c2ce8e4647d3511809facaf93669e via relay
2026-08-09 20:57:54.637+09:00 [INFO ] [validator-service] heartbeat: mode=active sink_daa=138 bond=unconfigured active_set=[epoch=1 is_active_validator=false (active_validators=0)] dns_overlay=configured (stage=Bootstrap, dns_confirmed=false)
2026-08-09 20:57:54.644+09:00 [INFO ] Processed 27 blocks and 27 headers in the last 10.00s (27 transactions; 22 UTXO-validated blocks; 1.33 parents; 1.33 mergeset; 1.00 TPB; 0.0 mass)
2026-08-09 20:57:54.644+09:00 [INFO ] [ibd-perf] 27 hdrs avg: validate(A,parallelizable) 85.6us | commit(serial) 108.9us [add_block 11.3 + db.write 39.2; held-lock 90.5] | f_serial=0.560 f_reach=0.058 | parallelize-ceiling 1.79x
2026-08-09 20:57:54.931+09:00 [INFO ] Accepted 5 blocks ...e9e158601eb066e5ed5757094a15fde0258f636b7344aee298fd5babe871fd5d29f12efe00784aaefd501c7d9f0f617b76b1abf8076886acfe690f3d08d593e8 via relay
2026-08-09 20:57:56.127+09:00 [INFO ] Accepted 7 blocks ...e11a7b53e26794d0b6ea46c1bc82f6f5626d3fd293f0a3c21177a30f39587e18d303944b4eeded095161ab6c4fa4e4005ae5a191188884a379ae5528ee6e1b1f via relay
2026-08-09 20:57:57.270+09:00 [INFO ] Accepted 4 blocks ...66c861c06cef7203e0dbf64c6cda702cba9b6b6c318a4328fb2be8182344a5e3435fd4c0e6a328c52421192a669c98c67a4fa0538809fdf636580e67c07b9b9b via relay
2026-08-09 20:57:59.120+09:00 [INFO ] Accepted 2 blocks ...238a3459516d4ce4482cad71b46de0828af919a48d84be53507f817f7a2825974eed20de4dcb2ee3067914e092162178233ddffd91aedf1c1a95fe213b367465 via relay
2026-08-09 20:58:00.255+09:00 [INFO ] Accepted 6 blocks ...f7e3a394aba555f5648fd9c91d9160378eaeeb52d36ee01d16f0c6615798edafd49e2e7907389a4a20d86db4064ca2da597a1f25c3ba729027633d0709f6d097 via relay
2026-08-09 20:58:01.514+09:00 [INFO ] Accepted 6 blocks ...eb68c9377f0bf073aa33df1ea2439920f88c12169aa2189f7a6c5c7f22c9779347dbed7cafea68942b68351d5b4af3142b5cc888f16ebe2b11a09e87d3484428 via relay
2026-08-09 20:58:03.557+09:00 [INFO ] Accepted 2 blocks ...8bb7effdcfa3328a336b7ccd65ea8651a312a34332a79857069eca0a563a174a17703b49859c1c5d31ab3283d3b85085949f4ef6c4b01b4b36d930e554a768af via relay
2026-08-09 20:58:04.646+09:00 [INFO ] Processed 34 blocks and 34 headers in the last 10.00s (34 transactions; 30 UTXO-validated blocks; 1.35 parents; 1.35 mergeset; 1.00 TPB; 0.0 mass)
2026-08-09 20:58:04.646+09:00 [INFO ] [ibd-perf] 34 hdrs avg: validate(A,parallelizable) 77.7us | commit(serial) 240.4us [add_block 8.0 + db.write 161.3; held-lock 222.2] | f_serial=0.756 f_reach=0.025 | parallelize-ceiling 1.32x
2026-08-09 20:58:04.787+09:00 [INFO ] Accepted 7 blocks ...75d0175b1bca03b176e1d71e2e3d6bbce73404d0778cd41856328c714252de51f5e940358e5906e95e83944062d8e9dfc209199a7bbc569db6ae26365be72d42 via relay
2026-08-09 20:58:06.016+09:00 [INFO ] Accepted 6 blocks ...a1a8d67b8a94a6f90e458dba2b9e37282f2a7eb2523e234383d1268f5d75b605802efa6db910aaa70a985bc3e69b5be6f4f44b27cbec66179714b7005f4068f9 via relay
2026-08-09 20:58:07.082+09:00 [INFO ] Accepted 6 blocks ...f849d13afb432b61cd65d67347a109679dfdbd500f89df334c5a74fbbeb7a0cc668f9c7fd383f708df2cb761a800847d80d47e06287bbcba358d2d86a23ad6da via relay
2026-08-09 20:58:08.517+09:00 [INFO ] Accepted 3 blocks ...e1b674683d49b6ae1d41bbefa26917ad1d12e9e9214d36bc965e7c52db022385054a134e1a7412051abc303d8b988607adb1f297a3aec3cb145eb3c132996450 via relay
2026-08-09 20:58:09.794+09:00 [INFO ] Accepted 2 blocks ...b1eb8831b75e132b71be1f5fa17546ea7d03fbcf0848fa30132c7ac6d2258b91b82496ce56435cf4021cc2e6fe20345001275cc73265cb23dbc905bd76bcc36f via relay
2026-08-09 20:58:10.937+09:00 [INFO ] Accepted block 9b9bc247a52f028113800eba134f3becb02930547f71f3fe7296f2e28ed693418f5e343bdef3728e294f1c8ecb07a66d8875eba179aabf8b14d7308a2c2a3c68 via relay
2026-08-09 20:58:12.327+09:00 [INFO ] Accepted 7 blocks ...407962db9b9840ece8489fc67e6adf1c314a2f640f2623c3b55c07147b658149ce217c304550d931a2990bee5246f792c6f2b0898f80e9251dd582ca9efc56eb via relay
2026-08-09 20:58:13.852+09:00 [INFO ] Accepted 4 blocks ...d68f4886ee9f7df2f3f83a8fffd83853ed64eb8d14425117e57807c3039208cc0eac30df415a293315d6226725808fd708bb169f6109e13fa6b7390d9aff8299 via relay
2026-08-09 20:58:14.647+09:00 [INFO ] Processed 34 blocks and 34 headers in the last 10.00s (34 transactions; 31 UTXO-validated blocks; 1.24 parents; 1.24 mergeset; 1.00 TPB; 0.0 mass)
2026-08-09 20:58:14.647+09:00 [INFO ] [ibd-perf] 34 hdrs avg: validate(A,parallelizable) 83.5us | commit(serial) 144.9us [add_block 8.0 + db.write 62.4; held-lock 124.4] | f_serial=0.634 f_reach=0.035 | parallelize-ceiling 1.58x
2026-08-09 20:58:15.265+09:00 [INFO ] Accepted 3 blocks ...11d9c81543a8b9c8a0a524947cd2bdbcb693996e5ab1262df52df327236c5c034f7cf395008d81292112b4f5a4a4673400b1d189abe25ae2affae04c3160f89b via relay
2026-08-09 20:58:16.605+09:00 [INFO ] Accepted 4 blocks ...d5ff16154bbc33c8652fa716bf1f31e3cc4234284cbb8a402e65d5ffcc3fa1f301ecf2202ed201ad4d345a2134bccbaa27c0a631b02501d870d196c03eeabe79 via relay
2026-08-09 20:58:17.839+09:00 [INFO ] Accepted 4 blocks ...a942fee0b3c876fdb7cc3d1163a5094e6b1f8baa3021d4636e318a40e299b8cbd926825e08221d0bce2eca44ba2240aa1a1b6790aead59d2c604ec52c24c27c6 via relay
2026-08-09 20:58:18.972+09:00 [INFO ] Accepted 4 blocks ...709bd6566f0ffd36ee114bd592dde9443797b1fa705cf2596124510a4377c8e4075b550ea29b744b78f26fa55d433012e7a72adf43a2f9ebf26d842302a22a2c via relay
2026-08-09 20:58:20.125+09:00 [INFO ] Accepted 2 blocks ...62bd9f223204b68fb655c302803fc4f376f2a75e4fdf8d46c31ee8ef9463a6a1b8d08a2bff8b1e2300a0c9ac64d69edb8a925f2f3fe664dcf4174fd034d71f9d via relay
2026-08-09 20:58:21.214+09:00 [INFO ] Accepted 5 blocks ...4efbddd812745dbe80a506c72dc78493e25b794ba0da6d8d355e815bb8b75e68177153393889914c9ba93c138cba170ecb69e839e79f7d05f982f4cba9fb3330 via relay
2026-08-09 20:58:22.695+09:00 [INFO ] Accepted 7 blocks ...67d8595f8d3bbc069e85f1019b7bba11219b49f82ca6ec478c37483f7973cb77a02a4d0abe2a5d0294ee25d1da505febc23c4da463768b665d55931354eadd24 via relay
2026-08-09 20:58:23.935+09:00 [INFO ] Accepted 5 blocks ...c72ccba4b56e1eca8fbe8def63ff3c4b857677be84fc8bba6d584c6ed27499d26c8fda177929d896af8ec28ee400720aaaf97ac45c5510ad33b3dd33780fb7b7 via relay
2026-08-09 20:58:24.639+09:00 [INFO ] [validator-service] heartbeat: mode=active sink_daa=240 bond=unconfigured active_set=[epoch=2 is_active_validator=false (active_validators=0)] dns_overlay=configured (stage=Bootstrap, dns_confirmed=false)
2026-08-09 20:58:24.649+09:00 [INFO ] Processed 34 blocks and 34 headers in the last 10.00s (34 transactions; 30 UTXO-validated blocks; 1.21 parents; 1.21 mergeset; 1.00 TPB; 0.0 mass)
2026-08-09 20:58:24.649+09:00 [INFO ] [ibd-perf] 34 hdrs avg: validate(A,parallelizable) 83.8us | commit(serial) 264.2us [add_block 9.5 + db.write 170.4; held-lock 243.8] | f_serial=0.759 f_reach=0.027 | parallelize-ceiling 1.32x
2026-08-09 20:58:25.163+09:00 [INFO ] Accepted 3 blocks ...9cb6de211c73331ee918e4fbdc3f0b07eadd87864f9d22cd5ac1632cf536837da26b3505316114c05b5957a39e1b27b6dbd523a9f4cec03ca43caa03bb41372d via relay
2026-08-09 20:58:26.234+09:00 [INFO ] Accepted 4 blocks ...e004201186720c7c2dd667fbaa23d411a1255ac97f52cad1a9699dac377f705ea5c5cf638113a76ee074fc853fc0bdfeb64743e677e9877cf086a195ed364eb1 via relay
2026-08-09 20:58:27.237+09:00 [INFO ] Accepted 7 blocks ...22ee16db1d10551e1794d7bc1e665f6fbaabae9c3eebe6c93f4346043e6f0d8f48360d0f26457efe9010da7015e29767ad241ce8fea943f506484c2d91d2037a via relay
2026-08-09 20:58:28.497+09:00 [INFO ] Accepted 5 blocks ...a02e30879930b2b45f912cc5766eb6800c4367dac50092e17c628171c5e147eaf8011057ef31138c78ff3eb3f4e9f60b5a668c685967371507b2bfc32eda1789 via relay
2026-08-09 20:58:29.766+09:00 [INFO ] Accepted 4 blocks ...f7b06e0f997d541d29dd7073dc3a730fceed9d93a948e0d2729d3c7c2219f3087d5725b039be5efd9008e36417231752df3976847758c778f7269509741a1bbc via relay
2026-08-09 20:58:31.050+09:00 [INFO ] Accepted 4 blocks ...b514cd92820bee7852b95bd40d9a792f7ebc1705a502d3c9d42e3b8dc086c516a9ed8c9566f3f87753ee3cea7b245345ee3e1af67342390401ecf3f3d0951422 via relay
2026-08-09 20:58:32.235+09:00 [INFO ] Accepted 2 blocks ...3d76ea92134736d503110ff6d610eddcfb31217da1cbd887c7a07878b261bdcb9b876f7762730b21752a9ca04b5e5ab7e932bd0ce61b49e1317ba46d29730ccc via relay
2026-08-09 20:58:33.514+09:00 [INFO ] Accepted 3 blocks ...a37bbdfa37f38b0046b60ebe7570622a0d9256d39e04da423a673fb2267e7ffb8b481635b6e5f1286610ca3f588d2d1dfdd99ce64854e2f6a3759896b65274a6 via relay
2026-08-09 20:58:34.640+09:00 [INFO ] Accepted block 6bb05aa60ba3437d85836faf53080cdf2ea70e679b3e03486edb2f5e27d8d9965f51ec4016ffe1b52db345eb815ee45f62f046b7e89501baa53fc230093f92a0 via relay
2026-08-09 20:58:34.651+09:00 [INFO ] Processed 30 blocks and 30 headers in the last 10.00s (30 transactions; 26 UTXO-validated blocks; 1.17 parents; 1.17 mergeset; 1.00 TPB; 0.0 mass)
2026-08-09 20:58:34.651+09:00 [INFO ] [ibd-perf] 30 hdrs avg: validate(A,parallelizable) 77.1us | commit(serial) 167.8us [add_block 8.3 + db.write 81.4; held-lock 148.4] | f_serial=0.685 f_reach=0.034 | parallelize-ceiling 1.46x
2026-08-09 20:58:35.871+09:00 [INFO ] Accepted 3 blocks ...163cb8700be02c3947652c8c1d4ca7885a6531d4604768c3266ba6f69cd7683aa4265ef8ccb9b0a09f6a31a3a6526527101d14b5f837a9fda6bdb05956d85f77 via relay
2026-08-09 20:58:37.931+09:00 [INFO ] Accepted 2 blocks ...28059435a6afe5ecb39fd684dc492125c8175b83e2822996e6d170ad3273bb936043fc721203258495146b0ff8ca4893c267de6ed96fca2acb7a220062b57ce3 via relay
2026-08-09 20:58:39.269+09:00 [INFO ] Accepted 3 blocks ...1835b61bda556d6a52808831cbe9f694fa8beae863fc2ee639686ae33456942091815a368df667653b762173eebe533086c11c70a2d2ba8239226e9813b7dc62 via relay
2026-08-09 20:58:40.546+09:00 [INFO ] Accepted 4 blocks ...d596c701c22ab151865bd1b6708898b350e2589c7b0f0ea3acaff95bc98c8622aaf725349aa82f137e316905db23d0d2ee8e07df619281f9845f07c63a823f5c via relay
2026-08-09 20:58:41.830+09:00 [INFO ] Accepted 2 blocks ...fda4692509d81b753e929a3b74a6ece9645b39fd901deda2083936b722946291d94fd09b097f56d921240ad9d55b938c4ae2c107d9f36b4487ad434e1c8d1243 via relay
2026-08-09 20:58:42.968+09:00 [INFO ] Accepted block b6e013947f344e17a90729cca38e0113f30dd5d4100cf58b3871c6b7ef1b0394722085d0b0fb6a0720a44b45c9cef2ba2bab7411c51ae49df33715a7cf537c01 via relay
2026-08-09 20:58:43.898+09:00 [INFO ] EVM lane KPI (O9): 256 chain blocks, avg mergeset 1.25, avg accepted-gas utilization 0.00%, 0 deposit-claims applied (cumulative)
2026-08-09 20:58:44.058+09:00 [INFO ] Accepted 7 blocks ...3ce711df8384c3362ab785224aabd2ee1952f58179897144e74ed2f7d94a216eb9da471d80e161ff5b5f85f2c173b31c9d4f31ce2a8cfdd3bcf2ad804f096371 via relay
2026-08-09 20:58:44.652+09:00 [INFO ] Processed 22 blocks and 22 headers in the last 10.00s (22 transactions; 21 UTXO-validated blocks; 1.09 parents; 1.09 mergeset; 1.00 TPB; 0.0 mass)
2026-08-09 20:58:44.652+09:00 [INFO ] [ibd-perf] 22 hdrs avg: validate(A,parallelizable) 86.2us | commit(serial) 166.9us [add_block 7.8 + db.write 80.8; held-lock 146.7] | f_serial=0.659 f_reach=0.031 | parallelize-ceiling 1.52x
2026-08-09 20:58:46.012+09:00 [INFO ] Accepted 4 blocks ...bc0875294cccac30115eaf5b92dee8fb144ec08a97713fa2ef7463e5951bca96484308a68e5c75f08f3c16fbecd69f179dd65ac22c11cc56a550217ea0284ff9 via relay
2026-08-09 20:58:47.014+09:00 [INFO ] [vlt-shadow] sink_daa=299 0 validator(s) with credit; 0/2 epoch(s) would reach quorum; newest epoch Some(1): W(E)=0 signed=0 snapshot_root=df96acf7b93c292a4fbcb7f8b7893e33d91e09a3c6d9bb4e95fe00e3082639cbb4015209885a97eba458522fcabc2cd2bfbf932b1fe0349145fce2a1812b277f — the weight fence is at 18446744073709551615
2026-08-09 20:58:47.014+09:00 [WARN ] [vlt-state] pre_shadow -> shadow at daa=299
2026-08-09 20:58:47.402+09:00 [INFO ] Accepted 3 blocks ...d80852af757de483bba6c6365850e9377ca4433904e02c4279a46854515e915ea5b3dc0c48193912cfb06ce2682634836822952c62c0306c8718ffb7cc449917 via relay
2026-08-09 20:58:49.072+09:00 [INFO ] Accepted 4 blocks ...2c1ae6d79a6905db6b9e48bbcbe7d169f8546c69952bb34b90888a63acf94de3a3b856144f384645d112f94b3db1037dd1570964818a4d669796827b58cd3241 via relay
2026-08-09 20:58:50.956+09:00 [INFO ] Accepted 3 blocks ...68159d4d56103d52471e0c226d0a9f09d63c66ad5d0c1a238ad65a3c55a229d0e05f0a8dcb9d1ec639c5e140ecbc7c235122c83f6af80a5c8673045e2067daeb via relay
2026-08-09 20:58:52.032+09:00 [INFO ] Accepted block fd83247d3a37dbf20f78883e5bb324427f415448e1445e159a7638e64a649eb7b45cfc98680ec93b6a1cbf0d285e6d71c726db246d65438234acbd563696e95b via relay
2026-08-09 20:58:53.631+09:00 [INFO ] Accepted 2 blocks ...8b6ca75c0390ad422712bbcfd3c31d5616d9b6aeab2fc58b60bcc1e372ce83ed7c4c80ddba16a28d36bc5138a1feb9c684a9628448647b17f03f2f4fd1e9d60c via relay
2026-08-09 20:58:54.640+09:00 [INFO ] [validator-service] heartbeat: mode=active sink_daa=312 bond=unconfigured active_set=[epoch=3 is_active_validator=false (active_validators=0)] dns_overlay=configured (stage=Bootstrap, dns_confirmed=false)
2026-08-09 20:58:54.654+09:00 [INFO ] Processed 20 blocks and 20 headers in the last 10.00s (20 transactions; 19 UTXO-validated blocks; 1.10 parents; 1.10 mergeset; 1.00 TPB; 0.0 mass)
2026-08-09 20:58:54.654+09:00 [INFO ] [ibd-perf] 20 hdrs avg: validate(A,parallelizable) 82.6us | commit(serial) 179.1us [add_block 8.5 + db.write 85.2; held-lock 158.9] | f_serial=0.684 f_reach=0.032 | parallelize-ceiling 1.46x
2026-08-09 20:58:54.924+09:00 [INFO ] Accepted 3 blocks ...ff5544cc194da1cf701d8e9f2c27cb2b2979aef7669b47d594d5b60e64aa27c9f39eb1fdbfb2798a4fc12d677f12a677bf70e4965151614cb24a3b1c57321cd0 via relay
2026-08-09 20:58:56.098+09:00 [INFO ] Accepted 4 blocks ...c4bb247fb747c8d1e44b67a15a689ee73e7532ffac3ef7a2eda4346bb98e124b8a512caa8e34aafada2fea78b21176384871da04772d5c858db5c62eae2f1517 via relay
2026-08-09 20:58:57.253+09:00 [INFO ] Accepted 4 blocks ...f94bc45b4fef2b0d447a77b5eb1932693af29a20b36961ff405ce60d976a09b3d6ade39f9ff57c0e9f57a7621c04a479526e87e5e0ec5d472d96d71f0cb6b6df via relay
2026-08-09 20:58:58.515+09:00 [INFO ] Accepted 3 blocks ...c71139cb37d13329e1286b117c94d981352c142ca471857e9b55af34fa2e3f266db6fb53f48087f8c91fdd65f26830b4652e55726df0088e1fc31272a39f11ef via relay
2026-08-09 20:59:00.228+09:00 [INFO ] Accepted 2 blocks ...8ed48ee9574caadb37a5153a1522e4e4ecef050fb0849fa574c16f838f395b92ecfb2c7dba1b1d1fc004f12322f38cf78a70aabe52615af10e8dda32e46e2f79 via relay
2026-08-09 20:59:01.425+09:00 [INFO ] Accepted 5 blocks ...b6d470abace11cb2a838bde18dee75edd1adb47d9a8765cf26518d15c3e78830ce8b4e1e16a680df8d863349c054a95d8f6429f1d8754349042b7312a302aa7a via relay
2026-08-09 20:59:02.637+09:00 [INFO ] Accepted 3 blocks ...8661afc72874e6b9675380681c10b00a290225cd134e46338bdacc19c2853efd79406d380640a157df04a114fce2a301fb73cba3de9c6f0f1339c65318733a36 via relay
2026-08-09 20:59:03.862+09:00 [INFO ] Accepted 4 blocks ...60822eb72d136270a673c0074fc0afeffbfba5e5119936094afe90bbbfa9045c89b1a2b7da6f753e94f8d53790d3d0e041bfe06724cae2ccfac904dd037f09db via relay
2026-08-09 20:59:04.655+09:00 [INFO ] Processed 27 blocks and 27 headers in the last 10.00s (27 transactions; 27 UTXO-validated blocks; 1.04 parents; 1.04 mergeset; 1.00 TPB; 0.0 mass)
2026-08-09 20:59:04.655+09:00 [INFO ] [ibd-perf] 27 hdrs avg: validate(A,parallelizable) 80.7us | commit(serial) 202.6us [add_block 10.0 + db.write 99.3; held-lock 181.5] | f_serial=0.715 f_reach=0.035 | parallelize-ceiling 1.40x
2026-08-09 20:59:05.147+09:00 [INFO ] Accepted 4 blocks ...d782611cf879d6d12eae860146554f27a59c7fa975150982db626c07ed969a61b7f469fac482a4a310f1f3b4ec20032a3a7f8836cc72eed9f1b425c52cd3d5f1 via relay
2026-08-09 20:59:06.743+09:00 [INFO ] Accepted block d39fea1b2fc941cabec77fea425fb55bfa9e536896b85ec2b9d2609034812c98f465c4f98226844b2271b9e417c2ecf0769dd7f4813e46f94aa9ed24bc2a00ea via relay
2026-08-09 20:59:08.747+09:00 [INFO ] Accepted block 28655af36edbb169f1c01186cdd88e29fade9c0a0e0d7692d7fb6f048f897060af9f1b01287956b74bc589cc166b4f0dd8c2da1fb097a729469fa1b121a20523 via relay
2026-08-09 20:59:10.119+09:00 [INFO ] Accepted 5 blocks ...05317228fe7e4a84b8b5bc692c717e459b06a90537b38bdf1db8297f419cbdc9eedb9cf2c9bdd38b4760323b553655854716cfa143c67a2c0f149938161fd396 via relay
2026-08-09 20:59:11.797+09:00 [INFO ] Accepted 5 blocks ...d4f5542525a8473ddfd5790422a41931993a59f78e3140afd8308383b8669c737bb25593d380d8bcc20305380f0bd31c602c5e62552b148dae48cd897be34f76 via relay
2026-08-09 20:59:13.103+09:00 [INFO ] Accepted 4 blocks ...e13e97b7d744b9a54a4c5fc577db802526e71eb855ce8d0288a530c47b18042d9a7ab709bd13e725dec0c3bc639bd35255ab0dfeec07e3f4162828fb1812a6a9 via relay
2026-08-09 20:59:14.657+09:00 [INFO ] Processed 21 blocks and 21 headers in the last 10.00s (21 transactions; 20 UTXO-validated blocks; 1.05 parents; 1.05 mergeset; 1.00 TPB; 0.0 mass)
2026-08-09 20:59:14.657+09:00 [INFO ] [ibd-perf] 21 hdrs avg: validate(A,parallelizable) 104.2us | commit(serial) 241.5us [add_block 13.6 + db.write 126.3; held-lock 213.8] | f_serial=0.699 f_reach=0.039 | parallelize-ceiling 1.43x
2026-08-09 20:59:14.777+09:00 [INFO ] Accepted 3 blocks ...28e08d88aaafe3e202f0264f7167a1d250c58fc9bb4f852651a429d4e4d9b687346b3a0fcbca7ab69d799c49c5f8cfe6e709b62438e06e3a95f92eb10bdc0365 via relay
2026-08-09 20:59:16.268+09:00 [INFO ] Accepted 3 blocks ...9b63f37ed22f4775167a7c863d8ac579d1efe7501ca05ac008ed6428557b686e1c3ab6fb0e69fa894801a4289ad19e593bca2aeb9b5c45a75f3557e595b250ae via relay
2026-08-09 20:59:18.928+09:00 [INFO ] Accepted 3 blocks ...8b1062900c21ad155ac6365409e98fac72e46e525150130aadaa49725e723422812c76bbac0746ab6a5d4855b6c7ee968fd00a6b5204a0af8c83dac00d9db900 via relay
2026-08-09 20:59:19.989+09:00 [INFO ] Accepted 7 blocks ...6ad907b6fc493cbb6f5c76de308ff78bc404760b48aa97f650ec941704429c66214ac13a06494178d41e594baa8b62043ea40611a99e5157f975da1b91b71769 via relay
2026-08-09 20:59:21.123+09:00 [INFO ] Accepted 3 blocks ...39b7b9cd5ef03cf35a8f0252996b912afcbb62ab3e7e675e7343b23c4a0f01c59e7e2742ef09d2ed26e48c069d3c5b9456363e17db2e83b28320c5c5148b03e0 via relay
2026-08-09 20:59:22.160+09:00 [INFO ] Accepted 6 blocks ...8da80c757b19ccede5bcbc90268c30d70993e49332c21bdf88408803c2eedd61aa9fcc2c37ee4b872e8ec95ea615eeae67e8782f13e283aa5274b1cbdd4e1dc6 via relay
2026-08-09 20:59:23.205+09:00 [INFO ] Accepted 4 blocks ...4545d0b603b46bf0b1950885555a7cbc87456e1f37ef5b5796c0e082ea5c94337475ca57ed28f7b79baff03285c6e94cc398bedf7a00e79004efab5b014cc12d via relay
2026-08-09 20:59:24.464+09:00 [INFO ] Accepted 4 blocks ...801ae7ce9fe433d6acfbd4ee9e3cb69640fe025ef225ad9fbb14c7cfbd1b4a80667b90ed0dbe72ec22d4016e5e40e76216b38dbf342729c4fa0749d83b115723 via relay
2026-08-09 20:59:24.641+09:00 [INFO ] [validator-service] heartbeat: mode=active sink_daa=391 bond=unconfigured active_set=[epoch=3 is_active_validator=false (active_validators=0)] dns_overlay=configured (stage=Bootstrap, dns_confirmed=false)
2026-08-09 20:59:24.658+09:00 [INFO ] Processed 31 blocks and 31 headers in the last 10.00s (31 transactions; 31 UTXO-validated blocks; 1.03 parents; 1.03 mergeset; 1.00 TPB; 0.0 mass)
2026-08-09 20:59:24.658+09:00 [INFO ] [ibd-perf] 31 hdrs avg: validate(A,parallelizable) 101.8us | commit(serial) 188.7us [add_block 9.7 + db.write 90.0; held-lock 161.2] | f_serial=0.650 f_reach=0.033 | parallelize-ceiling 1.54x
2026-08-09 20:59:25.525+09:00 [INFO ] Accepted 3 blocks ...2e0306f105969ffb2522721b50a6dde2e0c0adec389f2bd97dfce797ef818b1bc74c61a3a70c6403657e797b6a8c6d2b247b05604587786e63b6e94b151a577a via relay
2026-08-09 20:59:27.020+09:00 [INFO ] [vlt-shadow] sink_daa=399 0 validator(s) with credit; 0/3 epoch(s) would reach quorum; newest epoch Some(2): W(E)=0 signed=0 snapshot_root=b64e5a434923e849d1c2d892427f35a69c78fadd72c66d28319eafbb65f38a8cc1f7f95ed11fa02fa23264a6fad968dc31aa9c025f28d77ab27c0e96abe17490 — the weight fence is at 18446744073709551615
2026-08-09 20:59:27.053+09:00 [INFO ] Accepted 6 blocks ...b484a3450cd6a2fe2a0c5d88145c6f41390dc71cd9f2df47ea511e42a200da49f08ceff8c33c7f5eafd54510d141a4d614a4e68d08a9da1c6a4f229352957446 via relay
2026-08-09 20:59:28.744+09:00 [INFO ] Accepted 6 blocks ...6c1624dd45baddd2a6bda8cd55c9f07c40ddcd6fa143d6cdbdb6568be566d6982ddfa9cacb4b358f4bf2cdde4f2ae739d956415835507c182e5c49b6276fef75 via relay
2026-08-09 20:59:29.858+09:00 [INFO ] Accepted 4 blocks ...ec524b051de0cbfea2b5f0666cbd0e4ff659e6652a7649d3d559d90d8c7970a9b4095b9a11a8d425afcc604349ced7501bddb1072e53952e94541daedfa8662c via relay
2026-08-09 20:59:31.178+09:00 [INFO ] Accepted 5 blocks ...207aefabd991987d75adfebfd3e4a945d4d387f29b041c376a6a5533eb7823d73ec4d2075d3068a5714fbc9a7c6fd00d988988e798a85894de7370cb01921fdf via relay
2026-08-09 20:59:32.491+09:00 [INFO ] Accepted 4 blocks ...f8dd8670bb700fc57bd5977626ffd003a60504ad8c06a43d666753d9920c88157797a0667062279e0692640376254a493beb180b05e9358b6ea75e10ab0eafc9 via relay
2026-08-09 20:59:33.806+09:00 [INFO ] Accepted 7 blocks ...6cf6e92f3a76736c64a610fb75fd3c7f7a2f9959a41e61d28944bcd5c714cfdb4e6dd674a134b0347037ca02ef2ea3390bb92ac52bdb08265bfcb3a16fb6eb66 via relay
2026-08-09 20:59:34.661+09:00 [INFO ] Processed 34 blocks and 34 headers in the last 10.00s (34 transactions; 34 UTXO-validated blocks; 1.00 parents; 1.00 mergeset; 1.00 TPB; 0.0 mass)
2026-08-09 20:59:34.661+09:00 [INFO ] [ibd-perf] 34 hdrs avg: validate(A,parallelizable) 81.9us | commit(serial) 196.7us [add_block 9.1 + db.write 100.9; held-lock 172.4] | f_serial=0.706 f_reach=0.033 | parallelize-ceiling 1.42x
2026-08-09 20:59:36.065+09:00 [INFO ] Accepted 2 blocks ...6ec7016b60ee00803daeb5bd9d34692a4d08c7e4fc2664887e4012502c2e336c6b31b254f85ebfdd7ec1aa4cecb57156927f5a3eb9a3f15c0dca5e6ccd4dff8b via relay
2026-08-09 20:59:37.352+09:00 [INFO ] Accepted 3 blocks ...10e4b091e763595a9fefdc0a997728180992cf6e673ebb4b21e9128ba4d33045f19d1604f2f35b0bf7e187ae9d0237fee587441f7f534c41c62d266c7a95a4b0 via relay
2026-08-09 20:59:38.781+09:00 [INFO ] Accepted block 3cc0c01ae87408d6cc7c0a7881e84fed49b21a86ae49ec252fd747ba9c016cb99dd897c137cf4f30caa51ed70ae217a9d082d913b647601746857cab97172627 via relay
2026-08-09 20:59:40.675+09:00 [INFO ] Accepted 5 blocks ...4b1dccbe45908b94ee355a0ea5ff7834b38dde3b1b5c02e3dab7fd616af184a0539a9c3f985a61cc5c4d6abc4aa5c51380926c65407d8950f03e006c6a2a19ac via relay
2026-08-09 20:59:42.397+09:00 [INFO ] Accepted 4 blocks ...b791e75a06799861560d46257e4637fa5ff0de9d099eefe7ed76252720710e6637f18864e4f19ca2455687589e97d92e178744d8bf376f3650a3005aad99470f via relay
2026-08-09 20:59:44.047+09:00 [INFO ] Accepted 4 blocks ...b4325dfc9f23d723cba5cd322261e486f2a91b077571f1026d5bd8a1351bfcd1efd5a900bae96d89111a7b78475e4649b45450dbba390647810c5ef941a393be via relay
2026-08-09 20:59:44.662+09:00 [INFO ] Processed 21 blocks and 21 headers in the last 10.00s (21 transactions; 20 UTXO-validated blocks; 1.05 parents; 1.05 mergeset; 1.00 TPB; 0.0 mass)
2026-08-09 20:59:44.662+09:00 [INFO ] [ibd-perf] 21 hdrs avg: validate(A,parallelizable) 77.1us | commit(serial) 170.6us [add_block 8.2 + db.write 84.7; held-lock 148.7] | f_serial=0.689 f_reach=0.033 | parallelize-ceiling 1.45x
2026-08-09 20:59:45.403+09:00 [INFO ] Accepted 3 blocks ...6fd5befc9333221bd2b8590f382f0c5456412972d35890dd326577f2e00a26fff034e0732ffa1f527de5e202548129c5d6956e12b92cb3a10d7fdee873694400 via relay
2026-08-09 20:59:47.088+09:00 [INFO ] Accepted 2 blocks ...6b6abfe4562798dcb4dd3b6e5fdd1081c2d012b1374b05c75323ddd5ad6b7be54bf2bdd6a8ed7c59efb3339e43eb253180b51257876aee291d2642c96daa0821 via relay
2026-08-09 20:59:48.773+09:00 [INFO ] Accepted 3 blocks ...8ff0cd0f5f302c02703d8d9509d299d9b6a299b50d125e799c74b5396afd7b9ff33f99d749e1d96dfbc1032da5ec394ca8eeb2a5fd03dc8c651e0c1685957674 via relay
2026-08-09 20:59:50.310+09:00 [INFO ] Accepted 6 blocks ...80185a1367182c21cba6442e10b1747f5e7ff738755b15d8510e4f87c5b6d3f466dff93edafff8dc2fc1eefee51efca86c3f9662bebddac8759d69646e6d0219 via relay
2026-08-09 20:59:51.534+09:00 [INFO ] Accepted 3 blocks ...75371de43da8f01c1bc5c323bd07ca8d1eda6ea8c4e6cb17b202f7772c0bc49e017e11b03fdbb018df786df971bb7a9d7f5f48767ce967cbcfe4663f35db4d5e via relay
2026-08-09 20:59:52.705+09:00 [INFO ] Accepted 3 blocks ...63c3bcd18077876499a670d1ccafd5e7cd5b83394d6b68e04fcb695a9d0edda5da395fd0d6d2c756f8348ec74c50ee8101c14813e48086dae193780bd36375d8 via relay
2026-08-09 20:59:53.734+09:00 [INFO ] Accepted 4 blocks ...86101db685fce244f719646a35a8535ef29e6a2c0592ec15e44887e316ac8c8c4034163d062f5f27f2aeba5a7a36f31e5cde1c189bd891b524d5efea7c211a71 via relay
2026-08-09 20:59:54.642+09:00 [INFO ] [validator-service] heartbeat: mode=active sink_daa=470 bond=unconfigured active_set=[epoch=4 is_active_validator=false (active_validators=0)] dns_overlay=configured (stage=Bootstrap, dns_confirmed=false)
2026-08-09 20:59:54.664+09:00 [INFO ] Processed 24 blocks and 24 headers in the last 10.00s (24 transactions; 23 UTXO-validated blocks; 1.04 parents; 1.04 mergeset; 1.00 TPB; 0.0 mass)
2026-08-09 20:59:54.664+09:00 [INFO ] [ibd-perf] 24 hdrs avg: validate(A,parallelizable) 79.1us | commit(serial) 176.2us [add_block 8.7 + db.write 86.6; held-lock 154.1] | f_serial=0.690 f_reach=0.034 | parallelize-ceiling 1.45x
2026-08-09 20:59:54.895+09:00 [INFO ] Accepted 3 blocks ...df88da1a7555cb30269d2226fb07122dbff1962d71220d4ba9364369a654b544e5c8660da6b342d78de5cae24127f1a679738fe11803a72199daa9c68ec41f61 via relay
2026-08-09 20:59:57.542+09:00 [INFO ] Accepted 3 blocks ...cf94f88a98d347ff5f5d67b812ab8500ee0790016fe289683fc95c982dd3af727862aed98790d90e446873cb6f4abb6e7e6f7cca35460e0cc94cc6153ad131f0 via relay
2026-08-09 20:59:58.907+09:00 [INFO ] Accepted 3 blocks ...0c738c7d1cdf1c77da2e6b2294f6c06aa2265e8662f4786e09c4cf0fe8839a4805667a04b0e8d6fecc852626fea747060810e780d530e333a0c90417ac194df1 via relay
2026-08-09 21:00:00.676+09:00 [INFO ] Accepted block abc6ddb3eec828cbb632b53b3cabf4febd078040fdb7e18a87786563d1683696ad38743e290c89cd37cba1d605397c45377ebc02fcf7e6db8cfdf7e112585a9a via relay
2026-08-09 21:00:01.911+09:00 [INFO ] Accepted 3 blocks ...c184d481af42e8dcc1009bf48ee57ee79222c802d2e210642212302f24046e9f65e07ad239b03a2c0f3a75a8b02a47317da4c9cfd22435c300de84ced1c7114d via relay
2026-08-09 21:00:04.243+09:00 [INFO ] Accepted block 6cbd4f36d73518007886f17bdc5b401388e8766d8609b716006b95b6de8d433b176174f6230f29f24ed8ded2482e9f628b65f835821728bafce98c3b64c1c0ab via relay
2026-08-09 21:00:04.666+09:00 [INFO ] Processed 13 blocks and 13 headers in the last 10.00s (13 transactions; 13 UTXO-validated blocks; 1.08 parents; 1.08 mergeset; 1.00 TPB; 0.0 mass)
2026-08-09 21:00:04.666+09:00 [INFO ] [ibd-perf] 13 hdrs avg: validate(A,parallelizable) 112.6us | commit(serial) 184.6us [add_block 10.0 + db.write 93.7; held-lock 159.0] | f_serial=0.621 f_reach=0.034 | parallelize-ceiling 1.61x
2026-08-09 21:00:05.281+09:00 [INFO ] Accepted 2 blocks ...66b37756c0a418188b37f0f77d78d221d7de846d1cb333653f3b6754f16347e0e5929c9c0d4836faa26317c0c70c0ec9730680d9a94bdea3eb80d8939bd10241 via relay
2026-08-09 21:00:06.404+09:00 [INFO ] Accepted 5 blocks ...ef0cd70f8a040b2ad930fed9cd297e53a0db43c958486b9cccec39575e9557009a4bed88aa206dca4799290acd315f09bc8913dc65dac3ac8fd31f719f034665 via relay
2026-08-09 21:00:07.427+09:00 [INFO ] Accepted 4 blocks ...b0aa6afefa60de396efcea21c1fa076001a95c2ae43eb60d53ad7305a8fe1a9f65aff36434184d574f049e3baa1e584b90f1f4a18b379991a9e72a1b3c05e43c via relay
2026-08-09 21:00:08.738+09:00 [INFO ] Accepted 3 blocks ...455a908fce81370953ee742690edfb090be2f2dfbabf223bfa14095d46e53e8dd7aab3093ccc30a2dc017743ec216f5a86d5abaae6745535bf7472a0c120dfd1 via relay
2026-08-09 21:00:09.554+09:00 [INFO ] [vlt-shadow] sink_daa=499 0 validator(s) with credit; 0/4 epoch(s) would reach quorum; newest epoch Some(3): W(E)=0 signed=0 snapshot_root=8f0f0dbb87272799fba65495ebd4461ac401aa48a9eaabd98ac6c8445f92bcb9d15663311e6274eb64d54475b34b969597da004454fb625ed8183bc91a8b5ef5 — the weight fence is at 18446744073709551615
2026-08-09 21:00:10.094+09:00 [INFO ] Accepted 3 blocks ...b25aacb1f20841baf1671950a2ae57cef716a31a4fc9fa5d03426a265014d5174d787e806a7526519d2f63a3e1dc54676f5ded2b6b45d0a68cc99cbbc69c6d2e via relay
2026-08-09 21:00:11.448+09:00 [INFO ] Accepted 2 blocks ...c10aadb0e36ea127d95693399afad3df37ae0facd550a8349f384bb804811fef70a471a3a6af1c8aa011e508e570cade4e298be1a331ee6a75f7d7b48c915db2 via relay
2026-08-09 21:00:14.280+09:00 [INFO ] Accepted 3 blocks ...ee94c37f2087d676e58463358f6d10ea171e4d4540529c67aff74590c3db432e333a50f8b9033f96e88081a9034a9d1710e12561cd4b81c4e9876a20dd2386d5 via relay
2026-08-09 21:00:14.667+09:00 [INFO ] Processed 22 blocks and 22 headers in the last 10.00s (22 transactions; 22 UTXO-validated blocks; 1.00 parents; 1.00 mergeset; 1.00 TPB; 0.0 mass)
2026-08-09 21:00:14.667+09:00 [INFO ] [ibd-perf] 22 hdrs avg: validate(A,parallelizable) 107.1us | commit(serial) 236.7us [add_block 10.3 + db.write 128.2; held-lock 210.4] | f_serial=0.688 f_reach=0.030 | parallelize-ceiling 1.45x
2026-08-09 21:00:15.386+09:00 [INFO ] Accepted 2 blocks ...55592cf4c38d587334c65155c1873aa80aa38381b308f092cf7d629b1a63c18b1248e130f1f80a541ae971ca9cc6f7533446a3698f129d7d12f9dd48a2b2e7fa via relay
2026-08-09 21:00:16.482+09:00 [INFO ] Accepted 4 blocks ...e1ad40d0dc30ac420505a110a82df4a7c13876ddb9d12000c5b2ecc86337652c8077b9c31dfbcb33b583810e244f9bfd2a865a7f692d4d21e1dfa203fe2ae89d via relay
2026-08-09 21:00:17.915+09:00 [INFO ] Accepted 4 blocks ...ed3d93018571c65b66b5069fa2c88cdc93cc2d7c123eb824601d745b2a57d4d655649b1856167224debb9104fdf6cd9ceee192ded14f8e3440f55809e4b69c27 via relay
2026-08-09 21:00:19.912+09:00 [INFO ] Accepted 3 blocks ...ae9b1db2abed9e534f024bca481442529ac8d3b70a5a465b4b54f5c4ff858690df77ca5601a34513345d1ca5b53f720c822dfcb1da52849e18177b97aa31a785 via relay
2026-08-09 21:00:20.932+09:00 [INFO ] Accepted 4 blocks ...a2a63d02cd508dfa768296f62a12fcdf7c3557c5566aaeff46b7fd61a5cdd96f21f0d5bb6e6315a011445a6e3e323d440e1eb5a1aea145ed8c21898e35732e3b via relay
2026-08-09 21:00:22.278+09:00 [INFO ] Accepted 5 blocks ...aadcf3612abfc3df61bfb073af83c460b342bef2be5960ed07896ef8df2263a074b897eeaebe2cb5e22a417d8538ada1ffb9a754938b6567aab3763e44a64d81 via relay
2026-08-09 21:00:23.565+09:00 [INFO ] Accepted block 8c9bdbc72f0e2f913b23bb094ea657c9316b5e64bf2cf4bed7171b7208fb222cfa8dc4684b11bb3c1124a07c462fe014eb52e3a5e64d379a828a17963faa7054 via relay
2026-08-09 21:00:24.643+09:00 [INFO ] [validator-service] heartbeat: mode=active sink_daa=528 bond=unconfigured active_set=[epoch=5 is_active_validator=false (active_validators=0)] dns_overlay=configured (stage=Bootstrap, dns_confirmed=false)
2026-08-09 21:00:24.669+09:00 [INFO ] Processed 23 blocks and 23 headers in the last 10.00s (23 transactions; 23 UTXO-validated blocks; 1.00 parents; 1.00 mergeset; 1.00 TPB; 0.0 mass)
2026-08-09 21:00:24.669+09:00 [INFO ] [ibd-perf] 23 hdrs avg: validate(A,parallelizable) 84.5us | commit(serial) 198.1us [add_block 8.9 + db.write 106.3; held-lock 174.0] | f_serial=0.701 f_reach=0.032 | parallelize-ceiling 1.43x
2026-08-09 21:00:25.567+09:00 [INFO ] Accepted 2 blocks ...fa37e8207e1671812f1bcc45fe8aa6958d6d4b41615bed30c4d51c7d158d7f3980538eac47fb73cd3550cb0e8d09fdd92285635e693f05599c708f6dec2c18ec via relay
2026-08-09 21:00:26.709+09:00 [INFO ] Accepted 4 blocks ...2b2f1cbf546189b17c5e03c71eaf067c051100e938bce66e7c1cc8636912d5313a5acfd76727b626a60195acafd65261cf7b9de0a459b6e6c3662ec17d760ed6 via relay
2026-08-09 21:00:27.808+09:00 [INFO ] Accepted 4 blocks ...7adf502dfcde78afd35519bae7fe7d3b2fe4d973026ac7a9ba66ce39502a9b6db3ef08eb51e5754e6b3712bb1c853814126a36de2f1e752c1e005a3f464e37fc via relay
2026-08-09 21:00:28.895+09:00 [INFO ] Accepted block 4d30387e6c66f23dbc5459b506285a43f5cae9d3aef134147ce810f391882659244ae69b0d0a2b567997ba0e298b634f716332d22705d664965ca019e402021c via relay
2026-08-09 21:00:30.133+09:00 [INFO ] Accepted 4 blocks ...b7529cc6e965077062d6816d3540d561702302e80fb33045133f987ff2a9d2cb19bd967683c4430e2fb5721a8931dcfe6e3ae7cbfd41be230b82b1c1196c2a81 via relay
2026-08-09 21:00:31.292+09:00 [INFO ] Accepted 4 blocks ...6c043be253b1ed250e171922fcf3694dfb4bb13d4c4732270701d819a9e0a773456b1539166168d4aff2b9f14b9a74380d9c55b00ca22f0e08fcf9af122def76 via relay
2026-08-09 21:00:32.733+09:00 [INFO ] Accepted 4 blocks ...c71f06f41d5b6aabbe82e0315cbdbeeb21ff72b955bbc25e6c16663dc1cd144e0d0e0c3855693fc1e01a59df84ef69309e25263936d46654fb984e24c7358f1f via relay
2026-08-09 21:00:34.171+09:00 [INFO ] Accepted 2 blocks ...96113cd6c881f6f291caa5f25f81bc4acbe78580eb804b63b7b88009f7935c709ba9ac41ae8510f1ad22b4ad5b64d021d10ce1139e4701b9d617054179be5086 via relay
2026-08-09 21:00:34.294+09:00 [INFO ] EVM lane KPI (O9): 512 chain blocks, avg mergeset 1.14, avg accepted-gas utilization 0.00%, 0 deposit-claims applied (cumulative)
2026-08-09 21:00:34.671+09:00 [INFO ] Processed 25 blocks and 25 headers in the last 10.00s (25 transactions; 24 UTXO-validated blocks; 1.04 parents; 1.04 mergeset; 1.00 TPB; 0.0 mass)
2026-08-09 21:00:34.671+09:00 [INFO ] [ibd-perf] 25 hdrs avg: validate(A,parallelizable) 88.7us | commit(serial) 212.9us [add_block 9.5 + db.write 113.0; held-lock 188.0] | f_serial=0.706 f_reach=0.032 | parallelize-ceiling 1.42x
2026-08-09 21:00:35.299+09:00 [INFO ] Accepted 4 blocks ...fa2d8b831cd677f4aa1c9d609a584cdccbb1777c644c23ab7ea39aa7b20ebd2c857bf4829a6ae3d6345b5d7348e8157b543444bb8bd25a61b2f5c57d83b721c0 via relay
2026-08-09 21:00:37.147+09:00 [INFO ] Accepted 3 blocks ...341c32abb97d1a1db1b1fc01ddc479d3c199d80dae90d7211d057e48e3092286c23c9747dda9d3e43485065ceec8fbdfbf88dfa87eee263431218e247d2ab13e via relay
2026-08-09 21:00:38.227+09:00 [INFO ] Accepted 2 blocks ...1aa1f166c4f287d60d9be512ad3578ab1d8b4a58bf86a2b42f02f7d72437bd8b084e340e7c7d7912f881939c039c58f496626544ccd3bd1b5028e47981966739 via relay
2026-08-09 21:00:39.940+09:00 [INFO ] Accepted 2 blocks ...6fa2cbbb86e174e2b723993680373d17a225e2a3a6a57338ff791b47fa1e0bb2cab942b07eda80a2c705d7dd18aa2eaeac69086c2435e35f7b194caea8f2b9e7 via relay
2026-08-09 21:00:42.254+09:00 [INFO ] Accepted 6 blocks ...02cfb31752fd31fdda7b6329cd967f60d5837fb684b562b3ceb04610190cc1c47cbdc2b3b4b9220b22e603a6ba47479b5d59c9365eedd802b92b764808ecaae0 via relay
2026-08-09 21:00:44.673+09:00 [INFO ] Processed 17 blocks and 17 headers in the last 10.00s (17 transactions; 16 UTXO-validated blocks; 1.06 parents; 1.06 mergeset; 1.00 TPB; 0.0 mass)
2026-08-09 21:00:44.673+09:00 [INFO ] [ibd-perf] 17 hdrs avg: validate(A,parallelizable) 90.0us | commit(serial) 183.5us [add_block 8.8 + db.write 100.0; held-lock 161.7] | f_serial=0.671 f_reach=0.032 | parallelize-ceiling 1.49x
2026-08-09 21:00:44.925+09:00 [INFO ] Accepted block 5caf751cdb1c6ab31eee85ebf5334f5e219f7c3281c37e33f1beb399b0632d9438b2ff87fcbb4ec2deb34ce27a959f88573c99f7395f00f588785735f751fdeb via relay
2026-08-09 21:00:46.629+09:00 [INFO ] Accepted 3 blocks ...6f782693accff917a2e849a1c0862c67f9e143e78f0bee7c6df42220f1066ec60ca8ab78df0447d08f558ed594812c605838c12f7b9cf5416aedd808d1ef9818 via relay
2026-08-09 21:00:47.894+09:00 [INFO ] Accepted 2 blocks ...81a9dc3112ee19962282ec0781236aa262e13b53ebc0bf685e1e7b4b9364af1c6bebb007a9013aa4d1277304ffe339a82e6da4b6d1066418c9d3fe706f60e7ac via relay
2026-08-09 21:00:49.241+09:00 [INFO ] Accepted block e77b0dcdaab2420fb46c22a4a3e1a32fb43b2ae427f5fd71c2d9bd58bd69696b4d18af6bdfd87e9785521de741261d53bba716857e1abb813e09fac1aa4289dd via relay
2026-08-09 21:00:51.895+09:00 [INFO ] Accepted 3 blocks ...1c1e4262833b12009be183369543c049a1e5a2c65d6b7e6ccaadb67668a7f2958daa7b90a0e8f701cd569c90fe36c92aecfa891e24199b5e1f15979e471579ab via relay
2026-08-09 21:00:53.034+09:00 [INFO ] Accepted block 026f090320b4a7ab892a7dfafaacf136b8c0ea49a754d51aeb4f52aa66f686fd849de6137488f0c9856e1ac479ef80fd4507337ff7b8b191fcc70a54cf72a42c via relay
2026-08-09 21:00:54.644+09:00 [INFO ] [validator-service] heartbeat: mode=active sink_daa=583 bond=unconfigured active_set=[epoch=5 is_active_validator=false (active_validators=0)] dns_overlay=configured (stage=Bootstrap, dns_confirmed=false)
2026-08-09 21:00:54.675+09:00 [INFO ] Processed 13 blocks and 13 headers in the last 10.00s (13 transactions; 12 UTXO-validated blocks; 1.15 parents; 1.15 mergeset; 1.00 TPB; 0.0 mass)
2026-08-09 21:00:54.675+09:00 [INFO ] [ibd-perf] 13 hdrs avg: validate(A,parallelizable) 90.3us | commit(serial) 184.4us [add_block 9.1 + db.write 96.5; held-lock 159.2] | f_serial=0.671 f_reach=0.033 | parallelize-ceiling 1.49x
2026-08-09 21:00:54.801+09:00 [INFO ] Accepted 3 blocks ...a9a5aaa9b50ca8ff8bed137d9202f1f163e1cd92c3029ca56bdd28c186d1960be4a6bd2dde6872d27e93c92bd0829d55bd23e9c2e8e094bc18913c414b4f1a4e via relay
2026-08-09 21:00:55.932+09:00 [INFO ] Accepted 4 blocks ...6d7428ecbe53f1c2fceb119e209968e823b92fdb360458b2725c4c8d961890b8e2680dc6075e5ca65814d3a610307e8e0b801bc12521275ed1502f2c2bbeae53 via relay
2026-08-09 21:00:58.447+09:00 [INFO ] Accepted 2 blocks ...a484d891c97afb201bfb4475286021826e589c7c0c7c02e4dde241bcfa3cfd25fdc7aa7b9008598aa5582851dec6e9c58686d3756c684e595cab485f7e966c0f via relay
2026-08-09 21:00:59.820+09:00 [INFO ] Accepted 6 blocks ...6c4f44e0c4a3ffa3700af3e11a7d8afe667349c16bab7fb1b42b8b8fbb67aef06dcaaeefbcadb7a53e35d3a50a1410c2f40e00b499576261a9c6ee03e3035c98 via relay
2026-08-09 21:01:00.536+09:00 [INFO ] [vlt-shadow] sink_daa=599 0 validator(s) with credit; 0/5 epoch(s) would reach quorum; newest epoch Some(4): W(E)=0 signed=0 snapshot_root=d545e10a0f02de4c92907f2438c1b35ad7cdd00a1a8a34063387823a9f437f76f986b7e9895ed65104be339ea4d27b0bb1a7b25eb7289479fea7997363d830b9 — the weight fence is at 18446744073709551615
2026-08-09 21:01:01.200+09:00 [INFO ] Accepted 4 blocks ...b151aba3cf0adc1a67fe99366e1a497b0ff0fe6417081bd70bd08baca1cd9c99ab4a6abaa21bbb9ad93b3a84bafb61a44c5868beecd37a1f385c7d7180f25001 via relay
2026-08-09 21:01:03.089+09:00 [INFO ] Accepted 2 blocks ...b000e4c5a5cbb4c8b4fd8c0dabc0d21b1aeefc92842f7343633fb3445e0582e2019497c1e690203ae3f8d8076f55b0d34b198a2d732cf95bacfe2e2e797d910f via relay
2026-08-09 21:01:04.268+09:00 [INFO ] Accepted 5 blocks ...0efd1df46815880b868f310b60597824918827401dbe9ea92186b4c8a5cc85b3d6cc65f8b3068f2b462d6ec659a738f1adff77ca93096c0db9d9fe18ce3e590b via relay
2026-08-09 21:01:04.677+09:00 [INFO ] Processed 24 blocks and 24 headers in the last 10.00s (24 transactions; 24 UTXO-validated blocks; 1.00 parents; 1.00 mergeset; 1.00 TPB; 0.0 mass)
2026-08-09 21:01:04.677+09:00 [INFO ] [ibd-perf] 24 hdrs avg: validate(A,parallelizable) 90.6us | commit(serial) 200.5us [add_block 8.7 + db.write 103.2; held-lock 178.0] | f_serial=0.689 f_reach=0.030 | parallelize-ceiling 1.45x
2026-08-09 21:01:05.391+09:00 [INFO ] Accepted block 993b62e71933583baaeb0f59943e5361f34c346d48c1d188c1fd9ba7350f2ff02384c9215b7b16a7fcb9c48180716296da209f92b72a62f6292e26fcfae920b1 via relay
2026-08-09 21:01:07.549+09:00 [INFO ] Accepted 3 blocks ...2c5047b3da71bc01147eb5f3c596c54c25a271fbd896669ceeabce8c6e52772d47e0305963cf5628a5793ef5134643c942877a271990475e2a24911c154ebf2c via relay
2026-08-09 21:01:08.790+09:00 [INFO ] Accepted 2 blocks ...4caa9c3cb54f002318c19701645eb05ddeea936e80bf512f3aed0a3e8eee4145495a4a40ee46d69f3d42156fcffd5c916c7edefd0b988e6eadff1568fa6b01f5 via relay
2026-08-09 21:01:09.991+09:00 [INFO ] Accepted 4 blocks ...a3576db0179f6b051a2369814249be84d086993991fadb01498365c2fdc2600641f1c5262b9d8948f9627a17f87902187f229b8fd2e9f410a66a51c3801d1db8 via relay
2026-08-09 21:01:11.717+09:00 [INFO ] Accepted 2 blocks ...fae4570cd7d4c48ea1ad6bf908f53485f5d52ab9c1df521e4db50a7309b0408e131eca6bccae79c698961a95a64e8b2adb38ac4ca38da3e2cc57103409991465 via relay
2026-08-09 21:01:12.752+09:00 [INFO ] Accepted 5 blocks ...014d7dc3f46abd7260bc5b9c5e6f5ef7af3cff1aabf06c0cbf2dc7d3e6f1754b33eb1892476afecc795fc46b909f17e84375f67e04e2552cdd3ecca595175f06 via relay
2026-08-09 21:01:14.389+09:00 [INFO ] Accepted 4 blocks ...442fa23e401995605c60956019f44a9bf9cf6af9ea05eb02e2facb48fbd8dc333d97dfea1827357863b7944b32f70c0de70869e61ddf9af139f0beaec7e8bdfa via relay
2026-08-09 21:01:14.678+09:00 [INFO ] Processed 20 blocks and 20 headers in the last 10.00s (20 transactions; 20 UTXO-validated blocks; 1.00 parents; 1.00 mergeset; 1.00 TPB; 0.0 mass)
2026-08-09 21:01:14.678+09:00 [INFO ] [ibd-perf] 20 hdrs avg: validate(A,parallelizable) 95.8us | commit(serial) 220.0us [add_block 10.1 + db.write 119.0; held-lock 192.0] | f_serial=0.697 f_reach=0.032 | parallelize-ceiling 1.44x
2026-08-09 21:01:15.902+09:00 [INFO ] Accepted 2 blocks ...47945065a2127b9b64b265da5058db2de395853cf42517004e642ca9bc90f6784ff5ba75cc15af4a0c51a3b3df4728759ad671c380d5b910c890dbaa6f1435ed via relay
2026-08-09 21:01:16.930+09:00 [INFO ] Accepted block 35a0e0f486e885898ecbdc5516df18a38cc285ae951c3690bc756f5edbcc175987758bf95df69bf077c738114ba0051c8f264c61f7ce8672b008b57f8fbaa791 via relay
2026-08-09 21:01:18.392+09:00 [INFO ] Accepted 3 blocks ...36368ce4e8bf355f09a8b16bc51a4a268d06e76c13ca87533b6e9849bb5e45fde635fcb85263739fdd14fcbf0c98946cff68698ee730fd467791944ccfcd26c7 via relay
2026-08-09 21:01:20.344+09:00 [INFO ] Accepted 2 blocks ...c398f9d93fe24a10c15a9c12d1895bdbef845ecea351e058d3777340cce9c28bd20c354f7df0e14afff57c43d7f254f41309c2a6d43911f1194fc8195932b1e7 via relay
2026-08-09 21:01:21.690+09:00 [INFO ] Accepted 4 blocks ...bb50cbb75086b9abbd9916124205b16f3bf479c8b85739f68b409734b206606f61b6aa4d3a89e5449e71a6d708f1024f4d099146b939aa4172c2e120a0f93f2d via relay
2026-08-09 21:01:22.717+09:00 [INFO ] Accepted 5 blocks ...82a5715c2ffda7758da5eac6d567beca20bb24d8294adcf649f3cecb70ba742384fd5fb6ecbe940e882001fd4d86a60a7e451a767efefc10c6ebab31614a3bad via relay
2026-08-09 21:01:24.204+09:00 [INFO ] Accepted 3 blocks ...aff4c82c0ec6076ce032f14929cc962d26b4101b5192ebaaa8e50e79d21b3dd91c2dbd60283a710e9080c3a89dad9b59b2e6431f4f24ae768ce5b06a2be0b76d via relay
2026-08-09 21:01:24.645+09:00 [INFO ] [validator-service] heartbeat: mode=active sink_daa=647 bond=unconfigured active_set=[epoch=6 is_active_validator=false (active_validators=0)] dns_overlay=configured (stage=Bootstrap, dns_confirmed=false)
2026-08-09 21:01:24.681+09:00 [INFO ] Processed 21 blocks and 21 headers in the last 10.00s (21 transactions; 21 UTXO-validated blocks; 1.05 parents; 1.05 mergeset; 1.00 TPB; 0.0 mass)
2026-08-09 21:01:24.681+09:00 [INFO ] [ibd-perf] 21 hdrs avg: validate(A,parallelizable) 99.8us | commit(serial) 274.1us [add_block 9.5 + db.write 175.5; held-lock 246.8] | f_serial=0.733 f_reach=0.026 | parallelize-ceiling 1.36x
2026-08-09 21:01:25.665+09:00 [INFO ] Accepted 3 blocks ...5cc87da155f7b1fc83b291f71b2bc1f197f4394022151a7fa768f21b558e551d08b0e3fc829c9c86e621c040c264a7b6294ebac59ac8e52c0d9b0b19af8b99e7 via relay
2026-08-09 21:01:27.180+09:00 [INFO ] Accepted 2 blocks ...d1e1b0706dfac585659efb718ab278da4c40f62c22a912f4b6c957d18e85dd98fb37754d80fea4de23b9047000500c0bb43a466d239f1e77948f9eb003580489 via relay
2026-08-09 21:01:28.511+09:00 [INFO ] Accepted 3 blocks ...d6bb795d920577abec159024f622eb4e714482f25f3c6a35eed5f61b9a192b942a3f6f49edd133a43fc1cc053372a423d066dec517759095c6859d34af431520 via relay
2026-08-09 21:01:29.674+09:00 [INFO ] Accepted 6 blocks ...84c13f571bfe074e48c48ade81072ffa5ced811c329a14fff79485bae418dd1653ccde7feff4ee9879ec8ace3a00be9205dbe844ac050d4e6b80cd7ed9b49086 via relay
2026-08-09 21:01:30.765+09:00 [INFO ] Accepted 5 blocks ...d00fbf44fc3d225b61114597d24e2ccae8d76798ca29019221bc43a0d55b39ccdf0268f106337ebfe2f991a2d24690b04d97cc2637e5cb61b563b614a627347f via relay
2026-08-09 21:01:32.044+09:00 [INFO ] Accepted 2 blocks ...23db15fcda8f73d7c483627b4df886aba7c97234b2973451b2226fef9f0a292d1603844a81f5901e108e50f62bd73d1e7798627c111c1a287c109740e94a7ba9 via relay
2026-08-09 21:01:33.156+09:00 [INFO ] Accepted 5 blocks ...97e3b96d218bd17cbcdec5e9fb720363949debac7e93e3c205d4e3bd8feb218933a05cf710484a61f53728f3d83848960dfdfa5335c1590e28eb6bffb82ce27f via relay
2026-08-09 21:01:34.311+09:00 [INFO ] Accepted 3 blocks ...9c0e1c256861901b9c05d7882d061a55074a2415bde11fa6af328096d2572cbeeee6a94612681679534eb89bead7cc6673b6063b17230571e312453e7f7131d9 via relay
2026-08-09 21:01:34.683+09:00 [INFO ] Processed 29 blocks and 29 headers in the last 10.00s (29 transactions; 29 UTXO-validated blocks; 1.00 parents; 1.00 mergeset; 1.00 TPB; 0.0 mass)
2026-08-09 21:01:34.683+09:00 [INFO ] [ibd-perf] 29 hdrs avg: validate(A,parallelizable) 78.0us | commit(serial) 195.7us [add_block 8.8 + db.write 106.3; held-lock 172.0] | f_serial=0.715 f_reach=0.032 | parallelize-ceiling 1.40x
2026-08-09 21:01:35.332+09:00 [INFO ] Accepted 2 blocks ...1ba1bd1d7c879064615824a2ec2864783f624905b87191cf336319a23a5179be520dbac53750e8f93b8215466a0b1b0d958e55544a21f63c30cd6bb2f32990ba via relay
2026-08-09 21:01:36.894+09:00 [INFO ] Accepted 2 blocks ...7fc099168dfa4bdeecb188e1c0f4ea2628664bc3053a3f5b3ef05439ab7e49b9365647a4c4afbff028be1f987a3eeb8ae4a5c26a819fbc94d4a4c544c1a2c50f via relay
2026-08-09 21:01:38.528+09:00 [INFO ] Accepted 2 blocks ...d62591023f5b3c9140b9febe61a888dff73728e3bf20685758e38b1e9ad7aa18930f3c0cb34efdb1ff4e892b88283c4448a363d105c976edba5f429dea4bbe1d via relay
2026-08-09 21:01:40.290+09:00 [INFO ] Accepted 3 blocks ...193e739750cd526c34f67c02966c30294972e00cdf56a92c79cb7ff3ec2c9c83707c9425412b7395158350dda68d251f6a08c6bce257f8b6d77d1295e5741b98 via relay
2026-08-09 21:01:41.455+09:00 [INFO ] Accepted 4 blocks ...cfcd397e4a3831eb6f818e6579999ba424ab48d7e857c94fc634c472b33cb0d510baad72f47bcdc8fbadf1dcc763d513dcc8487f126f45459b1db70381191d9e via relay
2026-08-09 21:01:42.943+09:00 [INFO ] Accepted 3 blocks ...8479f51d926f0289b8768aae51ecbcb03a3d16eb59f06724d39986130c0d19248b9a2173e1d81e01eb825bf4f687dae42e17dade6335d7dcebe2a0cc9ef53471 via relay
2026-08-09 21:01:43.973+09:00 [INFO ] Accepted 2 blocks ...70d7dc1683bf1bf176009b99ffeec7086c96b6dbd6ad9702f36ac998bb99edb226d93118357f28633a77ad057ce6d4464c8f3946e33c397ba261cfabfaec4d7c via relay
2026-08-09 21:01:44.684+09:00 [INFO ] Processed 19 blocks and 19 headers in the last 10.00s (19 transactions; 19 UTXO-validated blocks; 1.05 parents; 1.05 mergeset; 1.00 TPB; 0.0 mass)
2026-08-09 21:01:44.684+09:00 [INFO ] [ibd-perf] 19 hdrs avg: validate(A,parallelizable) 78.3us | commit(serial) 139.8us [add_block 9.7 + db.write 52.3; held-lock 115.9] | f_serial=0.641 f_reach=0.044 | parallelize-ceiling 1.56x
2026-08-09 21:01:44.953+09:00 [INFO ] [vlt-shadow] sink_daa=699 0 validator(s) with credit; 0/6 epoch(s) would reach quorum; newest epoch Some(5): W(E)=0 signed=0 snapshot_root=342f3b9227839037c0a60363441debb0c17d733f34d43d889e81bb10155b607f5eac9e1f152fac542d0b9e6a3f499a99430fc1e499ff6b5a0e552bc28e583d6f — the weight fence is at 18446744073709551615
2026-08-09 21:01:45.025+09:00 [INFO ] Accepted 5 blocks ...ed4efbc43536df178a087c2c13777d382eea9f5f973549b5cfec7b9656bb00aadbb04da08c5ddf1fb9544bedc5e72dcdbe04d06b0733e0dad6a811b3e1bbb431 via relay
2026-08-09 21:01:47.146+09:00 [INFO ] Accepted 3 blocks ...42bf63118b8227529fdcca30428389896c382b53952d828f32b74db7cf3d6f2a7fc553cacd2987dee7d586acbedf2a8c1cb370bf44b90e3c4ed6921278e11c91 via relay
2026-08-09 21:01:48.992+09:00 [INFO ] Accepted 6 blocks ...acd8f505e1d7fdd554e2401fbb42e05e8cf4fc1a011debc0b54e312257fa71ac7e5c9ba15acd85695922d2732653f18359fa0c48ad1d13ca313367659b75a2c2 via relay
2026-08-09 21:01:50.218+09:00 [INFO ] Accepted 4 blocks ...b6c0a3c3295b9005dd1705aabb46e79f69270f453f3ea9b85de803ef6df7ea600ae1d3a8d2164aa9e07d20da503c8c51ddcad899ea4f50371e9235bab66380a7 via relay
2026-08-09 21:01:51.887+09:00 [INFO ] Accepted 2 blocks ...232da22a6d14373455da205fec8a17385aa1cf0aee208d951dccb10c97af6484489c1608d562369329f01db2572cffd05e9c6399d37789fa366834ba214d21e2 via relay
2026-08-09 21:01:52.907+09:00 [INFO ] Accepted 5 blocks ...0d49cfc7faf8e92696d1a3481c9fa9854f0235e53617bca7c71ed5c2e57ad9188ca0ee1f3aa4b30a4fd0b648ac6b67237cf2989fb50ff1f554a49e17428c5948 via relay
2026-08-09 21:01:54.324+09:00 [INFO ] Accepted block e3216fa8170933c6d86b164d7fd0d8c57cfc0541f0b92cd3732b0e68feb3cf00233b89f75965cbaff047035b5fbdb2ce676cd0d46d454e40401cfeed8bcb5d43 via relay
2026-08-09 21:01:54.646+09:00 [INFO ] [validator-service] heartbeat: mode=active sink_daa=722 bond=unconfigured active_set=[epoch=7 is_active_validator=false (active_validators=0)] dns_overlay=configured (stage=Bootstrap, dns_confirmed=false)
2026-08-09 21:01:54.686+09:00 [INFO ] Processed 27 blocks and 27 headers in the last 10.00s (27 transactions; 27 UTXO-validated blocks; 1.00 parents; 1.00 mergeset; 1.00 TPB; 0.0 mass)
2026-08-09 21:01:54.686+09:00 [INFO ] [ibd-perf] 27 hdrs avg: validate(A,parallelizable) 84.7us | commit(serial) 158.8us [add_block 12.1 + db.write 54.0; held-lock 131.2] | f_serial=0.652 f_reach=0.050 | parallelize-ceiling 1.53x
2026-08-09 21:01:55.380+09:00 [INFO ] Accepted 4 blocks ...9838c7a1049bd35ffed36e9f8700e9f79dc9ff01b10d70013624f8ec6dad6b582cae0265e581c257ac59dc956f1db2fae9dbd389f034c2335e80c4d01d7b2662 via relay
2026-08-09 21:01:57.545+09:00 [INFO ] Accepted 3 blocks ...a99b989a9b9d4a4241db4ffa7bf3e7d54613081b972a6f5bb447e9508edf3b17e11d45d99d7acfdf443894a5c7831cac2a41e822dd57cfe18837acbb62853dad via relay
2026-08-09 21:01:58.643+09:00 [INFO ] Accepted 4 blocks ...25aca3ea69c29f2418377d2f06916834df2b8e356fc7d856c70d165dd3a2679e354e73038ef67d6843ef3becc590d3dd2dfb6cc508ba9efd393721751ec871eb via relay
2026-08-09 21:01:59.786+09:00 [INFO ] Accepted 4 blocks ...75ea48dab7c8ab9a94deeec530527357892d16415ebf90ee96f982b0f55bec99ce51602b0a6960a0e6dbad4b5e0a5abf802a09720fbff184fb0d144cf99cfa4a via relay
2026-08-09 21:02:01.021+09:00 [INFO ] Accepted 4 blocks ...a74acba48025913759a542dc6f69ea9b11c9ec9cb7f91e2a28f9ccccd7b3afef23d17e0d955170121a7e5e11f98e988b708bb77ef1197b99dc5b149d3e5fab11 via relay
2026-08-09 21:02:02.254+09:00 [INFO ] Accepted 3 blocks ...bd65fad36c7055e8cedb70d9420c4f148a3bcee534e1508e0fc14833481e34b024dad91ddf20058a98a56b97d6163ee2f47f6e383ec7ce68a59634b8c558d4fd via relay
2026-08-09 21:02:03.630+09:00 [INFO ] Accepted 3 blocks ...eb89533f99a1c28482075368bebaa8c7b75eafcb2daf0ff1b5686bc1db31662c3684c3323aa881c4ffd3cde246a887ec1d46106e271e79f69b00de46baf102b7 via relay
2026-08-09 21:02:04.687+09:00 [INFO ] Processed 25 blocks and 25 headers in the last 10.00s (25 transactions; 25 UTXO-validated blocks; 1.00 parents; 1.00 mergeset; 1.00 TPB; 0.0 mass)
2026-08-09 21:02:04.687+09:00 [INFO ] [ibd-perf] 25 hdrs avg: validate(A,parallelizable) 84.8us | commit(serial) 154.3us [add_block 11.1 + db.write 56.3; held-lock 125.2] | f_serial=0.645 f_reach=0.046 | parallelize-ceiling 1.55x
2026-08-09 21:02:05.017+09:00 [INFO ] Accepted 3 blocks ...819adf9eb2436d4f74a78981be434336746f0a9b3f469cc98b8cfa05966a5b55923869be8543cde5af903cc565a9a4ea0bec7e0be56d32c34931021418be0f6e via relay
2026-08-09 21:02:07.495+09:00 [INFO ] Accepted block 62cd65987e17eaa4c9c98d4f954fa242315d598cb9faf987f39b9d14ef76ea85616331e8083b1674fd07308b3f44f9b99c341569a4f3a7cb8ed83349d428a7c2 via relay
2026-08-09 21:02:08.730+09:00 [INFO ] Accepted 3 blocks ...652dd05b5aab29479951ba35e42fcca30462b6a8ebc05249d177214682f26767cfc2237e8062cbdf3edcf1d2ae89d617d3d97f3073ae98cf0c6f1cd3653c7f2e via relay
2026-08-09 21:02:09.904+09:00 [INFO ] Accepted 4 blocks ...bc9c856490fa554489a34f46980f9969c995d62ce8e2bf7456a55db18bac421d47920e82e8dd1dd853b44b0ab16d1bcb1c245ef690ccdbb7ba7bc6e2441686cd via relay
2026-08-09 21:02:11.854+09:00 [INFO ] Accepted 5 blocks ...65848520664453b4ac54e8390a3abad3e626186b71270ae62c4957038744233b0bd655af8fc20fb40b9ceba7412fe93ec27193e6b8d0d2a50bc2bf61ccc2d986 via relay
2026-08-09 21:02:13.945+09:00 [INFO ] Accepted block c2f343a983e2d4f61c17e8958bfd0c5b91ddda284760aea99cdbdae4286a3295ee51b0777de73b477797e908a444e34f018a1047865c5a545e03385c41547c7a via relay
2026-08-09 21:02:14.689+09:00 [INFO ] Processed 15 blocks and 15 headers in the last 10.00s (15 transactions; 14 UTXO-validated blocks; 1.07 parents; 1.07 mergeset; 1.00 TPB; 0.0 mass)
2026-08-09 21:02:14.689+09:00 [INFO ] [ibd-perf] 15 hdrs avg: validate(A,parallelizable) 96.5us | commit(serial) 170.7us [add_block 12.3 + db.write 62.4; held-lock 140.7] | f_serial=0.639 f_reach=0.046 | parallelize-ceiling 1.57x
2026-08-09 21:02:15.189+09:00 [INFO ] Accepted 2 blocks ...635659fd21b5036c7c3898db775446b972faacff6a1886ac41913771d5bedcdca0099c7ce284440b4fb415e6305c10947448372c987d533bc1d8f9512a85f62a via relay
2026-08-09 21:02:16.689+09:00 [INFO ] Accepted 4 blocks ...a3fc2cde3b2325130c5c826d802b029f7b4ef2338f65fef58f442523710314842ae29b84fbbc0f9a82f1fada84d54d26e8844a4cf3ee76fec7d974dc3b063451 via relay
2026-08-09 21:02:17.710+09:00 [INFO ] Accepted 2 blocks ...33d61e332a76540066338648ccbca81086796a77929eec0dc55811499f99586abea28f8785497a974aa7fe2980cbc07cc7a073b221bb2c65f1da575446b5e2f9 via relay
2026-08-09 21:02:18.754+09:00 [INFO ] Accepted 3 blocks ...334d03a04d907e232c13f1b30a7f97704e1b9cb370b7279889d2386094457c683562cfccf00a36bd2fe5b0c058434b46395080908ffdbab3424356fe66390549 via relay
2026-08-09 21:02:20.050+09:00 [INFO ] Accepted 3 blocks ...605778e963a07654cfa05e9f8729f55d5aacc3dd7bed495e188a87dfb4460e9f1ebccd1da187625969484bec55e3729cd073f1ea6fd903fd188eb2841bd4d06a via relay
2026-08-09 21:02:21.090+09:00 [INFO ] Accepted 3 blocks ...554f48751c103a4acb2c3878bdb61b2e9ac234f61683a1017f1bef9dbf9442ac6b56e3bb07531baa789871745a43aa6b3b6a0bdf353c97b456a9b412789787d4 via relay
2026-08-09 21:02:22.153+09:00 [INFO ] Accepted 2 blocks ...fc9d2a6bfeba41ed22d53d0754d78d0f8ae3e796e53458735b991d387d8f4e5a7fcc82d4931bea4cfdc15d6de97855daef663a6c0cf033ce4ac7ac9f8b074175 via relay
2026-08-09 21:02:23.646+09:00 [INFO ] Accepted 3 blocks ...e76b6ed58a9ce623c0c760a422b9465140ec3252b31d267debba950ffc0637e4ea7d53b08f30073b93cc6d75dd5c3af6ba6983d75846313a5871e6402020507a via relay
2026-08-09 21:02:24.647+09:00 [INFO ] [validator-service] heartbeat: mode=active sink_daa=785 bond=unconfigured active_set=[epoch=7 is_active_validator=false (active_validators=0)] dns_overlay=configured (stage=Bootstrap, dns_confirmed=false)
2026-08-09 21:02:24.650+09:00 [INFO ] Accepted block 973563eb9fd1e64eadcc525dfa8648feecb25164b984a496d3a22751bf3a113a5ccd001f37f7501e0dfe90c9dd96756525e70d7a6c17e58cb8a5fd9aacdfe635 via relay
2026-08-09 21:02:24.691+09:00 [INFO ] Processed 23 blocks and 23 headers in the last 10.00s (23 transactions; 22 UTXO-validated blocks; 1.04 parents; 1.04 mergeset; 1.00 TPB; 0.0 mass)
2026-08-09 21:02:24.691+09:00 [INFO ] [ibd-perf] 23 hdrs avg: validate(A,parallelizable) 89.1us | commit(serial) 170.6us [add_block 11.7 + db.write 65.6; held-lock 138.4] | f_serial=0.657 f_reach=0.045 | parallelize-ceiling 1.52x
2026-08-09 21:02:25.664+09:00 [INFO ] Accepted block ee293896c85ced0c04cf005b5e32c890ea6e66562e9a0bf5d51e18518635c4d27d19b62f82d98c2963d80d58461cae4a9b41951533904a6b97c3db5f38fbc2e6 via relay
2026-08-09 21:02:27.999+09:00 [INFO ] Accepted 3 blocks ...5b63b807f4f7e7c43aec2d1f7d33dc408148334533816bf6f1dd37cd733a8de7844bb80fccd94fe3ea67c2c034415c9ac104f1f3011ce6bca33b3167c648df71 via relay
2026-08-09 21:02:29.161+09:00 [INFO ] Accepted 3 blocks ...5b5d7d1b23cb20756cb5fab8166f66c7f6a3c86ba95d9ed49f59f21017b2d9e253d39c24958cad60f0b84919d853b9d40c7dcd2f388d871fd64db01ac84d2782 via relay
2026-08-09 21:02:30.501+09:00 [INFO ] Accepted 4 blocks ...264c01af1cb26c6e6c45b6c11136ad2c1e8a0622d69085b117459d42af66c789dfbd876ae6a23f1a7e6d37b5a067154ae8aaaa96eb47b3845bca967d3bf5120e via relay
2026-08-09 21:02:30.778+09:00 [INFO ] [vlt-shadow] sink_daa=799 0 validator(s) with credit; 0/7 epoch(s) would reach quorum; newest epoch Some(6): W(E)=0 signed=0 snapshot_root=6e727212fee446c1d3900a6bfba3cbe4fcc8d9fa6f7c81218af6a05b50add07245d0831c1da438973eb37682cb2670f2dcfa4e1fe10c29c6d2cc3ff167b16718 — the weight fence is at 18446744073709551615
2026-08-09 21:02:31.531+09:00 [INFO ] Accepted 4 blocks ...e2a0a9a3d1e993f3b5b4ac87f787891a06c2bb58589759b7248599300bd2776e01e0ac4f5ecf38c19b016eb61d6c274c388c18197d73e673e1eb0e677ee7844c via relay
2026-08-09 21:02:32.676+09:00 [INFO ] Accepted 5 blocks ...9358e88c92b6860d2455bf3d801c9a857244d29a4a85a5585c1881b3d26e2cb8e787f1894e91aa3bbc2a199949fc3bbc4dcd794e89677eb166c639af5e91c85d via relay
2026-08-09 21:02:34.693+09:00 [INFO ] Processed 24 blocks and 24 headers in the last 10.00s (24 transactions; 24 UTXO-validated blocks; 1.00 parents; 1.00 mergeset; 1.00 TPB; 0.0 mass)
2026-08-09 21:02:34.693+09:00 [INFO ] [ibd-perf] 24 hdrs avg: validate(A,parallelizable) 94.0us | commit(serial) 197.5us [add_block 12.2 + db.write 82.4; held-lock 166.5] | f_serial=0.677 f_reach=0.042 | parallelize-ceiling 1.48x
2026-08-09 21:02:34.913+09:00 [INFO ] Accepted 5 blocks ...0556c9b4ad7e2244a300b0825520be1c95abb8f9d3b179fd66e6567cf70b63ffb242d3535af2ca9c04ce73d75a023bb2408d361b3e888b05f47533536480beb0 via relay
2026-08-09 21:02:35.323+09:00 [INFO ] EVM lane KPI (O9): 768 chain blocks, avg mergeset 1.10, avg accepted-gas utilization 0.00%, 0 deposit-claims applied (cumulative)
2026-08-09 21:02:35.965+09:00 [INFO ] Accepted 4 blocks ...c6dbb430c3afa89b450bef23d2731623dde352883ba5f5c8f44a6b36d9121331113b2d05d67d9561b67832b7a511bb6e6a96ce2ab9e0d668823d39a1fb63b27f via relay
2026-08-09 21:02:37.028+09:00 [INFO ] Accepted 3 blocks ...b6ec381cd7e97e27642c1d8203088f68a3c88596bf1e2a677d5867994534631cae68cdb555b3978d7ab6c3958d4d69516ee62f2383d003734d8938ff2dc6be92 via relay
2026-08-09 21:02:38.134+09:00 [INFO ] Accepted 3 blocks ...5ce271aaade8234e141584b886773bde0a3de64c54788eb56053cb0f5b219cd869aea1c90967ecc9ded02d50c713b833a71dfb48251ceb58060f34320931b936 via relay
2026-08-09 21:02:39.229+09:00 [INFO ] Accepted 6 blocks ...15685359af3d7c517a5c73795e4a7fd62bc76af6088128a41e059f07b38d511f2720c0b1125bb3356cadf192c0c4a31c4df66d0ac21b3333d9aac0517b8c7560 via relay
2026-08-09 21:02:41.165+09:00 [INFO ] Accepted 4 blocks ...174f3d512acab2eccfa7226d3a88975a07669616800f7ab8d3fba6d102a1c11223385779c6fa3cfddd33de2fbcbc8dce87e434d42ecec1be3dc29044d1492e60 via relay
2026-08-09 21:02:44.123+09:00 [INFO ] Accepted 4 blocks ...07562620ab2333226636590a6397d1c80ece3748d15b960b0e5cc5c9dac89a3c15e8a6effa26989d1b017aa9526ab9a9a4c90c01d3aabcfc073e6ad5cc6ee053 via relay
2026-08-09 21:02:44.695+09:00 [INFO ] Processed 25 blocks and 25 headers in the last 10.00s (25 transactions; 25 UTXO-validated blocks; 1.00 parents; 1.00 mergeset; 1.00 TPB; 0.0 mass)
2026-08-09 21:02:44.695+09:00 [INFO ] [ibd-perf] 25 hdrs avg: validate(A,parallelizable) 80.1us | commit(serial) 196.3us [add_block 12.8 + db.write 83.8; held-lock 165.0] | f_serial=0.710 f_reach=0.046 | parallelize-ceiling 1.41x
2026-08-09 21:02:45.277+09:00 [INFO ] Accepted 3 blocks ...cc2bc384d277bbe50c442488d68d05e411f659a6fcec440791fbb0217fedfee416af97ad0b98742f6abac7c652a8b388eccbc7303abb58974879a067abb3d11a via relay
2026-08-09 21:02:46.293+09:00 [INFO ] Accepted 4 blocks ...d0aa8d7191e853309435d22fd410e39d322e9966a50391184ac4e921f6aa12d1c372b2093a007e0abfe2f11d7256b7bf27edfa1bfb4b20b6bfa99802ccb846a0 via relay
2026-08-09 21:02:48.328+09:00 [INFO ] Accepted block c6b5ec0b5f77a0d50dca7e55c2c757dab195a85c7e9dfcee80b9ee798f31389c42ca9b793c8201dbae1c0d1805b9dd94d4cd66327dd9a79886c59bfa1bb18311 via relay
2026-08-09 21:02:49.383+09:00 [INFO ] Accepted 2 blocks ...6250cb373681ae3d5b450ce0095fd363d68730f53178414fa20295306a7d2ac7ad23279db55cc89a23456d7ab8ba57f2ce752d9c73f496164f82ce2530818e98 via relay
2026-08-09 21:02:50.464+09:00 [INFO ] Accepted 4 blocks ...25ae67fd0cc032d236faeb070653a3166ee91c5ebb6df559533b25417d50ed5b75dfad09d4489903c576def32a883929c9e83d53a55dd10ec118b2f978b92190 via relay
2026-08-09 21:02:51.563+09:00 [INFO ] Accepted 2 blocks ...dae3c7904f1aab905395d65ab62ea656b6440dcd583412ec0970c970ddde8de98666f74e8da622d5762c4656d31bc6ff4d79e5966c63295d46b040f0a4457a6f via relay
2026-08-09 21:02:52.862+09:00 [INFO ] Accepted 4 blocks ...d02bfb708d52246af4d067b92c68cfc75f31470bf5254a6ad516ef73e14b6b2dd1002ecb5a244386b93277b85c278ffb927875bf4906873502d0477eb67383b0 via relay
2026-08-09 21:02:54.069+09:00 [INFO ] Accepted 4 blocks ...9a50f1f6e61c30cb4a0fbf9c018861a147078f6ce33e0acb8f8e4f51d64b423e632e1ec4756172824cb55ab341be8129541aec590259c52e22668b9e5e3078cd via relay
2026-08-09 21:02:54.649+09:00 [INFO ] [validator-service] heartbeat: mode=active sink_daa=860 bond=unconfigured active_set=[epoch=8 is_active_validator=false (active_validators=0)] dns_overlay=configured (stage=Bootstrap, dns_confirmed=false)
2026-08-09 21:02:54.696+09:00 [INFO ] Processed 25 blocks and 25 headers in the last 10.00s (25 transactions; 25 UTXO-validated blocks; 1.00 parents; 1.00 mergeset; 1.00 TPB; 0.0 mass)
2026-08-09 21:02:54.696+09:00 [INFO ] [ibd-perf] 25 hdrs avg: validate(A,parallelizable) 91.4us | commit(serial) 184.6us [add_block 12.4 + db.write 81.7; held-lock 155.2] | f_serial=0.669 f_reach=0.045 | parallelize-ceiling 1.50x
2026-08-09 21:02:55.196+09:00 [INFO ] Accepted 3 blocks ...d2686f28a5fe19ce5ca8e491556bd16d6c3e07e37f7f4cd5b3df5cdcc3ef3a0e190162dea9d683a9bf66a3749bc67a7cf4d21861edadfd2aa38a493e4ec9845f via relay
2026-08-09 21:02:56.272+09:00 [INFO ] Accepted 3 blocks ...9078dc9c34c599f64abb38b4ae08ab70a299136308d341c3670d0da7ab3d8782b6fcfc441860ef5bf1408e91e156f6c44aea680df37d3832d6f8ce9e7bd807bf via relay
2026-08-09 21:02:57.623+09:00 [INFO ] Accepted 2 blocks ...a86a800056d2293533899a8a9789700ef83b26788e0ed22e14e0999fcfb28a310c218cafbbcdebe6acbcb1b578995367da94847e5d35ab77b318a867939d66e6 via relay
2026-08-09 21:02:58.885+09:00 [INFO ] Accepted 2 blocks ...44c23a47fd1e639f6a21f07d7e340eb74717df0657a2a70eb747b3792399bac18c47879cec459c21ff3003315858ab859ec9a109df33eb2642dd76e77cce1846 via relay
2026-08-09 21:03:01.417+09:00 [INFO ] Accepted 5 blocks ...46b16e85be2f77953d9646d4369156757d1fba76aaa9cc684ce745b3b8de04d3f6b804400d8518f2e0e1b82059b610c4e099bd0145a65a2518bb17f12c5c926e via relay
2026-08-09 21:03:02.641+09:00 [INFO ] Accepted 3 blocks ...ea2794171ac00fe04e6f1e4d24cd715f4f3d692c23028411f69d43a5c3d5e4d97f59515552202d18aa1d7a421070bc26ab724a030543b50a26110d7c22ed5c70 via relay
2026-08-09 21:03:03.761+09:00 [INFO ] Accepted 5 blocks ...d15b34fc82bd68bb00a399f75bed50556f16a4a743615e37e6e0c7b2ead9e3675da2467df45309983ac0548f31c3bb4a6c6f82b867d5ddce85cad0e4f18fcd74 via relay
2026-08-09 21:03:04.698+09:00 [INFO ] Processed 21 blocks and 21 headers in the last 10.00s (21 transactions; 21 UTXO-validated blocks; 1.00 parents; 1.00 mergeset; 1.00 TPB; 0.0 mass)
2026-08-09 21:03:04.698+09:00 [INFO ] [ibd-perf] 21 hdrs avg: validate(A,parallelizable) 118.1us | commit(serial) 264.3us [add_block 21.5 + db.write 113.6; held-lock 224.8] | f_serial=0.691 f_reach=0.056 | parallelize-ceiling 1.45x
2026-08-09 21:03:06.697+09:00 [INFO ] Accepted 5 blocks ...6d20bc06fe07d5697f6f044a2b5aad2f3efb7c3ea1e1b11b0daa6ccc5ac399335e1463de6ec06090e2777a954c8de36bcea120ee3adb3e8831cb71e423bbcef7 via relay
2026-08-09 21:03:07.837+09:00 [INFO ] Accepted 3 blocks ...3194c43a2281ec017fd12f98d6c2f3268c894cbe4a6d5a023f1f1b90b5034f1f8b45b49d18b3b3a3fa06058f214f1fc12cd1b0a6cf1b19b19fdca045728c2889 via relay
2026-08-09 21:03:08.927+09:00 [INFO ] Accepted 4 blocks ...2326e802be10a9b6a2d2afe10b86e3541210482eb543dd0cbcbb42101e1ea836b7d27db5397d1678b1d1ae0b91b3482fc5e521b6bb98912a69692bf2606349d4 via relay
2026-08-09 21:03:10.090+09:00 [INFO ] Accepted block 3f9aff909db1e451a2d2183909d229bd0e36e770eb708dbcdc474361904c7ebcb77a36cb10e63681763cbd851b9e567a03b1fe5d6ec521697cd01461b921caf1 via relay
2026-08-09 21:03:11.533+09:00 [INFO ] Accepted block d8777dfbc9ecb04b26b0df8bbcc8446d3044fa4248d5f00a1e6ebb29269e100d73d5887c12cca4a1fbb96a4b29311d41371dd4d9cca18619539cb6ce20438183 via relay
2026-08-09 21:03:12.811+09:00 [INFO ] Accepted 2 blocks ...fc5d130973023dafc6643b88e231288f26e8ae957d328373d158e22439dd62a2d18ef61ca61019f359bad14b257c6cc4569b468886aaeafcdfb876b961e31aa3 via relay
2026-08-09 21:03:13.213+09:00 [INFO ] [vlt-shadow] sink_daa=899 0 validator(s) with credit; 0/8 epoch(s) would reach quorum; newest epoch Some(7): W(E)=0 signed=0 snapshot_root=75d131746d26a1827ce96649c8a82b99fdbd5d8f5d33bd50846c4f501f915be30eebcf2417cfb0d66bd8944979104dd9025da7be645dafc90a346bf311292381 — the weight fence is at 18446744073709551615
2026-08-09 21:03:13.914+09:00 [INFO ] Accepted 5 blocks ...2bd640bda97a4173fd55831b6663a68ae2d5d24e8299019b0befb587004bb3eb94b735a20f1e0f6c81a6928da53644c0453273f768a47c68162637d7d49ece20 via relay
2026-08-09 21:03:14.699+09:00 [INFO ] Processed 21 blocks and 21 headers in the last 10.00s (21 transactions; 21 UTXO-validated blocks; 1.10 parents; 1.10 mergeset; 1.00 TPB; 0.0 mass)
2026-08-09 21:03:14.699+09:00 [INFO ] [ibd-perf] 21 hdrs avg: validate(A,parallelizable) 93.2us | commit(serial) 193.1us [add_block 12.6 + db.write 84.9; held-lock 160.1] | f_serial=0.675 f_reach=0.044 | parallelize-ceiling 1.48x
2026-08-09 21:03:15.708+09:00 [INFO ] Accepted 5 blocks ...df658c9bd60cb2e8691a1f8dee61864a25551da881eaf437924fad3bd98241c9fd5e1a8d891aa3e124d0cb4c78434a13a306221853ac955d35e400be518381d1 via relay
2026-08-09 21:03:17.063+09:00 [INFO ] Accepted 3 blocks ...2619fc0585fb1e4f16781112357f185c718895c80c0a48b20a7f29813cec0f3e11e27f9bf494ca584cb2e403732f65a01d8fab4d61dc7c8be71d57c69ee8e157 via relay
2026-08-09 21:03:18.903+09:00 [INFO ] Accepted 3 blocks ...9c919cec1573d8b339e96d4abcc221e435bc40d518c5850cd4662114d2d6834b20f53166e84a739fc6c72b640aff05ac548ad0f5b40bb3310ae409d0be112b34 via relay
2026-08-09 21:03:20.623+09:00 [INFO ] Accepted 3 blocks ...8c0e985e6503c8943a740e10827a0c599545523630335910fc5e08c1a722b647d7e2e8b7175521749743a4b11f5ec6321876f75e5742397db1c996d3126406e2 via relay
2026-08-09 21:03:22.706+09:00 [INFO ] Accepted 4 blocks ...fac5185e515eb8e78ba2e18dd13db6b3bcd3d7da7a5c3ffd66cb73fd4f3f2cb3eb0649fa16219be951901618d4c30c3635756ed8b142145984ea78108701980b via relay
2026-08-09 21:03:24.296+09:00 [INFO ] Accepted 2 blocks ...fa402acd0111391737ec433247c1ac808259b25b3ec14fa32ce12ebed2114023c4f32be98b27d91004446ebe7e5778b46adff25693e6a2fb1d0013e794a82c86 via relay
2026-08-09 21:03:24.651+09:00 [INFO ] [validator-service] heartbeat: mode=active sink_daa=924 bond=unconfigured active_set=[epoch=9 is_active_validator=false (active_validators=0)] dns_overlay=configured (stage=Bootstrap, dns_confirmed=false)
2026-08-09 21:03:24.701+09:00 [INFO ] Processed 22 blocks and 22 headers in the last 10.00s (22 transactions; 22 UTXO-validated blocks; 1.00 parents; 1.00 mergeset; 1.00 TPB; 0.0 mass)
2026-08-09 21:03:24.701+09:00 [INFO ] [ibd-perf] 22 hdrs avg: validate(A,parallelizable) 87.0us | commit(serial) 197.1us [add_block 13.9 + db.write 83.1; held-lock 164.1] | f_serial=0.694 f_reach=0.049 | parallelize-ceiling 1.44x
2026-08-09 21:03:25.535+09:00 [INFO ] Accepted 5 blocks ...34f1cf927ddebce8f5b88bfe845d2531cc3613d3a2a47bf70ac6898287ef28efaa92bf524ff795f1d19b024ff044f52ec318c8cad7814470a6e618ac071fc278 via relay
2026-08-09 21:03:26.779+09:00 [INFO ] Accepted 5 blocks ...3d0301924c44b07f2c27b0ad40153e3bb54fd80c90136e8319d674a6e83af9ec18be39544f888a602548a6f24212c983940e160500819578be5849c34eb5f6ed via relay
2026-08-09 21:03:28.392+09:00 [INFO ] Accepted block d191c1bd97c9156aba0211d193cbef68eb9d37cbb6fd5dd97e9a308cc9a9bdece8582b97d6979b4ad7bc29d33d34c6e1bec0916b58285ecf181bfa5dac833244 via relay
2026-08-09 21:03:29.479+09:00 [INFO ] Accepted block 5645f42325ca478fa35438df3cb158904214256e2ec1169df9efe6171db17a9d6c9da1810513637e9b6ec4fbc24ddef980bd468e34bfa18268db1b5f211a08c6 via relay
2026-08-09 21:03:30.549+09:00 [INFO ] Accepted 3 blocks ...319196e44ccf25a7680bee0fcfb8200e0243f1f913f0ffb0e1e04286700c4a1c2fb45055dc6308db1125b83ccc7b13813f51e682870d6e51b150c27ce9cf333b via relay
2026-08-09 21:03:33.222+09:00 [INFO ] Accepted block b66d3265ce53ec95b2eda9e4d8ee5f655d032dc3d254bf4cce9f18453b7472e11073a7366d975aca203bf14d394a5315906d7928ec2969f0602e6f345aae8bc0 via relay
2026-08-09 21:03:34.312+09:00 [INFO ] Accepted 5 blocks ...43fef1155bd558bf0cde4b0262993b67129e33f12078ccfb62f0c90a130be99ec1026cf53180f649e936e772a314a182faa61abfec47ff7e823ff6f214f69fe7 via relay
2026-08-09 21:03:34.702+09:00 [INFO ] Processed 21 blocks and 21 headers in the last 10.00s (21 transactions; 21 UTXO-validated blocks; 1.00 parents; 1.00 mergeset; 1.00 TPB; 0.0 mass)
2026-08-09 21:03:34.702+09:00 [INFO ] [ibd-perf] 21 hdrs avg: validate(A,parallelizable) 81.4us | commit(serial) 207.5us [add_block 13.0 + db.write 95.5; held-lock 174.6] | f_serial=0.718 f_reach=0.045 | parallelize-ceiling 1.39x
2026-08-09 21:03:35.435+09:00 [INFO ] Accepted 5 blocks ...c04d6250ae574c67adc054cc38c2ceb6c2e3349e7b35aedc0859bcfc5a820b5a8bd99baeaa6c9ae80ddc665637f1378cb3ea191f47470d5d68fe0943634a6590 via relay
2026-08-09 21:03:37.221+09:00 [INFO ] Accepted 3 blocks ...cea5648fe8eee0f8bcc7502481390e13ee0ee64b54587bb5f742ed4f6c458f754a3fdd39bade21f7174502b4deae6f0f368cf045da55632018869317fa9ca17b via relay
2026-08-09 21:03:38.225+09:00 [INFO ] Accepted 2 blocks ...8120244007119d118e3118865983f5b144fa1988c16c1a3c51794c2d35f95d1ab33a621e8f07fd89f18e3921409bbf63f584bee3b05d2f16cdd032c9a7ae5f83 via relay
2026-08-09 21:03:39.371+09:00 [INFO ] Accepted 3 blocks ...e2282705ea7f8847332a45adc289ca8ede47845b38dd85d07df14e8ecbd9158b8048ff3a7641f43a44b33886716222f92fcbffcd9323aca895802eeb894c69b5 via relay
2026-08-09 21:03:41.747+09:00 [INFO ] Accepted 2 blocks ...a3e5933614b6998636a9b0f6b82205feeae66258db270ba45d0b743ebfbccaf66dff9023b288a0c2386f2c0297733db68eaa155f3ca83df20c9e17d888fe7b29 via relay
2026-08-09 21:03:43.432+09:00 [INFO ] Accepted 2 blocks ...c1ef382f0880a4cd4f3225856041fb8a96e6e6e5c9bf8e86939a3e409e431b74c630218f197654ea1bb2ad02f95261b9eea6c8424daad0e0ca55495e6bd88c05 via relay
2026-08-09 21:03:44.705+09:00 [INFO ] Processed 18 blocks and 18 headers in the last 10.00s (18 transactions; 18 UTXO-validated blocks; 1.00 parents; 1.00 mergeset; 1.00 TPB; 0.0 mass)
2026-08-09 21:03:44.705+09:00 [INFO ] [ibd-perf] 18 hdrs avg: validate(A,parallelizable) 84.1us | commit(serial) 208.4us [add_block 12.8 + db.write 94.2; held-lock 174.7] | f_serial=0.713 f_reach=0.044 | parallelize-ceiling 1.40x
2026-08-09 21:03:44.952+09:00 [INFO ] Accepted 4 blocks ...1f9794f9d3281f62fa323dd84c846e52c6bf196132a84af391993655705dbe661d4f7ab100a0ca5c80cb7eb0530ba3634989107c7057c2560434619b61a01651 via relay
2026-08-09 21:03:45.978+09:00 [INFO ] Accepted 4 blocks ...353566121d1d495571cfaa9d32850f235f4bf34e42b96ec274f750c3f3c64445bb4a0899b26fe0fa97ea58ace94220d34a169f2a0552df792bf8aa96b7b54ae0 via relay
2026-08-09 21:03:47.164+09:00 [INFO ] Accepted 5 blocks ...49af9cb8808cfc842b7c9e6e3ada4fcc1f113aaa9999c7e0206c139d844f69dff5545cc3c86e07301c26e48ac642a340126f44804689e113cc8bbad35644fcaf via relay
2026-08-09 21:03:48.374+09:00 [INFO ] Accepted 3 blocks ...ba6b4c55f27b5ddea00ce0d9dd174b005a99387c6120ff4c7ac11c33016b466c061fc9a93dd9642bc9b328d2439cfc3f38440eaa80e179b72d18e47ede3aeb5f via relay
2026-08-09 21:03:49.576+09:00 [INFO ] Accepted block c65c34ff466d758e50c0400ebcf8c2376f7f36292616b44803452290747c3dd82624542682b179641fbbc4663d16e89fd1a69d67be50645ddf885d9f84b7e3c7 via relay
2026-08-09 21:03:50.678+09:00 [INFO ] Accepted 4 blocks ...764eaae9834c45fdfe8a895036d7786f63a7b4bd85cd139a36cda8425ff52985730f72a2e6e54a369dad7b4f1f92de139d5d509880fdfb61abd8a7f3242b77c2 via relay
2026-08-09 21:03:52.219+09:00 [INFO ] Accepted 3 blocks ...3201de41a04bd23628cb327796ad13983429cbe0e35f949f9dca8b2b7697e3a365c824716098db7c374e561559c69ea426717bfb7d9ec2f372e5ecba2262e0d6 via relay
2026-08-09 21:03:53.253+09:00 [INFO ] Accepted 4 blocks ...f349ee9722641f92862e186941a188f4e8bf782647e6c16b94f182cb485c2ece0fd7ea1022a9aa79258623cb2f526505a0801971dcfc2d025994627d8abcd97e via relay
2026-08-09 21:03:54.264+09:00 [INFO ] Accepted 4 blocks ...0c7d9f5d1f6a2513eb7c0ba595b179b47f0ca4848aefed10a8aec0580955866a5b32594e17b6b579a6245adc8a6dde44792afe3cacdb4c5cff1327655ba1d802 via relay
2026-08-09 21:03:54.652+09:00 [INFO ] [validator-service] heartbeat: mode=active sink_daa=992 bond=unconfigured active_set=[epoch=9 is_active_validator=false (active_validators=0)] dns_overlay=configured (stage=Bootstrap, dns_confirmed=false)
2026-08-09 21:03:54.705+09:00 [INFO ] Processed 29 blocks and 30 headers in the last 10.00s (29 transactions; 29 UTXO-validated blocks; 1.00 parents; 1.00 mergeset; 1.00 TPB; 0.0 mass)
2026-08-09 21:03:54.705+09:00 [INFO ] [ibd-perf] 30 hdrs avg: validate(A,parallelizable) 101.2us | commit(serial) 213.3us [add_block 15.5 + db.write 91.8; held-lock 176.2] | f_serial=0.678 f_reach=0.049 | parallelize-ceiling 1.47x
2026-08-09 21:03:55.713+09:00 [INFO ] Accepted 4 blocks ...afa57da177a5a6e1aab4c2cb021dd272598348b879d6379b0004a37fc9c1dd7f1bc8f5d69f23b4e4fc8828e0011c2220073b6e134461463b2dbebf239138da1b via relay
2026-08-09 21:03:56.401+09:00 [INFO ] [vlt-shadow] sink_daa=999 0 validator(s) with credit; 0/9 epoch(s) would reach quorum; newest epoch Some(8): W(E)=0 signed=0 snapshot_root=d7de579ad4fb81ab8d68479c6ed04eae904d0d26a4b17bc934486107b0fb19074c56fa7c20654a7ce8dd3f0aedfcb4133c7d1ba4a44bdfd2d89ee3f4aff6c0f3 — the weight fence is at 18446744073709551615
2026-08-09 21:03:56.991+09:00 [INFO ] Accepted 3 blocks ...4d42ac95e72ee8bf08ba42b4e7613f53b1835887fe988feb7d936004eaba15c3c5378a0f0f53c3de60ca1e4cffdfd42db1d3d9c9c4da3b1480952535143dd21a via relay
2026-08-09 21:03:58.168+09:00 [INFO ] Accepted 3 blocks ...36fe3db6d62ed459c829c68795014b7a8c7655c8b5bc94bb489b2de4f5bfcc3051d37d25849dd8a066848d69cc27cceca5e872ff2951c392cbf297f9af2a2dc4 via relay
2026-08-09 21:04:00.082+09:00 [INFO ] Accepted 3 blocks ...d495de7a0c527a6957299fddba8744a2f9a5d25d403995b4b0404ecb17d84a0d007253b16f583b4fe34db8c73d1061650329e1465ce653acd5da8ffd4fbb5997 via relay
2026-08-09 21:04:01.782+09:00 [INFO ] Accepted 7 blocks ...c75bfd9ccf95c20beff0665cf312a2e9761b060329044d40239fa00b2db98e643dc11f270985800d835eb4ab135680a2789bda508c6e72daf7aae94035616053 via relay
2026-08-09 21:04:02.943+09:00 [INFO ] Accepted 3 blocks ...01dca5b55adc4fd24869f610e296efefd6725bc8c95e0ac88ab25571aaf5ac12cdc0a2e656ad5811aa760d9e1621b71490d24bc26c2d831974e524e18fa3312f via relay
2026-08-09 21:04:04.313+09:00 [INFO ] Accepted 3 blocks ...6094d6f5a928316c00e131581ff8f5b0e0d11ed5f2ecf9e3c0556b24cee862a093141be5b089ed5fee79ed6bfe82c94026272b0168a516fea2d89343f37812b8 via relay
2026-08-09 21:04:04.707+09:00 [INFO ] Processed 26 blocks and 25 headers in the last 10.00s (26 transactions; 25 UTXO-validated blocks; 1.04 parents; 1.04 mergeset; 1.00 TPB; 0.0 mass)
2026-08-09 21:04:04.707+09:00 [INFO ] [ibd-perf] 25 hdrs avg: validate(A,parallelizable) 90.7us | commit(serial) 196.2us [add_block 12.6 + db.write 93.5; held-lock 164.2] | f_serial=0.684 f_reach=0.044 | parallelize-ceiling 1.46x
2026-08-09 21:04:05.835+09:00 [INFO ] Accepted block de8c49ee9a90a3bb92461d58c6902d581a509a0355211f6031038733f7c4eb2315d7d03705994bf24b057e083c64b2d601495fbb8d75818926e3ae9d585c0f89 via relay
2026-08-09 21:04:06.906+09:00 [INFO ] Accepted 8 blocks ...765c43aa7b43a00589f4a3a603184b31da19a1b75b17f86433a38f27c464f658fef23f905decef3a7749103b47f460082a74b9e3c5d752901b90a706612a0b1a via relay
2026-08-09 21:04:08.505+09:00 [INFO ] Accepted 3 blocks ...1c773e0fc02eb9c962a0e7ab1b1c3f00ecaef0858b5abf7b9d6ad53492bcaca01e16de8a5a496afee37fb4491ab894360c5b4b0f23b3be747febe4eb07882883 via relay
2026-08-09 21:04:10.069+09:00 [INFO ] Accepted 4 blocks ...35ee9ccc865d55eef8a9ecba8b8d69f8eb0296676be18f8e1c292a1e14bf2bdb3fa2eb2e8970a20f43f0eee1ba704893fea109dd6f74b6bf7fb92cf8f16986d0 via relay
2026-08-09 21:04:11.621+09:00 [INFO ] Accepted 4 blocks ...123ff85564f1fadbcd1ba1ec4f6158d330f8ae5591760ca0f418410dec76b27bcb68cc621460ca5f874e73f860d393ec617719ad9507765121f31318513b1612 via relay
2026-08-09 21:04:13.335+09:00 [INFO ] Accepted 5 blocks ...f0a8d536928a08b571204a7b503f43621ec4de5fecc030a596f8b4acf93c0a6aaef2fb59a6beacf6a918d8bb3f175a013cf501ddf267565ab4a940559f67e4dc via relay
2026-08-09 21:04:14.594+09:00 [INFO ] Accepted 3 blocks ...cc80e49aed164c9ebd9135edcdb59b91c2c72b9ec5c95ddffd60f2d9af7dba0bdb43ec6556b9b39f0cb69a7ffd3fbf605eb77aacc7ce3c2b0a0a9a194544c9c7 via relay
2026-08-09 21:04:14.709+09:00 [INFO ] Processed 28 blocks and 28 headers in the last 10.00s (28 transactions; 28 UTXO-validated blocks; 1.00 parents; 1.00 mergeset; 1.00 TPB; 0.0 mass)
2026-08-09 21:04:14.709+09:00 [INFO ] [ibd-perf] 28 hdrs avg: validate(A,parallelizable) 80.9us | commit(serial) 209.4us [add_block 12.9 + db.write 96.3; held-lock 174.4] | f_serial=0.721 f_reach=0.044 | parallelize-ceiling 1.39x
2026-08-09 21:04:15.922+09:00 [INFO ] Accepted block 2d139091062b9ebfc8fb362a2b9f844291cec2e53ecb8755f9e0814e9236205f49b56a3bd2f848430e7edf2eba8b85e37e9fcef6b59291338b6a0d5c6c9dbf6c via relay
2026-08-09 21:04:17.482+09:00 [INFO ] Accepted 3 blocks ...40bb56938338cd0b441593783b11663ae6fde0cd8a658e3465b8d3b9817e1bfe7ec0d35b65de6339316966db76d6738e5ccecba2333e0e4a911af0dfbb297bd4 via relay
2026-08-09 21:04:18.856+09:00 [INFO ] Accepted 4 blocks ...1cdb8d14a8bc5e1cca82b9f3b7aaa62acd28ab6345400508aa020e32a6f40d2fd4217b5b7ce1d3a3f95418be7fbec5391d3105d743e1c082ec1455a56dde5f3a via relay
2026-08-09 21:04:19.941+09:00 [INFO ] Accepted 5 blocks ...51cb058b4137aa1417fe09150b8b33d808fbf94461b782ca49a16e5f4b43d6914728d96b5052cc6a3cc2aa4e5c82a127b590cd4995225e1df7a945a92e9fa6f5 via relay
2026-08-09 21:04:21.084+09:00 [INFO ] Accepted 4 blocks ...0ba81eda857588013079befbb9449d6c4e819096a6cd0a0b10f862188c091e5e76c8186a99d8761e772ed65b7bc444a14347d86e3d9f5e69c8fe5a7bd8bf0444 via relay
2026-08-09 21:04:22.148+09:00 [INFO ] Accepted 2 blocks ...74168355dfe6e2d67e50fb84988b6dec65034f1c1aeeb46f4a8d54d717b5a97926e64ee07bd2dbf18d6e24eae4875c3593f55196e3d8c30c5541d6d1af97ab5e via relay
2026-08-09 21:04:23.487+09:00 [INFO ] Accepted 2 blocks ...6a58cc1a465ccfb0164aa26af27da0fbfd69d977b74a98b7bca975a3f737c3e6e96a7ff28a5745ed640f85a4a7b6e07dd9f10b65ddc76d0b7c29e16ed47e1eb5 via relay
2026-08-09 21:04:24.515+09:00 [INFO ] Accepted 2 blocks ...2a17a86eb3c8bd9bb8529a94687cef58942c5f7f47a6c4ad5f2dcfafa8ca0dd0f65143663896ff43c0c3939603313bf78e3724148c4712c121ec379d86b863ec via relay
2026-08-09 21:04:24.654+09:00 [INFO ] [validator-service] heartbeat: mode=active sink_daa=1069 bond=unconfigured active_set=[epoch=10 is_active_validator=false (active_validators=0)] dns_overlay=configured (stage=Bootstrap, dns_confirmed=false)
2026-08-09 21:04:24.711+09:00 [INFO ] Processed 23 blocks and 23 headers in the last 10.00s (23 transactions; 23 UTXO-validated blocks; 1.04 parents; 1.04 mergeset; 1.00 TPB; 0.0 mass)
2026-08-09 21:04:24.711+09:00 [INFO ] [ibd-perf] 23 hdrs avg: validate(A,parallelizable) 94.2us | commit(serial) 211.6us [add_block 13.5 + db.write 98.2; held-lock 176.1] | f_serial=0.692 f_reach=0.044 | parallelize-ceiling 1.45x
2026-08-09 21:04:24.954+09:00 [INFO ] EVM lane KPI (O9): 1024 chain blocks, avg mergeset 1.08, avg accepted-gas utilization 0.00%, 0 deposit-claims applied (cumulative)
2026-08-09 21:04:25.962+09:00 [INFO ] Accepted 4 blocks ...002f3003c2d6df9b2b9778f4b156eece348b73966db2b50c4e2bcea962588d8a50f3dddeb3bcfba3cf727a136db2dd990b7b5931202a8d0af7a8119286080433 via relay
2026-08-09 21:04:27.113+09:00 [INFO ] Accepted 3 blocks ...bbdbe8b3809e0a38b0407b5d6dac40d77fc728643034435209388b9bb24c69226701ca3baa51a30b892e48a747186253b18f57508114281acfabec950ba01d1c via relay
2026-08-09 21:04:28.141+09:00 [INFO ] Accepted 3 blocks ...5760552d0784f52706161ac1066bd23c6409e4d99de59c9e239612c903ad351351cb5597de3e2d226b8fbe0cebb17cbdf900e97bdbc1b3cadf409212a9307dc2 via relay
2026-08-09 21:04:29.895+09:00 [INFO ] Accepted 4 blocks ...656efeb1abe1867fc9f6df9621585b74b4c809475896c93829a928b0a8885d20410623d5236f9109636885f8163283f529087abc44ddcb988d6f164a4878eb88 via relay
2026-08-09 21:04:31.409+09:00 [INFO ] Accepted 3 blocks ...243312d5837da6a9a71cc0f0cb6173b451cbddf3ce75e404e79ae11a80844faa9dd6899dcfc39b6e447e88a0ea49b11b728e15d217fbfc35205cccbf89f52fe2 via relay
2026-08-09 21:04:32.641+09:00 [INFO ] Accepted 2 blocks ...7ca9f736e38e0a57b880c3cd9cd5124231a065b382eec6adb9499f215f88e733c66d3dab66900ebaad477db37d472c25b2360cf831b651ca4130927d15d18fa3 via relay
2026-08-09 21:04:33.757+09:00 [INFO ] Accepted block e19f963247b9ad2339c0dcdc0059573c3733031b57582c0e888d1d7098bb136f50948d07ebe604022dd26ba6e82cd1e67faa94a7f96c26bdfb8e104c5516d463 via relay
2026-08-09 21:04:34.713+09:00 [INFO ] Processed 21 blocks and 21 headers in the last 10.00s (22 transactions; 21 UTXO-validated blocks; 1.00 parents; 1.00 mergeset; 1.05 TPB; 13118.5 mass)
2026-08-09 21:04:34.713+09:00 [INFO ] [ibd-perf] 21 hdrs avg: validate(A,parallelizable) 96.1us | commit(serial) 213.4us [add_block 14.4 + db.write 95.9; held-lock 176.2] | f_serial=0.689 f_reach=0.047 | parallelize-ceiling 1.45x
2026-08-09 21:04:34.713+09:00 [INFO ] Tx throughput stats: 0.10 u-tps, 100.00% e-tps (in: 0 via RPC, 2 via P2P, out: 1 via accepted blocks)
2026-08-09 21:04:35.620+09:00 [INFO ] Accepted 3 blocks ...661600ce50328de4a4de31d13a3b1113ea86c48b2f0a9c362b76c291f055cc60f36382df826a424f3e9be80a9b93387634d835259b15e3295a4e93bafeb30bee via relay
2026-08-09 21:04:37.018+09:00 [INFO ] Accepted block ba64d171a33ab959ecd3934beae9781afc9c3b2ec90494a1044e61672fdba16677e891641fa5753d24f96a76f0f1c5f4166ed9c53b5b24906affbe4777101d80 via relay
2026-08-09 21:04:38.490+09:00 [INFO ] Accepted 4 blocks ...9d6462b6e976f4625cac38fe5b084dd963ab8d8836cf8cb997a26752075c4ba8706c2722e6220fad17d4972f5d29566548f7db5c0f27ec0dfe4771e7b9218082 via relay
2026-08-09 21:04:40.056+09:00 [INFO ] [vlt-shadow] sink_daa=1099 0 validator(s) with credit; 0/10 epoch(s) would reach quorum; newest epoch Some(9): W(E)=0 signed=0 snapshot_root=617bb5c5bab7d0bba4a6d7c06acbe33b89e4f2d5d276761358f392607f14d19e15ecdc77591f6078465fe3d278f944c8d65c985c610b4148586aea0354dc9276 — the weight fence is at 18446744073709551615
2026-08-09 21:04:40.306+09:00 [INFO ] Accepted 2 blocks ...a91fe2f04999b30b8515ad374ed7abafc00b058cad6bad40ab44f135a46e90b68b3caa8958a2e6fd98ce44b92814d9cdb0ed39a18dd50574470b4242562eb53b via relay
2026-08-09 21:04:41.621+09:00 [INFO ] Accepted 4 blocks ...9616de601e374e8fd7b002bc6c52167d5016d88c16907705f06164e88c5f79f3b3fa9ad06672738750fea65f74aeddb53225dc4a3140a594a08996df9e6a6a6d via relay
2026-08-09 21:04:44.714+09:00 [INFO ] Processed 14 blocks and 14 headers in the last 10.00s (16 transactions; 12 UTXO-validated blocks; 1.14 parents; 1.14 mergeset; 1.14 TPB; 39355.4 mass)
2026-08-09 21:04:44.714+09:00 [INFO ] [ibd-perf] 14 hdrs avg: validate(A,parallelizable) 96.5us | commit(serial) 200.7us [add_block 13.7 + db.write 88.4; held-lock 164.8] | f_serial=0.675 f_reach=0.046 | parallelize-ceiling 1.48x
2026-08-09 21:04:44.714+09:00 [INFO ] Tx throughput stats: 0.10 u-tps, 100.00% e-tps (in: 0 via RPC, 0 via P2P, out: 1 via accepted blocks)
2026-08-09 21:04:45.687+09:00 [INFO ] Accepted 3 blocks ...2988d394b40dbbe3507c009ea322598ee0c5df1a6cd00b938f7da2a701db2a16d028b0751bf398f09cd866810decfdc24d11ecda9296dc7bbb42666e4a7da248 via relay
2026-08-09 21:04:47.273+09:00 [INFO ] Accepted block 42c0eb943388cc6842b2b606e1a37c59ff290bcdea3e084b9ae9045b902f62808eff403dcb38f53676069a339f063a2cf31648f5c17004d1e509612a00624e58 via relay
2026-08-09 21:04:49.258+09:00 [INFO ] Accepted 5 blocks ...a93ec96dcca423e28668806d3f6852fc29d57b3764d760c41d0f4d5a3448fe2251b43e5def1508d8d4c6ad81b800963cdb764c9ace74b91078fa9810bb2ef7f2 via relay
2026-08-09 21:04:51.662+09:00 [INFO ] Accepted 6 blocks ...88c338380ed6c4b39b32333b5f2c1b961d3c1611dca6715b1da38736ccc2bd515faf92e46027ba16e357c049d8e3521e15e3885bbea435a33153c9cc920a8e7c via relay
2026-08-09 21:04:52.914+09:00 [INFO ] Accepted 5 blocks ...7853db3296926a58635f6a3fee2281156a8bb585b10844ec316c4905f6b2a48d3c066b43ae45225db8ba459ff5609d0028c539c5e348321d4d5572d66401c559 via relay
2026-08-09 21:04:54.080+09:00 [INFO ] Accepted 3 blocks ...26d862e5f7ddf788825a03e0db92901618797358dcd84850d5278053260507621cf9802fc30f42e71f83d8aecae5857e776a908ebcafc502c6f3d9b750ec1fe8 via relay
2026-08-09 21:04:54.657+09:00 [INFO ] [validator-service] heartbeat: mode=active sink_daa=1128 bond=unconfigured active_set=[epoch=11 is_active_validator=false (active_validators=2)] dns_overlay=configured (stage=Active, dns_confirmed=false)
2026-08-09 21:04:54.716+09:00 [INFO ] Processed 25 blocks and 25 headers in the last 10.00s (25 transactions; 24 UTXO-validated blocks; 1.04 parents; 1.04 mergeset; 1.00 TPB; 0.0 mass)
2026-08-09 21:04:54.716+09:00 [INFO ] [ibd-perf] 25 hdrs avg: validate(A,parallelizable) 83.5us | commit(serial) 202.5us [add_block 12.4 + db.write 97.9; held-lock 170.6] | f_serial=0.708 f_reach=0.043 | parallelize-ceiling 1.41x
2026-08-09 21:04:55.425+09:00 [INFO ] Accepted 6 blocks ...79223faa2e02b4137138b068d308ed871f38451339cebf5198ef47f30631ec36b3f55ffe68c8ec7cc312902dc299e919117387c71a822893e4b168acc6dae172 via relay
2026-08-09 21:04:57.375+09:00 [INFO ] Accepted 4 blocks ...8b26395ff39f2e9ecb22307d8a17eaa514eae4acb9cf58067f5ea1462e1a6ed6b5c69ab51f9e63874f25ddaec133f274324fcbe3cf7dc7ae0e72d09c0345e1f7 via relay
2026-08-09 21:04:58.918+09:00 [INFO ] Accepted 3 blocks ...938557c7305f2ec57abf0bedfbcaece03c6bcbaf1b5d47952e0c5dfff89b674c08a3145c699c81fc18e54484f1e0b07aa94abd80df337468e84308865d20ceb6 via relay
2026-08-09 21:05:00.199+09:00 [INFO ] Accepted 3 blocks ...e8af01f5c7abfaf4b4bd966fa0cf2e422fe40ce3295994d7fc319e1bf5745aca5c10cd8b5d9565baf9b2c60cc428cdbbab0187289a19ddd4c43d4e882c5bbf58 via relay
2026-08-09 21:05:01.582+09:00 [INFO ] Accepted 4 blocks ...40947942369d2448db33fb031e9690047c1d967b4e7f5d47c076b40c32545755d8a15b442e495032529961bd74b197ba499b0ef5ab9ea2b44861392f84bc9111 via relay
2026-08-09 21:05:03.025+09:00 [INFO ] Accepted block 79b87cdf5eee4b328c9657260d3932813ecbd2361ed44fa9db2188f275ce1c153a42163f2cc0f11c2321d74b75285b0fab989175f9a2373f168b330fe3f178d4 via relay
2026-08-09 21:05:04.549+09:00 [INFO ] Accepted block ca55f6515cc0279c302a2c7d0c3a21ab38ddc384b98af57f398158c7ba0fefa075f00ce424fc25001edc684c18c018536e91c3a553b7ef347b477dca58118179 via relay
2026-08-09 21:05:04.718+09:00 [INFO ] Processed 19 blocks and 19 headers in the last 10.00s (19 transactions; 19 UTXO-validated blocks; 1.00 parents; 1.00 mergeset; 1.00 TPB; 0.0 mass)
2026-08-09 21:05:04.718+09:00 [INFO ] [ibd-perf] 19 hdrs avg: validate(A,parallelizable) 89.8us | commit(serial) 220.1us [add_block 12.2 + db.write 108.3; held-lock 184.1] | f_serial=0.710 f_reach=0.039 | parallelize-ceiling 1.41x
2026-08-09 21:05:05.890+09:00 [INFO ] Accepted 4 blocks ...51764beaddaddbebb7fd4401c527be1e643783ab6b85bd1416b7767873947582a5abe4762cc8f2aea87978a3332d1e24fc4c510b28e4e08af4666f1c278b5ab9 via relay
2026-08-09 21:05:07.341+09:00 [INFO ] Accepted 4 blocks ...2bce3c7b07584f80acade12e2266aaa2dbae67e3d17efa5261885b4a1bdb26cac7e39075e42376334833f52cdc664fd7937e8b944c34f878462f8a9635720d1c via relay
2026-08-09 21:05:09.009+09:00 [INFO ] Accepted 7 blocks ...10b0706c5a910b16fd0b260cabc0b1f6c7ead43e7c42b590e7f573b7adf307a9cc501f04d0046abc3f7cb5fd3e2b9615a199f6de4ed7c462cd3c90522f92eab5 via relay
2026-08-09 21:05:10.090+09:00 [INFO ] Accepted block 8ab2aa8c0e66db5e8b9ea516fde9f3f394c10858e2bb19f48ba5423a573fbad6ca6dcd5d93a07cda511c5b4285979057f8c64a0a6d9176dc0d3c58642d37f708 via relay
2026-08-09 21:05:11.594+09:00 [INFO ] Accepted 4 blocks ...4abf3f8cdd9e2343db5f308766a1b2c777bea6606322859b9d545f3c1127b84899f1149a5024d01cf5bfca20f97a2f88e552d79a5c32a87dbc96b85e2c3a7a24 via relay
2026-08-09 21:05:12.798+09:00 [INFO ] Accepted 5 blocks ...59f295e92c8acb5edbc5a7a0c5f5bbe9f063b6d64f8d9d112423b4b47de0404e8a4d4fed8650179aae4a00142436516f277a137b6c0ebc9339e06ccc631f09be via relay
2026-08-09 21:05:13.987+09:00 [INFO ] Accepted 6 blocks ...397e62fdef56a022b4cc1a1a972f78193a1539bf9b0852006d4ed4e4662c3598f1130581867100a8cc292656f1c3d367f54de295cc2842f29e77c1510fc449f6 via relay
2026-08-09 21:05:14.720+09:00 [INFO ] Processed 32 blocks and 32 headers in the last 10.00s (32 transactions; 32 UTXO-validated blocks; 1.00 parents; 1.00 mergeset; 1.00 TPB; 0.0 mass)
2026-08-09 21:05:14.720+09:00 [INFO ] [ibd-perf] 32 hdrs avg: validate(A,parallelizable) 85.7us | commit(serial) 208.6us [add_block 12.1 + db.write 101.0; held-lock 174.6] | f_serial=0.709 f_reach=0.041 | parallelize-ceiling 1.41x
2026-08-09 21:05:15.672+09:00 [INFO ] Accepted 4 blocks ...d8d740aa5a105df60a1aa45c2a9036c9a74cca18b932869482a416a1c347a5b7974653548703ef3926c14e0ef46899f4eaf337899d66d18ec64037cd31c9cab0 via relay
2026-08-09 21:05:17.544+09:00 [INFO ] Accepted 6 blocks ...8e43a5b8e54897c98e05f4547266db9743a062b3f7c6ffd17a02a6f758c44ec04e688cca635b7f955cb65d921bd590203890576b278845bf00231dd522f1d372 via relay
2026-08-09 21:05:18.972+09:00 [INFO ] Accepted 6 blocks ...5febcf26d25f7ec048e25081703c67fe374b2d8f432d86e66b207847fea62f125ae503d829a1234bb6757c0475410ab4170dbc86d72fcb96802ee00a270d3568 via relay
2026-08-09 21:05:20.131+09:00 [INFO ] Accepted 2 blocks ...e86e4a0b3b6e16a321bc8ef9e4922dac9a9928daded91af1a2b4213827e290065226297bb2d547b072b64276754a0bcd718083af1b4b9216b6c0fda273dbeb02 via relay
2026-08-09 21:05:20.620+09:00 [INFO ] [vlt-shadow] sink_daa=1199 0 validator(s) with credit; 0/11 epoch(s) would reach quorum; newest epoch Some(10): W(E)=0 signed=0 snapshot_root=576ff092801b6cffb20d80c6d852c817782be5e9757195eec35d186d5db50d050198773d79bb6e92e320990d4c324c6da4e2b6a428343c4c53daf95432128787 — the weight fence is at 18446744073709551615
2026-08-09 21:05:21.297+09:00 [INFO ] Accepted 3 blocks ...6b2dd58e8e46816485d7553e5d56e55e76f0217bf5b4ca1f633c446723efe63c779434f0578d9bdeb86a1bccc6902f6450829d1b7a53c466aa58452321c847c2 via relay
2026-08-09 21:05:23.380+09:00 [INFO ] Accepted 2 blocks ...853cc17ff8a46099895bf6b0409cbf5f662bbd8465ba71d60f0491aca67937331f23a4935f550ade58e3aeed16b7ec1cbc121fd16efee5ee8fe2398e59710480 via relay
2026-08-09 21:05:24.657+09:00 [INFO ] [validator-service] heartbeat: mode=active sink_daa=1203 bond=unconfigured active_set=[epoch=12 is_active_validator=false (active_validators=2)] dns_overlay=configured (stage=Active, dns_confirmed=false)
2026-08-09 21:05:24.722+09:00 [INFO ] Processed 23 blocks and 23 headers in the last 10.00s (23 transactions; 23 UTXO-validated blocks; 1.04 parents; 1.04 mergeset; 1.00 TPB; 0.0 mass)
2026-08-09 21:05:24.722+09:00 [INFO ] [ibd-perf] 23 hdrs avg: validate(A,parallelizable) 88.1us | commit(serial) 211.7us [add_block 12.5 + db.write 98.1; held-lock 175.2] | f_serial=0.706 f_reach=0.042 | parallelize-ceiling 1.42x
2026-08-09 21:05:25.659+09:00 [INFO ] Accepted 3 blocks ...85a77e8b5679a92d175912f8fa5d7421cde46757d782555117c3ea6a0f448f8768409b0abbd0ad76955111327a0f5d78458ed409e30803552b4f951bbf96a277 via relay
2026-08-09 21:05:26.668+09:00 [INFO ] Accepted 2 blocks ...093b1a34095857c9957905b96bcce085ceeb81b752e493aebadc508d9afeb8fe42f14e220d65e79fff34e32c9f3a19def54b1ae4cfb70497a9247cd7ef57d321 via relay
2026-08-09 21:05:27.709+09:00 [INFO ] Accepted 2 blocks ...8c8f99b65f96a4c0e9569e42848b6c140d8193924bb8cb45f9f3d6859859ca8e54b0fdaa2483b3caef825b3e2656162d5103969519a640dac083dcf7f2235b8c via relay
2026-08-09 21:05:29.258+09:00 [INFO ] Accepted 2 blocks ...dfc9b570ee239020752391c4f8bb2d6a7ba6b0b4bf90a2bacdee3fc0bbc55b75cabd63b9d90c393d6cd76a3f9f7c3b861949a66cd7961b5864585906cd19d2b6 via relay
2026-08-09 21:05:30.585+09:00 [INFO ] Accepted 2 blocks ...ad389f97a4190182d415d05f422f0a6f52ec675715c374f0d58db4d55ad436840114101797ed70d0890b5a4a9776223636ce828f31dac6dfa593207dffa9c5dc via relay
2026-08-09 21:05:31.732+09:00 [INFO ] Accepted 2 blocks ...a43a53f35317d3a5ab27b38a238e9e997fd7f148e4523af4d00f1fc3eac31444a4a98957d8b41d178221382bb7b7b2b02fdec3c041067b607f519664956bbb3a via relay
2026-08-09 21:05:32.839+09:00 [INFO ] Accepted 4 blocks ...5771e0b915c9d41311d4a00d22af5230c6692dc676427dbc007c6b8afaf19662f48913f4bcfb901a69f72a01bfcd23e36be94b1fb9a65c7f32c733ec692a5c5e via relay
2026-08-09 21:05:34.205+09:00 [INFO ] Accepted 7 blocks ...de2e1f64bc210a4625de02b1836d88419ef37845d9b82243f1e23202d3cbee8a474348ff628c423574711a8a894e12ef8c8e482d5539b410d6c44607e94a4d4e via relay
2026-08-09 21:05:34.724+09:00 [INFO ] Processed 25 blocks and 25 headers in the last 10.00s (25 transactions; 25 UTXO-validated blocks; 1.00 parents; 1.00 mergeset; 1.00 TPB; 0.0 mass)
2026-08-09 21:05:34.724+09:00 [INFO ] [ibd-perf] 25 hdrs avg: validate(A,parallelizable) 94.5us | commit(serial) 206.5us [add_block 11.7 + db.write 96.7; held-lock 169.7] | f_serial=0.686 f_reach=0.039 | parallelize-ceiling 1.46x
2026-08-09 21:05:35.329+09:00 [INFO ] Accepted 4 blocks ...482b2959e447e27bf5fd7c138d7815308d98074b38165b4fd1b62256727e2f559be70f481852cea21aa0f7fc26bab454e5617e7865d8bcfa699dfe82f20c7e8f via relay
2026-08-09 21:05:36.752+09:00 [INFO ] Accepted 3 blocks ...74864ffe7f7a231944402b810eb9e4284f49c5194125e0e896f21ae5c6b75a1be4f8172cac7c41f55632be0b007ef7300e7feb30f73ecec8a46c5a4b45b7316b via relay
2026-08-09 21:05:38.375+09:00 [INFO ] Accepted 6 blocks ...823c25eb8774a4c4211b03d780a7970b9b294ea1be6414d4df4894e9bdc6e3c34b09818b08e8c74ccbc25ad17415ff522c215b0698271a7c4fe5ec6ed3e005c2 via relay
2026-08-09 21:05:39.949+09:00 [INFO ] Accepted 2 blocks ...cf6734924e4e701c405cf2bf2442cb7ea077d7787e6eff881520e9639463d6b0fdb937f63e2bd9d13b10493e8790a4ea788740620b9fcd5a46f9e88c74f62676 via relay
2026-08-09 21:05:41.594+09:00 [INFO ] Accepted 3 blocks ...193f64d7e5daa9c213147b7699a2e797c2b373eb6ff82f1bd27d8036c26c6a0d5447c921fb8e0f0351d12b74fe45482c5bddeed73655e92b1841d228301ad4aa via relay
2026-08-09 21:05:43.252+09:00 [INFO ] Accepted 3 blocks ...b181db073e2f57da74ae2d66271b71b7a8ca919cf0f2fcb17f69e896b1f31f475ad9084f73bd7d9148260dbf06474b1323734ac28af54b3e32cae967bddfa11d via relay
2026-08-09 21:05:44.537+09:00 [INFO ] Accepted 6 blocks ...5c1856efa13bf40ceaf7e9facbfb90a06b70fa9aca8e233d67c0297fccee99c7af5e4888d3aaf2c3a3000d9afbe6b0b37802d1490869605a0acaa3146636d865 via relay
2026-08-09 21:05:44.725+09:00 [INFO ] Processed 26 blocks and 26 headers in the last 10.00s (26 transactions; 26 UTXO-validated blocks; 1.00 parents; 1.00 mergeset; 1.00 TPB; 0.0 mass)
2026-08-09 21:05:44.725+09:00 [INFO ] [ibd-perf] 26 hdrs avg: validate(A,parallelizable) 85.9us | commit(serial) 208.3us [add_block 13.0 + db.write 95.0; held-lock 174.7] | f_serial=0.708 f_reach=0.044 | parallelize-ceiling 1.41x
2026-08-09 21:05:45.580+09:00 [INFO ] Accepted block 305b985ba2d0bcf8a197e681bcef0cb5433e42b6e280523d48eb6dd4e9c6c253c8478ddfd42b0794e8d2514a60300fcab76068ac0df5eaf6aa16739b7ba20b38 via relay
2026-08-09 21:05:48.122+09:00 [INFO ] Accepted 2 blocks ...84ffb55e5dc457ec6f9b7d064b960c9e9c9c8b03c42e257131d2ce1eab09e61a2a074c1b9b683b356b9e20da2b01f07cc60bb38a621f96737e27a40671e505f5 via relay
2026-08-09 21:05:49.182+09:00 [INFO ] Accepted 2 blocks ...a6ef041a7df71f512e8be6b8f2831ca6c5a740b2a0184cb7d1542c76343bb6cc3f5eb8f03d46dfd002419893cb2450da584e4181ad5065b8305794f7deb72108 via relay
2026-08-09 21:05:50.294+09:00 [INFO ] Accepted 3 blocks ...2ad1a10720f4871f147150b691638b20749685d2b86de351be7ad66c63032e4ff56f9632111717effff19c82fe7134f705221cc3b37f399468336d9dee1ab664 via relay
2026-08-09 21:05:52.082+09:00 [INFO ] Accepted 2 blocks ...1dc286bc0fbf69c1885f1fdb001cd1c9140e67be046a00f7fddcc31e190a7af4d3cad999885bbc2ffb8686a984e420601c68030bf29199b3c817dec6f909df7f via relay
2026-08-09 21:05:53.849+09:00 [INFO ] Accepted block 6fb3401a7c99b7234baf603803000549d7c989e764f50897dac018086262c0935ba60ec885c3294d977c2df5bc2eb86086b05abf7f417c037394c86b2b122f4e via relay
2026-08-09 21:05:54.658+09:00 [INFO ] [validator-service] heartbeat: mode=active sink_daa=1264 bond=unconfigured active_set=[epoch=12 is_active_validator=false (active_validators=2)] dns_overlay=configured (stage=Active, dns_confirmed=false)
2026-08-09 21:05:54.726+09:00 [INFO ] Processed 10 blocks and 10 headers in the last 10.00s (10 transactions; 10 UTXO-validated blocks; 1.00 parents; 1.00 mergeset; 1.00 TPB; 0.0 mass)
2026-08-09 21:05:54.726+09:00 [INFO ] [ibd-perf] 10 hdrs avg: validate(A,parallelizable) 108.8us | commit(serial) 222.5us [add_block 12.1 + db.write 107.6; held-lock 185.1] | f_serial=0.672 f_reach=0.036 | parallelize-ceiling 1.49x
2026-08-09 21:05:56.278+09:00 [INFO ] Accepted 3 blocks ...d99117ccf7d4ccc9c889c6de8aeb2ffeedced21b08330bcf784b37fc19ed5e11b6aeeba5627bb08b6ab4db84df50e48d62b36653f5a4b6304b3de5e78da125ab via relay
2026-08-09 21:05:57.328+09:00 [INFO ] Accepted 4 blocks ...c98639312f2fc98028f7a8775e47346362dbecf2af1a64e7230b82b1ad9164a2250148152605da215477e0f84aac2a42d452d80232d6591e1fa52d065b44f08d via relay
2026-08-09 21:05:59.018+09:00 [INFO ] Accepted 3 blocks ...13e5ff7124ea15c2e81432d608594dbd5c9fcf6cf6cd84fa4c027554c332c0127698969c193d627d3ae02f9c8a56466c9c49fd89c6f4a5ba377ae6b8577c8d77 via relay
2026-08-09 21:06:01.324+09:00 [INFO ] Accepted block edda8ff179018d2cfdea4bd1c340262aaacb16f2edd02c72d05a38ff11e4d7909006804f6f0a62620afc2bbef4d1a418aa10243f8c2cecb983caadb1f7bb8457 via relay
2026-08-09 21:06:02.557+09:00 [INFO ] Accepted 2 blocks ...5b8e0a7e7a99f83fc78b7c9de734163cfb5ace5e69fb22c61a9096d817ae50830f1891e2429f99d9e6e3257f6f3636d83f56bdaa2b289b570bd6a1ae8dfb5194 via relay
2026-08-09 21:06:03.867+09:00 [INFO ] Accepted 2 blocks ...171887c37d43c3776c546bfe3c3ee53a4461c35925a823241facca64830afcc03228b1f85de683903f6b0fdea22a49c821d21d19506caf51e16e9b7617eb1a14 via relay
2026-08-09 21:06:04.729+09:00 [INFO ] Processed 16 blocks and 16 headers in the last 10.00s (16 transactions; 16 UTXO-validated blocks; 1.06 parents; 1.06 mergeset; 1.00 TPB; 0.0 mass)
2026-08-09 21:06:04.729+09:00 [INFO ] [ibd-perf] 16 hdrs avg: validate(A,parallelizable) 83.9us | commit(serial) 215.1us [add_block 12.5 + db.write 104.6; held-lock 181.7] | f_serial=0.719 f_reach=0.042 | parallelize-ceiling 1.39x
2026-08-09 21:06:05.675+09:00 [INFO ] Accepted 5 blocks ...468ad9df5e477e81d8877a1eb93a2e65f0896166a082bec67b5a9cf47f8b87d5b87c1a2605c74ba23b6a429764b372fecbf98bf6cc7358219d3010bf75394cfc via relay
2026-08-09 21:06:08.096+09:00 [INFO ] Accepted 3 blocks ...44958d8b1c3562106ada3d18fedaf0ef7c2465a968621d877e23b09b8c827b59ca6a377ad96a0ec26f80b1e7bb3429956da65a260ef4d096670217659290e765 via relay
2026-08-09 21:06:09.189+09:00 [INFO ] Accepted 2 blocks ...47bb2fe6d1604fd19ebc20f88df19ecbfd8071f263ef723f517928d6d468817b8794e02699b9508d4bea22576fbfce2ec311c2cddcd7c5cbddf664cd985dc387 via relay
2026-08-09 21:06:10.319+09:00 [INFO ] Accepted 6 blocks ...14d6a4511c6cfde58a372970a7e069f1568d02c8b6c3b581ef626e8bc44c35699fc46b2ff356fc33f572ad66192a4691816ade0b4ed6d290c5a038f1ea9655c2 via relay
2026-08-09 21:06:11.630+09:00 [INFO ] Accepted 2 blocks ...ec0197c4600cb2626792aa5bf16bfd5fd827c24f6c33adf6ae8c30b04637da29984acd22417dc36318ee052c823d7703a460bfee547d493a6fdb1354548320f1 via relay
2026-08-09 21:06:13.214+09:00 [INFO ] [vlt-shadow] sink_daa=1299 0 validator(s) with credit; 0/12 epoch(s) would reach quorum; newest epoch Some(11): W(E)=0 signed=0 snapshot_root=e8c59adaac9e2e1706e83d3a0051a74b023f22f2254e731ec3ae57a3a5a6f14a0d43d429abec9ace9303377bdb9fd8cd40525c663672602f2774c3be944d94be — the weight fence is at 18446744073709551615
2026-08-09 21:06:14.014+09:00 [INFO ] Accepted 4 blocks ...57e8dd78bfc072055304f3db1d1193d2f63795627bad417ddefc1bc2ff44cd8684ff9d1d22cc8cb598ce69b96b287a095eba827a9ec412bb31a5187f31f83ef6 via relay
2026-08-09 21:06:14.731+09:00 [INFO ] Processed 24 blocks and 24 headers in the last 10.00s (27 transactions; 22 UTXO-validated blocks; 1.12 parents; 1.12 mergeset; 1.12 TPB; 34436.0 mass)
2026-08-09 21:06:14.731+09:00 [INFO ] Tx throughput stats: 0.30 u-tps, 100.00% e-tps (in: 0 via RPC, 3 via P2P, out: 3 via accepted blocks)
2026-08-09 21:06:14.731+09:00 [INFO ] [ibd-perf] 24 hdrs avg: validate(A,parallelizable) 92.2us | commit(serial) 198.8us [add_block 12.8 + db.write 93.7; held-lock 165.5] | f_serial=0.683 f_reach=0.044 | parallelize-ceiling 1.46x
2026-08-09 21:06:15.153+09:00 [INFO ] Accepted 4 blocks ...146d1916177137d4049844fc726d3191af6db03dae5c27447459612a7ff929ee0035d0e415e3e250413c5e850eb97abda62c1474bd6dc9b8151e343cbf24008b via relay
2026-08-09 21:06:17.047+09:00 [INFO ] Accepted 3 blocks ...f6b90ff221da0b59458f921152e71d9ca5334eff2cef08189160990d1c8e92cdf29111956dcba1481a301ce16b1d8675f98cce26934a28988fe32bc4319f1d95 via relay
2026-08-09 21:06:19.193+09:00 [INFO ] Accepted 4 blocks ...55a845fc7e5dd16e24f2a21cb08a4009f6d2e5f6dce5113d49a24f9a9ea8eb82d031e18bbe106f426ec3df8028c7ebd9a78bcc4bd1fe94d77a5e658ebec54910 via relay
2026-08-09 21:06:20.228+09:00 [INFO ] Accepted 2 blocks ...57ca2f584e5b954007b7eff76525a2e19c06028368442c66cd6a5c7e01db5f25123dd9adbc1dc547cce2cadd7c003da3803e04053ca3b6b62baf1d9aa9202074 via relay
2026-08-09 21:06:21.313+09:00 [INFO ] Accepted 3 blocks ...818a3c9b6e0e37b5ea57c9e15d118505a203b8ca6af40cdab1a0f2f0b20b0eab2b893082c63269aaa754328a8e4e8c6ed6cde5c11e5b9ebafc733c72a523a5a4 via relay
2026-08-09 21:06:22.354+09:00 [INFO ] Accepted 3 blocks ...f50413c8341c5e6295a2cc05eaf97c2f9b03eb9211c95bdd56475a3fe76ddbb830c57a3b6424de7a26bc31e195a7d7667a7c2c24334a388c27fe1ec8c8b5c53f via relay
2026-08-09 21:06:24.408+09:00 [INFO ] Accepted 3 blocks ...3b64008dfe46f49cfe98f4f17fd5f04637ce64da27f2c6541d07542f3334302c07edb207850bc82971f58f6cf7da392f3d9dd563e67e3472a4f62b452ef3c049 via relay
2026-08-09 21:06:24.661+09:00 [INFO ] [validator-service] heartbeat: mode=active sink_daa=1326 bond=unconfigured active_set=[epoch=13 is_active_validator=true (active_validators=5)] dns_overlay=configured (stage=Active, dns_confirmed=false)
2026-08-09 21:06:24.732+09:00 [INFO ] Processed 22 blocks and 22 headers in the last 10.00s (22 transactions; 20 UTXO-validated blocks; 1.09 parents; 1.09 mergeset; 1.00 TPB; 0.0 mass)
2026-08-09 21:06:24.732+09:00 [INFO ] [ibd-perf] 22 hdrs avg: validate(A,parallelizable) 104.3us | commit(serial) 157.6us [add_block 15.8 + db.write 43.9; held-lock 123.5] | f_serial=0.602 f_reach=0.060 | parallelize-ceiling 1.66x
2026-08-09 21:06:25.375+09:00 [INFO ] P2P, incoming stream ended from peer 127.0.0.1:17111
2026-08-09 21:06:25.376+09:00 [INFO ] P2P, incoming stream ended from peer 127.0.0.1:17121
2026-08-09 21:06:25.378+09:00 [INFO ] P2P, incoming stream ended from peer 127.0.0.1:17131
2026-08-09 21:06:25.380+09:00 [INFO ] P2P, incoming stream ended from peer 127.0.0.1:58868
^SIGTERM - shutting down...
2026-08-09 21:06:25.382+09:00 [INFO ] P2P Server stopped: 127.0.0.1:17151
2026-08-09 21:06:25.382+09:00 [INFO ] WRPC Server stopped on: 127.0.0.1:17152
2026-08-09 21:06:25.382+09:00 [INFO ] GRPC Server stopped on: 127.0.0.1:17150
2026-08-09 21:06:25.475+09:00 [INFO ] Accepted 5 blocks ...72c9238c05984ac5d2225151fd7dfbdf41efcfe3766a3ad8c8e9400f697c76e8aa1be2a9acf25dd8610f6e2019e14e7520264d2bb8c6d96049079fbe49880a33 via relay
2026-08-09 21:06:25.890+09:00 [INFO ] Kaspad has stopped...
2026-08-09 21:06:30.430+09:00 [INFO ] kaspad v1.1.0-4f8794e
2026-08-09 21:06:30.430+09:00 [INFO ] Application directory: /Users/wata/Downloads/MISAKA-testnet/.misaka-vlt-devnet-2/node-4
2026-08-09 21:06:30.430+09:00 [INFO ] Data directory: /Users/wata/Downloads/MISAKA-testnet/.misaka-vlt-devnet-2/node-4/misaka-devnet/datadir
2026-08-09 21:06:30.430+09:00 [INFO ] Logs directory: /Users/wata/Downloads/MISAKA-testnet/.misaka-vlt-devnet-2/node-4/misaka-devnet/logs
2026-08-09 21:06:30.430+09:00 [INFO ] Utxoindex Data directory /Users/wata/Downloads/MISAKA-testnet/.misaka-vlt-devnet-2/node-4/misaka-devnet/datadir/utxoindex
2026-08-09 21:06:30.440+09:00 [INFO ] P2P bootstrap: DNS seed disabled (--nodnsseed) — using explicit peers + the address manager
2026-08-09 21:06:30.451+09:00 [INFO ] [UPnP] Attempting to register upnp... (to disable run the node with --disable-upnp)
2026-08-09 21:06:40.452+09:00 [WARN ] [UPnP] Error adding port mapping: IO error: Resource temporarily unavailable (os error 35)
2026-08-09 21:06:40.452+09:00 [INFO ] [validator-service] loaded validator signing key from /Users/wata/Downloads/MISAKA-testnet/.misaka-vlt-devnet-2/node-4/validator.key (validator_id=697311d4c6baec6bc376e1b07f3bb38c421b60038f6cd26c42d2dbc47bd18d4ab271af0065d920c49d0ae40b2c7ddf988fd37ac6d780e82b0e486f509b0323b8)
2026-08-09 21:06:40.452+09:00 [INFO ] [validator-service] funding address: misakadev:qfr0e7gsl2mrxsvr5r8nrq60fn3eufxs46u3r6qaufcp45xfmv42hygmljcc33yt2mespxrrcscvkx3e600erk4tvudsq674tvzzykqf9ss06hgm — send UTXOs here to fund attestation-shard submission
2026-08-09 21:06:40.452+09:00 [INFO ] [validator-service] equivocation-safety log /Users/wata/Downloads/MISAKA-testnet/.misaka-vlt-devnet-2/node-4/misaka-devnet/validator-state.json (0 prior epoch(s))
2026-08-09 21:06:40.452+09:00 [WARN ] [validator-compute] --enable-compute without --compute-worker: using the DEVNET VLT FIXTURE runtime.                      Deterministic, not a model — valid only where the fixture profile is registered.
2026-08-09 21:06:40.452+09:00 [INFO ] [validator-compute] executor job input: /Users/wata/Downloads/MISAKA-testnet/.misaka-vlt-devnet-2/node-4/compute-prompt.txt (41 bytes)
2026-08-09 21:06:40.452+09:00 [INFO ] [validator-compute] devnet fixture: max_tokens pinned to the fixed job shape (15 = 10 prefill + 5 decode, 50 VLT/job); --compute-max-tokens=512 ignored
2026-08-09 21:06:40.452+09:00 [INFO ] [validator-compute] enabled: runtime=7ee20f6e853b2fb413bbbef94f7a6fc8951e82d55efec7c739f2c5267fea6eae7d68b9bf9f29566505ec539068b0677e7a16f833ad18d106f54556d3a6ecce7d class=8d416f720772b533f43006c4cbdc1effa7fc5d1e3fb7974dfecaa9589f1e2865a6144ef5d8d996e456d64429d6d42d9b32cc2fe98a97c5f08704d43c420c89ed max_tokens=15 auto_challenge=false
2026-08-09 21:06:40.452+09:00 [INFO ] [validator-compute] fixture quota: 0/1 job(s) certified, 0 slot(s) claimed (plan 7ee20f6e853b2fb413bbbef94f7a6fc8951e82d55efec7c739f2c5267fea6eae7d68b9bf9f29566505ec539068b0677e7a16f833ad18d106f54556d3a6ecce7d:1:15:41)
2026-08-09 21:06:40.453+09:00 [INFO ] MISAKA node endpoints (network devnet):
2026-08-09 21:06:40.453+09:00 [INFO ]   P2P:             127.0.0.1:17151   node-to-node only (not RPC)
2026-08-09 21:06:40.453+09:00 [INFO ]   node-grpc:       127.0.0.1:17150   miner / low-level node RPC
2026-08-09 21:06:40.453+09:00 [INFO ]   node-wrpc-borsh: 127.0.0.1:17152   validator / wallet / operator
2026-08-09 21:06:40.453+09:00 [INFO ]   node-wrpc-json:  disabled   explorer / browser
2026-08-09 21:06:40.453+09:00 [INFO ]   evm-rpc-http:    disabled   Ethereum JSON-RPC (EVM lane)
2026-08-09 21:06:40.453+09:00 [INFO ] Startup pruning recovery deferred (consensus transitional or catching up); the pruning worker will retry on its first message
2026-08-09 21:06:40.453+09:00 [INFO ] GRPC Server starting on: 127.0.0.1:17150
2026-08-09 21:06:40.453+09:00 [INFO ] P2P Server starting on: 127.0.0.1:17151
2026-08-09 21:06:40.453+09:00 [INFO ] [validator-service] starting (mode=active, validator_id=697311d4c6baec6bc376e1b07f3bb38c421b60038f6cd26c42d2dbc47bd18d4ab271af0065d920c49d0ae40b2c7ddf988fd37ac6d780e82b0e486f509b0323b8, stake-bond=750624e18da3ed08800710aa642daa3b25aafdbf70f103724388aa911d01c121c7eab086bbb42efc25f2278297f696a3455fe60e8633d858540acb6d5cb2beed:0)
2026-08-09 21:06:40.453+09:00 [INFO ] WRPC Server starting on: 127.0.0.1:17152
2026-08-09 21:06:40.454+09:00 [INFO ] Registering p2p flows for peer 127.0.0.1:17111 for protocol version 102
2026-08-09 21:06:40.454+09:00 [INFO ] P2P Connected to outgoing peer 127.0.0.1:17111 (outbound: 1)
2026-08-09 21:06:40.455+09:00 [INFO ] Registering p2p flows for peer 127.0.0.1:17121 for protocol version 102
2026-08-09 21:06:40.455+09:00 [INFO ] P2P Connected to outgoing peer 127.0.0.1:17121 (outbound: 2)
2026-08-09 21:06:40.455+09:00 [INFO ] Registering p2p flows for peer 127.0.0.1:17131 for protocol version 102
2026-08-09 21:06:40.455+09:00 [INFO ] P2P Connected to outgoing peer 127.0.0.1:17131 (outbound: 3)
2026-08-09 21:06:40.456+09:00 [INFO ] Registering p2p flows for peer 127.0.0.1:17141 for protocol version 102
2026-08-09 21:06:40.456+09:00 [INFO ] P2P Connected to outgoing peer 127.0.0.1:17141 (outbound: 4)
2026-08-09 21:06:43.129+09:00 [INFO ] Accepted block 7e75ebf24b523b4ad687ac8ab2db0670762f0a015164609d7800318298be7c5802f9ff3ac53ac5bbb96803e2c1e9b76f24b8b59b9e63cb75e6002a0b5ed98ecf via relay
2026-08-09 21:06:44.605+09:00 [INFO ] Accepted block 9c1cc503b598dab12dbbb69d8b4391cd4b93286a47268baf794a726683c2d99f4a19785ab14f790732afb89143da032364085c526379869865a5e0904bf41239 via relay
2026-08-09 21:06:45.654+09:00 [INFO ] Accepted block e9e4de1fa20a8e8586de1e9e07678f848077d8f65671fa46827ac54192391ebc42478dcd855098565d9857d7fcff429d8d43977a533a4abdc0637e686ca44882 via relay
2026-08-09 21:06:46.732+09:00 [INFO ] Accepted block fd4de5ab03e61346b54d6b41166f299cc663f381b8d6337686050f5198d1c9dc7a5f9b5fc28c9b66ab460070d2245926ad0e09a258b44355be661219fd5ca3e6 via relay
2026-08-09 21:06:48.018+09:00 [INFO ] Accepted block 97792e84bd6b8af6e0331089c1d6562b381ebdf23613bd18f852540ad20e8a2c80077ed8779ce01ec9e712cf7b4457cb8ff94a26ca8c25c859a6526a5102f926 via relay
2026-08-09 21:06:50.350+09:00 [INFO ] Accepted block 93d5a83cd93c078913917d3e60aabb0a0b3e5e5560bdae73c10a455d05f767c08dda803a6fa5c5c995d2bea4b39761dfae622028a22d40a75a438bbcabcb68c4 via relay
2026-08-09 21:06:50.455+09:00 [INFO ] Processed 6 blocks and 6 headers in the last 10.00s (6 transactions; 6 UTXO-validated blocks; 1.00 parents; 1.00 mergeset; 1.00 TPB; 0.0 mass)
2026-08-09 21:06:50.456+09:00 [INFO ] [ibd-perf] 6 hdrs avg: validate(A,parallelizable) 561.2us | commit(serial) 187.2us [add_block 12.8 + db.write 38.3; held-lock 153.9] | f_serial=0.250 f_reach=0.017 | parallelize-ceiling 4.00x
2026-08-09 21:06:51.488+09:00 [INFO ] Accepted block cd4e294e423c90afb974fb404563c5d1a588626e99f12437807ec226253764b3aa5787acea80d9be0ca3b56646059f66b8b190198b108bec4721bb322d218f88 via relay
2026-08-09 21:06:52.666+09:00 [INFO ] Accepted block 9aeea2fc8abeeea4d8050ae0a6df10278e13afc81e475198dabc75d608edfd9aca9d9939abe95d0b817fcc7a9e74df3b8ee5ffc9319aa583daf2654c609cf2d5 via relay
2026-08-09 21:06:54.176+09:00 [INFO ] Accepted block b6e0e9a36c7580819f31b70ac252800f8379867cf05cb6a8792e4e0d710a9f5b3fecac0619cfa2bcd5eaae6497ced685d536adac84e7aba84b633a75c5236e4a via relay
2026-08-09 21:06:56.074+09:00 [INFO ] Accepted block fcd598f0b2d71d36e07780160f4273c131bbf2f1e639efd7a0cd8e392ea5bced0a845666e9fcb4c56496fe96bad393342bec0abac83ff4ddee2008ba16fe45d8 via relay
2026-08-09 21:06:58.031+09:00 [INFO ] Accepted block df19ecd040e1611eb93d60145625f04f4419d6e188fc3a8f38209f7b6d9c32d9bf021e951dcfeb6cf0a65a5387ac58709db18e601799bad96b7f33aac94206b2 via relay
2026-08-09 21:06:59.261+09:00 [INFO ] Accepted block 083d1b02d10d9d8b370d51439d5078e164ea677382f7412853795abb740b49edae3148c396948feb258090b29dbcc17887bde57f036a6383140f2bfbe7253371 via relay
2026-08-09 21:07:00.457+09:00 [INFO ] Processed 7 blocks and 7 headers in the last 10.00s (7 transactions; 7 UTXO-validated blocks; 1.00 parents; 1.00 mergeset; 1.00 TPB; 0.0 mass)
2026-08-09 21:07:00.457+09:00 [INFO ] [ibd-perf] 7 hdrs avg: validate(A,parallelizable) 81.8us | commit(serial) 135.1us [add_block 10.2 + db.write 42.0; held-lock 100.3] | f_serial=0.623 f_reach=0.047 | parallelize-ceiling 1.61x
2026-08-09 21:07:00.908+09:00 [INFO ] Accepted block 199b96f432cfe20bd9a447e88e3cf2a7078739afde7e6ae34e7219cd66ffec46548af57c5a97d90dcdc54ecc409079ab071d2d272900ee4416211b717ab5a823 via relay
2026-08-09 21:07:01.959+09:00 [INFO ] Accepted block 3956ae0e7c9ca19a64ae6ef7e97119028b8f191d4401ca6d0f9ee43d6afd95308913dbbb9b319892d1a06d6b2475569d4871b5f088b4221aa0f99c871b598251 via relay
2026-08-09 21:07:03.009+09:00 [INFO ] Accepted block bcb9c0c5e439c48fccb81a4ef11f184b1cadc9a6441d68ad5b7c6bb35567b94445e1c29d16506e7f1ca557079307b4aa134c936b9d2a31acb1ca2c02c1586a99 via relay
2026-08-09 21:07:04.995+09:00 [INFO ] Accepted block 0ff7b7e352cbdcf3c8ffc30abf6800fd32302fed14069d82b3960f1432f6006eda1ea08f12762cd8f23ce9ab5c19671509125d03d5c82ee1be78494aed3a1d55 via relay
2026-08-09 21:07:06.259+09:00 [INFO ] Accepted block e6758ed86571b151beda2d61ad4b47540bae4f4865db4f899d2b984d77ed4d1ebea5fdb6e72027abe8892fd5aae2840167d639da44fc703b4ffe4e17d032f948 via relay
2026-08-09 21:07:07.388+09:00 [INFO ] Accepted block 5ef87276762bcef6d829d03770f1883987e3dba6e9347d8c0579d804af977b50dc8ecfc76d1d4da8db038060dfc0544d9796cbadbccddb44f324006cbcad6524 via relay
2026-08-09 21:07:09.107+09:00 [INFO ] Accepted block 92d73fb1644f64b29b9528e078daf75f425b8151903182889c433e2bd5f156def7bac278dc49927bb73a4a137483e9a1fdebdda72280ff2a56e18b47255272fe via relay
2026-08-09 21:07:10.456+09:00 [INFO ] [validator-service] heartbeat: mode=active sink_daa=1348 bond=Active(active=true) active_set=[epoch=13 is_active_validator=true (active_validators=5)] dns_overlay=configured (stage=Active, dns_confirmed=false)
2026-08-09 21:07:10.459+09:00 [INFO ] Tx throughput stats: 0.00 u-tps, 100.00% e-tps (in: 0 via RPC, 1 via P2P, out: 0 via accepted blocks)
2026-08-09 21:07:10.459+09:00 [INFO ] Processed 7 blocks and 7 headers in the last 10.00s (7 transactions; 7 UTXO-validated blocks; 1.00 parents; 1.00 mergeset; 1.00 TPB; 0.0 mass)
2026-08-09 21:07:10.459+09:00 [INFO ] [ibd-perf] 7 hdrs avg: validate(A,parallelizable) 82.1us | commit(serial) 171.4us [add_block 12.5 + db.write 53.0; held-lock 131.8] | f_serial=0.676 f_reach=0.049 | parallelize-ceiling 1.48x
2026-08-09 21:07:10.459+09:00 [INFO ] [validator-service] compute: declared capability for the registered profile, valid to DAA 865348
2026-08-09 21:07:10.878+09:00 [INFO ] Accepted block 029df42166bac8a33cacca14350d43a97fd7e45802e993dadbc4c524f33f251eeba8df21903a1164e6489d8c812aa17fddbec706bb1c2c7aa9b4c0a05270668f via relay
2026-08-09 21:07:11.990+09:00 [INFO ] Accepted block 3beea306afc68beaf8a335753f793af93ebee9dee48f35c0f4f4ee28579f499ae67445b943d871d7ac5d9b986bc6b77869f3554dd7aa6017b0a23fd0d87ea180 via relay
2026-08-09 21:07:13.209+09:00 [INFO ] Accepted block 709703fbf9a15f9a59c0bd09241338dc6d81f58436ffee6330985237f09edd586072a75be260afa38256c5f86e1ae7c6110e30aebf6b192f58f6c52299854873 via relay
2026-08-09 21:07:15.075+09:00 [INFO ] Accepted block f99c6d351c73dfe8736901548ec4d37629d029ed0968337ac61d6db8b66d2ddecbca14fcf398047739c491b1ab96ff723832b303f81ecab4b5ca2154f9c1bf48 via relay
2026-08-09 21:07:16.871+09:00 [INFO ] Accepted block 06fd3171258fab4d62445f6b865986213a7105019d3f587039c56b6bd376f00321508fd638a8072b81b1d8b21dd2c319f3f18bde612e6e4e4717cbd8a51c4187 via relay
2026-08-09 21:07:18.034+09:00 [INFO ] Accepted block 116f336ed05f8c78eeda1d21e075f9119123359291ee2ec484e811a7306f1c98b43185137227ba9d1fe31b54d9ad3177faf82b83cf8e557754b1231f90a7b206 via relay
2026-08-09 21:07:19.434+09:00 [INFO ] Accepted block e2e5d46232d40a9b147203913ee32f44f157708e94ba468121b1366e731c4378791c3d3a55054eb2e6e215f61339c6b905b7ea62f29de106f9a0ced1b24792fb via relay
2026-08-09 21:07:20.461+09:00 [INFO ] Tx throughput stats: 0.70 u-tps, 100.00% e-tps (in: 0 via RPC, 5 via P2P, out: 7 via accepted blocks)
2026-08-09 21:07:20.461+09:00 [INFO ] Processed 7 blocks and 7 headers in the last 10.00s (14 transactions; 7 UTXO-validated blocks; 1.00 parents; 1.00 mergeset; 2.00 TPB; 49931.4 mass)
2026-08-09 21:07:20.461+09:00 [INFO ] [ibd-perf] 7 hdrs avg: validate(A,parallelizable) 80.0us | commit(serial) 140.2us [add_block 9.3 + db.write 46.3; held-lock 104.3] | f_serial=0.637 f_reach=0.042 | parallelize-ceiling 1.57x
2026-08-09 21:07:21.309+09:00 [INFO ] Accepted block 0135870de51886d9444a14b0314b435b1b8c4485b73a1de2cf35433293dab2eb31cac53e5dcbd24670735b884c976e7adbf371c680095d1c3e69c6b691d1c392 via relay
2026-08-09 21:07:22.686+09:00 [INFO ] Accepted block 54cca8d83140286aac7ae0138d7136ed4cd8f5f20abfb5405bb67de6f3c27a10d4191a03e61e16d4d89e40b73219516857f85f5a8ea6b0f933346bdf41613e5f via relay
2026-08-09 21:07:24.175+09:00 [INFO ] Accepted block 001e98f40016bd1e43870a718c432b92c622a883754104b1572c75270e195d7de4df7a1e5d23399cc47690985db9a57950a7683805a2c0a7b26eef4cd523e180 via relay
2026-08-09 21:07:25.234+09:00 [INFO ] Accepted block a40b3f734774a7e96d40248b5cca1e295b93dad9226e597f5cf3501c160fddfc9baaf43b4c1344369188afad069e7eef88f7085fa531f057e462d4f1a70d1de2 via relay
2026-08-09 21:07:26.412+09:00 [INFO ] Accepted block 6ea64cc8fe6e40c9dcfce3b6cecabfe9b5553d51c0da8d86330b722461d024406f04a665df5eb4110c2b3f20fd4a643b1f3ca21fe610e34013ce4718152d3575 via relay
2026-08-09 21:07:28.001+09:00 [INFO ] Accepted block 8ed7f20863c94bc8a82163b1350f6e960c2b73226057c2c0920469e300a213c92f0adf4efe54be5c14ead6cd16c793cdb351ef0fbc4a2366b82afbf396412ce2 via relay
2026-08-09 21:07:29.483+09:00 [INFO ] Accepted block 1b117ed80a9bb492bd800344849675a1bb48d2e20a119ac3336d3cb60eac0dcd191708c95e42009baedf7d4025f0a2914a41e0cca1df187b5971a3e18a8086ab via relay
2026-08-09 21:07:30.463+09:00 [INFO ] Processed 7 blocks and 7 headers in the last 10.00s (7 transactions; 7 UTXO-validated blocks; 1.00 parents; 1.00 mergeset; 1.00 TPB; 0.0 mass)
2026-08-09 21:07:30.463+09:00 [INFO ] [ibd-perf] 7 hdrs avg: validate(A,parallelizable) 91.8us | commit(serial) 167.4us [add_block 13.2 + db.write 55.4; held-lock 131.6] | f_serial=0.646 f_reach=0.051 | parallelize-ceiling 1.55x
2026-08-09 21:07:30.654+09:00 [INFO ] Accepted block fccfef411ad9d493468cc0d5b81bbda0ba7ace7b62da92f11d3355f9b0cb5d724aa7a87ac938c6daa7d31cbb950ff25059683387734fea3860f4ebd814eb2f9e via relay
2026-08-09 21:07:32.107+09:00 [INFO ] Accepted block 452d44e4b3e2b1c499ee733465167172dde873d4f8ed7250b0f49f57ceb0104fe12100168f2042baf97fcd1ad3d6a7ce5b9d270466087ea21fd21cfeba6b3a93 via relay
2026-08-09 21:07:33.676+09:00 [INFO ] Accepted block 6c8b99f0483aaf20d5363d782733c03548a15515657f1e0ab4d03aefb8b5003efc043622ef563f2723c9757243c2bcb45b88f7f7bdb54df207fd5504f65d94bd via relay
2026-08-09 21:07:35.240+09:00 [INFO ] Accepted block 6c11aac310a45856628f935e12962f278dad14bba8a0d31b476ff382211ee20359f5be95af4d47862b1fb0e2b30b76a9a97e1df043bd09b71d874fa91e35235e via relay
2026-08-09 21:07:36.328+09:00 [INFO ] Accepted block 04947f7ef87d7a64f59f7e5a600ace51c7dbd2b8d67808222cdb2e2bf83f2911d27b2f731e606c64fc747ef9f025714fac1d0bdc6d6b1f4f634d9eb0f560c120 via relay
2026-08-09 21:07:38.280+09:00 [INFO ] Accepted block cc76edbcf5c616ac194c3fe84e36caa015425fe5b26fbe56a98246376f5a9d99d3c4e6ae06aa985014f247807645ff5f0a4068ac2801f14ea6586f43b71b3677 via relay
2026-08-09 21:07:39.485+09:00 [INFO ] Accepted block f0dee3cb93c890ec158a0aa8e3e2d168631e98c579c8c918198a9b99fb2056d45c65b368294f84b78fd50327d0b7bd319c58f91c88faf058babc91e1f8d85a21 via relay
2026-08-09 21:07:40.461+09:00 [INFO ] [validator-service] heartbeat: mode=active sink_daa=1369 bond=Active(active=true) active_set=[epoch=13 is_active_validator=true (active_validators=5)] dns_overlay=configured (stage=Active, dns_confirmed=false)
2026-08-09 21:07:40.464+09:00 [INFO ] Tx throughput stats: 0.00 u-tps, 100.00% e-tps (in: 0 via RPC, 1 via P2P, out: 0 via accepted blocks)
2026-08-09 21:07:40.466+09:00 [INFO ] Processed 7 blocks and 7 headers in the last 10.00s (7 transactions; 7 UTXO-validated blocks; 1.00 parents; 1.00 mergeset; 1.00 TPB; 0.0 mass)
2026-08-09 21:07:40.466+09:00 [INFO ] [ibd-perf] 7 hdrs avg: validate(A,parallelizable) 94.9us | commit(serial) 156.0us [add_block 11.1 + db.write 58.3; held-lock 120.3] | f_serial=0.622 f_reach=0.044 | parallelize-ceiling 1.61x
2026-08-09 21:07:40.469+09:00 [INFO ] [validator-service] compute: committed to job 2328ee12041909b10982db737229e441b4be70f39d7e123bb70635d62a1d21fb5e320c46b8a62e613cc0ffbd26303d478ddb80a9dc1a5a5d098238bcdb124df9 (63 byte input); awaiting the sortition beacon
2026-08-09 21:07:40.777+09:00 [INFO ] Accepted block 885a4b9ae58bcd1b13e0f0d61bdb07f29fa20c21bd37d74d9a64a36c74f642f71cd08c58a58c4043a11ca0b55d2a96226b45c0eefff324ba09dd5e2c10dc7fdb via relay
2026-08-09 21:07:41.997+09:00 [INFO ] Accepted block ac48017d4658fd5c5b91d3454a38eef3b5c6c7d30c293ba9a5007c6cdd0caa657d466a66e554add98aa6f97ebadb881a45aa9efe503733e081ac7ccb4ea784b3 via relay
2026-08-09 21:07:43.317+09:00 [INFO ] Accepted block 96c8a50c5dee77473637c15c319c389d363afcb56a506a58b6584674556829c0389ca36a1861b4e568b3d391b4fa62391ad89e6cc2d4c2fb1b1b219044520040 via relay
2026-08-09 21:07:44.595+09:00 [INFO ] Accepted block da2f0d4427f121a09e0d4675539004eb09c2add049ddb5e8110c39a5b079fa6490b3b302221cf87df140d746be4b735f82b5f3108f9a0bb694766788722d5e85 via relay
2026-08-09 21:07:45.853+09:00 [INFO ] Accepted block 5396597d2c38bf32eb79c181b8c990100709895aabc678cb774675834714150d1f5085c8afd44aa2ffc3c855dab3354d9ab3bb915f0d4f0ea825e0dd7699af1f via relay
2026-08-09 21:07:47.523+09:00 [INFO ] Accepted block bdba597eceae56b49f9462b61ffacb09dc0fe224ee8aef244225a357982e4bef36855b85596979042aa2ddd49826223c03dd096cab4fe27b8b04311e7ecf002c via relay
2026-08-09 21:07:50.226+09:00 [INFO ] Accepted block 770baa3c37191c8b142341b9281b8e88ff6ca9f74508f503ccee5e8064c4b2b6259ce4f39b97ce20b0344e28fb1324a708c1f1475221fcfe0434297f3c3dc61f via relay
2026-08-09 21:07:50.467+09:00 [INFO ] Tx throughput stats: 0.70 u-tps, 100.00% e-tps (in: 0 via RPC, 5 via P2P, out: 7 via accepted blocks)
2026-08-09 21:07:50.467+09:00 [INFO ] Processed 6 blocks and 6 headers in the last 10.00s (13 transactions; 6 UTXO-validated blocks; 1.00 parents; 1.00 mergeset; 2.17 TPB; 58023.3 mass)
2026-08-09 21:07:50.468+09:00 [INFO ] [ibd-perf] 6 hdrs avg: validate(A,parallelizable) 102.4us | commit(serial) 189.5us [add_block 12.4 + db.write 67.0; held-lock 140.5] | f_serial=0.649 f_reach=0.042 | parallelize-ceiling 1.54x
2026-08-09 21:07:52.417+09:00 [INFO ] Accepted block af321bcd19936c3a518203221ffb540e06c933256aa81b51ad59b38cb0e593787241bf55a87412cb67417c42eb0948a31926559d4c64f0923b7c43055e499267 via relay
2026-08-09 21:07:53.988+09:00 [INFO ] Accepted block ee80d0d44b2d29c62b3d452b31d812d36104779407698f344fcf576585be90b938d23820b9c998ac41d86f367446dc9a999abeb2af178d158c9c4a41e6f2e966 via relay
2026-08-09 21:07:55.333+09:00 [INFO ] Accepted block dd5369d2d50103399c15e482282237cf8a68ef25c065bf7adbef2a9f7486e4a392f134ac49f0153a87f7b6dcfbed221063c2b5c3b6206fcaa9c50ae6cf23e02f via relay
2026-08-09 21:07:57.392+09:00 [INFO ] Accepted block bdd0ac3dfbddbe5213903759cbb2dd0768556aef20be5ef51a720a7baa461eca2fd63d8d7f84e4a8a2f0cd70bbee44bf92cb4688359b429f792acf0b1a771ec3 via relay
2026-08-09 21:07:58.604+09:00 [INFO ] Accepted block 950a0c2bcec83aac30b04ae8fc8260da5ecaf126c68d912d2bfa950bf8b48ffbf2bf83f4d128d83a072930ec0d6447a471dc7ea3ed6053cc5904916436549ce1 via relay
2026-08-09 21:07:59.757+09:00 [INFO ] Accepted block 83eaceb44b1c0af72dcb8d1639f76d2c938285d9738cbd8ec94fb1aacdc6e4ea2daf91c985db9a1175491bdacd2fe30d790dda4394278d84ac0d03abd16a6d39 via relay
2026-08-09 21:08:00.469+09:00 [INFO ] Processed 7 blocks and 7 headers in the last 10.00s (7 transactions; 7 UTXO-validated blocks; 1.00 parents; 1.00 mergeset; 1.00 TPB; 0.0 mass)
2026-08-09 21:08:00.469+09:00 [INFO ] [ibd-perf] 7 hdrs avg: validate(A,parallelizable) 86.9us | commit(serial) 246.1us [add_block 12.4 + db.write 140.9; held-lock 215.1] | f_serial=0.739 f_reach=0.037 | parallelize-ceiling 1.35x
2026-08-09 21:08:00.919+09:00 [INFO ] Accepted block 7fe753b0e4ca14382eaa0f0a6dec52260e2bdbc58315fa4f214ed5dc0a674addbd253bf45244115287c378e1bea8f8b5ff6cbc5c383b2294f5ba05dc21a2c7ea via relay
2026-08-09 21:08:02.106+09:00 [INFO ] Accepted block 5d9f89e78401dfffcea183189000a7fbd3f0521e418cc4f3bf5d411ee034487f65c8c0eafc6ba25a9b8ec6913277cce1440138e31896d20a264beaa70e180180 via relay
2026-08-09 21:08:03.210+09:00 [INFO ] Accepted block eebe2c9c1d962aa162226203d589ad73259ddfe4b4da8847571ec07d02963e528a367ee6b536adfd6e0919909a9e143efb3d31ee8d03707b6a6eb566d4fce16c via relay
2026-08-09 21:08:04.263+09:00 [INFO ] Accepted block 02e3e03fb567ab4131952c97f4782bf3cacd3e9efef9037feceb420d43b99cc6f9cbf0555a965d0185370d64fb06a505dc5d6cbff9b0fa5527f672180da3562a via relay
2026-08-09 21:08:05.452+09:00 [INFO ] Accepted block ecaf97a8af1b084edccfd2b2d7f6eaa9f0751b9f2514a8a09f6ae6d64b85486fa4e3125c840e48b42902f17ed43fc1f4c3fcd59c81d0d011b1b9a2ab142f6668 via relay
2026-08-09 21:08:06.481+09:00 [INFO ] Accepted block 2ccf2270f521f93f952602b981fac9e98ba9af12a75a7f7c2644c3ff048d24911c7df8fe0ae33376ecde9c511a5428f7ddbdc42ed2c10cde026c7923ab8ebc2b via relay
2026-08-09 21:08:07.705+09:00 [INFO ] Accepted block 82466fdbf2363457d4203ce2059a7ac437a5f4ad284f7d70e79adc25a2f77a2c43528ba7b8f81b88acdbe4bd3d77e6bc571bd674811dc1d1f0b66b1d3bdadf34 via relay
2026-08-09 21:08:08.757+09:00 [INFO ] Accepted block 9167b14d0d2a08d5b121116104584b7e4d5190ceeadfc153c9a74cb4861c8ae9ae8d9392d87455369ac8ff36a148411535ae93503c2fcf79be5b70089e7c7022 via relay
2026-08-09 21:08:10.156+09:00 [INFO ] Accepted block 326123d776eec060a3e1f6eaa43bef2f3ebe5d62ea90fce838ed1143f651bb5cb0095c595210b3df3fae9065e356856df307c47b407b90a77e9c4fe8f4d6a586 via relay
2026-08-09 21:08:10.471+09:00 [INFO ] [validator-service] heartbeat: mode=active sink_daa=1390 bond=Active(active=true) active_set=[epoch=13 is_active_validator=true (active_validators=5)] dns_overlay=configured (stage=Active, dns_confirmed=false)
2026-08-09 21:08:10.471+09:00 [INFO ] Processed 8 blocks and 8 headers in the last 10.00s (8 transactions; 8 UTXO-validated blocks; 1.00 parents; 1.00 mergeset; 1.00 TPB; 0.0 mass)
2026-08-09 21:08:10.471+09:00 [INFO ] [ibd-perf] 8 hdrs avg: validate(A,parallelizable) 105.1us | commit(serial) 179.2us [add_block 11.4 + db.write 69.4; held-lock 142.0] | f_serial=0.630 f_reach=0.040 | parallelize-ceiling 1.59x
2026-08-09 21:08:12.799+09:00 [INFO ] Accepted block c81251eb6a6f16223dbc44a3b6ed41e39e728e9de48c8707b2b1b0cc742d837569325d6a92cb25436b48a89e62dc092236e3537c816f2049e95006a9a6fa7804 via relay
2026-08-09 21:08:15.122+09:00 [INFO ] Accepted block 8f4270a100ebc3f6cd79ccb3a8d0b08a95ea93cc0b1c0052e1c613cac1a598936e6a7c6e073e34a68c9b6536389c893e1494adb7e055fe75c5986fd389520e1d via relay
2026-08-09 21:08:16.755+09:00 [INFO ] Accepted block 3f641b22c4b48edd867a9c8c1671348084c011ae6a32f967a35f3bde5a7403c6a46bdcc514bdf65f1930308f13f582902b719267aed72f0fb7e82e7dbd2c7b97 via relay
2026-08-09 21:08:18.733+09:00 [INFO ] Accepted block 8805aa5bc0203ec2b5dbdefba348422d55496f87e062a06a3205a01cca74afa91d99758989e5c52e5eccbff6106af578294d8950edbcf1e1962181d67881f90c via relay
2026-08-09 21:08:19.976+09:00 [INFO ] Accepted block 09ba000a792ff8f110d8959edba843429b4b6560a8ce0581ba4e9460f04a4aa59d71845c5a53506411ae46cff2f3eb521c0e43483c36fffbbde3c35623a055b2 via relay
2026-08-09 21:08:20.472+09:00 [INFO ] Processed 6 blocks and 6 headers in the last 10.00s (6 transactions; 6 UTXO-validated blocks; 1.00 parents; 1.00 mergeset; 1.00 TPB; 0.0 mass)
2026-08-09 21:08:20.472+09:00 [INFO ] [ibd-perf] 6 hdrs avg: validate(A,parallelizable) 76.9us | commit(serial) 168.5us [add_block 10.7 + db.write 66.2; held-lock 135.3] | f_serial=0.687 f_reach=0.044 | parallelize-ceiling 1.46x
2026-08-09 21:08:21.246+09:00 [INFO ] Accepted block 5c065a3ad9a16046e6d2a235c301cd0196a738337b6831bd6e573c32111ff6e58d44cfcfdcb15e72eb633baebe23dabe1da6d81826dba13431e752de6be09b86 via relay
2026-08-09 21:08:22.713+09:00 [INFO ] Accepted block a519b6184114f75ee689650dde6e9c3a4d043523f7532f09f41f180b982ce816757fb807dfae3a505e8db869dcfcdfc1110d048ba5c0326feb7ac3bf0c45e5ff via relay
2026-08-09 21:08:24.015+09:00 [INFO ] Accepted block db492b918d3cdb62fb42fa1f50a650f5f6705f19ddd0fdae99e5aadb092742235cf92257008ad78fb0e139452a10f3e5c218f469b0dce30b0bca21205ed3041a via relay
2026-08-09 21:08:24.545+09:00 [INFO ] [vlt-shadow] sink_daa=1399 0 validator(s) with credit; 0/13 epoch(s) would reach quorum; newest epoch Some(12): W(E)=0 signed=0 snapshot_root=5adfdcd829928cc56d9e7e8aee89439352c379a3863880261f9cf2e10be41b4995a8be175c4ded8d8339bf490268e146602df2cfc6138449ab1591238defe88f — the weight fence is at 18446744073709551615
2026-08-09 21:08:24.545+09:00 [WARN ] [vlt-state] none -> shadow at daa=1399
2026-08-09 21:08:24.545+09:00 [INFO ] [stake-score] sink=141ae5ef8dbef06d705f90038b5d37a08343221a6e0dce3c6ab11423e69681fd3786ec8743069a0cd7baaa65626c26653434ebebec56942b7f2678903c45c3e7 sink_blue=1400 credited 4 attestation(s) over 13 ready epoch(s) → stake_depth=2000000000 (rollout=Active, health=Active)
2026-08-09 21:08:25.548+09:00 [INFO ] Accepted block 141ae5ef8dbef06d705f90038b5d37a08343221a6e0dce3c6ab11423e69681fd3786ec8743069a0cd7baaa65626c26653434ebebec56942b7f2678903c45c3e7 via relay
2026-08-09 21:08:26.605+09:00 [INFO ] Accepted block 6292b527d8a3b72bc847411a8077eee82de34551738a6b236df86e6a64b7491bb920ad3597a125612198ce8d9e2f0b92f766bc0905dd4619dae11174f01736f4 via relay
2026-08-09 21:08:27.690+09:00 [INFO ] Accepted block b234a9804d51141ce6e199f67272a0b8b5410a68a6f4a6e425e867a92c9aed6476c027e509563c722cbb3680fb96d924b31b66ec5b97a490875c615aa2fdae85 via relay
2026-08-09 21:08:28.851+09:00 [INFO ] Accepted block ba73959c60ee8d7ad259bf1de8fb7e07bee2d9069ae7c27937cf1518fa874f08cf23baa7ed1daa4de1020c3a5a7755f87b1692db48ef9a01f20a94db65b22abb via relay
2026-08-09 21:08:30.041+09:00 [INFO ] Accepted block 7d12c1171b817d25eed539e9c80cc902c1d06eafbf026f55beba20b2c908cb1aa67e4dd6b16482bedc22033421f32ef6057031f448f906e9c2de476e44a343e2 via relay
2026-08-09 21:08:30.473+09:00 [INFO ] Processed 8 blocks and 8 headers in the last 10.00s (8 transactions; 8 UTXO-validated blocks; 1.00 parents; 1.00 mergeset; 1.00 TPB; 0.0 mass)
2026-08-09 21:08:30.473+09:00 [INFO ] [ibd-perf] 8 hdrs avg: validate(A,parallelizable) 87.6us | commit(serial) 178.4us [add_block 12.3 + db.write 72.6; held-lock 143.5] | f_serial=0.671 f_reach=0.046 | parallelize-ceiling 1.49x
2026-08-09 21:08:31.200+09:00 [INFO ] Accepted block 69748f362e93f30817b261a5a72355a07e645906deaa18e99497774b222a34db9d006dfb477cd1e4e94c336f3315ebc8dae16c2b9a1274b1acb11ba615b3c9df via relay
2026-08-09 21:08:32.348+09:00 [INFO ] Accepted block cf5b140e51540d3b4b5aa9f8244e52aad89e308c82f8a348a13439592f4455c7e4546d0fe0729354ae48f99d1fccfd7485fbe2ba1d2f166ca7480207de3898ba via relay
2026-08-09 21:08:33.465+09:00 [INFO ] Accepted block 83d8b1897ad48a0a87b6ed7d9ce1b7f9e787962aa8c2cbf52fa668b97e7934b98aa40bb9fb4f4b9310e0a7f4ac2805353e548a4abdccbd2a64cd3d27b9adeee8 via relay
2026-08-09 21:08:34.828+09:00 [INFO ] Accepted block d34339d42cc5c0409b0236aaa5719da910d5e725ce8c133e8c0eded073beba3d944f469d2a63cc549d0b999c5cbffc3984e90f6fb5221a9dad56fff23f3d4d07 via relay
2026-08-09 21:08:35.930+09:00 [INFO ] Accepted block 6d6b23c75e709f1061abc954dde92c38bc617c301149fc2c905381cf78e370af531c6feed37492140a56e332b4b9bd0ffa9669ca49b62218cd2ac8f93dc2780d via relay
2026-08-09 21:08:36.963+09:00 [INFO ] Accepted block 8282a181d89e2356a0beabe5152596092b31bb8e444f37b359b6520248ab3b684cfcacd2fe31063aa276e7f9d5c00196d08e158cd7e7ba6aff2f7c335f240f1f via relay
2026-08-09 21:08:38.377+09:00 [INFO ] Accepted block 3d6e4d9f18bd7d07b86a2b42cc8d6db8cc97b77bdbfc34fb1bd08b883da3d652b04a4cd541616438c0fc42eacd21bdc26bee20e1af45566478b28523ed717cbd via relay
2026-08-09 21:08:40.337+09:00 [INFO ] Accepted block 6a3a17b1040d1a7059a080fb398d7ccf385ea16e68f5b498ac6ab1e428d163da15099a6323fd0e1fa21347e380e7c1854249c0cb615d89f86cae66310cec35ae via relay
2026-08-09 21:08:40.474+09:00 [INFO ] Processed 8 blocks and 8 headers in the last 10.00s (8 transactions; 8 UTXO-validated blocks; 1.00 parents; 1.00 mergeset; 1.00 TPB; 0.0 mass)
2026-08-09 21:08:40.474+09:00 [INFO ] [ibd-perf] 8 hdrs avg: validate(A,parallelizable) 92.9us | commit(serial) 188.4us [add_block 12.5 + db.write 75.1; held-lock 151.5] | f_serial=0.670 f_reach=0.045 | parallelize-ceiling 1.49x
2026-08-09 21:08:40.475+09:00 [INFO ] [validator-service] heartbeat: mode=active sink_daa=1412 bond=Active(active=true) active_set=[epoch=14 is_active_validator=true (active_validators=5)] dns_overlay=configured (stage=Active, dns_confirmed=false)
2026-08-09 21:08:41.389+09:00 [INFO ] Accepted block 5d2fac3e344094f17c6b47952fb70f8b386b4bf47215c2f1f24ac742dc481d814a5e8d9842b552af153c42b56b73807a43ca3513f16e13f8f0be3aeb13fb02bb via relay
2026-08-09 21:08:42.860+09:00 [INFO ] Accepted block 0ff4baea98d8e7f8a379a69b2e92c76ca422a912fd9005629a6d6f5ccfe8ed0d2e4d66abd7afd2984c2d4e02a9f27fcdd2b3b6d4d5556cabe0d1ad6183f62ae9 via relay
2026-08-09 21:08:44.824+09:00 [INFO ] Accepted block 189afa2a9f3c2a987c47d18142872ba0699c679a41bafd936ade79442f2de744ec63a3180e6e04902d4c9b63d72d7534208aa2230c36f56f1e6d65d61fd65551 via relay
2026-08-09 21:08:47.834+09:00 [INFO ] Accepted block e36c355ccdd1a04028e1b93cd4c007a78908297d06129849958323e437b1d197e74c865deba1888b172beb96c0fa88a08f434ed25acc854aa6a0f00b52d1a957 via relay
2026-08-09 21:08:49.575+09:00 [INFO ] Accepted block 3f3d07835b0377b508f08faa41db30903556996b9c7715fa8fdcfaefbf51105a7cbe2cdb74158846d5df701e32ce3551afd745d795b8f04ea09d6f155a08e9fd via relay
2026-08-09 21:08:50.541+09:00 [INFO ] Processed 5 blocks and 5 headers in the last 10.00s (5 transactions; 5 UTXO-validated blocks; 1.00 parents; 1.00 mergeset; 1.00 TPB; 0.0 mass)
2026-08-09 21:08:50.541+09:00 [INFO ] [ibd-perf] 5 hdrs avg: validate(A,parallelizable) 80.8us | commit(serial) 151.2us [add_block 10.6 + db.write 65.3; held-lock 122.7] | f_serial=0.652 f_reach=0.046 | parallelize-ceiling 1.53x
2026-08-09 21:08:51.056+09:00 [INFO ] Accepted block 44ff4e460101f57781da8a5a2a4bcdbd59f6a0974c20b39917156a5e056e0ad1ac95d877d2648b6c1bc8a36844e358a0e55631e825c04f8da539104ef2a13e0f via relay
2026-08-09 21:08:52.695+09:00 [INFO ] Accepted block aefe4cc555bdff3bd04504480079b92691ee65579f3f5f69677bdda2c0324773af86347ca12c27e4379608c9b1635e284ba8e28dda64851a7d9500bfe229d836 via relay
2026-08-09 21:08:53.869+09:00 [INFO ] Accepted block 900f93f950cd96fb3b76cc6614c033ca608d923b694e3a366d9c28a2d869cd62c9a9acde61427aeb37b025a2b7ef57bff615e1f7315065865fac3e40af0eecb4 via relay
2026-08-09 21:08:56.215+09:00 [INFO ] Accepted block 33e8daa742b3fdf5caeaf16bc4eb2e8cbbbaad14ebdb8d5e53ad10ded19d4f4ef73553b654319c360d48926f945ec0cb42ab9cbce497dd8dc9265cae6d44ef39 via relay
2026-08-09 21:08:57.522+09:00 [INFO ] Accepted block a288f74b983ee6b03536abaa8030f628b4361d8a8e9c2a359dd4a607712f71c1eb3ee808051ca4cbaa457d32ba8d73077d9d0a57b72a821dff46148a6fabba96 via relay
2026-08-09 21:08:59.137+09:00 [INFO ] Accepted block 7c5c5b7272e7ea608d087ae137de099fb611972bc5b5afa12a4f7368f0dcd1d6a18519dde52914e03e1bf45906f619bad51178278973268b67c819acf9e7587e via relay
2026-08-09 21:09:00.431+09:00 [INFO ] Accepted block de7a1f34a8dfedd5d52a1a67ec66b3db9cd59272fd4dd9d7dbd84ca342ab7818a297bfdb0188846c47cb8cdf30e1767587375ff978a03b0da306c30174dbe372 via relay
2026-08-09 21:09:00.542+09:00 [INFO ] Processed 6 blocks and 6 headers in the last 10.00s (6 transactions; 6 UTXO-validated blocks; 1.00 parents; 1.00 mergeset; 1.00 TPB; 0.0 mass)
2026-08-09 21:09:00.542+09:00 [INFO ] [ibd-perf] 6 hdrs avg: validate(A,parallelizable) 79.5us | commit(serial) 173.3us [add_block 11.8 + db.write 73.7; held-lock 141.2] | f_serial=0.685 f_reach=0.047 | parallelize-ceiling 1.46x
2026-08-09 21:09:01.701+09:00 [INFO ] Accepted block ebf81e0ff8873e2c42ca24dacf2b2967759599323d5c62d09e16b9cd6e508d82b4695b098210c1b2ace6d33d9c351c62f66a8efbea2379e5980b33af84397135 via relay
2026-08-09 21:09:02.863+09:00 [INFO ] Accepted block 2783943f98c53b4f1248e96fa909ccfea23e4d9ad496c494edcc759b1a832f3e8a7fec0484b8809c430741ca5d754e3c9ca327a96fab58cbd6e77d641ee05c2e via relay
2026-08-09 21:09:04.314+09:00 [INFO ] Accepted block c2650dc6c190dbf0d232a67d8fa1f3caf728f0e7eac3bb37227e4f878b0133a9c05dc26f963f24d8275815054069f1d6a4bb1e8885f53a1af32ac69d7e2a8acc via relay
2026-08-09 21:09:05.571+09:00 [INFO ] Accepted block 4a54ea7287ce30ec88810acc8d3ded9746b78cbcd8b1f3233c63e066b064f80e481c6c58961f68dfae52870803823f78c28d4b7d51ee3bd028733e298853119e via relay
2026-08-09 21:09:07.087+09:00 [INFO ] Accepted block 69fdb3d9fd22c7ea6d00d7d1219bb3e2c21c95c4341043c504bce361b72a0fd24d8613001c9156f10dd694f492e71e4e22c4a5e10139394c394b5be81f5ad4c8 via relay
2026-08-09 21:09:08.189+09:00 [INFO ] Accepted block eced0a3a063a7b827d6ff702e64c9881e2e8fade7094d3f1c2877fe72e39ea8a76a211f73dee086a37b2abe40d16a968ba57b375cba4b2bec7a4b7e140445073 via relay
2026-08-09 21:09:09.206+09:00 [INFO ] Accepted block 019e07093f4947d60076309099806516c5e5c7c369ced165c06a09eda81a226e595d9f882c90384ff00eff3bb01c93ffa5c05be9e65b32ad5f8b7984a0cc0d92 via relay
2026-08-09 21:09:10.424+09:00 [INFO ] Accepted block f2ced1d001e88d6481078fc0b54702391e62ff1583e932df8cbdfaef468370cd1458698acddb1f7c0694d36f9c80725ca0a9a98d85abd75f0f12d6dab3f7ba8d via relay
2026-08-09 21:09:10.544+09:00 [INFO ] Processed 8 blocks and 8 headers in the last 10.00s (8 transactions; 8 UTXO-validated blocks; 1.00 parents; 1.00 mergeset; 1.00 TPB; 0.0 mass)
2026-08-09 21:09:10.553+09:00 [INFO ] [validator-service] heartbeat: mode=active sink_daa=1431 bond=Active(active=true) active_set=[epoch=14 is_active_validator=true (active_validators=5)] dns_overlay=configured (stage=Active, dns_confirmed=false)
2026-08-09 21:09:10.553+09:00 [INFO ] [ibd-perf] 8 hdrs avg: validate(A,parallelizable) 104.1us | commit(serial) 527.4us [add_block 13.4 + db.write 412.2; held-lock 488.2] | f_serial=0.835 f_reach=0.021 | parallelize-ceiling 1.20x
2026-08-09 21:09:12.601+09:00 [INFO ] Accepted block a68e37a09e2c60ba3e82e696e57a22b50c12656f760bdc8e39cc0fd2d0ff0c9c730eaa2a5fcffae6dd83014b6d9dee81f554e5fb532b0bf4638c29f7f1637843 via relay
2026-08-09 21:09:13.870+09:00 [INFO ] Accepted block 1467e2085fe3af5c6497b9e1e5178f9ac5cd95bfb9f1ddc1a4fb8a0692feec4f8482e529db249c145e5626f807d18f2a33135925c34792e41d139e20e20e6d1e via relay
2026-08-09 21:09:15.367+09:00 [INFO ] Accepted block b8e9458940f1f52a5e4f91a13681af2b5854615a84eba4feefecb4a88b925b6a2e22bb44f8f7b1709cbe22f18905d1d333b0e4e00b50d462eeacfd360782467e via relay
2026-08-09 21:09:16.705+09:00 [INFO ] Accepted block 826fa307c23f908a7bd42db3986a9be0ad8de15b87d56b8ef137da380fc1f06ea4af2dde37eb2aeafb01740c834c15b57746b6eb530ef3952f80f1bdbed7b68d via relay
2026-08-09 21:09:18.713+09:00 [INFO ] Accepted block 5ce9183ebadbf1efd4a580592be6a80c5de98c308887136af884c0f18f5e08d5b41d8752ecc8b814483e1cd6f61433eccc6a278d3c29abdc38244207cb568b83 via relay
2026-08-09 21:09:19.794+09:00 [INFO ] Accepted block 7a10d033b7c19cdd3d5fd50ab6ceb1e2c14a49c752571d99f9527114d88fc0f3ef178562b45f1ed1ce23268d39120ba166bd7a052da783aa299e01402413a4c0 via relay
2026-08-09 21:09:20.555+09:00 [INFO ] Processed 7 blocks and 7 headers in the last 10.01s (7 transactions; 7 UTXO-validated blocks; 1.00 parents; 1.00 mergeset; 1.00 TPB; 0.0 mass)
2026-08-09 21:09:20.556+09:00 [INFO ] [ibd-perf] 7 hdrs avg: validate(A,parallelizable) 97.6us | commit(serial) 217.1us [add_block 12.9 + db.write 92.7; held-lock 171.8] | f_serial=0.690 f_reach=0.041 | parallelize-ceiling 1.45x
2026-08-09 21:09:20.977+09:00 [INFO ] Accepted block 017f2abb6a128db9090493e68107b740319aa9308def1df6d0541c39193f856608e3d9227c096f0d11f6449c4fbedcd3d067cfb73082a77b28dc4feefa6c37f4 via relay
2026-08-09 21:09:22.984+09:00 [INFO ] Accepted block c67c2e19a96127101ef55df4889d05488f133caaf7b80135a8a9ae0199ec2cd651e360326928f188909dc195ffd2514982394380314980da99bbb325d2f81c6c via relay
2026-08-09 21:09:24.093+09:00 [INFO ] Accepted block aa44cdc5e6d2a119eaae4d7dff65892bddf3726b5437b0a5fa1ca86e825f7ae820461138843bb0e70610a2a63585c8c7c91c31b3c723dcec6490a9448ddd2cc9 via relay
2026-08-09 21:09:25.488+09:00 [INFO ] Accepted block b05407efccce9356bc2523c33ef819735b66da9af9a582bfdc6648c0fcf7310cc0bb059e7fa844785a901de36e6a64177d7d72a3d4d60b089f04f0b6cc480e69 via relay
2026-08-09 21:09:26.639+09:00 [INFO ] Accepted block d42cbe4886463c85d999bdef636fb20e47592a602eb4d011af01fc721ef6a866a00dc2b08eaa9d2843f0fb27730ca1a7e58456fc7d70e14996fa387bb5d9d01b via relay
2026-08-09 21:09:27.675+09:00 [INFO ] Accepted block 07d73b5f58b6f92dd5a1efbfa5d0a2fc4cb170a5f1eda26767ac09485bd92b687ecfb142ff9adc0f2145c7f1231a1b49761701e51803116022d84ada6c7645c7 via relay
2026-08-09 21:09:29.526+09:00 [INFO ] Accepted block 98f84d979619b1a99cf709e17da0ced5ba4e7c0a616e258c3cb56f443e5b7f8cd257bf9a73ad3d0ea911074a69ab7c814c69f29700e4c745b8f6d849e1b032c5 via relay
2026-08-09 21:09:30.557+09:00 [INFO ] Processed 6 blocks and 6 headers in the last 10.00s (6 transactions; 6 UTXO-validated blocks; 1.00 parents; 1.00 mergeset; 1.00 TPB; 0.0 mass)
2026-08-09 21:09:30.557+09:00 [INFO ] [ibd-perf] 6 hdrs avg: validate(A,parallelizable) 82.0us | commit(serial) 197.9us [add_block 13.0 + db.write 82.7; held-lock 162.7] | f_serial=0.707 f_reach=0.046 | parallelize-ceiling 1.41x
2026-08-09 21:09:31.572+09:00 [INFO ] Accepted block 27e850acb3ac64bd0c4b49f1ab7d212f290e73d2125535f66cd561cd66e3dd75babffece93fa8cda05c881ed6a47caa53c3ac1fcdfaf97d413a49b49e9e25e13 via relay
2026-08-09 21:09:33.002+09:00 [INFO ] Accepted block 34bc081a1ccb9ad7d58d9d1519fc2dcd007ce62c102f6705975c9e3cb63073b1531211087e13a8fd3287ac1c65d67f8feb884345d6df6b897c7700e7e0c997e3 via relay
2026-08-09 21:09:34.197+09:00 [INFO ] Accepted block 81df9893e8fa88af3e0fd1643f7823a0053232d8046a241aa669cfc22696b37dec5d5696c76d85e0b55ac800eb281c1ce588f5d71354a7d6e2ce03503113b89e via relay
2026-08-09 21:09:35.484+09:00 [INFO ] Accepted block b1f71e47ad55a9c0d9ce68aace5655c1458c2a1ad939bd2ca86f2145872f75539a57b1fb856744bf893712aea2b79ba8fe9bbb597df7b8601b41e2adc5e14ad1 via relay
2026-08-09 21:09:36.827+09:00 [INFO ] Accepted block 837d0cb5c32b17c59d6bacd2a8ae9b8450f5b923ca42b08717adbca217f83320a535190365185c12f563239293aa0c6eab2b71203ea513e30ff6fcfcb2ddcf61 via relay
2026-08-09 21:09:38.884+09:00 [INFO ] Accepted block 8a27f47f34927125af8b97e31ab30692c20d436450d6a2b39d828fcb015181f34371026f5526b9efaeaf4fbcd86962f01bfc5d1b1125e728a7a3107070c87639 via relay
2026-08-09 21:09:40.559+09:00 [INFO ] [validator-service] heartbeat: mode=active sink_daa=1451 bond=Active(active=true) active_set=[epoch=14 is_active_validator=true (active_validators=5)] dns_overlay=configured (stage=Active, dns_confirmed=false)
2026-08-09 21:09:40.559+09:00 [INFO ] Processed 7 blocks and 7 headers in the last 10.00s (7 transactions; 7 UTXO-validated blocks; 1.00 parents; 1.00 mergeset; 1.00 TPB; 0.0 mass)
2026-08-09 21:09:40.559+09:00 [INFO ] [ibd-perf] 7 hdrs avg: validate(A,parallelizable) 87.1us | commit(serial) 267.5us [add_block 15.7 + db.write 75.2; held-lock 151.3] | f_serial=0.754 f_reach=0.044 | parallelize-ceiling 1.33x
2026-08-09 21:09:40.572+09:00 [INFO ] [validator-service] submitted attestation shard tx 13020674bd74ca5deca07e51aa68729922f17dd9c06585e60e3b24a81860d0391d5f129e552f223f1cd9819cb0b60160c1b488d8078135fa4de09e4d867121e0 for epoch 13
2026-08-09 21:09:40.963+09:00 [INFO ] Accepted block 9cad4ba8ac1e0d437014e023799a1a870f7671565ef51b237f1aeef43511de5d2d4ebb7504f8c2893b4d79d189e795d8c8a224dad0618445a5238993d202fb97 via relay
2026-08-09 21:09:42.615+09:00 [INFO ] Accepted block 89fdcde7bb8ff81c131be235bad5c1e3cb8bee290d1b44951eedb2a48fd7e998fd486e0c5e89780bc3b19d3326a58c6dcb2b6035debdb7cffad296d849cdd34e via relay
2026-08-09 21:09:43.731+09:00 [INFO ] Accepted block 037eb7d9d81745fb672e2b38a31d36548096e6b6bb5c32e0369d4a3ef2a376efc73d4727d8549c6ac50ac0ce22942ee7521f77d9d72b8c63c45f45375ff188f6 via relay
2026-08-09 21:09:44.773+09:00 [INFO ] Accepted block ec08ed298e64fc9e323bb104c2ca5ba47ec87da4a182522a01fc05ad7d4baeb46ec785d4eb95d412be3745d2533bf1f05fdbd8e5c1227f81c24239dce64b9ad4 via relay
2026-08-09 21:09:46.280+09:00 [INFO ] Accepted block d05fb694615d670d4db09c8449e0ed1f6e76c8d56eeffb973c601db54e72311d252a2eede6019933ef15ecb62e4fa1639c272115ee4afcf626c99152c62c2991 via relay
2026-08-09 21:09:48.079+09:00 [INFO ] Accepted block 2a59db27a774c1c16feefb82b0bd4ea37a02d273eea785bdad17ffdb8b4c164e2b39a155a192a75a5e70dc930f3c2a77947d2bce1c5dd456d16bac923d872322 via relay
2026-08-09 21:09:49.143+09:00 [INFO ] Accepted block bc118782b879ad8be8e932ddf718a7756b3fb6d08173320df4743300763d818704fddcd9816b9dd2193a7474472123b038d7fa4c372306281fc6640a93de8ab3 via relay
2026-08-09 21:09:50.202+09:00 [INFO ] Accepted block c89091b1d1f8d22893e3ddca735943a79bb5921ba50ffffb487c55438cc11394df926d41ab2bcc01d69d0e5ef000b33485311064608045ba9b6c90adf68472a1 via relay
2026-08-09 21:09:50.551+09:00 [INFO ] Tx throughput stats: 0.50 u-tps, 100.00% e-tps (in: 1 via RPC, 3 via P2P, out: 5 via accepted blocks)
2026-08-09 21:09:50.561+09:00 [INFO ] Processed 7 blocks and 7 headers in the last 10.00s (12 transactions; 7 UTXO-validated blocks; 1.00 parents; 1.00 mergeset; 1.71 TPB; 35857.1 mass)
2026-08-09 21:09:50.561+09:00 [INFO ] [ibd-perf] 7 hdrs avg: validate(A,parallelizable) 97.5us | commit(serial) 203.9us [add_block 12.2 + db.write 88.6; held-lock 171.2] | f_serial=0.676 f_reach=0.040 | parallelize-ceiling 1.48x
2026-08-09 21:09:52.313+09:00 [INFO ] Accepted block d39d26e89b8686764d62edf92bfb4c864ec9de331f24c13b968edd3ace4ab3b21bfb3c6b22235b455b60c2b5b9ffe92f55830a9068d42a62c56e81d8571fd796 via relay
2026-08-09 21:09:53.512+09:00 [INFO ] Accepted block ecd82bd12ec73825a6fdffbc2ee96ec7bab9c046dcd2dbd175849a437c9d0c1c5be20da3ce06f009d02111898c04bf53c0bcbdd5768a8cc237beefb1561cbceb via relay
2026-08-09 21:09:54.651+09:00 [INFO ] Accepted block 1a25d7e794139fbcb0ea2e7c2b54742c164e4cb7fc0785fe57810c893da31812d0eb18483215e5ba4f9e9e961989c98daf09acc201d7adf4d4b97f512a7821e7 via relay
2026-08-09 21:09:55.698+09:00 [INFO ] Accepted block d2e3b4a7443aa6121793ea8c53e0199327d93712af6b30738c04cd4f3302d435aa0058e40a4c1261092a72901c98e2484a8131958fd3e1ae616bf51fc4101799 via relay
2026-08-09 21:09:57.323+09:00 [INFO ] Accepted block 4ea0112d1c73c56dd3dfb6d0605e2b505dac14c3c0167bb0d2db24477dbcaa64209669c8560bc82b32c3eb7f3b40e3024fdf62c9438ab8218a1c5e905061707f via relay
2026-08-09 21:09:58.728+09:00 [INFO ] Accepted block 0ded281a333feffe81e965ed2e5822b824abb7bbe2590cc768979acd2ed4e0ef32041ee8076b7a6d0be41ea35a57495754e939704a31f3d565febe9f22b338c3 via relay
2026-08-09 21:10:00.563+09:00 [INFO ] Processed 6 blocks and 6 headers in the last 10.00s (6 transactions; 6 UTXO-validated blocks; 1.00 parents; 1.00 mergeset; 1.00 TPB; 0.0 mass)
2026-08-09 21:10:00.563+09:00 [INFO ] [ibd-perf] 6 hdrs avg: validate(A,parallelizable) 87.7us | commit(serial) 195.0us [add_block 13.5 + db.write 87.6; held-lock 160.8] | f_serial=0.690 f_reach=0.048 | parallelize-ceiling 1.45x
2026-08-09 21:10:01.608+09:00 [INFO ] Accepted block 27dbf8bbaa2f1baa59a888e4fe470e9c4020e597df594dd88ef3e37ac816ca59d2167f273fb8909bcd323c594bec0be3826fd4a924dcf47049d50ee4ddebbaf1 via relay
2026-08-09 21:10:02.734+09:00 [INFO ] Accepted block 2a8b12907a19c2889513e58e706833a3651758d93c3d666e10b2272a2504a8beceac3a04c748d6ecca3d46c6614bac846520029f1ff40945d2566f47e898d2fc via relay
2026-08-09 21:10:04.400+09:00 [INFO ] Accepted block b930e9bc49e5c8d5154f1ef631d898609b0e62ca1d73287a585bafa746e25a13214a972f7db9f5e4b69e372c61c270e5103a5289e41a5488f3bc5d517f959c3e via relay
2026-08-09 21:10:05.833+09:00 [INFO ] Accepted block 02b276d54baf22419aa8a87057b3cfcb2bc03bb2b359582270806db69c820261de1cd8daebdfb654747e70f7df795e373898cede683cb50ce2bf7beca69239ee via relay
2026-08-09 21:10:07.578+09:00 [INFO ] Accepted block 75da0bf4fadc48b6532b5fb4fc7cc0135c21aabcc7da6b1632a3fadba91b311bf7e908b6220438b926ac0b08a6d935f47b15626cd2c3c75080528a4b83961d21 via relay
2026-08-09 21:10:09.064+09:00 [INFO ] Accepted block 0c61e793dc1793aecb0e81d1847cbb5ce047a9bbb278e0ce4f303df79e6b86a0970a3d39cf970cdd8e1a33d883829c7bd3a8cd0c9be5f9e2243f4b4c289698e4 via relay
2026-08-09 21:10:10.390+09:00 [INFO ] Accepted block 219bf7dbe5584b1137b33a8de3a4650cabce33a2650c6bac0370ee1ba06928aa0eb8d70651bd879e1a5a3e28ca37df2f239bd3d182d13a6679caf05c376fbfcf via relay
2026-08-09 21:10:10.565+09:00 [INFO ] Processed 7 blocks and 7 headers in the last 10.00s (7 transactions; 7 UTXO-validated blocks; 1.00 parents; 1.00 mergeset; 1.00 TPB; 0.0 mass)
2026-08-09 21:10:10.566+09:00 [INFO ] [ibd-perf] 7 hdrs avg: validate(A,parallelizable) 122.1us | commit(serial) 173.9us [add_block 10.6 + db.write 78.6; held-lock 139.6] | f_serial=0.588 f_reach=0.036 | parallelize-ceiling 1.70x
2026-08-09 21:10:10.579+09:00 [INFO ] [validator-service] heartbeat: mode=active sink_daa=1471 bond=Active(active=true) active_set=[epoch=14 is_active_validator=true (active_validators=5)] dns_overlay=configured (stage=Active, dns_confirmed=false)
2026-08-09 21:10:12.009+09:00 [INFO ] Accepted block 413c700e099c5f73d9fe98c60875f1f0cfbd7045b5913894f52a63033bfd7937274dd3629036993992c42df384bd4260c1f1f36f21291295664aafd6f1365f7f via relay
2026-08-09 21:10:13.274+09:00 [INFO ] Accepted block 5aded06747f95c8338d32cebe3e9e04cd77ef2b4c1221dac71a2aac95ff4320dff1359a6b20a46237fd3828864099a84ae32d9f967284083c4c9aeb6ce6d533e via relay
2026-08-09 21:10:15.331+09:00 [INFO ] Accepted block f30926c05e99e299182ec9a16f8148a9b573ce1f3403b86103df80a221a145d43057430aaabe001f59687174a2851b26afaa30d19b7ddebd3ca4b0695ebf66f2 via relay
2026-08-09 21:10:16.498+09:00 [INFO ] Accepted block 8f58d506b49f82e254a002fe2f9fab44b91b28c75fe22055be79361eb8a4790c005c013251606bb6188107330d88a57c2003a273c67941df9d7c0edcf9d7a6e8 via relay
2026-08-09 21:10:17.964+09:00 [INFO ] Accepted block b6777500e322143026dda1b9ffe4a1c772c101b5554a7ab3501ff96090bfb40b77009c8573df262cb5827d9c296d07b3a4fd12f049289685683eb00734b8ea84 via relay
2026-08-09 21:10:19.240+09:00 [INFO ] Accepted block a5df5decd30cb87a12efcb089e1be4c759c44d94e09083de04153596eeb3b1b8802599630a6708655df129a24b2ebe73f96971f859417d735764ff47995847c7 via relay
2026-08-09 21:10:20.569+09:00 [INFO ] Processed 7 blocks and 7 headers in the last 10.00s (7 transactions; 7 UTXO-validated blocks; 1.00 parents; 1.00 mergeset; 1.00 TPB; 0.0 mass)
2026-08-09 21:10:20.569+09:00 [INFO ] [ibd-perf] 7 hdrs avg: validate(A,parallelizable) 106.0us | commit(serial) 206.3us [add_block 13.5 + db.write 93.5; held-lock 170.8] | f_serial=0.661 f_reach=0.043 | parallelize-ceiling 1.51x
2026-08-09 21:10:20.620+09:00 [INFO ] Accepted block dbc00cce17abd52d35dc2c55db7dd64b6fbfec5794ec5a615c2836c7a1ed5a43af2eb2c5a8e863217f8350817000bf380edbcf0d885fe403355c9444b6b8bfb5 via relay
2026-08-09 21:10:23.281+09:00 [INFO ] Accepted block 479fd7a1f3c78f2285a03942ffc11dc2a17020d84ee7e079d04dc72b756a3fff12fc94359c2382c2642c9fdf2f5a480eabd97a26e7b52cd407e92036851dbdb7 via relay
2026-08-09 21:10:24.858+09:00 [INFO ] Accepted block 8f3162c21c61c295fdd651e5fb5e2e2f50f01ed63a54d8af93dc14bfc70776896246273d4bfa66244a9e3c57a4b5d2754bbef271c9a00911f23e297cdf3cb229 via relay
2026-08-09 21:10:25.936+09:00 [INFO ] Accepted block c70f30c022251c5d34d10ea5812b4d0ee3e58ffadfc6b56f60086ae7d4c24feeb539338076fb4f6d2074fc2399f9376e021d62ac354ec02a688c9375b624fd04 via relay
2026-08-09 21:10:27.123+09:00 [INFO ] Accepted block f90f153ba1b8254eaa420bd7875d96f1b25e8e557c5a8fcebc5b7cab4f8741c83311fa874a98d4e41f7f568db4d4d90e9a2239949a8e70152ec3b1ea07cd0dbb via relay
2026-08-09 21:10:28.831+09:00 [INFO ] Accepted block 4dc1cd1415c45dd1bf06e9e8ddb654154481b546c20b1b1147148207a62ff7752bd926f02451a0bbd3c8932b14c03ec4480bd0328f12020cf1563e29dbb5b36a via relay
2026-08-09 21:10:30.493+09:00 [INFO ] Accepted block 95298520fa71ae28207a7ef382386608f3c49cbe5b524140b0b70fa2029e2af90dd18072a74259da0870803025c23b003a5f36fb6dead95de3d490f38f0bc3d3 via relay
2026-08-09 21:10:30.571+09:00 [INFO ] Processed 6 blocks and 6 headers in the last 10.00s (6 transactions; 6 UTXO-validated blocks; 1.00 parents; 1.00 mergeset; 1.00 TPB; 0.0 mass)
2026-08-09 21:10:30.571+09:00 [INFO ] [ibd-perf] 6 hdrs avg: validate(A,parallelizable) 100.1us | commit(serial) 300.2us [add_block 19.1 + db.write 87.3; held-lock 166.8] | f_serial=0.750 f_reach=0.048 | parallelize-ceiling 1.33x
2026-08-09 21:10:31.649+09:00 [INFO ] Accepted block 6ffcd7efea6384b615820d10cafcdd72f6650f20882806a5c7e437fd6d7cb7edc05a616cbb66e1245788320aa0c86304146a56f4e3c5edd3c08c185db400145c via relay
2026-08-09 21:10:32.762+09:00 [INFO ] Accepted block 1fb32771a9730338690607c2b758c0aff7e9448a0b28ed28b97582f3af1bd0c00ccb5f71e3ef73cc9f833c497730d71ee6aaff38d4b567e9964736e68ffa53ba via relay
2026-08-09 21:10:34.761+09:00 [INFO ] Accepted block e6bc1dc0add50cb354968e59b1b87cedaedd201fbfbb58db320c5cb7f5255fb939d7668c9ae3c43f5d3273da317fedeee78a3228e997e9439d5fdc5ae8205db2 via relay
2026-08-09 21:10:35.851+09:00 [INFO ] Accepted block a284e60e0919fea8c870096776a641f948a8ff59720d04ef687162102b0e53d35a4d4f635a174bc0e229bbf73396dfa87497314f237aef0b38eceb461a2e30c0 via relay
2026-08-09 21:10:37.437+09:00 [INFO ] Accepted block f928099d60a618a5d41520eb0285d0ec5f0f41be019daa92852b9b0af6e6d644cd60c1dba6594d76ac570288d29b11f247e45853ecfa8de1fe980d39d704650e via relay
2026-08-09 21:10:39.077+09:00 [INFO ] Accepted block 5bb5dd66be0288ec112e14c6934d008e60d852bf89b67e85efe61598aa19379f5da8c422cc5be8395f9f8b22ade27a1788c4ff834823af1a5d8f9b561c1f6e8c via relay
2026-08-09 21:10:40.574+09:00 [INFO ] Processed 7 blocks and 7 headers in the last 10.00s (7 transactions; 7 UTXO-validated blocks; 1.00 parents; 1.00 mergeset; 1.00 TPB; 0.0 mass)
2026-08-09 21:10:40.574+09:00 [INFO ] [ibd-perf] 7 hdrs avg: validate(A,parallelizable) 88.2us | commit(serial) 226.8us [add_block 12.0 + db.write 76.7; held-lock 141.5] | f_serial=0.720 f_reach=0.038 | parallelize-ceiling 1.39x
2026-08-09 21:10:40.588+09:00 [INFO ] [validator-service] heartbeat: mode=active sink_daa=1491 bond=Active(active=true) active_set=[epoch=14 is_active_validator=true (active_validators=5)] dns_overlay=configured (stage=Active, dns_confirmed=false)
2026-08-09 21:10:40.688+09:00 [INFO ] Accepted block ee221ce31a1b15dea7d8e2f2147f086306871d317fc10881477fbb512ddaeab674e69e65c1c3f0c351c517335a63f3faea24e3467daf28cda07aad3755010a9b via relay
2026-08-09 21:10:41.719+09:00 [INFO ] Accepted block 1959bd80ff09873dcc92088e84c2461c320b48717a668a5789304245f2dc392bd6cde4a2179b1b53eeec00b74d12144856838746d4cb9ee99f571c8e38e2580f via relay
2026-08-09 21:10:42.899+09:00 [INFO ] Accepted block 4540dc50373ef254407e574daeffe3be260d21ab13472ae2311a9c4f0d67b0733acac96de61393eedd517fca5b560c3dd4bd07b3062577244f0af0274eb45c3f via relay
2026-08-09 21:10:48.051+09:00 [INFO ] Accepted block 1d63f648934f516e2d7a00f38b1640354ea15b3a4fed6c93f593ef450a9168552b565abfc33fd28d05e282ff688003b5428459dcb76cbd6c1507be5ff4ff10ab via relay
2026-08-09 21:10:49.887+09:00 [INFO ] Accepted block 3e5e7b99623b7cf42351f7f5e6db710f3cedcf2caa5130c0fbee56ac57e1773caf8ff7f7708b6685e71a435ba1b90bad1847064eb9ba1ea5119292a56bc5ad37 via relay
2026-08-09 21:10:50.576+09:00 [INFO ] Processed 4 blocks and 4 headers in the last 10.00s (4 transactions; 4 UTXO-validated blocks; 1.00 parents; 1.00 mergeset; 1.00 TPB; 0.0 mass)
2026-08-09 21:10:50.576+09:00 [INFO ] [ibd-perf] 4 hdrs avg: validate(A,parallelizable) 154.3us | commit(serial) 262.8us [add_block 13.1 + db.write 101.9; held-lock 181.1] | f_serial=0.630 f_reach=0.031 | parallelize-ceiling 1.59x
2026-08-09 21:10:51.855+09:00 [INFO ] Accepted block a6e68df1cd0d56fccd8ba7614355867b4f0625efe830fcfd38c1cde7600105646344bde920504ef201714fe13c784cdfeb5b8f5062c2b0f0340d1abd128b72d3 via relay
2026-08-09 21:10:52.895+09:00 [INFO ] Accepted block a9de2309b82ab610f9eeeda6625053539108bf20c3b8ff549523b95b6351baa99cf6b9a130b6f670ec25227bb740273a0c09796ae26be25ee17e969d581b6d26 via relay
2026-08-09 21:10:54.139+09:00 [INFO ] Accepted block 3d8a234310f5f5ed311885f3d886ce365391e286f7523a249b7d0408ba70638092f918f826f59db8ca2ff062fa61fad79ed6f6557c605bf51fc1720607790607 via relay
2026-08-09 21:10:54.560+09:00 [INFO ] [vlt-shadow] sink_daa=1499 0 validator(s) with credit; 0/14 epoch(s) would reach quorum; newest epoch Some(13): W(E)=0 signed=0 snapshot_root=83c1af5c4df334f1fc91b924dd14524bda2123f910db8411bd5be850fe22b8b4998fbbb1ffdac75869106b2429b50232d33af433bbaa9c1591f6ddc3d7a98d7d — the weight fence is at 18446744073709551615
2026-08-09 21:10:54.560+09:00 [INFO ] [stake-score] sink=08f0435d1155ee17b17014505fbd06284ecef0f82ba2860b23cd08b25019a75b804da73e36515f3c3ca3b04c72ddb85d5d2cc06cc8e33f7f7eee26ce1c96d2fb sink_blue=1500 credited 9 attestation(s) over 14 ready epoch(s) → stake_depth=3000000000 (rollout=Active, health=Active)
2026-08-09 21:10:55.564+09:00 [INFO ] Accepted block 08f0435d1155ee17b17014505fbd06284ecef0f82ba2860b23cd08b25019a75b804da73e36515f3c3ca3b04c72ddb85d5d2cc06cc8e33f7f7eee26ce1c96d2fb via relay
2026-08-09 21:10:56.610+09:00 [INFO ] Accepted block 7476f464cd6c523de1e55c9fef7fe61dc525dbed1ab218d93914b86c153c6df8289a7c5b73ff45c327e412e5a07c6e28f5ab9fd7c26954c3edefc2561d6d8432 via relay
2026-08-09 21:10:58.575+09:00 [INFO ] Accepted block 93451788f3219345a7a01872278850fbfc80439e3f9ac82f0c7bc7b1d943017220ebc97e93c8ab00a77133f32687ae58c18f51c40c79493473aa4f4dee2f7aa2 via relay
2026-08-09 21:11:00.578+09:00 [INFO ] Processed 6 blocks and 6 headers in the last 10.00s (6 transactions; 6 UTXO-validated blocks; 1.00 parents; 1.00 mergeset; 1.00 TPB; 0.0 mass)
2026-08-09 21:11:00.578+09:00 [INFO ] [ibd-perf] 6 hdrs avg: validate(A,parallelizable) 119.1us | commit(serial) 244.9us [add_block 14.6 + db.write 105.0; held-lock 200.7] | f_serial=0.673 f_reach=0.040 | parallelize-ceiling 1.49x
2026-08-09 21:11:01.737+09:00 [INFO ] Accepted block 75f8044ba5b32fd58770c9f43d2e6b00f570835efa9c5d171abaae9024c2b74e032de582788c22409a8e926d385017b5d13440bc8b661e9cc6974f9e294f1e9d via relay
2026-08-09 21:11:03.735+09:00 [INFO ] Accepted block 8a6a862c99da467616d41b80ace23f99b546357730d28939012fa2c844502f6f27e9fbc3653236a3b410020e840d724680e241245a10fed444e5180a4892138d via relay
2026-08-09 21:11:04.863+09:00 [INFO ] Accepted block 59531e3cc0941b9788614327b024e020308c229d7a3047260e0ddb4113154db08d49c8130e06ead77db2c6d133b9070cbb7ec7d32eb87fa67195f2a9a958014f via relay
2026-08-09 21:11:05.896+09:00 [INFO ] Accepted block 451d599f70d18f00a9806a3a54fb05cd5a06dfb68445967466b02eafd097b029540168d1efb191127971f1dc14451de96eb6822ee12a52722a9395387fd9caf5 via relay
2026-08-09 21:11:07.004+09:00 [INFO ] Accepted block 97b5a8b9b7c0b32515974f4b8b466c0227a6da5d3979fa543fbe0d7931371d6d47de54ec99f58b96d1fe63a2b136353ef02bbdc9fe71a16668d72cc5532fa33a via relay
2026-08-09 21:11:10.455+09:00 [INFO ] Accepted block a6098973d55fd828c37e33a94573c53cf0245a782d2fd0ac6d7035984ae1f4b84708994d791653c118ed783e451e924b4fa51233ee73e0531c6625be73f836c5 via relay
2026-08-09 21:11:10.580+09:00 [INFO ] Processed 7 blocks and 7 headers in the last 10.00s (7 transactions; 7 UTXO-validated blocks; 1.00 parents; 1.00 mergeset; 1.00 TPB; 0.0 mass)
2026-08-09 21:11:10.580+09:00 [INFO ] [ibd-perf] 7 hdrs avg: validate(A,parallelizable) 174.8us | commit(serial) 321.5us [add_block 16.0 + db.write 115.3; held-lock 224.9] | f_serial=0.648 f_reach=0.032 | parallelize-ceiling 1.54x
2026-08-09 21:11:10.598+09:00 [INFO ] [validator-service] heartbeat: mode=active sink_daa=1508 bond=Active(active=true) active_set=[epoch=15 is_active_validator=true (active_validators=5)] dns_overlay=configured (stage=Active, dns_confirmed=false)
2026-08-09 21:11:11.519+09:00 [INFO ] Accepted block c1fb1c10814d17c93581230b72ae632ffaf2380b183163e33caaaf4d6b10e9a772638c00ece86f1fa2708f1c135f583ffac54dc1f0d9321a953fd46085777f96 via relay
2026-08-09 21:11:12.683+09:00 [INFO ] Accepted block a552ef8d2fbace58a984a02e3c890a6127ba788ba1b510a5e65dc269768aead1f91a3b57ec181e0fbeb4798e81491cd538991ec2ae0dbcdf1eb929ea031bbe38 via relay
2026-08-09 21:11:14.452+09:00 [INFO ] Accepted block 3faea94e8db39e2f1617990e506dbf5c558aca3dc6f36487209ad2c4fb5532199428bc513181c32847ccca7c62da332301f0f30045b1140d6bf054ce05b98e79 via relay
2026-08-09 21:11:15.574+09:00 [INFO ] Accepted block 8d686584f3293259dc0d435723aff62ec583d3e4ec88289352b7c64dfcf1cd550cdbb1ad13c821aa1c98930301da1faccd86d2ea18292edb5c8b6f847b119d44 via relay
2026-08-09 21:11:17.173+09:00 [INFO ] Accepted block 00d7b403dd632a68604560ac140b3fec7f63eb426053be25ea0e7c1ae8a6aadc48ad5b8ab608738ea1302d690478ffa1180bc72dc579a66eb00d5ef9792e6422 via relay
2026-08-09 21:11:18.974+09:00 [INFO ] Accepted block 89dfe18a0196abc78ddad2f013e2d63d444f684d4d03799081dd2954fc1edbab3b72091b52c3e40c7ee38944ce74b19639116d79da67d6746d058723f804ae8e via relay
2026-08-09 21:11:20.299+09:00 [INFO ] Accepted block c93d121e2d70ce09d6798961515aa016e56fe60e688b40fccc4e628d7d06ce0ce6981e9f18af0ea4cbb5d4ed3e91d9024b4629bb7775dcfdb72df5ab1ed565bf via relay
2026-08-09 21:11:20.583+09:00 [INFO ] Processed 6 blocks and 6 headers in the last 10.00s (6 transactions; 6 UTXO-validated blocks; 1.00 parents; 1.00 mergeset; 1.00 TPB; 0.0 mass)
2026-08-09 21:11:20.583+09:00 [INFO ] [ibd-perf] 6 hdrs avg: validate(A,parallelizable) 159.9us | commit(serial) 347.2us [add_block 21.7 + db.write 143.3; held-lock 272.2] | f_serial=0.685 f_reach=0.043 | parallelize-ceiling 1.46x
2026-08-09 21:11:22.084+09:00 [INFO ] Accepted block 27e5047f5c180491245df553b44a7197ed80393c8649f4b414e51c53055f9674f0f32dcfcdf9a42c1179f5bb5b3959b5f2a8db3497ef143c1aaf7bca78b993e6 via relay
2026-08-09 21:11:23.436+09:00 [INFO ] Accepted block 90ce84b3f5f1cbd1c4a909f5c29d0127d7f40871e3e91de67d23d84999161b3ea80893e743feac59fe03b02e20daccfab700687ff725fa55d186aaad350f8972 via relay
2026-08-09 21:11:25.587+09:00 [INFO ] Accepted block b3aa40f581ec908f83af4c61f92721ba993b4bbb0a45f38e691dc59719fd27087683d56f19d9e67b19c7be1e6b7ba97b43af1c364fe130287632d629d8db4603 via relay
2026-08-09 21:11:26.692+09:00 [INFO ] Accepted block a1e9ced6aabf1d09af979403409faf15076d35acec0c1d763e9964d577a801d7509b474a16787a2d46f67c697ca70059aa19d02e767058cf5d728ce7491b7ea3 via relay
2026-08-09 21:11:28.621+09:00 [INFO ] Accepted block ae5660220c5c5ab158d748ea444242259b39814a59ceb76a3791818bade3874e84c533c648ec864301584d1b4fd1166d711ad3c6dc919854d14acdb31c15facc via relay
2026-08-09 21:11:29.896+09:00 [INFO ] Accepted block 93b9169b0776d5b835b1a11eba1948fba3250ffdc74a38a99fd7a9d416d2bdae7785a93b185a4e753b45a30b82f84055864978b30b660a8948ee89820fb74583 via relay
2026-08-09 21:11:30.585+09:00 [INFO ] Processed 6 blocks and 6 headers in the last 10.00s (6 transactions; 6 UTXO-validated blocks; 1.00 parents; 1.00 mergeset; 1.00 TPB; 0.0 mass)
2026-08-09 21:11:30.585+09:00 [INFO ] [ibd-perf] 6 hdrs avg: validate(A,parallelizable) 171.2us | commit(serial) 281.4us [add_block 17.6 + db.write 120.2; held-lock 225.7] | f_serial=0.622 f_reach=0.039 | parallelize-ceiling 1.61x
2026-08-09 21:11:33.629+09:00 [INFO ] Accepted block c8a453c15274b90e60e072dac9f62ce66fa82a35b410d1c16dd708e7d20f9280e0e45706e66561af260a1a19a0f8fd3eac17b0ec8d245787afd103ea9a622d3f via relay
2026-08-09 21:11:34.888+09:00 [INFO ] Accepted block e96db144d979738a2553281187daee56c5e765ce08ab25ed23de3303f777c347ea933f1e61727f326ff3091588b21e5a383b2d837117518496e197f4b0dc3f0c via relay
2026-08-09 21:11:36.115+09:00 [INFO ] Accepted block dabccf52b75df0d8278bcd1e7a3a2be923afb4c19599167d3771d61e43055dc01aba3ad655b0fe7488c2ce69b546569b73f9896fa96c18edb786f0e1bce3dbbd via relay
2026-08-09 21:11:37.484+09:00 [INFO ] Accepted block 6352760eb9150b28ce5621c4b6ee28daacea80006fb9169c852da285feee75ce2fb3c2098fe08db631bd4680912bff214a0a03284437da0c5bfaa2b79c40fe2e via relay
2026-08-09 21:11:38.526+09:00 [INFO ] Accepted block d4aacb9712f73ca453188e7155915ec4339dd5abe76bf25e3fe0f9427fb1458af3388df46bce04743014efb504532d0cf848eee2b9262de56ff37b8a57a39851 via relay
2026-08-09 21:11:39.911+09:00 [INFO ] Accepted block f54d28b6c2088bac1411264a28139043385e0cde780b562cb03bf157ef5e9476be7e71ecc8e309f4c9a9ccea4c5fae4d3752c78fc99e3b4e190f05b00883fa7b via relay
2026-08-09 21:11:40.587+09:00 [INFO ] Processed 7 blocks and 7 headers in the last 10.00s (7 transactions; 7 UTXO-validated blocks; 1.00 parents; 1.00 mergeset; 1.00 TPB; 0.0 mass)
2026-08-09 21:11:40.587+09:00 [INFO ] [ibd-perf] 7 hdrs avg: validate(A,parallelizable) 97.1us | commit(serial) 297.8us [add_block 12.2 + db.write 79.8; held-lock 148.5] | f_serial=0.754 f_reach=0.031 | parallelize-ceiling 1.33x
2026-08-09 21:11:40.608+09:00 [INFO ] [validator-service] heartbeat: mode=active sink_daa=1527 bond=Active(active=true) active_set=[epoch=15 is_active_validator=true (active_validators=5)] dns_overlay=configured (stage=Active, dns_confirmed=false)
2026-08-09 21:11:41.074+09:00 [INFO ] Accepted block 38d42631997512ca7dd5e359af64ce00431ce9f90378b50e2048565299e47392f7946ef41774be31f97122752665a67d4f2f65fe8fb0a1fa1c4890c6daf94b1b via relay
2026-08-09 21:11:42.240+09:00 [INFO ] Accepted block c89ed770a12dca0c4053e3b28efb9ec7ce025b65996d1b8f584666de507cc799d358dee667fd24d5685fa79fd47593d7906cd28e13a5813a0bd027b5cd67df2b via relay
2026-08-09 21:11:43.786+09:00 [INFO ] Accepted block e0a6e34e1aa54f2c958b4d124a410018a890a3991b4b2bf6bccdfe8aeec9d8014ce4e1d1b839233ddb826a3c6c4fa49d378b1cb3ab071cc2ae46ecd4203b0243 via relay
2026-08-09 21:11:44.839+09:00 [INFO ] Accepted block ae0fa505eef291490404469ee78ff9fe89d7bfeefdfd6b0e3abdfff0242ed24863b44613b97570ba7c4ec156e108b553737509d8b4fe8f83a7e2175b4e0f239c via relay
2026-08-09 21:11:46.063+09:00 [INFO ] Accepted block 892ff86ef524beb68cb93e1c92d744d502c789e5b2eced0fdd81e3708edc4e8329a81e24993ff98f80a684ec92c0ab491a6fefd77de1da09cca78b37c50e6178 via relay
2026-08-09 21:11:47.449+09:00 [INFO ] Accepted block e828f27300eaa4acc71ce3703b350bdbcf09fbd7f2b003eeb2e5be950b81ee83c6232add1a30478581fd32aa2b4f01e7252b0b3c3432b4194958ca68753114dc via relay
2026-08-09 21:11:48.501+09:00 [INFO ] Accepted block 8937a8025529bdee41a46606d6e35cf4c40d678ffe145197d17d14dcdd38aad5923548fabc3d2f8e3dba81a400ba4125605a222f02d1bdf6abd4c95315ca15b4 via relay
2026-08-09 21:11:49.623+09:00 [INFO ] Accepted block e88ed982cfaf70fe05b6ff3d8b05f54b4ca0ad7df776e545e6430bd42752fdb8e5cbb3ea3c636f5a4004e7b92fc23a009a266ad1ef57c6e0ef3f79dfa95915fa via relay
2026-08-09 21:11:50.589+09:00 [INFO ] Processed 8 blocks and 8 headers in the last 10.00s (8 transactions; 8 UTXO-validated blocks; 1.00 parents; 1.00 mergeset; 1.00 TPB; 0.0 mass)
2026-08-09 21:11:50.589+09:00 [INFO ] [ibd-perf] 8 hdrs avg: validate(A,parallelizable) 89.3us | commit(serial) 225.0us [add_block 13.2 + db.write 86.0; held-lock 159.0] | f_serial=0.716 f_reach=0.042 | parallelize-ceiling 1.40x
2026-08-09 21:11:50.654+09:00 [INFO ] Accepted block 5c2513f6baef7403c7c82d8c73567a5f0e79c7e57ded06c189d34a5ae5109d293150467b92aa5ac7facd493ce2d48e32378eda6473536725922f729e95fc9372 via relay
2026-08-09 21:11:52.491+09:00 [INFO ] Accepted block f3baf9d3e69c8a348b3719358a681918d5144704f3deeba3822d99372fe26d83c656cfd38afe96fe76d8f213515f0e22e29f775a06be38065563efff7f414651 via relay
2026-08-09 21:11:54.455+09:00 [INFO ] Accepted block dbb1b8a2f202f43c71bfba3f7ad792ce3ef2ec7fe9afe08433fb6afbad06ec47c983fdf58ebc5be332085570716e13ff789202147517192c0b3d987200f1e707 via relay
2026-08-09 21:11:56.551+09:00 [INFO ] Accepted block c50b96e6c13346c7213bff0079c525b5be7a3d02d6bad86cf4bd53191e87cc0a0353595bc97efb9fd86218a7a192af5b70201ea8e4116e43a20f44b28098105e via relay
2026-08-09 21:11:59.466+09:00 [INFO ] Accepted block c50955e3b12f8bcf81e3fc231554c61a1a9578e15497609fa98fc0ac380ab1307bb4c06116a5b727ebac0b6a9be3d8ba715c45c9ea357512c3b0097c82462619 via relay
2026-08-09 21:12:00.591+09:00 [INFO ] Processed 5 blocks and 5 headers in the last 10.00s (5 transactions; 5 UTXO-validated blocks; 1.00 parents; 1.00 mergeset; 1.00 TPB; 0.0 mass)
2026-08-09 21:12:00.591+09:00 [INFO ] [ibd-perf] 5 hdrs avg: validate(A,parallelizable) 86.4us | commit(serial) 347.9us [add_block 15.0 + db.write 195.6; held-lock 279.4] | f_serial=0.801 f_reach=0.035 | parallelize-ceiling 1.25x
2026-08-09 21:12:01.589+09:00 [INFO ] Accepted block 3e5857e9f5ea256c752682bd91957d119ce55d0037f5ce7540ad01974082ab20b5f7a0af3fc3b6ed413b94a71cbccdc31f480296098c37952b9f9382f3d08c56 via relay
2026-08-09 21:12:02.971+09:00 [INFO ] Accepted block a9fb34432d98f632fb2d8d44ef3d661fc0f1b850810a239883738f3883d90e2110f01098dc7d5ef0f6421e0b1a19bc99ae88bfa06d10a0ca1bb30a4c0acb7325 via relay
2026-08-09 21:12:04.740+09:00 [INFO ] Accepted block 0a9740b5eb77865d899c01abfaf7d4577ea126462a7022af8515be69da556f5655fbd7a598d6d597c1aaaafa84036a395f46d0610fa725cca66a8fbec811f4c1 via relay
2026-08-09 21:12:05.786+09:00 [INFO ] Accepted block 2d073963f95142746e3dbe19a9a3293bdef48bdd97e676fbc4ce558bc2cb2b38e891068fafabbca6104d963f346e30d7ac9b1009909a58385d146d4a33534427 via relay
2026-08-09 21:12:07.770+09:00 [INFO ] Accepted block 691a73b05e416c6d5bb70f75192a485a5169c70251df039d5f90b88a7fb0365a4f5c649a4bc359df5dc716aeaa708a10248043bb5d603993d33dc2fb4b6f8e7f via relay
2026-08-09 21:12:08.803+09:00 [INFO ] Accepted block b004dc3cacfc4e90e888da162be94f760d9bd5b958643e321a136b1f0b8a4d2720b04afe7f3c34c14bd330360bff5341d41acc3ae1d4411de3c99b13c64111cd via relay
2026-08-09 21:12:10.315+09:00 [INFO ] Accepted block 5a4b0ac9a5bd031a53ef855e20d80757052c453cec7642ac1cce3f34e615a0df18b4fd8192ef0379b20fe738ba0bdc4f19e1ef3acfd087940dcbcc0ad93de19e via relay
2026-08-09 21:12:10.592+09:00 [INFO ] Processed 7 blocks and 7 headers in the last 10.00s (7 transactions; 7 UTXO-validated blocks; 1.00 parents; 1.00 mergeset; 1.00 TPB; 0.0 mass)
2026-08-09 21:12:10.592+09:00 [INFO ] [ibd-perf] 7 hdrs avg: validate(A,parallelizable) 93.9us | commit(serial) 175.1us [add_block 10.9 + db.write 76.5; held-lock 140.7] | f_serial=0.651 f_reach=0.040 | parallelize-ceiling 1.54x
2026-08-09 21:12:10.615+09:00 [INFO ] [validator-service] heartbeat: mode=active sink_daa=1547 bond=Active(active=true) active_set=[epoch=15 is_active_validator=true (active_validators=5)] dns_overlay=configured (stage=Active, dns_confirmed=false)
2026-08-09 21:12:10.624+09:00 [INFO ] [validator-service] submitted attestation shard tx 9744364a38a1f9fb4d12824176e86a121eb4e1b6e1aadd506dfdd8fc5fbca6f5df8d82fdf552289c930aae1d977d337e7c89dc3efabec87a0fa1443bad8ce818 for epoch 14
2026-08-09 21:12:10.627+09:00 [INFO ] [validator-service] compute: job finished in 14.541µs
2026-08-09 21:12:10.630+09:00 [INFO ] [validator-service] compute: certified job 2328ee12041909b10982db737229e441b4be70f39d7e123bb70635d62a1d21fb5e320c46b8a62e613cc0ffbd26303d478ddb80a9dc1a5a5d098238bcdb124df9 in epoch 15 as tx 0d3aadddc76d469575b6981db16b76f8bf21763e01160679e45648eaa7725fa539b9e3b0ca384bb8ab198c06a6677a349d3cdbd9d768ff927206b46ddb128b64 (R_j=74c0ab46b072f3e68e048c08bb0c62fce39d32db14988f1fbdd114ba6c60e2d29851062360a125e9dd756dd25d296eff180cd2d82e224bae8b62c78171b92639); awaiting verifier verdicts
2026-08-09 21:12:10.641+09:00 [INFO ] [validator-compute] fixture quota: 1/1 job(s) certified (1 claimed)
2026-08-09 21:12:11.386+09:00 [INFO ] Accepted block 3fabd2d4cd607661e9f6dfcecc9659216d59c5f1e1ae793876b9a5a73de11796ad2d3d1db03c0f0d12b33ab00e3ef93ca31d1ac482e73bd34dfb291475772752 via relay
2026-08-09 21:12:12.981+09:00 [INFO ] Accepted block 60c2d89aaad4d74811f6c422a5a86f70c60f5be82c07bc803e8f20c957a28f7c1ed845e4aa8eb684c1188da1d2ac7b24b329743fea93465fbca3697392f3b9a9 via relay
2026-08-09 21:12:14.254+09:00 [INFO ] Accepted block 37ace3f3774c3a6434ef742dc11826e4800341cd7127601e47bb6a67d87c899687ec40b86a584e252c9103f01cfc0122bc4421c78135d7c63bc8bbe7326acd7f via relay
2026-08-09 21:12:15.470+09:00 [INFO ] Accepted block de2db88443b0ff9e9b206649b254ad0d923bcf1d6520e92f294b49a5c1084a10214e88db532a5799f72e4d80eb48640316f6d0af2b0832ea970f5398b08cbe94 via relay
2026-08-09 21:12:16.490+09:00 [INFO ] Accepted block 957d6bb47e6b4da49d981c047fd2e746b67591bfee11020e2ccbee5e5a9606bc37332094a11a9518539988b7017c5c2d6ac7e09de91545af2692dd85b68c418e via relay
2026-08-09 21:12:17.892+09:00 [INFO ] Accepted block 43ef1167ae716d3d816dfa45309038c92947343e4065433cb235f223d6942fb0269fb6eeb6e07642f9a1fa42a7553c2bb1ff35cb9eea42cc63e18cd3e8392952 via relay
2026-08-09 21:12:20.017+09:00 [INFO ] Accepted block e184a92339d55deec314185bdee8d156603d1abe6ad1b341a3f829cdcc358af5327708c85337a5de9358e9b453b51dbdead30d9b8d8137474f31585ed8d21f83 via relay
2026-08-09 21:12:20.588+09:00 [INFO ] Tx throughput stats: 1.00 u-tps, 100.00% e-tps (in: 1 via RPC, 8 via P2P, out: 10 via accepted blocks)
2026-08-09 21:12:20.595+09:00 [INFO ] Processed 7 blocks and 7 headers in the last 10.00s (17 transactions; 7 UTXO-validated blocks; 1.00 parents; 1.00 mergeset; 2.43 TPB; 72137.1 mass)
2026-08-09 21:12:20.595+09:00 [INFO ] [ibd-perf] 7 hdrs avg: validate(A,parallelizable) 103.9us | commit(serial) 265.2us [add_block 14.9 + db.write 93.0; held-lock 180.0] | f_serial=0.718 f_reach=0.040 | parallelize-ceiling 1.39x
2026-08-09 21:12:21.414+09:00 [INFO ] Accepted block 26eccc08fc3ebd518f626ef443024a21a517b0e8eec1c20c7e315f9181a4f964a09aa30cdba8ec96ceb54e583285297f828bc7588b9df48b7845ad0db7b505e7 via relay
2026-08-09 21:12:22.667+09:00 [INFO ] Accepted block 243e8e8303036fa8f34796e7fb071a730ed4d7300c25a520219ef5006554118c5eeb3c54890f1e7c28bc7bf98af01e7784983f2a7be5537bf2b15ec2fbe27e31 via relay
2026-08-09 21:12:23.753+09:00 [INFO ] Accepted block 5d67e00425f3725f6c3de3e19a43fd950e7ffb0be0f9689642e921242cb37541f1817914fe06971974f91c54b94c5ee5714c43b2d1ca89e97dbb62ec6fe20651 via relay
2026-08-09 21:12:25.494+09:00 [INFO ] Accepted block c7604a2ecbd94cbc29982f61e5b6dc1dc4f96b7e0cacfbf95b4522e32afb0a7614b6d007d1ee89d5a647923b2a78f13243f019995d95ba56ebf19ad4aa3265e7 via relay
2026-08-09 21:12:26.565+09:00 [INFO ] Accepted block fc7c0faf40100f447625402461bd0065f0d13448a2c1af82ef3f1d52efed91f5d467ad21d494642cfcc7ab5c26c4c80c2be95dc4d7618aaeb832b7281899abdf via relay
2026-08-09 21:12:27.761+09:00 [INFO ] Accepted block d93c8fff2eb9459e7d3add7223892aa0182aaefc5a9e8efc983e281c5c96a9a530bf280730768d0d3c28a66666eaf9e4ce0c6f3ec1c4c9435649e178c519b291 via relay
2026-08-09 21:12:28.848+09:00 [INFO ] Accepted block d34031bdac66b7039b215ee5b50f770b2add51b5348697bdb31b15ce2b180b39667f61832bd2c92e2bf864dac225af4f06b8f6757b4bb67f5b26154d1e6da3d4 via relay
2026-08-09 21:12:30.597+09:00 [INFO ] Processed 7 blocks and 7 headers in the last 10.00s (7 transactions; 7 UTXO-validated blocks; 1.00 parents; 1.00 mergeset; 1.00 TPB; 0.0 mass)
2026-08-09 21:12:30.597+09:00 [INFO ] [ibd-perf] 7 hdrs avg: validate(A,parallelizable) 84.9us | commit(serial) 234.7us [add_block 10.5 + db.write 85.1; held-lock 150.2] | f_serial=0.734 f_reach=0.033 | parallelize-ceiling 1.36x
2026-08-09 21:12:30.972+09:00 [INFO ] Accepted block 070d003f064c6b1ea45d5192d6e3b9a2a16b2c81fbac33a641fe7fd3c427a86b21b94c6c1eca0fe43ea3c1756f62af6c61c86331cf5b36d33afeee2273e8fa20 via relay
2026-08-09 21:12:32.152+09:00 [INFO ] Accepted block 34f4872e7deb96a6b179d98d77524a08de75573bcebcebd3a97d79c3d7b3484be0db8dfcdfd5f9b0bf19c3a7347b528b0794c428c20210b63a54f72bdad20c63 via relay
2026-08-09 21:12:33.634+09:00 [INFO ] Accepted block 268fb7a0360971867c6fec6a67f683537b186d9e65809de317d2735e2b669d0cee914f2b1c8fc8a4a019716946937f2ddbe714544a0b729e3da9c72596ce61fc via relay
2026-08-09 21:12:34.678+09:00 [INFO ] Accepted block 59764c2983ee12e1a267a513c4de883883f4e2bc650ee669c53d1e5f3f69e97d078baa65f639ae8478596f5bfce1a0b677067970a408a178ce3e5983884514ed via relay
2026-08-09 21:12:35.985+09:00 [INFO ] Accepted block 0ab49f5f803e3feda91e4b694df798fdd835bc0defec0d44771197ff59fed9b537e6997bfb3b17c13836456f1aec9e8659d72d7975888822cf720dc34e087c6f via relay
2026-08-09 21:12:37.267+09:00 [INFO ] Accepted block 11be5fc8d98fba60c3f6141306de78fc3bd3836b287bc234c3b7d031844cee534f18e3f1da8c180c0098b5e0b26f63937a1c0b05a6ca220654a382908bf5bc19 via relay
2026-08-09 21:12:38.628+09:00 [INFO ] Accepted block 0586e72bfca82609088cb16ce09ab793b4a1c41d8bf8d3c811f15c1f8262a37acb63864ccb89b15bd53a9a8c9de49e55c225524de89b021e1ce7889bf9557748 via relay
2026-08-09 21:12:39.884+09:00 [INFO ] Accepted block b4485028098b4731ddb3c03c7b4803145deb4d0a9b9992f4b9e3aff8b844335a6ac8e7461da384df295293c98ad082539e7ec7ea98b9def269e9bc6d0b36e3cd via relay
2026-08-09 21:12:40.599+09:00 [INFO ] Processed 7 blocks and 7 headers in the last 10.00s (7 transactions; 7 UTXO-validated blocks; 1.00 parents; 1.00 mergeset; 1.00 TPB; 0.0 mass)
2026-08-09 21:12:40.599+09:00 [INFO ] [ibd-perf] 7 hdrs avg: validate(A,parallelizable) 108.7us | commit(serial) 252.2us [add_block 13.8 + db.write 92.2; held-lock 189.7] | f_serial=0.699 f_reach=0.038 | parallelize-ceiling 1.43x
2026-08-09 21:12:40.646+09:00 [INFO ] [validator-service] heartbeat: mode=active sink_daa=1568 bond=Active(active=true) active_set=[epoch=15 is_active_validator=true (active_validators=5)] dns_overlay=configured (stage=Active, dns_confirmed=false)
2026-08-09 21:12:41.758+09:00 [INFO ] Accepted block 8e7894a3762c238822109174e8b87482329d2d06039220f3902cf339a9cd44a1b1f3420dc936566269d4503d3a12d7e396dd89e1ca835dfbd8f8418bf319b105 via relay
2026-08-09 21:12:43.228+09:00 [INFO ] Accepted block d8f13bbe14622a0e88257bd30c6e1ae0b7edf44485d23afb77a64f789770c6c8850e8cdeecca08aa8f5b5243267f887310749f9bcd49fe9b2c5267464025faf1 via relay
2026-08-09 21:12:44.750+09:00 [INFO ] Accepted block 2fd815bc7c2ae5a42d5077e72448a6b95e6bb335dd7ee047ed3852fb10d8f47dc8c0cd239af60c09efdb2ca9ee2d98b12af4468007b3def33ac93211c0bde930 via relay
2026-08-09 21:12:45.847+09:00 [INFO ] Accepted block 9ec8c8d2a6104989a897e52a61330057af1102e5355c86cccc04585a6d6ea723d86e707cb37ff424634a07f09190a12c322532e85d89e0fc98ecc911372fc7be via relay
2026-08-09 21:12:47.182+09:00 [INFO ] Accepted block c26a14bce7cde58132e5e1416480aa452b386b43200d4934216bf0427959c54aa681d6d46996d8a4849bb338f4cc4c43619c5748672c43c3525c2e1b3109c64c via relay
2026-08-09 21:12:48.457+09:00 [INFO ] Accepted block 73bd459f392c2843a4911ca4df65d639bd2d5da37e25aa9d33bfc38b84476e5a1706c55eb39f7533cb9468f011a5d49af5365f92a675e60c3f4785c1feb17106 via relay
2026-08-09 21:12:49.741+09:00 [INFO ] Accepted block bec0d7943dd3971316fcc9b853914b854784848c6d88180cab7dd77aefd8cf1045588254253db45f10845040078c0f974d8df93f82e27174681f056b54d53718 via relay
2026-08-09 21:12:50.600+09:00 [INFO ] Processed 8 blocks and 8 headers in the last 10.00s (8 transactions; 8 UTXO-validated blocks; 1.00 parents; 1.00 mergeset; 1.00 TPB; 0.0 mass)
2026-08-09 21:12:50.601+09:00 [INFO ] [ibd-perf] 8 hdrs avg: validate(A,parallelizable) 91.4us | commit(serial) 270.8us [add_block 13.6 + db.write 88.8; held-lock 169.1] | f_serial=0.748 f_reach=0.038 | parallelize-ceiling 1.34x
2026-08-09 21:12:50.875+09:00 [INFO ] Accepted block 9b3494039cc65981f6e69cf2c80a2a989598695df8160641fba823e29eea2908a1e0a57ed15dd2d12bd74c2675db930b86e5365ea7872f008f40f83dfc78725e via relay
2026-08-09 21:12:51.963+09:00 [INFO ] Accepted block a3183f6cb0e9b34f17e1fdb917f6d8e7ff706f8f39b33b800453eefa38ea3936d6c4eff9e00626fab90e7fa609d3b264500bd3b537be4431ff085e4a845cd03f via relay
2026-08-09 21:12:53.252+09:00 [INFO ] Accepted block 38b580c79a055e186ce83e40cf3c4ce2e0692b58cc6ea45858376555e23d02f62a9d960af9cc4f7287387409018b249e9c0df9de518b18798fb009aabde50c2e via relay
2026-08-09 21:12:55.123+09:00 [INFO ] Accepted block 4bae45808b3333ed4eaa7d6c49e378863181683290498a48e0371e09d5124399e573a9c7852fb87a9e69806542db812c6190c4eae66d8d92d9ab46921ef7bfa6 via relay
2026-08-09 21:12:56.523+09:00 [INFO ] Accepted block 9171187d40b0c910617c26c59a82b01ff1316c81ea12ab5a4c0feb832c39677e442518036523169c49fce8869761f039c7c7abe29537293f7e606a2949c839c4 via relay
2026-08-09 21:12:57.750+09:00 [INFO ] Accepted block 3cea71d82cdc17fa2ded852631356f2db9b7cfa8ceacf3fa2df2e2641448f3674d700252ae4df0315199ffc7f7f4e220951a49c0126440a4d7b74ea209c7ebc5 via relay
2026-08-09 21:12:59.678+09:00 [INFO ] Accepted block 5fc338b5f46b9e3b9e130d66d9e0d9355979c6789fe447254241450b5ae2a59180e3cfa2c55916444f7244fa468abb67a2889a009a73e786e16f81e41b622b11 via relay
2026-08-09 21:13:00.602+09:00 [INFO ] Processed 7 blocks and 7 headers in the last 10.00s (7 transactions; 7 UTXO-validated blocks; 1.00 parents; 1.00 mergeset; 1.00 TPB; 0.0 mass)
2026-08-09 21:13:00.602+09:00 [INFO ] [ibd-perf] 7 hdrs avg: validate(A,parallelizable) 82.9us | commit(serial) 253.2us [add_block 12.4 + db.write 79.8; held-lock 145.3] | f_serial=0.753 f_reach=0.037 | parallelize-ceiling 1.33x
2026-08-09 21:13:01.010+09:00 [INFO ] Accepted block 90a5e36571ab048ae56a1e474329d7db417db15b5e48f7184541ca5cb9c95d27705fddc697f9dfd42dfe02bfac87e7233b2e678e123468478044e4a62d62378a via relay
2026-08-09 21:13:01.513+09:00 [INFO ] EVM lane KPI (O9): 256 chain blocks, avg mergeset 1.00, avg accepted-gas utilization 0.00%, 0 deposit-claims applied (cumulative)
2026-08-09 21:13:02.523+09:00 [INFO ] Accepted block 3ca664485fbc0fa7d651dbbfa0cf1f0fc3d041b4e60530fdf28f122ae72278221b9c1d77cc174bd33fea74d4347e6b5f51b663a6ee9b73486db601dee57065ce via relay
2026-08-09 21:13:03.719+09:00 [INFO ] Accepted block 8f4f7be47fe39168d25b507bb01074fd3512578db58c7231b1f01c5ad3fa911d32843add0a0facdefbf2cf760c6e3075c6bdf1ba437dadb2f236d8c260a8b948 via relay
2026-08-09 21:13:04.772+09:00 [INFO ] Accepted block b8193d47f2b033823d15d5e3bf1cdfcc46037bd9a43dc2a0bc7c1eb21c193a85c5a934ab46948c168bae71e60b0c96706908752ec0e93912de73e2b5bfe3a1a0 via relay
2026-08-09 21:13:06.300+09:00 [INFO ] Accepted block aa30df04f66656ae7fab6bc837e77f541bb19aa79c47463e9a5da7db8d9afb2b184bee42e32874436e9c55512fb12d2e012f73305c5585152982eb11ba1ac919 via relay
2026-08-09 21:13:07.348+09:00 [INFO ] Accepted block f5cf09be7bd79a20440e23290192c9010fa9e805af3d60133241bc9788ffdc562b4ee9e536f8f63e0c00415969f7c4b58de8cda367e52d60a3f282c1ab83b1b5 via relay
2026-08-09 21:13:08.390+09:00 [INFO ] Accepted block 687ef253e104f8bc21526b808a669d0489a7428fe3055a205ab8f1a7e6f904cc13f0deabc6d01ff1ae64de05e34f8bd0fdcb2b1908cfdb86e88f485325b0fcf8 via relay
2026-08-09 21:13:09.718+09:00 [INFO ] Accepted block 0bfc74c2bf155555815aa4a2f24ad0f30b8698ce3824a697cff09b23e2adbda6949e48c9395b640f04a1802c919e773f47ad79b693623c7d131d5fd5d9e544c2 via relay
2026-08-09 21:13:10.603+09:00 [INFO ] Processed 8 blocks and 8 headers in the last 10.00s (8 transactions; 8 UTXO-validated blocks; 1.00 parents; 1.00 mergeset; 1.00 TPB; 0.0 mass)
2026-08-09 21:13:10.603+09:00 [INFO ] [ibd-perf] 8 hdrs avg: validate(A,parallelizable) 103.6us | commit(serial) 193.2us [add_block 12.2 + db.write 86.3; held-lock 158.4] | f_serial=0.651 f_reach=0.041 | parallelize-ceiling 1.54x
2026-08-09 21:13:10.654+09:00 [INFO ] [validator-service] heartbeat: mode=active sink_daa=1591 bond=Active(active=true) active_set=[epoch=15 is_active_validator=true (active_validators=5)] dns_overlay=configured (stage=Active, dns_confirmed=false)
2026-08-09 21:13:11.049+09:00 [INFO ] Accepted block c536acc3cb62854bf1c5e2ed24d96d1d477fa44c5840c0409cd7f8decdb5b6c12436cecd4945db8632300525e78ec52c635adc0b85a73a6eb30ade4b811c6dd0 via relay
2026-08-09 21:13:12.317+09:00 [INFO ] Accepted block bbbfb4bc0bef6ed1376efe90e35a9b1822406076dfb191cc582c92449694367cfc08942532d7979630c6344356cbac4eb6509f1a2d4ce70fd51fbb3422231a80 via relay
2026-08-09 21:13:13.923+09:00 [INFO ] Accepted block 26533101364604211d6504bf19b323389fcd5263896bbc09037819f490ab63f231c23b9c0676a26615813a396b6a2c0d41729ad5b0cfd2e2a7664ed1d2fbb57c via relay
2026-08-09 21:13:15.426+09:00 [INFO ] Accepted block c32a6d8e117beb45c0cee7da9c07da3548cd51a250fda8518e84d93ce8bbc37aabc980a795274271e009056b5e0b3ccea73bb23c6b541129d5b71634302e9100 via relay
2026-08-09 21:13:16.672+09:00 [INFO ] Accepted block f4933e026abf8d3d244fe881e898f476231037424d741aaf2405977e068154c43b43f8e7cdc1359e59a0b0cee7417923d99940a0e7f2d4f20959296c91c166ca via relay
2026-08-09 21:13:18.292+09:00 [INFO ] Accepted block 01fc524a64d981dfa0fe2a8357837415cc480bdecfbf79836f37f907d7119ab8ec88167c81882e325ffc545bd29732a78bd14f5275d419c4c993b52ab4d2ef8c via relay
2026-08-09 21:13:19.695+09:00 [INFO ] Accepted block 3ade5c112ea97caeb47f521f4036250d450abdea37f49900734c339469a297390cb3d8b03072aae11ed6813cd990afaaaf7855a00c7a837bc1a4afeb9bb5f546 via relay
2026-08-09 21:13:20.604+09:00 [INFO ] Processed 7 blocks and 7 headers in the last 10.00s (7 transactions; 7 UTXO-validated blocks; 1.00 parents; 1.00 mergeset; 1.00 TPB; 0.0 mass)
2026-08-09 21:13:20.604+09:00 [INFO ] [ibd-perf] 7 hdrs avg: validate(A,parallelizable) 98.5us | commit(serial) 208.9us [add_block 13.9 + db.write 96.5; held-lock 173.9] | f_serial=0.680 f_reach=0.045 | parallelize-ceiling 1.47x
2026-08-09 21:13:20.898+09:00 [INFO ] Accepted block c17e52df54f463c02cdcbede84e921a333558be7a91b9de94c5dab17e2c8e9802487cd2cb6478ed8dc7c7c91cf1e18198c53f51ee93ec07ff8437a2a4f370b11 via relay
2026-08-09 21:13:21.020+09:00 [INFO ] [vlt-credit] 5 certificate(s) in the window, none credited: missing_epoch_anchor=5
2026-08-09 21:13:21.020+09:00 [INFO ] [vlt-credit-skipped] certificate=0d3aadddc76d469575b6981db16b76f8bf21763e01160679e45648eaa7725fa539b9e3b0ca384bb8ab198c06a6677a349d3cdbd9d768ff927206b46ddb128b64 executor=697311d4c6baec6bc376e1b07f3bb38c421b60038f6cd26c42d2dbc47bd18d4ab271af0065d920c49d0ae40b2c7ddf988fd37ac6d780e82b0e486f509b0323b8 certificate_epoch=15 reason=missing_epoch_anchor (permanent)
2026-08-09 21:13:21.021+09:00 [INFO ] [vlt-credit-skipped] certificate=401e6bd1f4471d48b3e2eef2d3d5a15e9dadb24af747cf6c28327c02c288b1ac894262b13c3fa93f4c2743f32fea8d42252ae256012f21f13a0253cf665f33dd executor=03e1f2a12936d5f299fe9c78258c3f2a0c31dba5c6522b7415b251ce8da4b4d731df7a2788ee0db5307dd2d39e5697456500cc2d7cbfeb9b239091c6a0bdc1f1 certificate_epoch=15 reason=missing_epoch_anchor (permanent)
2026-08-09 21:13:21.021+09:00 [INFO ] [vlt-credit-skipped] certificate=5ddf84538cb64a8bbef12d231a628958cd903ff4db269fc134168245a62a9e30d7b88e447334257d2fed8c12a2e3c3e89fa0b69929a84160efbf443bbc254aa6 executor=5efd716ac794897ab148eef63ad5c50a5b662b4328760d6dec9e8077553c70048a80da47f6840970d89ac6060d5f604782fa8fa529429c9dce260bd6b7e86b4c certificate_epoch=15 reason=missing_epoch_anchor (permanent)
2026-08-09 21:13:21.021+09:00 [INFO ] [vlt-credit-skipped] certificate=a985d88bca06591bf4b451b50f0b908f808bd2b686311453384a746a3c044021a436995e9eac6f09de97185d6fcf932a41936a24cfb72a77653c164a67312b40 executor=efc895024da64a059563fe77bddd079e504902bdc878d344f4b114f29d123a467051b6b52ab53453a53b5448a290138c9d1049cdf7189d91fd6e6b0cd7121ad2 certificate_epoch=15 reason=missing_epoch_anchor (permanent)
2026-08-09 21:13:21.021+09:00 [INFO ] [vlt-credit-skipped] certificate=3b5db4297ba9e49ecc1da6e69a86ee442c63891950d96ebcfd4a9c751e5f72b0b9134321072a5a18464f7547ad832c4ddea52133b3e4b2e93b9dc4af4d4620e1 executor=d444449c0afb4276e36af7c32deba158d784a49910663eb6e87601bbde34ada664eaa082323d9d992e3405216b3496508e75d856bc56793b04d636421bdb43dd certificate_epoch=15 reason=missing_epoch_anchor (permanent)
2026-08-09 21:13:21.024+09:00 [INFO ] [vlt-shadow] sink_daa=1599 0 validator(s) with credit; 0/13 epoch(s) would reach quorum; newest epoch Some(14): W(E)=0 signed=0 snapshot_root=3b1e1071cc99095e305defd1a3d849bc8a6ff12414edb0f08261ea1dd34ca964189e535fd5694469ef129e5d2f6db9ee9d02e6d820231ac50384ad8514bd6a4f — the weight fence is at 18446744073709551615
2026-08-09 21:13:21.024+09:00 [INFO ] [stake-score] sink=66d0be0c36a10d9a4e2b495f6c60e1fc0cae1d07d81d3e6056379d78504f60715842211050003913d1f8e5734705f656bb1f8c237ac08514108490654a5b5ed3 sink_blue=1600 credited 14 attestation(s) over 13 ready epoch(s) → stake_depth=4000000000 (rollout=Active, health=Active)
2026-08-09 21:13:22.026+09:00 [INFO ] Accepted block 66d0be0c36a10d9a4e2b495f6c60e1fc0cae1d07d81d3e6056379d78504f60715842211050003913d1f8e5734705f656bb1f8c237ac08514108490654a5b5ed3 via relay
2026-08-09 21:13:23.387+09:00 [INFO ] Accepted block fdf7f63d428dda6c27ab53f80fecd2c6b3cf7720e32f01c5dff53aa42327ff2463e901f2b44a7ac30e248cf46da91290149e1fef42c382b5ce1f072797e5205d via relay
2026-08-09 21:13:24.470+09:00 [INFO ] Accepted block 8e0dfa3b2c9b7236a7fe43dbd3ab54f17cfe137fb6830895c9cbab9e89987d58f47a83c6457aec782ae9d97436ed311a1ca473a328ba561ba6b831fd2dfd42d8 via relay
2026-08-09 21:13:25.681+09:00 [INFO ] Accepted block aa4830a23db3adc897a9fdbc1179649d006ea36f642608ab9ec12b80bf12edc678b1d59def2a2bf793d41399b2481f1122e2ffb3658aa0c7b8a68f73265889b6 via relay
2026-08-09 21:13:26.811+09:00 [INFO ] Accepted block 3231ab6294e0599cabbb899e0d98475100b4167a0f1550b148acfa13c3df3d3314404368d0125129fd714af0f9085b912399c2fe870a11f4e4d2360094b092e0 via relay
2026-08-09 21:13:29.378+09:00 [INFO ] Accepted block 60e2ee4417e59b51004cf48bd45f3ec7c582177d700a9c69c812084403e9c9be49ef2816d2cbd8bb5468eb04a2d297a7d47e8fa44bcad08f65f63545dcf2cd47 via relay
2026-08-09 21:13:30.606+09:00 [INFO ] Processed 7 blocks and 7 headers in the last 10.00s (7 transactions; 7 UTXO-validated blocks; 1.00 parents; 1.00 mergeset; 1.00 TPB; 0.0 mass)
2026-08-09 21:13:30.606+09:00 [INFO ] [ibd-perf] 7 hdrs avg: validate(A,parallelizable) 88.8us | commit(serial) 209.3us [add_block 11.7 + db.write 91.2; held-lock 158.4] | f_serial=0.702 f_reach=0.039 | parallelize-ceiling 1.42x
2026-08-09 21:13:30.928+09:00 [INFO ] Accepted block 1e791058e731ea14a692ddf6d3b132fdbf0bf171a9137882a91cb0da1db399e11b1bfe16c5bd94080902ffebc2672c7b3e9c18c8863832ca514b9681d37592a0 via relay
2026-08-09 21:13:32.511+09:00 [INFO ] Accepted block 6582bc2a3cc4e106f233eaddb8968dcdbb903fbbfa1069ecae3635346f87dbe69d60ad132ba21a9c298b0092961dc2cf478ca92af5d8d3b57fc6fc461aa56033 via relay
2026-08-09 21:13:33.822+09:00 [INFO ] Accepted block 75a5a50c119745449fb905eead5f147c2f8c18986cac5573f36fe1cfbdf146401b3efef46f4aa5de0141f08b2a76bb02b84c38716b48063d69f530d93c8f86b5 via relay
2026-08-09 21:13:35.527+09:00 [INFO ] Accepted block 8849a8f4ef4e8d3eeecbed44668ef928c4412a68799923c5ca002fe2b2970c1a1b82d217ddc230abaeeca18599e923ef9e4f5d51b249e6142aa94f6ccaeb06aa via relay
2026-08-09 21:13:37.678+09:00 [INFO ] Accepted block e7eac6140202f9ed5da1a3e8dd896f9fce35591ff3309e1d1664065f18a423c3dbdb61f62a8e4cef0240dc5eb50d8e5517b4a931752357298ecb4c933d39d3ac via relay
2026-08-09 21:13:39.272+09:00 [INFO ] Accepted block a56a28a17da092aea78352d774329f34964d07ec83ec4ea8f66ca2bc05e988236f58d9ef0368dcf7d386789baeac4cbd397f9869163cb3faf58d4d7b4fc779fd via relay
2026-08-09 21:13:40.607+09:00 [INFO ] Processed 6 blocks and 6 headers in the last 10.00s (6 transactions; 6 UTXO-validated blocks; 1.00 parents; 1.00 mergeset; 1.00 TPB; 0.0 mass)
2026-08-09 21:13:40.608+09:00 [INFO ] [ibd-perf] 6 hdrs avg: validate(A,parallelizable) 82.6us | commit(serial) 321.7us [add_block 13.5 + db.write 98.7; held-lock 178.5] | f_serial=0.796 f_reach=0.033 | parallelize-ceiling 1.26x
2026-08-09 21:13:40.664+09:00 [INFO ] [validator-service] heartbeat: mode=active sink_daa=1611 bond=Active(active=true) active_set=[epoch=16 is_active_validator=true (active_validators=5)] dns_overlay=configured (stage=Active, dns_confirmed=false)
2026-08-09 21:13:40.934+09:00 [INFO ] Accepted block a508cbcf751541e5c56187653eae9134fd7e0e9d615dd092fd3a012f36459ac83a27abea4ce60c8cfb66c64305b497b3b454eac535a800a756d7fbc7989261af via relay
2026-08-09 21:13:42.507+09:00 [INFO ] Accepted block be7bca9299bee124b25ec7bfbc839fe5cecabc9888ee6afe38dc58305eb70ec47db62a56f3f767582c4ed6a7620e8528308f932c5e94fff23203a23864e4b5e0 via relay
2026-08-09 21:13:43.734+09:00 [INFO ] Accepted block 5610cbcafe2980fc40506b9475ac3fda8f83c79f12426210cefeb4f4bf1b5236f497aa4876e3089fc32b3adfdbdb81d994567aca292945805e41a66472d83fc3 via relay
2026-08-09 21:13:45.745+09:00 [INFO ] Accepted block d31e5bef26f1805be58b564e568e2c9df3cae1f5ec0d5ddec0aee95d8d11ad85f27f5d331c17124103fc42fdb4a3f481fd2697ea875051d92106d299df7524c0 via relay
2026-08-09 21:13:47.062+09:00 [INFO ] Accepted block 0eaf060add91afc04df8da4f1fa073fc472e9393bcee4cd0759c60309308d8709998261e8a566000c1fc8093c2382d9a8c451c43bd4d5894f672fd784fb2a6a2 via relay
2026-08-09 21:13:48.804+09:00 [INFO ] Accepted block d4d992e43213f1f2bfce629173baca8ef43b3d9df4e4562c4d9f7ffa818b2d5909ac95cb98f63d72d6f1528875e09bef78bbd1281fcdc2a20170a74b74d9b6e6 via relay
2026-08-09 21:13:50.488+09:00 [INFO ] Accepted block 848ab48019c0186fdd376b430824e0c864fefdae6fe6d648dfc0b616e2f9ab8a80ec060d0bb0cee628faac68514e4a161a1ffcbedf617f3b3090038aa607f102 via relay
2026-08-09 21:13:50.609+09:00 [INFO ] Processed 7 blocks and 7 headers in the last 10.00s (7 transactions; 7 UTXO-validated blocks; 1.00 parents; 1.00 mergeset; 1.00 TPB; 0.0 mass)
2026-08-09 21:13:50.609+09:00 [INFO ] [ibd-perf] 7 hdrs avg: validate(A,parallelizable) 81.9us | commit(serial) 262.3us [add_block 14.1 + db.write 96.2; held-lock 179.1] | f_serial=0.762 f_reach=0.041 | parallelize-ceiling 1.31x
2026-08-09 21:13:51.570+09:00 [INFO ] Accepted block 4571000f4111eaed3f8c720e3179cf6768fc8bb74698ba2ac32eb825084fea536b2b21c935e7ff4d51a5f6e6bfa6519ebdc94c93ece73c93064778795f4eedfd via relay
2026-08-09 21:13:53.543+09:00 [INFO ] Accepted block 43462bff3c90f6b129c25a7c91ae0e7fbfa5c9f4584d590aaa5f5bc34923c394fb404035c974919ee9734307f83a8b8862a3cf0208e38aa2e9de10ab0dc4de11 via relay
2026-08-09 21:13:54.994+09:00 [INFO ] Accepted block 72adb64136afce5161f40f98b449940a0eeb45f00abfa0be8f08445094cb133cf291e8dd7ef102487ac9af2264dfcc10f89980e6fba92cf705b2629e1dc6902f via relay
2026-08-09 21:13:56.254+09:00 [INFO ] Accepted block 7633fcd8c15dd4c88abc19fb8f22bc65cc1746fed32ff96e2c46cb15b7e17c288b3f847db870901057bdd8583487528cc792fbaadda837841fecfdea4a495496 via relay
2026-08-09 21:13:57.441+09:00 [INFO ] Accepted block bcf134b2da14585e7d806be1ff7f627ddeed8a24b8f781eceaaa1f63c56c33d6cc46c265deff1caddc2fb9ed188b28764c42cda90c3408a216fa14a115514ba9 via relay
2026-08-09 21:13:58.834+09:00 [INFO ] Accepted block a45ac6849da7d6bebf0d0bf942be1d2803e5b34fc2ef246e172ba5616e43e7bb17499ca452329dc76eeaadc308b883c61f5aa35f77aebf380a246dd9e91c8862 via relay
2026-08-09 21:13:59.996+09:00 [INFO ] Accepted block eb2fca5582d3e3513792a10eb62d8818cfc6bdda6a7efca70ef32b3af331e115be85a49bd353feb46c862477bf01f577382e8d7925599d8471f90ecaf9f6f3ec via relay
2026-08-09 21:14:00.610+09:00 [INFO ] Processed 6 blocks and 6 headers in the last 10.00s (6 transactions; 6 UTXO-validated blocks; 1.00 parents; 1.00 mergeset; 1.00 TPB; 0.0 mass)
2026-08-09 21:14:00.610+09:00 [INFO ] [ibd-perf] 6 hdrs avg: validate(A,parallelizable) 83.5us | commit(serial) 200.0us [add_block 13.6 + db.write 93.6; held-lock 169.0] | f_serial=0.706 f_reach=0.048 | parallelize-ceiling 1.42x
2026-08-09 21:14:01.706+09:00 [INFO ] Accepted block 3cbb94e5332358d3be356399e5c93c18a35442a5c9f24aaa2df6d12577e7f81243242b4b72b15a04bc61dbcaf5cd24d26d823e0cd4ac42568a806808f045683c via relay
2026-08-09 21:14:02.925+09:00 [INFO ] Accepted block eb696fd82c4bfb96ab4d3996e0c004de7494a07a26b2453a5194de141fa50da59bf3502d64303b18902cca3f75b7807d0726bd41ce67541292d99a1e4f82055b via relay
2026-08-09 21:14:04.340+09:00 [INFO ] Accepted block 674bd511c19249ec62d8fb701978045646fd1c55724c115e725593bb290b86b61906c0bcaf911f89446e3d2ffb59feadd92795c3d1a1a265fd1ab01dc74e45aa via relay
2026-08-09 21:14:05.743+09:00 [INFO ] Accepted block 2fcb87332f2f3c2a05ad81eba52477d426b91a2116bdbabe403116fd938d594eb6de0f141510bb4abc215092b8e0e52ae7ba305fea57f6d4e4299d621192a4bb via relay
2026-08-09 21:14:06.772+09:00 [INFO ] Accepted block 9a45440137af4c7450075dbfcf5eebd581469caff6403c2739fe3c2d299df8097ac390d4a22f4524ac2039a4dfd785f126f264904cea1f5440ab77b739fc699a via relay
2026-08-09 21:14:08.599+09:00 [INFO ] Accepted block 83416a56d916c7c17b7109243ca7b5459362d6790b5352e5677764c730cf98af995d2ff9ba7cfa222a84ecd21c1374f8262a6772b5a459f20075afb066f827e6 via relay
2026-08-09 21:14:09.976+09:00 [INFO ] Accepted block dccc7c889ec3e77e3f4a0b2acb6a4faee118c35da390c32c32baab28cbae90b266ce51e29a8de2488173a39ca7f618d86b73724f97ce2e69782c4072ba1e6881 via relay
2026-08-09 21:14:10.612+09:00 [INFO ] Processed 8 blocks and 8 headers in the last 10.00s (8 transactions; 8 UTXO-validated blocks; 1.00 parents; 1.00 mergeset; 1.00 TPB; 0.0 mass)
2026-08-09 21:14:10.612+09:00 [INFO ] [ibd-perf] 8 hdrs avg: validate(A,parallelizable) 96.4us | commit(serial) 239.6us [add_block 14.4 + db.write 106.4; held-lock 182.6] | f_serial=0.713 f_reach=0.043 | parallelize-ceiling 1.40x
2026-08-09 21:14:10.675+09:00 [INFO ] [validator-service] heartbeat: mode=active sink_daa=1632 bond=Active(active=true) active_set=[epoch=16 is_active_validator=true (active_validators=5)] dns_overlay=configured (stage=Active, dns_confirmed=false)
2026-08-09 21:14:11.290+09:00 [INFO ] Accepted block 4247d8cb2ad7e36d1cebc822194d18925e8634cc17503199bab6c314c11933b4302cd947fa28042ffaa3bbb3f77644d3ffc0662e25b4990638aa2b4f1810a6ba via relay
2026-08-09 21:14:13.624+09:00 [INFO ] Accepted block b767136dc4037e6b33fa517e40649039ec76bdcbd754ba3bf8dc03db7714bb9ee37c7a74d5ee3a35019619d0a0955af45049fcc0ef97434a47c8bae86249c936 via relay
2026-08-09 21:14:14.891+09:00 [INFO ] Accepted block 03970531f1b6b8022c90bc78817a8fa00424ae50948b9a1ac718fc58f705c70e282250eaf9cdfd6a0084613b0beecc6df52f35ee31fac614a72973eef0a931fb via relay
2026-08-09 21:14:16.214+09:00 [INFO ] Accepted block 1979c26ccc77b0a71b77e9ec761bf9bab031e02ea1b046a937aef1e868f853fdf12ed4e494f6f57ebb04e90949845f2174aa5b5cc861e049ea421ee888ee0f8e via relay
2026-08-09 21:14:17.961+09:00 [INFO ] Accepted block ee235310ce517c06ffd5298a85a0833850eb33a7df73d33819339e29ef4c7cbbf5945071fe272c9f2bf891ca185e9f31aa825bd8e0e46d3c9963b0ab0fd323cb via relay
2026-08-09 21:14:19.051+09:00 [INFO ] Accepted block d9260508b08c3cd327141f6fbfc2dfc4a71748dd9cba94472600683bd80b10227c1ca09b00ed8bf5603acda112908f007e97ab557fa2786c4c6fb315b97a705d via relay
2026-08-09 21:14:20.106+09:00 [INFO ] Accepted block 86cfcfea5837575e4bafdf77d3db9e48df952530339d7bfbec5f9692f212054d76ff3b032692c2554416868d88b14c9b7afe7370c3f8db2fec7ae8d48537df26 via relay
2026-08-09 21:14:20.613+09:00 [INFO ] Processed 6 blocks and 6 headers in the last 10.00s (6 transactions; 6 UTXO-validated blocks; 1.00 parents; 1.00 mergeset; 1.00 TPB; 0.0 mass)
2026-08-09 21:14:20.613+09:00 [INFO ] [ibd-perf] 6 hdrs avg: validate(A,parallelizable) 83.1us | commit(serial) 195.0us [add_block 12.7 + db.write 88.2; held-lock 161.6] | f_serial=0.701 f_reach=0.046 | parallelize-ceiling 1.43x
2026-08-09 21:14:23.704+09:00 [INFO ] Accepted block ce7074829053e01cdfa0e85863a6df3546d0caf78452a5fb7f88d7a748852c2aef87d90df17f00588eafd8b81a03aa59ef94730e9f1e2b8b1aab0fd6970bbebd via relay
2026-08-09 21:14:24.982+09:00 [INFO ] Accepted block 0dacbd226c26e705217a2bbfb96c4636a7ed091ee37317369c1dd20cde00319a048d907cbb5bffcf7fced65e4966c23bb65c309ea0afae6e701ac31b8f713769 via relay
2026-08-09 21:14:26.853+09:00 [INFO ] Accepted block 31324ef7a0302836de9aabca4f1f0df5c941c918207a6c6fe0506e47473fa8f9c11b89f2a7a85c8c9585a4d46daae1f063389f37c9f801f98bc90c2b4a2c6214 via relay
2026-08-09 21:14:29.617+09:00 [INFO ] Accepted block eb65f15b3ff7238feb78d0ddb5dfd3512f9a93108f4a7faa472d2d19a6119dd5d5948b413afdc53727b16f9cd7133aca5cb6cbe3e39cb36f120e041b4a2691ed via relay
2026-08-09 21:14:30.614+09:00 [INFO ] Processed 4 blocks and 4 headers in the last 10.00s (4 transactions; 4 UTXO-validated blocks; 1.00 parents; 1.00 mergeset; 1.00 TPB; 0.0 mass)
2026-08-09 21:14:30.614+09:00 [INFO ] [ibd-perf] 4 hdrs avg: validate(A,parallelizable) 149.8us | commit(serial) 335.2us [add_block 19.6 + db.write 127.1; held-lock 229.0] | f_serial=0.691 f_reach=0.040 | parallelize-ceiling 1.45x
2026-08-09 21:14:32.526+09:00 [INFO ] Accepted block 0a0306f91c341a805faacdd9cbef8cd63cb9812ea587028953b88b8f2a7604a33ed1248b27e1a88cdcc8ef6a2b3b285ee4a12d38cf098ba59aa17404954f41fb via relay
2026-08-09 21:14:34.810+09:00 [INFO ] Accepted block 844f93e4dd2edb74990fb149c8e5a70224e5988605cf02ed4d80c7480e3275c52be0c2beecb4c7d332a9b64c5c49319d661d190009b9d65cf3445dab0ad69fa5 via relay
2026-08-09 21:14:36.232+09:00 [INFO ] Accepted block 49c6a8c7c1acf65953831f79156e3de25bd8207bca98aff7c0f9642d6298173f4868d98708ee35eb7b1a0bf79b1a6bc1cb27843ae97a1ea2d533343202be9761 via relay
2026-08-09 21:14:38.199+09:00 [INFO ] Accepted block bb02141bd8bcde38befceba6c5c8daae7e77bcd8520b1bfe890e9d1ea894b5e000f92013525f9e4f854a801323d909c4c351858da45e9bd514cacc0c79a289e4 via relay
2026-08-09 21:14:39.493+09:00 [INFO ] Accepted block 4a4632bd341e62b51bbd67ff573bf708f4c35549daa05b126ffe26d4a3255fceae1138d7a69f79005820d490bd16d252281901371bd97c84f50ff4946dad0dea via relay
2026-08-09 21:14:40.616+09:00 [INFO ] Processed 6 blocks and 6 headers in the last 10.00s (6 transactions; 6 UTXO-validated blocks; 1.00 parents; 1.00 mergeset; 1.00 TPB; 0.0 mass)
2026-08-09 21:14:40.616+09:00 [INFO ] [ibd-perf] 6 hdrs avg: validate(A,parallelizable) 122.5us | commit(serial) 308.6us [add_block 16.3 + db.write 133.0; held-lock 243.5] | f_serial=0.716 f_reach=0.038 | parallelize-ceiling 1.40x
2026-08-09 21:14:40.685+09:00 [INFO ] [validator-service] heartbeat: mode=active sink_daa=1648 bond=Active(active=true) active_set=[epoch=16 is_active_validator=true (active_validators=5)] dns_overlay=configured (stage=Active, dns_confirmed=false)
2026-08-09 21:14:40.695+09:00 [INFO ] [validator-service] submitted attestation shard tx 649e631ce7805e4d0b35ac027e2c2c0772780e05b33c0703be72c5973e7beb6372f0f660fc88fa14a3680ffe1d2e680033048276d1ddc63bd902af50e102477b for epoch 15
2026-08-09 21:14:40.699+09:00 [INFO ] [validator-service] compute: sortitioned to audit certificate 401e6bd1f4471d48b3e2eef2d3d5a15e9dadb24af747cf6c28327c02c288b1ac894262b13c3fa93f4c2743f32fea8d42252ae256012f21f13a0253cf665f33dd (job bee234c483f9f84218a590b49ccf92a574114a9eb8a85e5cf24a70533e9ee54321643eb8699fae4c523ed8b9d86ea87362fe100bafe70a5cb5536b743b2ffb19); replaying — 4 pending
2026-08-09 21:14:40.699+09:00 [INFO ] [validator-service] compute: job finished in 26.75µs
2026-08-09 21:14:40.701+09:00 [INFO ] [validator-service] compute: confirmed certificate 401e6bd1f4471d48b3e2eef2d3d5a15e9dadb24af747cf6c28327c02c288b1ac894262b13c3fa93f4c2743f32fea8d42252ae256012f21f13a0253cf665f33dd — our replay reproduced R_j
2026-08-09 21:14:40.720+09:00 [INFO ] Accepted block 786f63a60e26b01d2bd3a97c385b811d5abe12f1cf2e20b985cea814da5f924b66789d286bf1b121d7ea3ed28ded181efd6f0848f5af790b543e7579b96d2752 via relay
2026-08-09 21:14:43.546+09:00 [INFO ] Accepted block 6491c459e8553a7f07f2cc3c3e5a6dba478ec6a1bbcb568bd8d6f219958788d2c720c0f73dca58d2adb881d16fe187bfddc07f454928c10183f5873172671d5e via relay
2026-08-09 21:14:46.702+09:00 [INFO ] Accepted block eaa75cd9c623c94a13da2b51935accfceb1c14951c62c50566307d5bc185633330ca0c00433cc828095223dc926842078c6dfdc6ebb37232809d193972fed3a9 via relay
2026-08-09 21:14:50.614+09:00 [INFO ] Tx throughput stats: 1.00 u-tps, 100.00% e-tps (in: 1 via RPC, 8 via P2P, out: 10 via accepted blocks)
2026-08-09 21:14:50.617+09:00 [INFO ] Processed 3 blocks and 3 headers in the last 10.00s (13 transactions; 3 UTXO-validated blocks; 1.00 parents; 1.00 mergeset; 4.33 TPB; 172433.3 mass)
2026-08-09 21:14:50.617+09:00 [INFO ] [ibd-perf] 3 hdrs avg: validate(A,parallelizable) 161.9us | commit(serial) 421.1us [add_block 20.1 + db.write 194.3; held-lock 299.9] | f_serial=0.722 f_reach=0.034 | parallelize-ceiling 1.38x
2026-08-09 21:14:50.634+09:00 [INFO ] Accepted block f3c846af57a33b510eee9a0d3b99da4d8aef87cc63421df3a1725e0d2849e470193258f5a5f9770bbb42c97e6fefb749b0e77001dbbbec5397ece9e35a8539a3 via relay
2026-08-09 21:14:52.270+09:00 [INFO ] Accepted block a68038d3bcb04410286412c3f743229bf525a68fdf027f3022ec6b65c338cb3da8cc7130b3263ff45493b5576b6c9c5ee348c2cee6ce94b15fa7707af935ad25 via relay
2026-08-09 21:14:53.692+09:00 [INFO ] Accepted block a01026c6fe76f3af974cd290bf4b5b63f38e402f5a0bfb63963905f5a50a950f60f0323d92c1dc17e39d2336e0ee5d497aaccdf4ae94c0ade7b46dc4d7995982 via relay
2026-08-09 21:14:56.405+09:00 [INFO ] Accepted block 499fea9ec38e30a22a6239aca8ef2a77c4234ab052ec3b831a96cf7b19e8ccad0cefa1b3e0491ae44d7c6fb6830963e7e156f4b364c03a09a3e0b539a67feafc via relay
2026-08-09 21:14:59.631+09:00 [INFO ] Accepted block 312bb7540dafe42f689e105b7f0369c4a9d5b85c78f558a712555c4f30e790b7c3969903eb60eda9f70d45777a1d1b3c0f8cbbe8e9d1429caa7e2678b23eeac2 via relay
2026-08-09 21:15:00.618+09:00 [INFO ] Processed 5 blocks and 5 headers in the last 10.00s (5 transactions; 5 UTXO-validated blocks; 1.00 parents; 1.00 mergeset; 1.00 TPB; 0.0 mass)
2026-08-09 21:15:00.618+09:00 [INFO ] [ibd-perf] 5 hdrs avg: validate(A,parallelizable) 157.9us | commit(serial) 514.0us [add_block 23.3 + db.write 226.1; held-lock 360.2] | f_serial=0.765 f_reach=0.035 | parallelize-ceiling 1.31x
2026-08-09 21:15:01.501+09:00 [INFO ] Accepted block 70833dc91700928f688d0fbd3641db60fef3ab9cfcb031d85b4c338dfd257c20071981e19c5fa93867c73af8d41e78ae39a75f5858eeb57a4ec50433939ab8bf via relay
2026-08-09 21:15:02.767+09:00 [INFO ] Accepted block 09906916b32323d4e8fbb06ca5d3fb9bcf35e19fee9f576c97ca11793fe4a0ae688f09be9a3fa7bbdcf0d36a3b8a8161509d66a276c5f87802aa42ad9b02b8bb via relay
2026-08-09 21:15:03.880+09:00 [INFO ] Accepted block eebd171b863e9fb3580d547ceae0f1cbab53ad0c4bb3dbfaadffbf6ec3537d0099cba78f6a4a6abb2a06965ebe53fee6c41ba9164a128191875deae05b9b1996 via relay
2026-08-09 21:15:05.431+09:00 [INFO ] Accepted block 919470aca777097983a9f7fd97b65c05c5d7ee0bc8b7b2cda786be1ab584d661e473ef0ad4e9f57e54e7eaad3e1ecd07d5bf925779d53c3244940fb056746a9f via relay
2026-08-09 21:15:06.612+09:00 [INFO ] Accepted block 2959434f8da77c2dc36b63aa60b7e17422269aa3e923ab77d01f81bd98d51dd2c05abc6de1cf3baa50d000fd6edebf06596c583e27e2aeeadf811a64e57aee0a via relay
2026-08-09 21:15:07.905+09:00 [INFO ] Accepted block 8a88db0289ca058c67cc57678dd1e4f8dcd7ea4f33bbb376183c2587226291df2a53d98d2d8a1f3ed0b5330ead31b4fb361524f9c6c520162261cfc842ce43e5 via relay
2026-08-09 21:15:10.622+09:00 [INFO ] Processed 5 blocks and 5 headers in the last 10.00s (5 transactions; 5 UTXO-validated blocks; 1.00 parents; 1.00 mergeset; 1.00 TPB; 0.0 mass)
2026-08-09 21:15:10.622+09:00 [INFO ] [ibd-perf] 5 hdrs avg: validate(A,parallelizable) 155.8us | commit(serial) 303.2us [add_block 13.7 + db.write 161.0; held-lock 243.1] | f_serial=0.661 f_reach=0.030 | parallelize-ceiling 1.51x
2026-08-09 21:15:10.715+09:00 [INFO ] [validator-service] heartbeat: mode=active sink_daa=1661 bond=Active(active=true) active_set=[epoch=16 is_active_validator=true (active_validators=5)] dns_overlay=configured (stage=Active, dns_confirmed=false)
2026-08-09 21:15:10.727+09:00 [INFO ] [validator-service] compute: sortitioned to audit certificate 5ddf84538cb64a8bbef12d231a628958cd903ff4db269fc134168245a62a9e30d7b88e447334257d2fed8c12a2e3c3e89fa0b69929a84160efbf443bbc254aa6 (job f4b3b6085ef2e6479bfd2ec854682ef49496d2017c9d497ff3e781a7868a801139384140588c3caf1be8d5627d594c28732bfeb7a1577b45a84f960ee71f0874); replaying — 3 pending
2026-08-09 21:15:10.727+09:00 [INFO ] [validator-service] compute: job finished in 38.375µs
2026-08-09 21:15:10.728+09:00 [INFO ] [validator-service] compute: confirmed certificate 5ddf84538cb64a8bbef12d231a628958cd903ff4db269fc134168245a62a9e30d7b88e447334257d2fed8c12a2e3c3e89fa0b69929a84160efbf443bbc254aa6 — our replay reproduced R_j
2026-08-09 21:15:12.853+09:00 [INFO ] Accepted block 726b6826df722741828e263a3488c8b207c723b61b204e3aee8f06a40d6d460ce5438e0f84570f22c9fb2eee96f5bd407b23bf713d79371246d5c507b736a488 via relay
2026-08-09 21:15:14.914+09:00 [INFO ] Accepted block c3f5c50f12ad4efd726a6684070c33f436fb62ecb07ba9fa47a6e95d64d6baa19e17ddee486ec1abb8311ede4103c6cb0f3fee6d4a8f4384ff44d4c019d0487e via relay
2026-08-09 21:15:16.132+09:00 [INFO ] Accepted block bb709011712a6eec9f917c9095070b5ad972a109f1d64597ba23b93dffc03b4c247bfbf0b1b7f55e81da7f66dd0b1a58bb4b2d2e4f28279ff15371b07a2c7c22 via relay
2026-08-09 21:15:20.624+09:00 [INFO ] Processed 3 blocks and 3 headers in the last 10.00s (8 transactions; 3 UTXO-validated blocks; 1.00 parents; 1.00 mergeset; 2.67 TPB; 88766.7 mass)
2026-08-09 21:15:20.624+09:00 [INFO ] Tx throughput stats: 0.50 u-tps, 100.00% e-tps (in: 0 via RPC, 5 via P2P, out: 5 via accepted blocks)
2026-08-09 21:15:20.624+09:00 [INFO ] [ibd-perf] 3 hdrs avg: validate(A,parallelizable) 187.6us | commit(serial) 419.8us [add_block 24.6 + db.write 209.6; held-lock 364.2] | f_serial=0.691 f_reach=0.040 | parallelize-ceiling 1.45x
2026-08-09 21:15:22.979+09:00 [INFO ] Accepted block c4f487b07f1ee3dd2546e685851beaf964f3d140722432ec781ad12bf9cf71d3c341887c7c458b7653a19800a33727c658bd4b566d5deaf493e782bec138e8ea via relay
2026-08-09 21:15:24.922+09:00 [INFO ] Accepted block ff5597919e429c1ecefd3068a2cba82bbff920b7a06658a0a2c00816608ee659e34bffd9cc2dbb1d081c14b6b5a339ba5a65d5c9d78a130023d6958853727f40 via relay
2026-08-09 21:15:25.937+09:00 [INFO ] Accepted block f54fc7ce64e72b166be332ac3bb5f2755699d0c19aadd3760664ce32506e995489a85eac5fb5dca45b9d5192e8d1ee0924ada55f4dd6d143c07815f36e74648e via relay
2026-08-09 21:15:28.609+09:00 [INFO ] Accepted block 7a9ffd6e43898f3bf856647b86113e62433ba5de8a7dde227f7ed99a572b25954cce0eb5080b3d01148a16aca3890a02dcddef6858961299ade90621c3084679 via relay
2026-08-09 21:15:29.890+09:00 [INFO ] Accepted block fd91df50cdcd1ff62dc69fde673610bd0a9cca76b16acbea18164bf67c579226ffa3da9dfd67396628794492d86840c3bdfbf8c5b814d325fe55a4c46bf68171 via relay
2026-08-09 21:15:30.626+09:00 [INFO ] Processed 5 blocks and 5 headers in the last 10.00s (5 transactions; 5 UTXO-validated blocks; 1.00 parents; 1.00 mergeset; 1.00 TPB; 0.0 mass)
2026-08-09 21:15:30.626+09:00 [INFO ] [ibd-perf] 5 hdrs avg: validate(A,parallelizable) 120.1us | commit(serial) 265.2us [add_block 14.0 + db.write 96.8; held-lock 181.8] | f_serial=0.688 f_reach=0.036 | parallelize-ceiling 1.45x
2026-08-09 21:15:31.708+09:00 [INFO ] Accepted block 4b15e379c78847ef0f185a11688b3f7c4b68dac339061f381f49c1d2a4bba72738e6ae218475ff5e6d6d0d42d3a44c4411d318e83294e784bb5c9327e1431e82 via relay
2026-08-09 21:15:33.314+09:00 [INFO ] Accepted block d1497d27b04cd3230246dc859609a4cdab42f76b6e09c0437fa54982e8d08a4253794619f0351b8243807e33c70d1e598d020878fded8844b58a965c4cb96e4f via relay
2026-08-09 21:15:34.561+09:00 [INFO ] Accepted block f643f3401c350163fa63b9e7efe731a12434ab49408f9ff576810fb5f2fc9d80a6e532e09a63bfecabcb65d326a23d5a7d0fa42336bb0e9d6adff84b10bfbc92 via relay
2026-08-09 21:15:36.024+09:00 [INFO ] Accepted block 97963d766169c8ce108a3c3731604a4b519ad637c3f88e74cc241ad8330d2b59733640c5d4b1a8c4713259e64053d862bdee5d44ad830fd9026bd067a81ac868 via relay
2026-08-09 21:15:38.096+09:00 [INFO ] Accepted block 224b3c1e418fc99e6a3b9c3c5a336258c70666417ecf4c60e21c3b64750613c52bc271a5cd42e1459f3482298ba58784dafb6392001106b9a9d4393edff6e3ab via relay
2026-08-09 21:15:39.631+09:00 [INFO ] Accepted block 3376fcb2006a09248b9a97e9aae21f0d42d15fcde03831321cf9daceda90860c2461c00bd0f4d8f6e0eb6b3dad0b49bbd661e043b08617f5a6d6817a2dd647cc via relay
2026-08-09 21:15:40.628+09:00 [INFO ] Processed 6 blocks and 6 headers in the last 10.00s (6 transactions; 6 UTXO-validated blocks; 1.00 parents; 1.00 mergeset; 1.00 TPB; 0.0 mass)
2026-08-09 21:15:40.628+09:00 [INFO ] [ibd-perf] 6 hdrs avg: validate(A,parallelizable) 134.0us | commit(serial) 377.6us [add_block 16.6 + db.write 114.0; held-lock 236.4] | f_serial=0.738 f_reach=0.032 | parallelize-ceiling 1.35x
2026-08-09 21:15:40.734+09:00 [INFO ] [validator-service] heartbeat: mode=active sink_daa=1675 bond=Active(active=true) active_set=[epoch=16 is_active_validator=true (active_validators=5)] dns_overlay=configured (stage=Active, dns_confirmed=false)
2026-08-09 21:15:40.746+09:00 [INFO ] [validator-service] compute: sortitioned to audit certificate a985d88bca06591bf4b451b50f0b908f808bd2b686311453384a746a3c044021a436995e9eac6f09de97185d6fcf932a41936a24cfb72a77653c164a67312b40 (job 104f84fb24c5c3f5294eab1e86ca32cdd81de991fb73f92b9a092165a15804226eef18e83b9119ccab988b781db7bdff0492fc66ccbad4d8f9f74eec738b9651); replaying — 2 pending
2026-08-09 21:15:40.747+09:00 [INFO ] [validator-service] compute: job finished in 37.666µs
2026-08-09 21:15:40.750+09:00 [INFO ] [validator-service] compute: confirmed certificate a985d88bca06591bf4b451b50f0b908f808bd2b686311453384a746a3c044021a436995e9eac6f09de97185d6fcf932a41936a24cfb72a77653c164a67312b40 — our replay reproduced R_j
2026-08-09 21:15:41.991+09:00 [INFO ] Accepted block 7704c1dfa3ce8fd319f23ebac537c0bd1ee1709b1fcf97a6988395b8cf4f8f68d149f1cfedc4a080e5ce1b152321bfb703cec8783df5a140994474b7a98483f8 via relay
2026-08-09 21:15:43.386+09:00 [INFO ] Accepted block 457f12dd485382282ec0fddd2c284c7be9db9cb8387c827b5d7d74a27b7b10188fa2f2c5ca376e1a3dd391d37dbf4b5ee29f04329b71558929c2b737dc6db551 via relay
2026-08-09 21:15:45.523+09:00 [INFO ] Accepted block 44a26b810789a55392b1882e2aa577fd879d38da6bf0e5460d5a0415d1c05eab31a9aaa7e37b37d777161664a7f94a116e28ccd8903b6adf7bcb2908e9d951a4 via relay
2026-08-09 21:15:46.800+09:00 [INFO ] Accepted block f07ce4373171aacb344963bf6ad872772764398aab123ecba1056af31da5fb8aefb360f1f06391b8ce85c32e11146762b4bf97e8d6c6ce89232b5a2fc5c732d2 via relay
2026-08-09 21:15:50.578+09:00 [INFO ] Accepted block 06f8542456d5ebbf8792eefcef6ebfe2dbc25ccb81a35fceef26f00306cada841cbb277b83dc79e686c8cbf387c3b150e1cc42b872312cb21c84b0c0518aa95e via relay
2026-08-09 21:15:50.630+09:00 [INFO ] Tx throughput stats: 0.50 u-tps, 100.00% e-tps (in: 0 via RPC, 4 via P2P, out: 5 via accepted blocks)
2026-08-09 21:15:50.630+09:00 [INFO ] Processed 5 blocks and 5 headers in the last 10.00s (10 transactions; 5 UTXO-validated blocks; 1.00 parents; 1.00 mergeset; 2.00 TPB; 53260.0 mass)
2026-08-09 21:15:50.630+09:00 [INFO ] [ibd-perf] 5 hdrs avg: validate(A,parallelizable) 86.5us | commit(serial) 234.9us [add_block 16.5 + db.write 115.2; held-lock 201.3] | f_serial=0.731 f_reach=0.051 | parallelize-ceiling 1.37x
2026-08-09 21:15:52.197+09:00 [INFO ] Accepted block 4c408695b312e289eb021049bd57d1446d3856277cf0ea84c262dc914c88e14b08b167603db549c7833efc4527dbdde705d6dad99680c7556f6fe12c63e5da00 via relay
2026-08-09 21:15:53.278+09:00 [INFO ] Accepted block 6def7650dc9833e13e45cb6c8f28d1c05b3fb23d3de6aa74188f850179b03f97a56150a437b43931398055eae86a022a88f32c870f7d5d795f99d14e9fcebdd7 via relay
2026-08-09 21:15:54.879+09:00 [INFO ] Accepted block fb031c5718b0fb1e618ba65db1d25e26b728ce5c7dc6a702a83f2d4890200b367fcbdee5a7d57045f4afdd3678a0ed214374cdafb7a3229c8e0837eb0edf9965 via relay
2026-08-09 21:15:56.286+09:00 [INFO ] Accepted block 4a18e3e8be460b09f82e5b5957ae7a7044f8c9102047a0ccc0e1082eba2f4a9c568d1cfd1b1238bcd9cf29b4e488adcc7e3664575dc606ff27db2ed5f3c6a0e8 via relay
2026-08-09 21:15:57.410+09:00 [INFO ] Accepted block 3471192ad6001aaa81b16f4234bbe96f590c68989be57df30160c3da24f9c4e940308b4432ceeb348e0b037e39321de15504f5d6431cb4eea6ae4919fb702707 via relay
2026-08-09 21:15:58.926+09:00 [INFO ] Accepted block 9fd2a4c0fc63b9a036cf9f6b96950a3d2899f177ffb341dc6019fa84eefea040126e3112861b96e4f281eef99ac10de16d960de432f5349b6b27ad5b36c6241a via relay
2026-08-09 21:16:00.394+09:00 [INFO ] Accepted block 39b0c9dd1d529607a756f96aca3a3eaf3c9cea5f7731191e19804a14fe16b89d281e57f4e727fd10134ce18561f8e7bdc2021f57e5812a4bba8c226c5197981e via relay
2026-08-09 21:16:00.632+09:00 [INFO ] Processed 7 blocks and 7 headers in the last 10.00s (7 transactions; 7 UTXO-validated blocks; 1.00 parents; 1.00 mergeset; 1.00 TPB; 0.0 mass)
2026-08-09 21:16:00.632+09:00 [INFO ] [ibd-perf] 7 hdrs avg: validate(A,parallelizable) 84.0us | commit(serial) 205.4us [add_block 11.1 + db.write 85.5; held-lock 148.7] | f_serial=0.710 f_reach=0.038 | parallelize-ceiling 1.41x
2026-08-09 21:16:03.055+09:00 [INFO ] Accepted block 6a8f8ef96e634996f56e639d44ba52cb77731c968d1f6bbaded620af2bed9c62fea80aaca63de15433fc66198b40feb185472b82c2e5fd28f970d314f65960c0 via relay
2026-08-09 21:16:04.323+09:00 [INFO ] Accepted block af98a35e7b903e8845d73866882724901a98e64d37db864cff9619e377cd4d52953c0254045bd8aa19318b90c23f07773180b88c4ea2be187e38f06ed3566ddc via relay
2026-08-09 21:16:05.445+09:00 [INFO ] Accepted block c80ccf1a48ff1ca0b072db0f662a0dfdc6383e38f3629ea19b4c0f12ccbbb27ec151bf25627ddbf484ee567fac54cd2892f428cff68bdd8b433d16fa10fb0194 via relay
2026-08-09 21:16:06.589+09:00 [INFO ] Accepted block 83e9ea65a03fe8b728b0b3460e1e9513fbd95e40bda8c3e1ff3f92830f6dcdc6ac1050980f0d2e5826b36277749c041d63ad53042e88387cacf934896d94cb65 via relay
2026-08-09 21:16:08.022+09:00 [INFO ] Accepted block 9bc07e8e17c59f7284698a68bf7ab18d2ee0ba84f22e91c588ceaa718a1756b84d973819170cf83fb20c032f2b554e7420dfaab776b43bd0864c9c2df955bac4 via relay
2026-08-09 21:16:09.641+09:00 [INFO ] Accepted block 8fc3b92f8f35093d431f31a84648ee46f2c6375c8ca098aaad2d88cc3ce3d99b0a987d169b99dba0b94619d89b5c1295d9b69add5919f79a34ff26f678e18a1a via relay
2026-08-09 21:16:10.634+09:00 [INFO ] Processed 7 blocks and 7 headers in the last 10.00s (7 transactions; 7 UTXO-validated blocks; 1.00 parents; 1.00 mergeset; 1.00 TPB; 0.0 mass)
2026-08-09 21:16:10.634+09:00 [INFO ] [ibd-perf] 7 hdrs avg: validate(A,parallelizable) 107.7us | commit(serial) 227.6us [add_block 14.8 + db.write 108.9; held-lock 189.8] | f_serial=0.679 f_reach=0.044 | parallelize-ceiling 1.47x
2026-08-09 21:16:10.755+09:00 [INFO ] [validator-service] heartbeat: mode=active sink_daa=1694 bond=Active(active=true) active_set=[epoch=16 is_active_validator=true (active_validators=5)] dns_overlay=configured (stage=Active, dns_confirmed=false)
2026-08-09 21:16:10.761+09:00 [INFO ] [validator-service] compute: sortitioned to audit certificate 3b5db4297ba9e49ecc1da6e69a86ee442c63891950d96ebcfd4a9c751e5f72b0b9134321072a5a18464f7547ad832c4ddea52133b3e4b2e93b9dc4af4d4620e1 (job 7392e5136f88b7cdd87aef9a34f54cfd4a38fbce71609d97b714fc9c02f17c18de172f02ef0ccf657cdd984e4f458bcf9f66cca488244e996a95719df4f00a8b); replaying — 1 pending
2026-08-09 21:16:10.761+09:00 [INFO ] [validator-service] compute: job finished in 26.75µs
2026-08-09 21:16:10.762+09:00 [INFO ] [validator-service] compute: confirmed certificate 3b5db4297ba9e49ecc1da6e69a86ee442c63891950d96ebcfd4a9c751e5f72b0b9134321072a5a18464f7547ad832c4ddea52133b3e4b2e93b9dc4af4d4620e1 — our replay reproduced R_j
2026-08-09 21:16:11.339+09:00 [INFO ] Accepted block 19766f530ff3ebcd629668312649c9e7996210fde4b37118ba9088674fe57b802f6a5335a19ee3bfdd6b3caaaf9f09ad36d4a28b0f3b3118fb8d1661e361f908 via relay
2026-08-09 21:16:12.856+09:00 [INFO ] Accepted block d417e43b74ca4653953f983a1e5fee601d6314d9184effbafdb2e2917c72dff4ad2fdbe861f1782139b1088b08487e9488fcc7cd16cb9e11c7047ec5f64d23a6 via relay
2026-08-09 21:16:14.938+09:00 [INFO ] Accepted block 19b5e2d88c4222e7b401a6def001eb80d053520b3ad163b192c3f8eee8bcccb8cc76f3961ed09d27ca01723c13fe97e0216a1a31ceca448dc80317a3c8f5a94a via relay
2026-08-09 21:16:16.864+09:00 [INFO ] Accepted block 574b351f1e973dd5fca1101ae66265539d5681e2feea381f108d83474e428e22754fff3b77d3ac18f3f8a8514d1cdd419dbb184cf2615c793ec14735530de926 via relay
2026-08-09 21:16:18.077+09:00 [INFO ] Accepted block 4f7aa41433c26322335e2489cb6b81a6deb4108dcd5ed3e0a10e1f548103d57e00e9c36067e4c210eac09d66b64b80dabcd2c24bf908129fa8650fd3a78dbcaa via relay
2026-08-09 21:16:18.510+09:00 [INFO ] [vlt-credit] 5 certificate(s) in the window, none credited: challenge_not_mature=5
2026-08-09 21:16:18.510+09:00 [INFO ] [vlt-credit-skipped] certificate=0d3aadddc76d469575b6981db16b76f8bf21763e01160679e45648eaa7725fa539b9e3b0ca384bb8ab198c06a6677a349d3cdbd9d768ff927206b46ddb128b64 executor=697311d4c6baec6bc376e1b07f3bb38c421b60038f6cd26c42d2dbc47bd18d4ab271af0065d920c49d0ae40b2c7ddf988fd37ac6d780e82b0e486f509b0323b8 certificate_epoch=15 reason=challenge_not_mature (not yet)
2026-08-09 21:16:18.510+09:00 [INFO ] [vlt-credit-skipped] certificate=401e6bd1f4471d48b3e2eef2d3d5a15e9dadb24af747cf6c28327c02c288b1ac894262b13c3fa93f4c2743f32fea8d42252ae256012f21f13a0253cf665f33dd executor=03e1f2a12936d5f299fe9c78258c3f2a0c31dba5c6522b7415b251ce8da4b4d731df7a2788ee0db5307dd2d39e5697456500cc2d7cbfeb9b239091c6a0bdc1f1 certificate_epoch=15 reason=challenge_not_mature (not yet)
2026-08-09 21:16:18.510+09:00 [INFO ] [vlt-credit-skipped] certificate=5ddf84538cb64a8bbef12d231a628958cd903ff4db269fc134168245a62a9e30d7b88e447334257d2fed8c12a2e3c3e89fa0b69929a84160efbf443bbc254aa6 executor=5efd716ac794897ab148eef63ad5c50a5b662b4328760d6dec9e8077553c70048a80da47f6840970d89ac6060d5f604782fa8fa529429c9dce260bd6b7e86b4c certificate_epoch=15 reason=challenge_not_mature (not yet)
2026-08-09 21:16:18.510+09:00 [INFO ] [vlt-credit-skipped] certificate=a985d88bca06591bf4b451b50f0b908f808bd2b686311453384a746a3c044021a436995e9eac6f09de97185d6fcf932a41936a24cfb72a77653c164a67312b40 executor=efc895024da64a059563fe77bddd079e504902bdc878d344f4b114f29d123a467051b6b52ab53453a53b5448a290138c9d1049cdf7189d91fd6e6b0cd7121ad2 certificate_epoch=15 reason=challenge_not_mature (not yet)
2026-08-09 21:16:18.510+09:00 [INFO ] [vlt-credit-skipped] certificate=3b5db4297ba9e49ecc1da6e69a86ee442c63891950d96ebcfd4a9c751e5f72b0b9134321072a5a18464f7547ad832c4ddea52133b3e4b2e93b9dc4af4d4620e1 executor=d444449c0afb4276e36af7c32deba158d784a49910663eb6e87601bbde34ada664eaa082323d9d992e3405216b3496508e75d856bc56793b04d636421bdb43dd certificate_epoch=15 reason=challenge_not_mature (not yet)
2026-08-09 21:16:18.514+09:00 [INFO ] [vlt-shadow] sink_daa=1699 0 validator(s) with credit; 0/13 epoch(s) would reach quorum; newest epoch Some(15): W(E)=0 signed=0 snapshot_root=871e22dbb2e820f9358c717ef826356b8ab3e5ed860a3da72bd95efd378e89bdad18a94e14cbcab21bad0cdae81d197d057ab88c61a62915942fe69ea8e6b9de — the weight fence is at 18446744073709551615
2026-08-09 21:16:18.514+09:00 [INFO ] [stake-score] sink=0dec07c3fa48f3fec5d99f0c8bc4b7000ba94fcff43834f608a3f546fd42f95cda7e9a8ebfb8da9aa565ebb078ebafe3bcb58c212c90840adff70a1ba4ec5570 sink_blue=1700 credited 19 attestation(s) over 13 ready epoch(s) → stake_depth=5000000000 (rollout=Active, health=Active)
2026-08-09 21:16:19.520+09:00 [INFO ] Accepted block 0dec07c3fa48f3fec5d99f0c8bc4b7000ba94fcff43834f608a3f546fd42f95cda7e9a8ebfb8da9aa565ebb078ebafe3bcb58c212c90840adff70a1ba4ec5570 via relay
2026-08-09 21:16:20.636+09:00 [INFO ] Processed 6 blocks and 6 headers in the last 10.00s (11 transactions; 6 UTXO-validated blocks; 1.00 parents; 1.00 mergeset; 1.83 TPB; 44383.3 mass)
2026-08-09 21:16:20.636+09:00 [INFO ] Tx throughput stats: 0.50 u-tps, 100.00% e-tps (in: 0 via RPC, 4 via P2P, out: 5 via accepted blocks)
2026-08-09 21:16:20.636+09:00 [INFO ] [ibd-perf] 6 hdrs avg: validate(A,parallelizable) 99.9us | commit(serial) 217.8us [add_block 15.4 + db.write 88.6; held-lock 183.3] | f_serial=0.685 f_reach=0.048 | parallelize-ceiling 1.46x
2026-08-09 21:16:20.678+09:00 [INFO ] Accepted block 6a46fa1062f905b1f8caa13cf9739d395802e84f68af3ae2d0ae4eb68019c5caedd0fe1347c0d4371f60bdf02f7217cf08bd2b1da892763d0693c3f0e0c001a3 via relay
2026-08-09 21:16:21.931+09:00 [INFO ] Accepted block 4d4959ff52116c96059a0dd26f210e6bc4e2b4c0f33ec93b40033c851b86ef70105ff148c5d2ed29bfd464c07cad2bc55fb20bc9beb672bac4d397c8dc0d5686 via relay
2026-08-09 21:16:23.116+09:00 [INFO ] Accepted block 0afd4f315b0eeddc4bf366caf48279e762a0e1d9a095b9b46f725dbe617258b41dec6b226944e0e768c26fa62c402f1bcd7f6d168d62191b1a25e0830e1847da via relay
2026-08-09 21:16:24.673+09:00 [INFO ] Accepted block e3bbc56aadba165a1fa9b169b75d4eb1dd7948b1122737b4e67373930dcec71aafc8797f7fd204cf5cae2490a4c12204a5e8ee92d8f9a6e3661a57cd6909cccd via relay
2026-08-09 21:16:26.085+09:00 [INFO ] Accepted block 12cac256d5db1e87211d64d75fd991458ac633fbfb66810baeae687ec6d03b0c97895cf0897c874b73c6c09c812803f5e3e9f78ba51d4717d26a35faed6e833b via relay
2026-08-09 21:16:27.739+09:00 [INFO ] Accepted block ad9c0ac46972303af679816f170c057f356046b8afecaf85395e2d684bde432e7df52912f8182200dfa92ed7a39a945581be4acdd3e58e32c9fe9ed6c701d7d4 via relay
2026-08-09 21:16:28.903+09:00 [INFO ] Accepted block 5f271a7ac78b41c392e00820d6b0e25fdea993a2c8ab01c8dccdf7b44427c7fc069e90d71eae854cb0c23a4fd16b030f938ad2e83d030f5eb7240880ca1ef724 via relay
2026-08-09 21:16:30.213+09:00 [INFO ] Accepted block ad36ccc60c0963f546af134c93def21ae9346f607fbc6f0bf2429dcbe4c3334b2827b70b6e05ec33c72c51309af0658b1b729e9f2a38bc8d8152b3b94589cde8 via relay
2026-08-09 21:16:30.638+09:00 [INFO ] Processed 8 blocks and 8 headers in the last 10.00s (8 transactions; 8 UTXO-validated blocks; 1.00 parents; 1.00 mergeset; 1.00 TPB; 0.0 mass)
2026-08-09 21:16:30.638+09:00 [INFO ] [ibd-perf] 8 hdrs avg: validate(A,parallelizable) 107.3us | commit(serial) 235.9us [add_block 13.6 + db.write 113.4; held-lock 198.6] | f_serial=0.687 f_reach=0.040 | parallelize-ceiling 1.45x
2026-08-09 21:16:31.362+09:00 [INFO ] Accepted block ab5313343a3bd30060c7470b2ea4968860c8292d94596ae76789abb53567e8c8771378064cd6dcdf7c7218f7d20ef8f72b0ed49f97fd8c9c9371bb67936ba0f0 via relay
2026-08-09 21:16:33.377+09:00 [INFO ] Accepted block 17bf181a0c9f376e746ad06ea8628ae6dcd18139fee953bf480e6ae07cb7fbdbbca8cd4efcf405d98cd7441533ac1f809e04e51fa0e932d598a6b74720c7b5ea via relay
2026-08-09 21:16:34.833+09:00 [INFO ] Accepted block 1e3e4e9ae985716cf862eae06f3b4745cf60605ebe266f6513a202ff2d73cdee07b3b37bbbfafc66bf3aaf9b405f07979b693383d38899a7cd3a709bf155bac7 via relay
2026-08-09 21:16:36.131+09:00 [INFO ] Accepted block 714673f47aa7a95f09e51b0f629ebc95ea3ca7ef4fcdad790f86178690174964e2cfe297b59dbaaae8e378b552a00f2cfbe3741493527405747b2d2bba9efa4a via relay
2026-08-09 21:16:37.504+09:00 [INFO ] Accepted block 2ef5664994863f46e0b6345914c5b528541e6b5287b109dbd2874c7221750aeb2c215c9f1e46104e30cfb067cd5a3451d04bceacb3446d6cd149962190b4ef58 via relay
2026-08-09 21:16:38.589+09:00 [INFO ] Accepted block dcfa94a4f1d9513529237a75ba413b6d09b626318da402fbae5888a52865beac938d67224fa57aaa925807263dbe5fdb8c27d9f7f7345c1a2b2b8a43e72b6ac8 via relay
2026-08-09 21:16:40.641+09:00 [INFO ] Processed 6 blocks and 6 headers in the last 10.00s (6 transactions; 6 UTXO-validated blocks; 1.00 parents; 1.00 mergeset; 1.00 TPB; 0.0 mass)
2026-08-09 21:16:40.641+09:00 [INFO ] [ibd-perf] 6 hdrs avg: validate(A,parallelizable) 100.7us | commit(serial) 216.1us [add_block 18.6 + db.write 96.6; held-lock 179.2] | f_serial=0.682 f_reach=0.059 | parallelize-ceiling 1.47x
2026-08-09 21:16:40.767+09:00 [INFO ] [validator-service] heartbeat: mode=active sink_daa=1714 bond=Active(active=true) active_set=[epoch=17 is_active_validator=true (active_validators=5)] dns_overlay=configured (stage=Active, dns_confirmed=false)
2026-08-09 21:16:41.584+09:00 [INFO ] Accepted block 919f88c5d4b1d97555b23497ea0706eb070f262d5d8d8d27dad1c095ec15c4ad9bfc70ac6cf2f3ca47737e7dbd93f52bad971bc0f55aba6944b1be18ecd4f8a0 via relay
2026-08-09 21:16:42.772+09:00 [INFO ] Accepted block 6a7b831bc25ff613ac04dba193f2f85a21e1e48b27e87e9d6696b17aa1ffb5b3526b77d6b16f89ed5fce3cf5db373624876e9d315f4f984faebe266d49b52bc2 via relay
2026-08-09 21:16:43.868+09:00 [INFO ] Accepted block b8a29ce11bef2d56e973924da651082d367087758c983aaab7f34e2639c609fc28386f7523a745b3f438d64123d8464442790c848ed9da5dc3d3cb0d7ad36af9 via relay
2026-08-09 21:16:45.035+09:00 [INFO ] Accepted block 192ab05b12c53bb42e833c5401d6295d36ccea30f668973d8c70b1e9d72a1030e2c0be664afc4846c4990feb1c12fe7aa9db813ded81f73d5f47758d2b25acfd via relay
2026-08-09 21:16:46.151+09:00 [INFO ] Accepted block af082b1a5001d45fcf85229f9443477f74bb62eaf6cad1a0756ba38d18208840502d8b3db26dcda242e5a9fef8dab1c2381c784a55135f5eaf1aec9eee5c96cc via relay
2026-08-09 21:16:47.408+09:00 [INFO ] Accepted block 9f269f1aea199a1e656a15059fddf1564b7350c9cc68e567ffe7c53fdc48b6c0a876443dbddf0f23f6acb56225eb9d741afc4b3a5ef915260e68bc3b1eaffd68 via relay
2026-08-09 21:16:49.150+09:00 [INFO ] Accepted block 891d3a821ca07138061bcd79f3d049412302ad993fb09f86ebbd3c569f3568389c94446e5716fa0e7ef395d7e94ddbe20d7f8564054391811c4503fca1f1a5df via relay
2026-08-09 21:16:50.627+09:00 [INFO ] Accepted block b9269119df723129c88a47df074877f72d9c3dd166364230cb44f2759328f30e7f0746dc4b47e2dd77cfaed1a5aa092608f6378fdec9951d1fb1df9f83a49092 via relay
2026-08-09 21:16:50.644+09:00 [INFO ] Processed 7 blocks and 7 headers in the last 10.00s (7 transactions; 7 UTXO-validated blocks; 1.00 parents; 1.00 mergeset; 1.00 TPB; 0.0 mass)
2026-08-09 21:16:50.644+09:00 [INFO ] [ibd-perf] 7 hdrs avg: validate(A,parallelizable) 83.3us | commit(serial) 190.4us [add_block 12.6 + db.write 93.2; held-lock 159.7] | f_serial=0.696 f_reach=0.046 | parallelize-ceiling 1.44x
2026-08-09 21:16:51.967+09:00 [INFO ] Accepted block 549747618afca978a5a21ba943a1f1cd501a18ab7f0e0eb3446c6963c804e3b983d144ea29810c31cfa35c37d9aa9479fa8542a4a7d39a89cdfa493561c2d73a via relay
2026-08-09 21:16:53.045+09:00 [INFO ] Accepted block c6afd41ff0527c304a8849e118dd67319c064bfdba20b8c0a11602cc750eb775c79fb6aa705914c439d44f76b5bb93a75830e20e0ba9d5cd93c75b4fc1680a2c via relay
2026-08-09 21:16:54.305+09:00 [INFO ] Accepted block a94ca5e7012ddfa097aa03aa34c1b10e778a0fdca9f72e6ffffb31807713278cf13c8d5f47324641f7ea41633fddc223fa0fe5b09f4a628118472c50b1655d7d via relay
2026-08-09 21:16:55.604+09:00 [INFO ] Accepted block 3842c6f5ceba9bfeba4e356d5f01de88f677764d1a37c8f23b0058402cae6043d5763666913dbdf68684d2abcb803b2882038e16d8f508b993dcbcc8b4e8d9ef via relay
2026-08-09 21:16:57.199+09:00 [INFO ] Accepted block eb9e35a9bd66666c702228108aadd943fe4b7f9f9d881068f891f8d585797d93b507ec15bb65956aed07698923ad690f1f3bd9e1cd96e13ca697d04cbbf8cbdb via relay
2026-08-09 21:16:58.321+09:00 [INFO ] Accepted block d618f28605cf6a3bce9114e629eec622717af0b80d836c16754b7ebb0f7b9148392ec6f23395c7a39a09a5b5aa71cfa730051f713c2df06b3d3d5aeadd4adfc4 via relay
2026-08-09 21:17:00.646+09:00 [INFO ] Processed 7 blocks and 7 headers in the last 10.00s (7 transactions; 7 UTXO-validated blocks; 1.00 parents; 1.00 mergeset; 1.00 TPB; 0.0 mass)
2026-08-09 21:17:00.646+09:00 [INFO ] [ibd-perf] 7 hdrs avg: validate(A,parallelizable) 95.0us | commit(serial) 230.2us [add_block 12.8 + db.write 109.6; held-lock 187.7] | f_serial=0.708 f_reach=0.039 | parallelize-ceiling 1.41x
2026-08-09 21:17:00.721+09:00 [INFO ] Accepted block bb9d42288c72a291310fcde09c0f552874140ae0be34a4e8464357164760461201b85506dd66070e6452699a18d20822cd51bf98b7c22243ca7a92baced9921d via relay
2026-08-09 21:17:02.323+09:00 [INFO ] Accepted block f9aa4379cb1d7df3c47fbd5c94de16dbaad17d2641fca3257f32a14ff20a0871d161c0537a245b58ab7bfa7c484cff43927487276f97ae806712b0d351eef6ac via relay
2026-08-09 21:17:04.474+09:00 [INFO ] Accepted block 397cb6adb2b04aabe3d3f21f988ede77f3490db9983393f3ffcb34238b18ec3b612252209345c8bd972ba1f43e98d11c16dd647c9a87fd0a4e017a8758d82b10 via relay
2026-08-09 21:17:05.622+09:00 [INFO ] Accepted block e8c2432497e2462506051a2d6bc1a1351fc81211ace323cd23f8441299bc5f9811e9c73ceaab2385e6e13e43f14b19d02a560ed59394fdb13cf336f021190a9f via relay
2026-08-09 21:17:06.749+09:00 [INFO ] Accepted block e2903da7b4abc4a0a5b6755a99700867b7fe163eff7cf5c35593c2c0981b7cd889bceeea55243bbee1676747d38ae2c38d181f3334f881ee5475cbedcfbc39f4 via relay
2026-08-09 21:17:08.135+09:00 [INFO ] Accepted block 2cc46c94610d355765c5d1b97372b166406a12b5213e7c18f45626c522e3835d5b3e43b16bf7942239f4c034095d38ba06432864421d43c1e91c99871c296a18 via relay
2026-08-09 21:17:09.589+09:00 [INFO ] Accepted block 50d239b89dd9f9313413a00963dddf4aacc26f2d845e741ce31c2da7a93fe9aa8386fb5ca1fef869d3a9b67a7340a35e991f5fc77da35bf6ce409bc4aab11fb5 via relay
2026-08-09 21:17:10.648+09:00 [INFO ] Processed 7 blocks and 7 headers in the last 10.00s (7 transactions; 7 UTXO-validated blocks; 1.00 parents; 1.00 mergeset; 1.00 TPB; 0.0 mass)
2026-08-09 21:17:10.648+09:00 [INFO ] [ibd-perf] 7 hdrs avg: validate(A,parallelizable) 97.6us | commit(serial) 224.6us [add_block 10.6 + db.write 126.5; held-lock 189.7] | f_serial=0.697 f_reach=0.033 | parallelize-ceiling 1.43x
2026-08-09 21:17:10.778+09:00 [INFO ] [validator-service] heartbeat: mode=active sink_daa=1735 bond=Active(active=true) active_set=[epoch=17 is_active_validator=true (active_validators=5)] dns_overlay=configured (stage=Active, dns_confirmed=false)
2026-08-09 21:17:11.274+09:00 [INFO ] Accepted block 453ac95f198e55499039143be74ac0bbad177369170dec594c8c55b9c3c43d3ac786892f7b3f20cbabb6edeb968304902856b25b8699b52412dec91f110afde6 via relay
2026-08-09 21:17:13.085+09:00 [INFO ] Accepted block c095b07cb5af55de4d3c65d754f313b72166987c5e0fb792bcd479294f7bcac52f0b27116c1add2f69531e37840b8e64345c53aeb9a2b24e1d76d5e05c030eff via relay
2026-08-09 21:17:15.630+09:00 [INFO ] Accepted block 5bc8413873bbe6111333d20698f3f80697c4295e26cba5e2a7d8fbda64edf47330af37834cba8232f53064f37c42c499a3da22b0082a25a3960f41ba72c0b0c4 via relay
2026-08-09 21:17:16.672+09:00 [INFO ] Accepted block 06848c4c90a3838aeb13e698bc9916e3e64eb68f8e6f4814a08e586ce615c7404dc4d3a2b2ef895dabc41bc6dcb39c659d0517987314534180a584cd7d45447d via relay
2026-08-09 21:17:18.904+09:00 [INFO ] Accepted block 358e6054e213bfdac3eb14933c860df6f88c4ff8c53f60d132dd65c2f6686da0931bb8355bb8a8128e31cbd3fb4e26b1d0c6690a516546281e02b559c34089ea via relay
2026-08-09 21:17:20.650+09:00 [INFO ] Processed 5 blocks and 5 headers in the last 10.00s (5 transactions; 5 UTXO-validated blocks; 1.00 parents; 1.00 mergeset; 1.00 TPB; 0.0 mass)
2026-08-09 21:17:20.650+09:00 [INFO ] [ibd-perf] 5 hdrs avg: validate(A,parallelizable) 117.4us | commit(serial) 287.9us [add_block 18.0 + db.write 139.4; held-lock 244.8] | f_serial=0.710 f_reach=0.044 | parallelize-ceiling 1.41x
2026-08-09 21:17:21.023+09:00 [INFO ] Accepted block b9ffcbc24df1b52cb8415e7036a96663679b4d04cbf8b1e2b936ce69edbeddcaf6adf8d9ac512a73b074b8bbdfeeb5d9d95f2717659188c73d8c2579c4589423 via relay
2026-08-09 21:17:22.229+09:00 [INFO ] Accepted block 4b4e0c4ca04cf370760b540d2a819b0c0a61f939a1206a225b7fd362ad459e6c1e3f42ffbd2c1bdaf7d019f4c102773c9c5656427df169e2ad4a6d25eb5232f9 via relay
2026-08-09 21:17:23.351+09:00 [INFO ] Accepted block 9fd29953e64a571394a54d361f2e6d4e21552025d735a6edb35b9b60aaf400f25a10cfbdc36428aa5b5cf2e0c80623e021d227fb09e8fdb68aae88c5be85f417 via relay
2026-08-09 21:17:24.598+09:00 [INFO ] Accepted block d401ea561ec8c94eb41d8885041e8899b0669588f1b0ab82f9b41a7bd9722a2e06551072a2d8d3e207648371544b9ab000b337a60c7f42c273e965897a2d6f75 via relay
2026-08-09 21:17:25.869+09:00 [INFO ] Accepted block 26a675d71852f1c810d9f494183e55b632fb48f4bba702a317a52435b7f5061a575c1bf686758d15aee2998bf28c49814ea8e435e236158ef9f48102ee68754d via relay
2026-08-09 21:17:27.560+09:00 [INFO ] Accepted block 62c0ee6fd9040e476b3c77166589865fbf7056756dc11a149ab7b9f4a436f75402ba6112fc9753548a3c1b09fd90c78e827c915927617dfbc91c3e1e41f7206e via relay
2026-08-09 21:17:28.934+09:00 [INFO ] Accepted block c3eed48d81f68829d6ab8acdb8a0c4617f019ac831b4f9c09a8be640e30467b88fe99e62308f60111b9d6369b2d4328c1d8cee33dace6d615aff5698ced04883 via relay
2026-08-09 21:17:30.233+09:00 [INFO ] Accepted block fe5043728c76c7aeb1c07ee44e9ee8eb59d161aea8af753d0674a0cd218ee7615d27c35a3b973f8a03e3029b5458de7bf81d9dc90176348b95c8add571fc57d9 via relay
2026-08-09 21:17:30.653+09:00 [INFO ] Processed 8 blocks and 8 headers in the last 10.00s (8 transactions; 8 UTXO-validated blocks; 1.00 parents; 1.00 mergeset; 1.00 TPB; 0.0 mass)
2026-08-09 21:17:30.653+09:00 [INFO ] [ibd-perf] 8 hdrs avg: validate(A,parallelizable) 86.6us | commit(serial) 218.8us [add_block 12.4 + db.write 107.3; held-lock 186.4] | f_serial=0.716 f_reach=0.041 | parallelize-ceiling 1.40x
2026-08-09 21:17:31.586+09:00 [INFO ] Accepted block 8e1f46716d0e08e45fe67149d1e56607e7556f3ef6776d19b5387f35af774d5d3a73f465c801c6fd75d0e8ca9e18c2e2eef995bad189a904bee6ce735222d53e via relay
2026-08-09 21:17:32.650+09:00 [INFO ] Accepted block bd5840c6707ed1152015d9b34e5c59e789256c55fe55434b6dc81f03fa8cff37fc52a7e0e6e1ca29cf2ac860cab85b0b9d7b9d250ad07300514ccaf0ae01cbfb via relay
2026-08-09 21:17:35.004+09:00 [INFO ] Accepted block c7db53125d54f94ff9a63eb1d66d6dde2883fcd54ef332b90ab606647ac8ba0befb0d72a37b51364086ef0bac1cf5b0fb295e0ad1a74d75d3910f38cbf3c21e3 via relay
2026-08-09 21:17:36.241+09:00 [INFO ] Accepted block 5fc14bf57d1170c4f531acf8067290a9290c3d57015cf2c8654dec42fc93a22f5f4dcd95c90d5035e60de74f89cb63c4dc1b1c8dfff056ae15ef9050801be5c5 via relay
2026-08-09 21:17:37.642+09:00 [INFO ] Accepted block 158ad95896b42a719b8b2d70df2e18810a77f17a026ad8c8f8ab32914449f8fa0c1cb4209724ccf8a5e0dc1ec453327a226d0d2dfc2aa24c3a148ffc1932dc78 via relay
2026-08-09 21:17:39.497+09:00 [INFO ] Accepted block 3af5800c28be5d445b43a27cd28be07fe839458e1f995aa6845a766853574ac9c4b2e54c03895ee83b24f214b3d58e145c5285a0d0a73688574b854f4755ddab via relay
2026-08-09 21:17:40.655+09:00 [INFO ] Processed 6 blocks and 6 headers in the last 10.00s (6 transactions; 6 UTXO-validated blocks; 1.00 parents; 1.00 mergeset; 1.00 TPB; 0.0 mass)
2026-08-09 21:17:40.655+09:00 [INFO ] [ibd-perf] 6 hdrs avg: validate(A,parallelizable) 85.5us | commit(serial) 216.4us [add_block 13.4 + db.write 107.9; held-lock 182.5] | f_serial=0.717 f_reach=0.044 | parallelize-ceiling 1.40x
2026-08-09 21:17:40.790+09:00 [INFO ] [validator-service] heartbeat: mode=active sink_daa=1754 bond=Active(active=true) active_set=[epoch=17 is_active_validator=true (active_validators=5)] dns_overlay=configured (stage=Active, dns_confirmed=false)
2026-08-09 21:17:40.813+09:00 [INFO ] [validator-service] submitted attestation shard tx cf823d3f596051220f9922c8f834ebf2032339ccf9f938e9338e2918164c2629d64150dfe57378c971d499d6c33f0456037e798bdecb6cb7000eb27c3e3cd555 for epoch 16
2026-08-09 21:17:41.099+09:00 [INFO ] Accepted block 9f9d6ad798cb29bd8cae30f84ce966413f7dbbb56123abad7468921b72869803e9a57081cb50f85a0866a11817f1b2bb1e1e6279510a271755d97eac9efe84f7 via relay
2026-08-09 21:17:42.383+09:00 [INFO ] Accepted block a561a74e70029430bb72115632c3d576be1629a572696538f6f76abbe6d4d086d5c0df9782a266ed466b105a4ed0e893e5404f7b55031dceeb67dc1a52f3b0a9 via relay
2026-08-09 21:17:43.503+09:00 [INFO ] Accepted block bd9bb95ae57b47ab3966740501564ffec108ed9d65ac2dead41af0c910b3192e67bcd7883e820b2c8a26f8c10a7c75bdf67a50f2d5ac7292f34573e72f3fb045 via relay
2026-08-09 21:17:44.804+09:00 [INFO ] Accepted block 7b8e7b66552c1cf7b7d4196abfd24f04760d04f6ba7276dfe15be0bc56b196c4ef72842c16581210558d92bc5f2c75fbd03f85da57a92525b39e4249a253f542 via relay
2026-08-09 21:17:46.769+09:00 [INFO ] Accepted block 164b383a0ba5efa585c97341b38e595ad815bcc8ab366878cd889aacd318f154464ccf8cbb06db93a036b322dccb66a285773f02109fb005cc14a2177eaed18c via relay
2026-08-09 21:17:47.983+09:00 [INFO ] Accepted block 5549adf7c17330e383702c6e1b51ad8054f4594f5c6cf845d710bd7c08352c220073022b50bd7caa899a1aab1f5998a30518a20e0eb36d1b80787c76fad53c16 via relay
2026-08-09 21:17:49.453+09:00 [INFO ] Accepted block 01cc3bab1f3d903c958798b80acdb7a00cc79eaceac961ff902f10f5bb5deeef38fc80773bac9a394e88b6f9b06cadf9798125d7e13bfdaeabb45ab922d45496 via relay
2026-08-09 21:17:50.552+09:00 [INFO ] Accepted block 63a18ed85c9c96dc9901df4ca3be575cd0f41d6cde1bd2688f3e04182e74e79e84d7d5dafd65924a703c817c12999d9c4ba485c748aace16e33a31e457e64185 via relay
2026-08-09 21:17:50.656+09:00 [INFO ] Processed 7 blocks and 7 headers in the last 10.00s (12 transactions; 7 UTXO-validated blocks; 1.00 parents; 1.00 mergeset; 1.71 TPB; 35857.1 mass)
2026-08-09 21:17:50.656+09:00 [INFO ] Tx throughput stats: 0.50 u-tps, 100.00% e-tps (in: 1 via RPC, 3 via P2P, out: 5 via accepted blocks)
2026-08-09 21:17:50.656+09:00 [INFO ] [ibd-perf] 7 hdrs avg: validate(A,parallelizable) 87.2us | commit(serial) 190.7us [add_block 12.6 + db.write 90.4; held-lock 158.2] | f_serial=0.686 f_reach=0.045 | parallelize-ceiling 1.46x
2026-08-09 21:17:51.748+09:00 [INFO ] Accepted block c476bb6f9e9550a43d3713dfc7f6d5c367cd1a38f6e96202d95863908e13bf1400247f4709dba5e73f9423fe116c6785bd3f3bd588ee6a9e1c9b9b0b44912744 via relay
2026-08-09 21:17:53.233+09:00 [INFO ] Accepted block 5715355ca1a832d718bf8ed372c6c68596f9b8c846a48e44689995ebdfd42011709863790ea8fb66fa057812dde48a4189e64bb6bb1f3824a41d72d43659dd16 via relay
2026-08-09 21:17:54.354+09:00 [INFO ] Accepted block 442cf856bc23bcb0a27fd9a7d7f3a37c0ed066c67cb5b920e59db568f6eeca2853d6839cc7b43320037b3ca38d39173eb349d7b1b3f986f4ae879e5e24bd932c via relay
2026-08-09 21:17:55.632+09:00 [INFO ] Accepted block 7e4b269b5a264924b80c6a4c442299c60d6c2cf42b0ccaf040411235e24285f527d8148bbb0c9397dba7c4c9ba3d0225fad6e56f9f4616b0fb81606e16f4d8d0 via relay
2026-08-09 21:17:56.995+09:00 [INFO ] Accepted block fb2aef79cf26717859693c1f4902e2039f3e261009d81e7189a747f4063ad3a2888a7a78ee44d49abe3a7cf44bba81622a61bb05c8053d4367f841fa6952a69f via relay
2026-08-09 21:17:58.042+09:00 [INFO ] Accepted block 15af4cfb8027600c4c1e2a8a5d7a93f19776a215166fa9e8610d8e4f3e89626888e3f916062cc6dffba44356950dcb22db0d6c5038121cb0d44f2df6755045bc via relay
2026-08-09 21:17:59.297+09:00 [INFO ] Accepted block f6518ccbfeb1a82271820f92d399f57d52ae18955ae4b219090e8768e3030a5c16c43346f6cd08912e6786020a98abcfbf89c22e41c2c8735ebf5ad1260d00d7 via relay
2026-08-09 21:18:00.659+09:00 [INFO ] Processed 8 blocks and 8 headers in the last 10.00s (8 transactions; 8 UTXO-validated blocks; 1.00 parents; 1.00 mergeset; 1.00 TPB; 0.0 mass)
2026-08-09 21:18:00.659+09:00 [INFO ] [ibd-perf] 8 hdrs avg: validate(A,parallelizable) 90.7us | commit(serial) 208.2us [add_block 13.3 + db.write 105.4; held-lock 178.7] | f_serial=0.697 f_reach=0.044 | parallelize-ceiling 1.44x
2026-08-09 21:18:01.450+09:00 [INFO ] Accepted block 1f77ac6bf80e4ed73a01b5d5ee3081bfafdb6f026555b7420cbab31a0487034998e7b95eedf73a6ea93175093d363e6433c6289c06df25653bbc2ab938dbf282 via relay
2026-08-09 21:18:02.970+09:00 [INFO ] Accepted block 91599b01b968531c91378929bf0770b76d118d185efe6c011fc8627c9ae315e157b5c3ced54760f403ae92325b93a5c65c28e7e2143b3e4f9c5d337a5e787bcd via relay
2026-08-09 21:18:04.182+09:00 [INFO ] Accepted block df02f11528dc4b45262ff10c3059a37d2a15db13a8ce4ebcd898440555edee220919d6aaabf9961e70b80f29994d94cc9415202cd79ad88cdd0a4d57b39687f6 via relay
2026-08-09 21:18:05.272+09:00 [INFO ] Accepted block 185f45d3dbd892cf3a861cc17b4c37499ab820e9d45f6f548620217cf7ac615b0c5cc471ff4eec22b488d74b1d9e19828fc2b59d005b9624fa9e58848af323b2 via relay
2026-08-09 21:18:06.428+09:00 [INFO ] Accepted block ff3bacf88f0e9917479d31fdf23aa2e35b45e91b23907260c682d277421e8bd190b1e7862c60983da13c5bb2e4a73e4af68173bd1e74dfad7dab1b0b20a2271d via relay
2026-08-09 21:18:07.638+09:00 [INFO ] Accepted block 6153fc66e0d10b731d87a217df16b9c8693787663b1a29fff5a2f6c9ff4904be56da09ec9165d5ff662c8150727c4fa883390300f74061386d9ce12ff4d24d08 via relay
2026-08-09 21:18:09.499+09:00 [INFO ] Accepted block 022493680a1bc9b854cafd71ea27905a6983d446a9471958e67f259d840b1a50373f396fe58d76dcbe29c336825421ded7688322bc7e708bf0e68a1c8ca73d28 via relay
2026-08-09 21:18:10.661+09:00 [INFO ] Processed 7 blocks and 7 headers in the last 10.00s (7 transactions; 7 UTXO-validated blocks; 1.00 parents; 1.00 mergeset; 1.00 TPB; 0.0 mass)
2026-08-09 21:18:10.661+09:00 [INFO ] Accepted block 7b5d9abd396bebd073c641d23f30663c19e8a30728944f20e5941c1bfbcb91fdd7c39274ed988474b953e35236fcc0db93f6eb6052f2b82e405c8e2075ec512b via relay
2026-08-09 21:18:10.661+09:00 [INFO ] [ibd-perf] 7 hdrs avg: validate(A,parallelizable) 112.0us | commit(serial) 327.5us [add_block 27.3 + db.write 147.9; held-lock 278.2] | f_serial=0.745 f_reach=0.062 | parallelize-ceiling 1.34x
2026-08-09 21:18:10.831+09:00 [INFO ] [validator-service] heartbeat: mode=active sink_daa=1776 bond=Active(active=true) active_set=[epoch=17 is_active_validator=true (active_validators=5)] dns_overlay=configured (stage=Active, dns_confirmed=false)
2026-08-09 21:18:11.852+09:00 [INFO ] Accepted block 38481c750264b3a9cc4ef5a123ed6848092b11547cf69deba3eda9b2e6607fba56c576f290dbf744d2e132ec11acad48899d42caf9d11a86d99acd5b0004793a via relay
2026-08-09 21:18:13.656+09:00 [INFO ] Accepted block 8e8c42825d44599bf1dfa36de88515ea68a3c1cdb1c353468ed5282e2496456b99f2a6e6f528d3e1aae229cc4af5d8275d2fe209816bc8353863d7099be444fd via relay
2026-08-09 21:18:15.292+09:00 [INFO ] Accepted block f96b3a87bb03de60b1a80846e02427a3b7b93498296b47e26b2aec49217cf7b14eca95edda95ed6957e2a88fffbb2d6ca4c3c73482a2c18a395fc1aa321faa17 via relay
2026-08-09 21:18:16.605+09:00 [INFO ] Accepted block b20ea9bfa8988288fcd8978f2ec2a0907b06c25ad09c393cfcaef7425900e57f90d218fa08f5a48e9e18fb163fa4710cf4ead9b050b9db5d3d92a9f484aff60e via relay
2026-08-09 21:18:17.991+09:00 [INFO ] Accepted block 87d720336af23e7f3ff681808b4453aabea08ce766e73e3a3f2c45c331d47f0f4498984d73bd47f78b93a81bc9819fb426bd6063637f7671754e63e08870e05c via relay
2026-08-09 21:18:19.255+09:00 [INFO ] Accepted block d8269080b0e635bb8c90f5e309653fe1c9a134f6b238872a3c33e72956191e8b6ce4c5c0b9b31685aede7a452162c0f70ba07d13d81121eb5de2902fbbab33a2 via relay
2026-08-09 21:18:20.323+09:00 [INFO ] Accepted block a0fe3cef2e6d0af957598bbfc594bb9af98c614d6304788fbce06e30d5b324bad1cb20723bb3abe0dd4d6f1efeef0111bcdd1b41729c8716d030eede9280e601 via relay
2026-08-09 21:18:20.662+09:00 [INFO ] Processed 7 blocks and 7 headers in the last 10.00s (7 transactions; 7 UTXO-validated blocks; 1.00 parents; 1.00 mergeset; 1.00 TPB; 0.0 mass)
2026-08-09 21:18:20.662+09:00 [INFO ] [ibd-perf] 7 hdrs avg: validate(A,parallelizable) 151.5us | commit(serial) 262.2us [add_block 14.2 + db.write 117.5; held-lock 205.8] | f_serial=0.634 f_reach=0.034 | parallelize-ceiling 1.58x
2026-08-09 21:18:21.828+09:00 [INFO ] Accepted block 527f84e0aafec71d87159b56eedef1430be3559032e6cf0cc3a06ee897a9cf7cdbedd2b69ba98fecbd8c2bc17f575284e1fd3a23912a17355caccc2e3c28de99 via relay
2026-08-09 21:18:22.939+09:00 [INFO ] Accepted block 623651e427969a308f56ca285fb078eb213c8018112aade44490ed8d166ec3c995b3e45ead47bdab4cc669f17a0a93f7c6df45c8b93859e353c5f4c7d8e325be via relay
2026-08-09 21:18:24.295+09:00 [INFO ] Accepted block 6db97ca2a0e9e8d9bb25cbd21b91cf721e754d9cedd55871991423de1ab569ef1b88bab50d2332750f630f0b973b5ef1e08cc1b8fcccc439f823846c6cb91d9d via relay
2026-08-09 21:18:26.341+09:00 [INFO ] Accepted block 0875dfc5aa89e87be030af1f5be193c57a29dcfc9b076c7a5cb0e3558bc555ea7d5ead06a2bb28b92a311e6b24d993b76b22d946af8b7733434e428c5d8203c3 via relay
2026-08-09 21:18:27.779+09:00 [INFO ] Accepted block e21a2548a07cacac13cca3a1a2ea31ecb5718a4169a303c8cf944962157ef5752501a7a8ea63a02b46f9e5a7cbfb88bb0da255e61fe575b4c138b3ffac9b9d00 via relay
2026-08-09 21:18:28.866+09:00 [INFO ] Accepted block b2cc6a12a971156875b65fbc4e8402dad9d0f250675c7a37ce50662cd492d3dda146e9d426d70cc41dbfcb997a58e019112cba45c988be8ea142774ead18c8f3 via relay
2026-08-09 21:18:30.104+09:00 [INFO ] Accepted block ae58cfc852f7230faeefd9575d61311f9ee582fbdd973102476fe480f9ec7f83f94b6015d631c4cebc599670ada946b3d59a732eab70a4c2fc7983b5a35685a5 via relay
2026-08-09 21:18:30.663+09:00 [INFO ] Processed 8 blocks and 8 headers in the last 10.00s (8 transactions; 8 UTXO-validated blocks; 1.00 parents; 1.00 mergeset; 1.00 TPB; 0.0 mass)
2026-08-09 21:18:30.663+09:00 [INFO ] [ibd-perf] 8 hdrs avg: validate(A,parallelizable) 93.8us | commit(serial) 243.2us [add_block 11.8 + db.write 103.0; held-lock 205.0] | f_serial=0.722 f_reach=0.035 | parallelize-ceiling 1.39x
2026-08-09 21:18:31.405+09:00 [INFO ] Accepted block 55942e27a6663a29ba9ef8c8dba0cab1d2488fd8d656251b3f31e11c63ff2080edc82fa588be950c1edebfb4c38e0508578de58a9a31aef8006aa06ec3922e32 via relay
2026-08-09 21:18:32.614+09:00 [INFO ] Accepted block a9648f2c94ba7996fe07e47107d34e0c360986dd8bae5c25da565624f6a71102feef2cc94775dbb0be12b71ad109ee3c6edaccf491218df6f8a9bd257f38b96e via relay
2026-08-09 21:18:33.938+09:00 [INFO ] Accepted block 546570966d626b581d8ad68db17cb1cfde1a93757397e70b53014fc9c8340afe9c7a55465bc551f1f7705c9a6ec52e7772f6d707c80fd50b10701e9631bcdac4 via relay
2026-08-09 21:18:35.625+09:00 [INFO ] Accepted block bc8c0fa45443672a6a8ea901efbe41cfddcbb01d3c286fb15b94c8aedf6a86e9b28a006afe2ee2e1c58c53dd09e72924a874cebd0f6fc7ddff09a1b08b9210ce via relay
2026-08-09 21:18:37.712+09:00 [INFO ] Accepted block 8cfdf6e760ba4261d01962355fc4680d0b634469b609b5c6307bbdb1ad6f995240e06b8ff3de6d370258cb2a713223946ba7fe1f39c880bc06912bdef9eef77c via relay
2026-08-09 21:18:39.166+09:00 [INFO ] Accepted block ba08264e1277cfbec34657f1a749dfdf5fe84871fdcaa1eec2100a6cfd722b973943897789e4d436c51e49df668311401771143e6a12de275176e2c0ad87e81f via relay
2026-08-09 21:18:40.356+09:00 [INFO ] Accepted block 153b59d17eaadd75f3750e5b54e1429a97167d7d5d25af7ca204a859d1b3b82642fd0296d7ea2276c85fb996ef9e9468842f6c36420183446011b9ed70b371bb via relay
2026-08-09 21:18:40.665+09:00 [INFO ] Processed 7 blocks and 7 headers in the last 10.00s (7 transactions; 7 UTXO-validated blocks; 1.00 parents; 1.00 mergeset; 1.00 TPB; 0.0 mass)
2026-08-09 21:18:40.665+09:00 [INFO ] [ibd-perf] 7 hdrs avg: validate(A,parallelizable) 89.6us | commit(serial) 222.8us [add_block 14.2 + db.write 111.6; held-lock 189.5] | f_serial=0.713 f_reach=0.045 | parallelize-ceiling 1.40x
2026-08-09 21:18:40.846+09:00 [INFO ] [validator-service] heartbeat: mode=active sink_daa=1798 bond=Active(active=true) active_set=[epoch=17 is_active_validator=true (active_validators=5)] dns_overlay=configured (stage=Active, dns_confirmed=false)
2026-08-09 21:18:41.581+09:00 [INFO ] Accepted block 4b9ec9e3792ec6710590df3e607a7fee7d38254469f78902ee543c3f226bd49060190bc5b16a5b64c4a01eda13274daf3194981d99b0f70f090bba9e8e24b39d via relay
2026-08-09 21:18:41.788+09:00 [INFO ] [vlt-credit] 5 certificate(s) in the window, none credited: challenge_not_mature=5
2026-08-09 21:18:41.788+09:00 [INFO ] [vlt-credit-skipped] certificate=0d3aadddc76d469575b6981db16b76f8bf21763e01160679e45648eaa7725fa539b9e3b0ca384bb8ab198c06a6677a349d3cdbd9d768ff927206b46ddb128b64 executor=697311d4c6baec6bc376e1b07f3bb38c421b60038f6cd26c42d2dbc47bd18d4ab271af0065d920c49d0ae40b2c7ddf988fd37ac6d780e82b0e486f509b0323b8 certificate_epoch=15 reason=challenge_not_mature (not yet)
2026-08-09 21:18:41.788+09:00 [INFO ] [vlt-credit-skipped] certificate=401e6bd1f4471d48b3e2eef2d3d5a15e9dadb24af747cf6c28327c02c288b1ac894262b13c3fa93f4c2743f32fea8d42252ae256012f21f13a0253cf665f33dd executor=03e1f2a12936d5f299fe9c78258c3f2a0c31dba5c6522b7415b251ce8da4b4d731df7a2788ee0db5307dd2d39e5697456500cc2d7cbfeb9b239091c6a0bdc1f1 certificate_epoch=15 reason=challenge_not_mature (not yet)
2026-08-09 21:18:41.788+09:00 [INFO ] [vlt-credit-skipped] certificate=5ddf84538cb64a8bbef12d231a628958cd903ff4db269fc134168245a62a9e30d7b88e447334257d2fed8c12a2e3c3e89fa0b69929a84160efbf443bbc254aa6 executor=5efd716ac794897ab148eef63ad5c50a5b662b4328760d6dec9e8077553c70048a80da47f6840970d89ac6060d5f604782fa8fa529429c9dce260bd6b7e86b4c certificate_epoch=15 reason=challenge_not_mature (not yet)
2026-08-09 21:18:41.788+09:00 [INFO ] [vlt-credit-skipped] certificate=a985d88bca06591bf4b451b50f0b908f808bd2b686311453384a746a3c044021a436995e9eac6f09de97185d6fcf932a41936a24cfb72a77653c164a67312b40 executor=efc895024da64a059563fe77bddd079e504902bdc878d344f4b114f29d123a467051b6b52ab53453a53b5448a290138c9d1049cdf7189d91fd6e6b0cd7121ad2 certificate_epoch=15 reason=challenge_not_mature (not yet)
2026-08-09 21:18:41.788+09:00 [INFO ] [vlt-credit-skipped] certificate=3b5db4297ba9e49ecc1da6e69a86ee442c63891950d96ebcfd4a9c751e5f72b0b9134321072a5a18464f7547ad832c4ddea52133b3e4b2e93b9dc4af4d4620e1 executor=d444449c0afb4276e36af7c32deba158d784a49910663eb6e87601bbde34ada664eaa082323d9d992e3405216b3496508e75d856bc56793b04d636421bdb43dd certificate_epoch=15 reason=challenge_not_mature (not yet)
2026-08-09 21:18:41.793+09:00 [INFO ] [vlt-shadow] sink_daa=1799 0 validator(s) with credit; 0/13 epoch(s) would reach quorum; newest epoch Some(16): W(E)=0 signed=0 snapshot_root=72d29708e34d8b09824435a72ea330be4bed53070e3961604416a7d30b08724190951888fad895a9549458a41475387b806733e555f916c0dfdae732ed728733 — the weight fence is at 18446744073709551615
2026-08-09 21:18:41.793+09:00 [INFO ] [stake-score] sink=16e69b2242427ed6261c21eab7fba8b9d543b037789509a4e1cfbcba331f6ac47c46e31fcd9f01232d0b1d111bb3ff41b100cff63495a78e23d4a81faf4b17d0 sink_blue=1800 credited 24 attestation(s) over 13 ready epoch(s) → stake_depth=6000000000 (rollout=Active, health=Active)
2026-08-09 21:18:42.798+09:00 [INFO ] Accepted block 16e69b2242427ed6261c21eab7fba8b9d543b037789509a4e1cfbcba331f6ac47c46e31fcd9f01232d0b1d111bb3ff41b100cff63495a78e23d4a81faf4b17d0 via relay
2026-08-09 21:18:44.310+09:00 [INFO ] Accepted block 64b5358fb1c552bcea5ee42c68f4571eeedabf4b28602925427b99535e5c04aa8836e755ac21c0b843cf3402d5dfb1b07840802e3d3b8a1c4da503e50173d2e7 via relay
2026-08-09 21:18:45.530+09:00 [INFO ] Accepted block 913af9b16bcec31c40ae33295f13438a023a2976dd73ca6079d78b5164ef38bb432f4609b8d4e54f045d39349eb03ed77770907816916bd912b239f1ee2c889a via relay
2026-08-09 21:18:47.197+09:00 [INFO ] Accepted block a915b97877ac5f7a0e6fc153269ff4ab6b450c3cd02eab575c0a6c444fd862da5dd888a998dba77a4b1b37b41bd7c9a95ba38426bc3b865324ced803318fc0f3 via relay
2026-08-09 21:18:48.510+09:00 [INFO ] Accepted block a30babcd31e33edb757a00fd1ff0c8fb22dcc768b0778d6a0d3a3edbac11089882803aaada893ad6e717e9894905c09c54028eeaecdde415b8ac1bce86634668 via relay
2026-08-09 21:18:50.139+09:00 [INFO ] Accepted block 24494105fd4d332bc7b3d8b762d1ac1df3bc0ef37e9ac6bcff871d638505c90b25e949d9f39520a672d8b753035ca73d8a809b9fd70bbb7d85dc9f53093ed942 via relay
2026-08-09 21:18:50.667+09:00 [INFO ] Processed 6 blocks and 6 headers in the last 10.00s (6 transactions; 6 UTXO-validated blocks; 1.00 parents; 1.00 mergeset; 1.00 TPB; 0.0 mass)
2026-08-09 21:18:50.667+09:00 [INFO ] [ibd-perf] 6 hdrs avg: validate(A,parallelizable) 81.1us | commit(serial) 214.6us [add_block 12.2 + db.write 103.6; held-lock 180.9] | f_serial=0.726 f_reach=0.041 | parallelize-ceiling 1.38x
2026-08-09 21:18:51.727+09:00 [INFO ] Accepted block 2b5e5737f6a0ab80badb8fe408397f89dd003d00fd443ac07c72468913b4b428c5b43be1f52bb56074f9235c4265b298175c961926920d25797193979848aa9f via relay
2026-08-09 21:18:52.942+09:00 [INFO ] Accepted block 429c5f18acc147b729100ad9322ecf95fd937d56f57b10dcb6434a2df000148b92dd06c100d9c29cc925cf5bd14abe3e1062fb9e1b0dfa48ba1bdf1d4364d8b5 via relay
2026-08-09 21:18:54.188+09:00 [INFO ] Accepted block 33e8613580fc0a717465107484cfaddbb1df4432fb76c34cd89764ea48272b7dc1af9e3b5cd8710228dcc17f8ed06521a662b6af5dabecc3fbfd3dea36074377 via relay
2026-08-09 21:18:55.403+09:00 [INFO ] Accepted block 0478a0f3785d962d9e701ee80fbfd44453e72b3ef892aee4d6af26e00d5b9c21ef0be02651418f9eb6a74ddec616b9eec11f6ac8c980e5ac87b2738ed57933e5 via relay
2026-08-09 21:18:56.592+09:00 [INFO ] Accepted block 96e0a13bfe1c3caec55b8154b92380263638119bbd12926c2fea8e6a3c82a6773fe6489143ba9d1454a287d5a14a7e9ca55554b3f682a5e9ce3aea4dbc4f869b via relay
2026-08-09 21:18:57.818+09:00 [INFO ] Accepted block df3ec31e0f7eb6855ecc70c9631eb82bd5b2238f414d8c5b613c395faa8e73a593af3de946750d78fd5d5fa11cf360185d5893e6c3ff50ef930fe32c7304e564 via relay
2026-08-09 21:18:59.300+09:00 [INFO ] Accepted block d5852c8b308e7470ece74ca7eb2e58942d6c8ba29fd1689684ce1db8c4738e9c074ae236a9e90ef52d5d35daa67bfcc3b650efd4342adfda493d45fa7552315b via relay
2026-08-09 21:19:00.650+09:00 [INFO ] Accepted block fd81eb7bbb18c15fbbcad8f42c7a46eb3bdbe690095e32f310c320e0a8e5ea06e91b1c655eb0f923da1a6b1280e1ba8f0b11f461dab56c7e88668d064aa4d0be via relay
2026-08-09 21:19:00.669+09:00 [INFO ] Processed 8 blocks and 8 headers in the last 10.00s (8 transactions; 8 UTXO-validated blocks; 1.00 parents; 1.00 mergeset; 1.00 TPB; 0.0 mass)
2026-08-09 21:19:00.669+09:00 [INFO ] [ibd-perf] 8 hdrs avg: validate(A,parallelizable) 82.6us | commit(serial) 219.8us [add_block 12.5 + db.write 101.4; held-lock 184.1] | f_serial=0.727 f_reach=0.041 | parallelize-ceiling 1.38x
2026-08-09 21:19:03.458+09:00 [INFO ] Accepted block 7466639c8a8faa5b27cd542229c2558622491f5d8cc69fccf64c86c5593bc8415c53ea602ce588b3ff97e99bd4794e168cd43ddebf57268195b857787bf97336 via relay
2026-08-09 21:19:04.604+09:00 [INFO ] Accepted block 92114f32613452a8e4f389670e9014ee23666fc4d68d2d97a7e5c73d8bef32d2cf359a1093a44bc5eafee0cd4f1b7b9dcd8eb95b70435a2745fdb9bf369e794f via relay
2026-08-09 21:19:05.892+09:00 [INFO ] Accepted block 099bda6e36029cdc72d53a551851ad3e0cd6d0426cbd006cd924ba5436e59a378ae00cdb3c3fa45dfcd7139ab9fc85f1c4731ba410903152424c7ce9bd593ba0 via relay
2026-08-09 21:19:07.187+09:00 [INFO ] Accepted block 1c7acbf6b5409558eba4e2cfdc2d238c36f179dc915741d70577342c397ceb60cc96962ffccec46023e82c2aaf3026eb02afc62c95dc1a2890a720fccc26c5f1 via relay
2026-08-09 21:19:08.419+09:00 [INFO ] Accepted block e03747ce482d92f46f0bd3122d042da26a14caa163139d43ac2fe9cedc9b8deab6bd7b8ae6fea5ea13b8e29414a0fccd499d9c680a49b4bbe4387ffed9c0d8dc via relay
2026-08-09 21:19:09.480+09:00 [INFO ] Accepted block 8adbb1a1b091d4c5c7dca3287690d51ea2ac938a99ee8ef1fe5f68ec77c71a73c0c68039adb70f250c026209eae4c7a916d76794816dfbb5a64e36433b6d555c via relay
2026-08-09 21:19:10.670+09:00 [INFO ] Processed 7 blocks and 7 headers in the last 10.00s (7 transactions; 7 UTXO-validated blocks; 1.00 parents; 1.00 mergeset; 1.00 TPB; 0.0 mass)
2026-08-09 21:19:10.670+09:00 [INFO ] [ibd-perf] 7 hdrs avg: validate(A,parallelizable) 82.2us | commit(serial) 185.8us [add_block 11.5 + db.write 86.9; held-lock 152.9] | f_serial=0.693 f_reach=0.043 | parallelize-ceiling 1.44x
2026-08-09 21:19:10.859+09:00 [INFO ] [validator-service] heartbeat: mode=active sink_daa=1819 bond=Active(active=true) active_set=[epoch=18 is_active_validator=true (active_validators=5)] dns_overlay=configured (stage=Active, dns_confirmed=false)
2026-08-09 21:19:11.158+09:00 [INFO ] Accepted block fd09e0b5653010834b4601bf6f3a8c853972f33e3fe0ed70b8159b4ad24b26d89e004d7febc0fb2e50c2f38614d3dd08d848f43d91d7675255c8fc0ae999d29a via relay
2026-08-09 21:19:13.193+09:00 [INFO ] Accepted block 162684e872b4bd88e43340edf26d43ad5608c16eb4106c6bef1d832dc5fb758e5cecfa7cf144649cea2170670332828d28d0dc754ae2f2d3a20bf5fe928e24ce via relay
2026-08-09 21:19:14.259+09:00 [INFO ] Accepted block b4fdee34633b8a054a0395e456fe6b6d85623ea8bffb2fb273867480a72fdf55fd3fd3023f5f326bfbb200fcd48218c547d98484c88d34f52fb028daa1178bc8 via relay
2026-08-09 21:19:15.339+09:00 [INFO ] Accepted block bbcca9676594d852eeca70133cb09adcd8a47616935a90c234f02a9d06acf285705f23b4da9c1fcf308570cba0503e7088717d070c04c366e52cc04208fbcf30 via relay
2026-08-09 21:19:16.418+09:00 [INFO ] Accepted block 1e89be1e0c23938bde1239d18a87dd44bb3990d81f29713501ab895860a1f7aca6bf2e0dca5272f0f6f721edc3e1ab5e8b1d25ffebc6adc3f5575c412d65ceb2 via relay
2026-08-09 21:19:17.906+09:00 [INFO ] Accepted block b47029671bf7681a0e5c9394b775b8a903a7f89ae4c6e5b318c6e97b2bd5817b314a14336df76cab0aa6510772ca8d1c372c1c224030fb097a8790a4ce3380f5 via relay
2026-08-09 21:19:20.373+09:00 [INFO ] Accepted block 59b89d6c24448cb54a73b06cdc71e44575debb67917b462ede3ed2a4830c74f150bab1464e38171fae963f88a5d710e5637404a7b85b50c902ade519a5b9ce92 via relay
2026-08-09 21:19:20.673+09:00 [INFO ] Processed 6 blocks and 6 headers in the last 10.00s (6 transactions; 6 UTXO-validated blocks; 1.00 parents; 1.00 mergeset; 1.00 TPB; 0.0 mass)
2026-08-09 21:19:20.673+09:00 [INFO ] [ibd-perf] 6 hdrs avg: validate(A,parallelizable) 84.4us | commit(serial) 201.0us [add_block 12.7 + db.write 98.9; held-lock 170.2] | f_serial=0.704 f_reach=0.044 | parallelize-ceiling 1.42x
2026-08-09 21:19:21.958+09:00 [INFO ] Accepted block 9817f5656fc9235d6a19f95157df75c9e119baf8bf4c44c67512e9544b87c2b391375ad561b52d52393a52216e1460a1423e5bd8d86fe81f6e446239f53ec628 via relay
2026-08-09 21:19:23.036+09:00 [INFO ] Accepted block 54b81ec7389b201fa6c85abb691800960de3c38ecc143e4e45b5ecee129e5d84a12fdb1e12232db18a78670f8bf40458ddb1e19d3ff4095d568f4ff9f89e56ce via relay
2026-08-09 21:19:24.572+09:00 [INFO ] Accepted block 5f011fc0df33891d4ce09754dd7eacb669600e7cd46b0b3a22e21d757c6197952d0df15d8a2084641d800ae7a46df6ebe650678d771de3e7da232182f1281859 via relay
2026-08-09 21:19:25.806+09:00 [INFO ] Accepted block 0857ee41575bf8d7b12c64616c21565883711f683eca4ab801c59a95a743d66e4319be87175498c414c0206b884f05e5814b96ae2508f35de12a6b6dba779074 via relay
2026-08-09 21:19:27.261+09:00 [INFO ] Accepted block f8c23d93eedb27422982fd549710ac3d17a641ae7a245144c60f973a86c1b53d275fb0595741e2b12d4a9948430fd7a111e6452935cfa089ea8d62e03cf9b9ec via relay
2026-08-09 21:19:28.587+09:00 [INFO ] Accepted block 3b1761fd351ca5987624dc38c76c15780045dcb4f0f068797a8ea969af256d6adb7f320c53ebc09c795b8df59070164830650563e87aeabe3e12ffa311b31136 via relay
2026-08-09 21:19:30.675+09:00 [INFO ] Processed 7 blocks and 7 headers in the last 10.00s (7 transactions; 7 UTXO-validated blocks; 1.00 parents; 1.00 mergeset; 1.00 TPB; 0.0 mass)
2026-08-09 21:19:30.675+09:00 [INFO ] [ibd-perf] 7 hdrs avg: validate(A,parallelizable) 96.2us | commit(serial) 225.1us [add_block 14.2 + db.write 105.2; held-lock 187.4] | f_serial=0.701 f_reach=0.044 | parallelize-ceiling 1.43x
2026-08-09 21:19:31.030+09:00 [INFO ] Accepted block e19a11c6c10ae352da6fa8a2c273b9dd02b9e59171f348ac80d0471f6197078fdb51663e2a504da52c57bdbd0af2e6186471d95ce9c6e9ddb9990c3d43bcc06d via relay
2026-08-09 21:19:32.402+09:00 [INFO ] Accepted block 2e02221ae0c25dacd4da751aa89d70649494f4bc0c5b47059d93598060e46c562201d125740428db92754f7ae9b10d7cb01d6eac93b991eedb65444badf8f7cf via relay
2026-08-09 21:19:33.501+09:00 [INFO ] Accepted block 2c4bcd3399c199c597d7f288454986d13ab74944063f164e214b74747460bc6dd04608b642023eaa103cbd218529cbb3ff9aacde0a729b4f6b7894ab6235a043 via relay
2026-08-09 21:19:35.424+09:00 [INFO ] Accepted block 56c2fa08f1a7bf178ce410d08851bd823e488515baef64097b5c8c829749d51e6275bb6801170dde9be26f64d6c8aaa3e69c78740dbe181879371799858904f2 via relay
2026-08-09 21:19:36.628+09:00 [INFO ] Accepted block 0c2c73836ff19a38620b79c5da34cbbeab93adbc208e03c3f0a664d5cab98937376bedc7bb6720716e757efd10f5e9bf8ebee13c31a4faa09d9dfac32f03e80c via relay
2026-08-09 21:19:37.942+09:00 [INFO ] Accepted block 6963e5e3ddc2e36ebf75a20957c92e00d8464be156f2649306e9bf6436cbb7f1f66203d8eb62cca1207412a46369f429b9cddeaaf6167d92ecf490fa7a3fb764 via relay
2026-08-09 21:19:40.603+09:00 [INFO ] Accepted block 7d4a4388c019c15de9f1204618d1a4b5f373da8a8d0b5995480641a6a758700887874d6df127148bb43085e5b8f13bba62eb425aa7feace5093af9de0dc20857 via relay
2026-08-09 21:19:40.677+09:00 [INFO ] Processed 6 blocks and 6 headers in the last 10.00s (6 transactions; 6 UTXO-validated blocks; 1.00 parents; 1.00 mergeset; 1.00 TPB; 0.0 mass)
2026-08-09 21:19:40.677+09:00 [INFO ] [ibd-perf] 6 hdrs avg: validate(A,parallelizable) 92.0us | commit(serial) 242.2us [add_block 12.9 + db.write 128.0; held-lock 210.9] | f_serial=0.725 f_reach=0.039 | parallelize-ceiling 1.38x
2026-08-09 21:19:40.871+09:00 [INFO ] [validator-service] heartbeat: mode=active sink_daa=1838 bond=Active(active=true) active_set=[epoch=18 is_active_validator=true (active_validators=5)] dns_overlay=configured (stage=Active, dns_confirmed=false)
2026-08-09 21:19:40.894+09:00 [INFO ] [validator-service] submitted attestation shard tx 494bb1bdc87996160ba41d7860eb57f27abd14f1b59a8dca827d82710c29828ca89758d8757886c72c33d8e62e56e583a05247d915c59967b75cb349edd2aea4 for epoch 17
2026-08-09 21:19:41.934+09:00 [INFO ] Accepted block 3c6b03c953be1e856a8d2b9d068df9d8b9294d6cb1e210d0c776aa30daaf29cc0daaf24d70ec20304cca12456c4eef30ab49ae7ae3daa4a347fa09612dec5711 via relay
2026-08-09 21:19:43.120+09:00 [INFO ] EVM lane KPI (O9): 512 chain blocks, avg mergeset 1.00, avg accepted-gas utilization 0.00%, 0 deposit-claims applied (cumulative)
2026-08-09 21:19:44.140+09:00 [INFO ] Accepted block bb44b6c1a10792c981e9edbf8527489f591339fb09a9c1a63f9ec9b93076ee834977d74ffeabe99200a5691c2e3ca77f78a43969f753d0942e483c349732ae13 via relay
2026-08-09 21:19:45.165+09:00 [INFO ] Accepted block f71193a9ee80e9133debec83f93baa662e76917621d6e6bf8fea123898df88e646cf0ab27c8d544b34e8c0c33bb63b7b876987fa3d5a67ee1a9925b63a0e9d6a via relay
2026-08-09 21:19:46.567+09:00 [INFO ] Accepted block 85ac6496c79af8e51a296318a1d64ed8de4e18077425e05ae964c0479f4945b8a4d7688dd4febc3a94b897a72896e39153c2c8706f6d76368ca0f66b22386b43 via relay
2026-08-09 21:19:48.375+09:00 [INFO ] Accepted block e125708d1d36e2dddcd080d97b31d523a57340eac89d3e8be4d40a6b08131fbdf0bd06df366be534e0483d3107e51a18f3938a3ef0f1323a4573c7af9018f448 via relay
2026-08-09 21:19:49.874+09:00 [INFO ] Accepted block 250990f88abdc801b4046eef0b69c16f4bbfb67f259120e4716cf907e83d0ac32a0aa7d7bb25759a1c92142cc64163cbdd91516f12f23c89f201a138d4cded46 via relay
2026-08-09 21:19:50.679+09:00 [INFO ] Processed 7 blocks and 7 headers in the last 10.00s (12 transactions; 7 UTXO-validated blocks; 1.00 parents; 1.00 mergeset; 1.71 TPB; 35857.1 mass)
2026-08-09 21:19:50.679+09:00 [INFO ] [ibd-perf] 7 hdrs avg: validate(A,parallelizable) 90.8us | commit(serial) 190.3us [add_block 11.6 + db.write 92.3; held-lock 155.8] | f_serial=0.677 f_reach=0.041 | parallelize-ceiling 1.48x
2026-08-09 21:19:50.679+09:00 [INFO ] Tx throughput stats: 0.50 u-tps, 100.00% e-tps (in: 1 via RPC, 3 via P2P, out: 5 via accepted blocks)
2026-08-09 21:19:51.043+09:00 [INFO ] Accepted block f533f1eb8cf45f0cd2ad76ac150ab8fe68e2d2f4640921e2967f6644ad0e48d49b579bccbdb5068a96f5ec737a6ad9acae32eb7c60237d94105550e142ffbb7e via relay
2026-08-09 21:19:52.172+09:00 [INFO ] Accepted block 21eb53cdd53981f27ea8501fa15123fb9380806e028a6a4483b610e0ea0e58b12ea7e834f0e197133e0e3d2484951f2808e46578f4578a1046f070c849ed81a4 via relay
2026-08-09 21:19:53.344+09:00 [INFO ] Accepted block 726eb263e406de85361ae758221b9c0c1d9fed960914c8dc8fc57349a2f387e93fc89cc9327b41c6723b4817608d62356ba391b79cb2acdda714207e4044bede via relay
2026-08-09 21:19:54.982+09:00 [INFO ] Accepted block d236e530862439f4edea99c63a5e010cdf7570994938fb5335078baaf95bdc16061085b8a4b40da0da116764162fc5d2e62d11705f72d1cf0063bd34f6f90642 via relay
2026-08-09 21:19:56.671+09:00 [INFO ] Accepted block c0780579f625b0ab81e05465d747df3801dd0a90c6dd73c016b67afc33edc700a874031bb4e7256bda65a32f905aa66d551f1ea2aec8a0313f241a5b76dddc0b via relay
2026-08-09 21:19:57.741+09:00 [INFO ] Accepted block 2f781ea3c73f10eb7e1d2cf34738fb5e565c92ad92af595c3373b0eb083342b4f1f5098f37564a9446481aad3f5d3e749033f4e1467afc8df269cd27ccea64ad via relay
2026-08-09 21:19:59.335+09:00 [INFO ] Accepted block 51bf141532e816dbb4e2f0bfefb12b1c8c183d9289a4fd3fef6c76406e10e2defa334a3f14e7ce502eaaf8404238be901fbf1b186dd01c3afd2fb41632ce0461 via relay
2026-08-09 21:20:00.388+09:00 [INFO ] Accepted block 77b628cbf49bffd372736b8a81c082cf8ddab0f56bf4d9de4a60ad4def33a569217ab5fac78d6233a741a4dbe6dedf1c9625d378d86a02214597182cf3892e2c via relay
2026-08-09 21:20:00.681+09:00 [INFO ] Processed 8 blocks and 8 headers in the last 10.00s (8 transactions; 8 UTXO-validated blocks; 1.00 parents; 1.00 mergeset; 1.00 TPB; 0.0 mass)
2026-08-09 21:20:00.682+09:00 [INFO ] [ibd-perf] 8 hdrs avg: validate(A,parallelizable) 100.9us | commit(serial) 267.2us [add_block 14.1 + db.write 145.9; held-lock 222.2] | f_serial=0.726 f_reach=0.038 | parallelize-ceiling 1.38x
2026-08-09 21:20:01.495+09:00 [INFO ] Accepted block 29aebb755694030b47641b83134ec9f3fe4aa984056b97481fd22841b630f2cdc9973f705dadb008e86c323b36e4a63013f5327c59e91b0b2fdacd57533c0f91 via relay
2026-08-09 21:20:02.914+09:00 [INFO ] Accepted block 587fb0b05380526abbf2b681057d6321c7d7fd6a61b20e32009b41c23e2161f361115b9e2a90d65612e9d04a280af73a17499761a63580c959a55ba32a26b45a via relay
2026-08-09 21:20:03.996+09:00 [INFO ] Accepted block 3a22489f05fb0495b87b1118dd2c7a7be430b204220b9abd882740fe20d914a131a59da13221651e3458c2a9e36ca9ecfc23947b542f008bb07955c4981f1249 via relay
2026-08-09 21:20:05.289+09:00 [INFO ] Accepted block 93ff826904c8a421f20e405eb8e0d76326166e3d36b232a7bcbb0a2318400474030d7ce0fa91585c46a70484b34c409f13379548d6d4e31858901b4031201aa9 via relay
2026-08-09 21:20:06.836+09:00 [INFO ] Accepted block d352c9b697055a7960d4b477e634192be750f2eb4b24b8b0084ed0cc3703fa488c273f065ce05c3380c8209be208712940b9341b7adb6ab665ff17c16c295503 via relay
2026-08-09 21:20:07.903+09:00 [INFO ] Accepted block a1e477a5a70db30200994b4b0d1c2021e9aef12341d71c542f8c4ef896ba0c8cfe90a67dbfeda9e1ca07ef4ed85acf50bab7a80f4c98a238c611970d97536a6b via relay
2026-08-09 21:20:09.214+09:00 [INFO ] Accepted block 33a17bdbfe73df06180e9c6ab02659fa67fdbb0a8c8fc46d31ca261dadbea25ca7dd756f6a1c5908afd89b76cb6b33090115ac3b314f19c8e0cb0c1b046a5dfe via relay
2026-08-09 21:20:10.684+09:00 [INFO ] Processed 7 blocks and 7 headers in the last 10.00s (7 transactions; 7 UTXO-validated blocks; 1.00 parents; 1.00 mergeset; 1.00 TPB; 0.0 mass)
2026-08-09 21:20:10.684+09:00 [INFO ] [ibd-perf] 7 hdrs avg: validate(A,parallelizable) 95.2us | commit(serial) 237.4us [add_block 13.1 + db.write 120.2; held-lock 206.7] | f_serial=0.714 f_reach=0.039 | parallelize-ceiling 1.40x
2026-08-09 21:20:10.725+09:00 [INFO ] Accepted block a9bdc3c1f5820473391126fc427d032c6b284b2c5c67d32928d57a52575155a4c94ba5feb27c600f3fb298cc6ef619fc4a353393be3ce8a728ed32f4e773e3bc via relay
2026-08-09 21:20:10.907+09:00 [INFO ] [validator-service] heartbeat: mode=active sink_daa=1860 bond=Active(active=true) active_set=[epoch=18 is_active_validator=true (active_validators=5)] dns_overlay=configured (stage=Active, dns_confirmed=false)
2026-08-09 21:20:12.291+09:00 [INFO ] Accepted block f6bf1ea563894a84499d99ed54e697461c4ebac9e96a1e810b7ff16bb8a5010c0e7f7fcbb6eea09fca74edde821fe04e1b461f0ede09c6a9f6c42e61cf4b56d2 via relay
2026-08-09 21:20:13.804+09:00 [INFO ] Accepted block 03abcf0080eaad361f658277408458cf21a4c2b8fa0a83fbe96b4992114dbd3a1e2d1ab7ed8d5a99700b4140bca2517b03b614b4d77da52b882b8ccb7268c685 via relay
2026-08-09 21:20:14.955+09:00 [INFO ] Accepted block 50d5a5ec9f61e31708377679e9cbce437d4d2caccf055c3cafe5f00027239afccd91b74c9c2d24e87576fe7f4b4a57b282a08ef95228696acb6167404b575bb4 via relay
2026-08-09 21:20:16.111+09:00 [INFO ] Accepted block 3523eef47f89d5468687a92d6d759a0d5c0c7b655239321b02d9e831d45eb628c20534b3e286acf3022997c236d33e0148bc1e3fcceac8ea96bcb21c72b40e6b via relay
2026-08-09 21:20:17.973+09:00 [INFO ] Accepted block 60df7353573f53b90fe97233b740bd8ee10b52c29c3e2261c5963bb9ba7a64303e5e80efcef75bda728d66267354477e568bc28c177f1b6167146de03efaab76 via relay
2026-08-09 21:20:20.332+09:00 [INFO ] Accepted block 538c84fc3bb1e09af5a84d3a8f43434dfdd594cff113a2d0df7f9a11a380fed1e03367267b66e0a3c2610dbc4b5a791161f58d3dda7493ad93dcd3070ac05f2c via relay
2026-08-09 21:20:20.686+09:00 [INFO ] Processed 7 blocks and 7 headers in the last 10.00s (7 transactions; 7 UTXO-validated blocks; 1.00 parents; 1.00 mergeset; 1.00 TPB; 0.0 mass)
2026-08-09 21:20:20.686+09:00 [INFO ] [ibd-perf] 7 hdrs avg: validate(A,parallelizable) 99.2us | commit(serial) 207.3us [add_block 13.4 + db.write 92.4; held-lock 173.9] | f_serial=0.676 f_reach=0.044 | parallelize-ceiling 1.48x
2026-08-09 21:20:21.435+09:00 [INFO ] Accepted block 72fa7c3f04419288a20cacbf9748e1864f14f7f07b0dde1230583cddbeed5e7623b3ec61378ecf8be1a911865af8071e6d44c4e8aa86fb0d57b2bfddf4a89d7c via relay
2026-08-09 21:20:24.217+09:00 [INFO ] Accepted block b0ec8a86cd9b75700d0e9e16599c587312e9cbf93aa287fa9840db76a564cee8858e93b9b24a2090e997b464a6a1f98dc4fd1c9bf3659fe741bee7ce3ec3a94f via relay
2026-08-09 21:20:26.746+09:00 [INFO ] Accepted block 77e54318145d8b2908cd688c9bba0a598cdc29173285fceab4f814b42a17d9a917832e1b3093fd8a03eb9679da12338b0597cc99c992beb4e71c6750d9c39096 via relay
2026-08-09 21:20:28.199+09:00 [INFO ] Accepted block 3db5c1416a91bd68325af0c90a1d416f425c945658c980cc0835266ab082d803fd682ce786e09002cf4b407c2bca4be27c18d1bd49bcdc0e7eb97f98ef72eb03 via relay
2026-08-09 21:20:30.440+09:00 [INFO ] Accepted block 836b493b6fcc31d7195f175f5eff453a14d8c384db61abd3a4889dc3c0f37109b19997c63b0fcc2adf40d0556723b6d07085c95d3a448ee176df90bd73f8a5e3 via relay
2026-08-09 21:20:30.689+09:00 [INFO ] Processed 4 blocks and 4 headers in the last 10.00s (4 transactions; 4 UTXO-validated blocks; 1.00 parents; 1.00 mergeset; 1.00 TPB; 0.0 mass)
2026-08-09 21:20:30.689+09:00 [INFO ] [ibd-perf] 4 hdrs avg: validate(A,parallelizable) 84.9us | commit(serial) 203.4us [add_block 11.6 + db.write 98.9; held-lock 172.8] | f_serial=0.705 f_reach=0.040 | parallelize-ceiling 1.42x
2026-08-09 21:20:31.926+09:00 [INFO ] Accepted block a89fcf8a23aa23faae15b8964a6573b165c7611d1389d660c7837b444ebd09dc1bf8f46924336617e9c91e1a44a4bd02b75da7684e78216fc653cf16f783d724 via relay
2026-08-09 21:20:33.261+09:00 [INFO ] Accepted block 54948e1308373871ae75174ef47567d1992aad0b013591754814b60de2c6693b04560c56f812b239bf8ffbd6e01d54aad9e4859b1689c4df91dfbb8bf96b1c67 via relay
2026-08-09 21:20:34.570+09:00 [INFO ] Accepted block d8799e05ca9c7e889611ba2bec37759d2a5ce79827a66b6372b6fb3cc9b09d160fd53905179bf8435886a371999886a3134b4b10c392367f5a4156596cb4299c via relay
2026-08-09 21:20:36.402+09:00 [INFO ] Accepted block 981908919cd5496c9a490eaae0d24dc66b60ac8ae278898c949cd1386959585d10f00606600fe358121568fb9519a88a8c64bfbae6c9ab141988df968edaec8d via relay
2026-08-09 21:20:38.120+09:00 [INFO ] Accepted block 7451642d7e37535f093dfd8b56003faa48973c8e867220db08aedb619fc4094b4e5b22cba2bc66447cc3234eb3849f64f78ad30119f6bd6cbdb56be4a541373d via relay
2026-08-09 21:20:40.014+09:00 [INFO ] Accepted block 96feda535d6927bcf85d106da4e8fd565cb75e5465e64ad7c233c302dd4f6e0f7d285646199192a93b8638b3f4cafdcc59909c0b2f0d51debd3f0af0ff41ea61 via relay
2026-08-09 21:20:40.691+09:00 [INFO ] Processed 7 blocks and 7 headers in the last 10.00s (7 transactions; 7 UTXO-validated blocks; 1.00 parents; 1.00 mergeset; 1.00 TPB; 0.0 mass)
2026-08-09 21:20:40.691+09:00 [INFO ] [ibd-perf] 7 hdrs avg: validate(A,parallelizable) 99.6us | commit(serial) 224.9us [add_block 12.4 + db.write 113.6; held-lock 192.0] | f_serial=0.693 f_reach=0.038 | parallelize-ceiling 1.44x
2026-08-09 21:20:40.919+09:00 [INFO ] [validator-service] heartbeat: mode=active sink_daa=1878 bond=Active(active=true) active_set=[epoch=18 is_active_validator=true (active_validators=5)] dns_overlay=configured (stage=Active, dns_confirmed=false)
2026-08-09 21:20:41.345+09:00 [INFO ] Accepted block ae4157371a78d7130639a64ab0722ad77bb0bcf48e043f701f9bc18930133313690d6d198e8abb4d006ff39cd8e3eaeee7da9b908b4506cc3a50e2d974ce9ba0 via relay
2026-08-09 21:20:42.667+09:00 [INFO ] Accepted block d5dc51ee2f49096851a68a489b08ccf95c7a86da88aba85385e558fa161e7b30d4f2e7557d581c6bdc03b607a686ae53b89dcc89ac46264df9a3c3f0f9582d97 via relay
2026-08-09 21:20:44.529+09:00 [INFO ] Accepted block 115053b9bb35010186c81e0774f8a16157d723e8bf49717f541ab4edc40ee862d6110c2491ec68e3c69675c335b44249e33db8f8141a59b62dc888c96cee9d08 via relay
2026-08-09 21:20:45.707+09:00 [INFO ] Accepted block 575030a11ed4c34e5fd9b2c1993eac513121a030459e7c1b486e9b75a19779fd6afa8a1b43b52ee4c36d27736c97153c48d65c6e6d8b7e6e9d2892f9d342f9fc via relay
2026-08-09 21:20:47.731+09:00 [INFO ] Accepted block 7b3b8682e01be06965f047838fe87d96217fbcd410265e97379b999153a8bf7c663957d24bfa70f96edcbf653479381027eaf37fc7022a57712cd83c0c0c1de1 via relay
2026-08-09 21:20:49.382+09:00 [INFO ] Accepted block bb14cb5bab61cf9f039a0d149bd40e5900f995a0cd2c6d1afb5dd2fe51f51d21a86a7778214b25ca310687516016c6079c66f95b29d2591372b608235cca0bc1 via relay
2026-08-09 21:20:50.587+09:00 [INFO ] Accepted block 50b08dd0110050cbea33db46d55b66b97678bdbecc22cfe5d4b1195de8733e0757a2cd9ceaa0c6f916f221fda17ed79b158c8b57025aaefd5e46ce2693ff39bc via relay
2026-08-09 21:20:50.693+09:00 [INFO ] Processed 6 blocks and 6 headers in the last 10.00s (6 transactions; 6 UTXO-validated blocks; 1.00 parents; 1.00 mergeset; 1.00 TPB; 0.0 mass)
2026-08-09 21:20:50.693+09:00 [INFO ] [ibd-perf] 6 hdrs avg: validate(A,parallelizable) 86.4us | commit(serial) 226.0us [add_block 11.7 + db.write 118.8; held-lock 190.8] | f_serial=0.723 f_reach=0.037 | parallelize-ceiling 1.38x
2026-08-09 21:20:51.818+09:00 [INFO ] Accepted block 9a81f968162e6fb78cde8aa47c58a91c166c703425ae1e832203630088eb14d6be99cd1400b4af81199a491e6267512909a970c5196e26d85bce7f6e729dc2ce via relay
2026-08-09 21:20:54.224+09:00 [INFO ] Accepted block 070b3071bf87d64d1fd56d19b892c2d70e59fa1a2d881e21e17b509318517fda00ab19c790021677fd775be4c326341a315fb01c1f1e5fe57048a99b6ab724a1 via relay
2026-08-09 21:20:55.294+09:00 [INFO ] Accepted block 6ed853259c4c681a18bb8bfeea6f15077792403e94f571f44d81ad0c4fabf615e1e02ec12f6072d36d819cfb1363f826a8ef74f2f0610f01b615422f4c6c6ea7 via relay
2026-08-09 21:20:56.439+09:00 [INFO ] Accepted block e455c6516e8c17f071c7f05db59a79acdab2e0fcfe7eac4e44ce21f72170cdabfc69de2ac7e200dae77364f2d719b4282b68cc97e091d80f6f5c3de7c6a1ab97 via relay
2026-08-09 21:20:57.953+09:00 [INFO ] Accepted block d7ff2d9d0ab208eed81a2b7ffe32ab9dfc5b47e8e069b36067973dce32f5613c6ccf3c45bb3d3e046402239485f5d0144d79e4bdee87a2296bdd2745a377fe23 via relay
2026-08-09 21:20:59.584+09:00 [INFO ] Accepted block f5ac14219375f4d1fa7ec8dece142fedb2e86691982d625f4285cc48d09c496502d3eafa433c3838301edbb701fd92117d78f86365c5e0fe3d76c4049370390b via relay
2026-08-09 21:21:00.696+09:00 [INFO ] Processed 7 blocks and 7 headers in the last 10.00s (7 transactions; 7 UTXO-validated blocks; 1.00 parents; 1.00 mergeset; 1.00 TPB; 0.0 mass)
2026-08-09 21:21:00.696+09:00 [INFO ] [ibd-perf] 7 hdrs avg: validate(A,parallelizable) 86.5us | commit(serial) 195.8us [add_block 11.5 + db.write 98.2; held-lock 163.1] | f_serial=0.694 f_reach=0.041 | parallelize-ceiling 1.44x
2026-08-09 21:21:00.887+09:00 [INFO ] Accepted block 650d99480f766b1a30e3c9d4800b4e7e4a5f97dc5fed706b59be2b314e9d12a30529f1c7a893f726794388e073a82c8145fa1129e689ee735626c437efcb884a via relay
2026-08-09 21:21:01.949+09:00 [INFO ] Accepted block da28c1a600637627a85ac107e33e86d9741f09d074a25c71a7cd2d32c344cd2c35345972b21c51ed104987c74984cf85b736ed1bc9e2c3c9160bb7154af8ba93 via relay
2026-08-09 21:21:03.826+09:00 [INFO ] Accepted block b70e46b0ebe3c15bcaec7a80ab243495c30bbf267b227afc1e7fd57ad106467e2084c438bc9cf71c69c798a9a05b698610fe54a55362485e8bd73e40fdf0fdac via relay
2026-08-09 21:21:05.103+09:00 [INFO ] Accepted block fcc1e0da562562090286cef2d98c43447a12b8d31576a295a2d86bcc685c0615653f74b7fef7f8b1e9deffe3ff85af272a1ecab994fee20e31cf4ab7dd57173f via relay
2026-08-09 21:21:06.607+09:00 [INFO ] Accepted block 308bd86793a4077584b77c02ebf7b0ef7a0bf877ed72a4241038d67d452deca326ff431fc7e81aa909600ea6797a1e0c49ff51e5da99c0eff7a7e2f131479dfe via relay
2026-08-09 21:21:07.828+09:00 [INFO ] Accepted block 81f62565e9022cd81d18bbc65abb6eeb8f7f118cf8faae6e31be9b5a3fadc51982482fdbfced15efd97f3086f723c54bca940138bdc7116ad9a43961dd007f73 via relay
2026-08-09 21:21:09.566+09:00 [INFO ] Accepted block 30c8c9019b594b5ea5cc793123ed839f9839d8a1c779851f987062e2e337e6859a76865501c14381737e8e9cbcdb9ebb99039c8ae976b365162cbc2287c7062b via relay
2026-08-09 21:21:10.699+09:00 [INFO ] Processed 7 blocks and 7 headers in the last 10.00s (7 transactions; 7 UTXO-validated blocks; 1.00 parents; 1.00 mergeset; 1.00 TPB; 0.0 mass)
2026-08-09 21:21:10.699+09:00 [INFO ] [ibd-perf] 7 hdrs avg: validate(A,parallelizable) 93.1us | commit(serial) 230.9us [add_block 14.4 + db.write 120.0; held-lock 199.6] | f_serial=0.713 f_reach=0.045 | parallelize-ceiling 1.40x
2026-08-09 21:21:10.932+09:00 [INFO ] [validator-service] heartbeat: mode=active sink_daa=1898 bond=Active(active=true) active_set=[epoch=18 is_active_validator=true (active_validators=5)] dns_overlay=configured (stage=Active, dns_confirmed=false)
2026-08-09 21:21:11.031+09:00 [INFO ] Accepted block 76d658eb9f7192eba787b079328040d6e243f58e8cb57cb0b26b75f108b84d967c6011f15c1a2a639a095b7aa8ae2bacec8be009ccf901aa65f5eaea74446d71 via relay
2026-08-09 21:21:11.915+09:00 [INFO ] [vlt-shadow] sink_daa=1899 5 validator(s) with credit; 2/13 epoch(s) would reach quorum; newest epoch Some(17): W(E)=242500000 signed=242500000 snapshot_root=48ed48225d1aa47e6b98dc3ebbeeaae4114ea9f9a80a5fb439465ccfa7ccc74be149b3b7f02bcd47e9574990fd39cd18679afc67011c713f4ccbb9850410890a — the weight fence is at 18446744073709551615
2026-08-09 21:21:11.915+09:00 [INFO ] [stake-score] sink=5c31dbda8b47368836bf576e87e066749bea842e4d56b89dbb79be2606a65668ead989d636268f8522dcf2665c81522c0763ca5e4c3780ead6e51ec0c528c43f sink_blue=1900 credited 29 attestation(s) over 13 ready epoch(s) → stake_depth=7000000000 (rollout=Active, health=Active)
2026-08-09 21:21:12.922+09:00 [INFO ] Accepted block 5c31dbda8b47368836bf576e87e066749bea842e4d56b89dbb79be2606a65668ead989d636268f8522dcf2665c81522c0763ca5e4c3780ead6e51ec0c528c43f via relay
2026-08-09 21:21:14.063+09:00 [INFO ] Accepted block 1c9fde87495951b72b365e1c713880aaa99fb9d01debda4e345c8074e04a4c43f01d6052bc2cdb6735a888c33aeb8d3e4b3cf470d55f649b00a1638541aa83a6 via relay
2026-08-09 21:21:15.212+09:00 [INFO ] Accepted block 10631b4942c9ffbc922c1b5a12c14e2386f5599f79a92e17e8962430ed4f9ef8d3a798eb027d2a77c83e3fe9e8fd7a23c5ab9a9b3aa5e348c18dcc9bd8690248 via relay
2026-08-09 21:21:16.507+09:00 [INFO ] Accepted block dffb734aecc00422e8ef74e23e9fc50e777d0cb6a9141cea53ed93866e6d4ba475aee5ea034856e73335e6b273ff9873af08c115671b34ec17191eb71cb54319 via relay
2026-08-09 21:21:18.653+09:00 [INFO ] Accepted block eb7a6b7d86982c3dbc1ede3eb9e4b9a6dd2f269b72f8131ad1763238f73b274067ac345e76a7b0f09db9d2253512b6da3939ec65ded2f5f9d22a02366987cd94 via relay
2026-08-09 21:21:20.011+09:00 [INFO ] Accepted block 96cf08021e27b17fa7d2f0a122e704985356f1aa138fdabd4ec5082845278aabbe88f6f87205068a06285f90fe89b5b943f2dbb77266fc8dc40ae8cafe1b21a1 via relay
2026-08-09 21:21:20.701+09:00 [INFO ] Processed 6 blocks and 6 headers in the last 10.00s (6 transactions; 6 UTXO-validated blocks; 1.00 parents; 1.00 mergeset; 1.00 TPB; 0.0 mass)
2026-08-09 21:21:20.701+09:00 [INFO ] [ibd-perf] 6 hdrs avg: validate(A,parallelizable) 84.8us | commit(serial) 206.4us [add_block 11.7 + db.write 106.4; held-lock 176.4] | f_serial=0.709 f_reach=0.040 | parallelize-ceiling 1.41x
2026-08-09 21:21:21.734+09:00 [INFO ] Accepted block 13dfb3736de0fef2766e8c153492bf560d160bf13796bde4da981e8b73fff5c0adce6faaeefa899cfff853bfb70ffa5f893b50629eba146141a4c67e8f6d586c via relay
2026-08-09 21:21:23.168+09:00 [INFO ] Accepted block 0749a2fd5c6323ba3e79ecbdae8507809c65aa471009abb31245fbf456b2acfc5c5340930dbb998bcb26ce306abd372907c938f73fdde3a1ce8f6a915fa52214 via relay
2026-08-09 21:21:25.024+09:00 [INFO ] Accepted block c1c3502c308e804ec70645b984b7eef0162b218bc712228953081490e3515d7ef99960f05f614bd443f0fb0d021ab33118496e88b88cf87dbbffc76b233a4af8 via relay
2026-08-09 21:21:26.091+09:00 [INFO ] Accepted block 4e69d97d9a82b12c3a0c520b2d48c853d1f4a539634d7316eee1d9374f5360c77801cded40d3ac4644ccea1f5d65a4530fb28b9086c284ce7ee6a3c8d748a2f6 via relay
2026-08-09 21:21:27.786+09:00 [INFO ] Accepted block 09963a39ad650703a4d80254e9bb603a45e36039f0d5110a9016e7318915f090518bcb6c9096f59bdee903ae84b66614b99487a68aef751aa0ead08e073f7acf via relay
2026-08-09 21:21:29.073+09:00 [INFO ] Accepted block b9af8ca7a47041d2d645e88b31caaf6e2cee031e0fa17a74c29da715fc5821b2f1bb724e4ed1dcc2ac4ef923644a080aa7e31abfc6386b93a03090692218dc40 via relay
2026-08-09 21:21:30.197+09:00 [INFO ] Accepted block f6d969a6fdbae88ee63e904f0631befeae8688bdf3deaa58504e63564cfa70a64ad5568a1c4f3afed7fd4c3dacc35e137494b24aace2b1aaaf6baf3f62d186f7 via relay
2026-08-09 21:21:30.704+09:00 [INFO ] Processed 8 blocks and 8 headers in the last 10.00s (8 transactions; 8 UTXO-validated blocks; 1.00 parents; 1.00 mergeset; 1.00 TPB; 0.0 mass)
2026-08-09 21:21:30.704+09:00 [INFO ] [ibd-perf] 8 hdrs avg: validate(A,parallelizable) 96.0us | commit(serial) 213.8us [add_block 12.9 + db.write 110.3; held-lock 182.4] | f_serial=0.690 f_reach=0.042 | parallelize-ceiling 1.45x
2026-08-09 21:21:31.252+09:00 [INFO ] Accepted block 6236128b3c2369d9e49973e9e282c1e1ba6c99d0cd993896494df485bc73cf5e23418cef538884046ec65f0ed549e076dfd3f8c4e7d8d2cea192138021f78dc7 via relay
2026-08-09 21:21:32.501+09:00 [INFO ] Accepted block 2944540bd46471cc4a30f42a409664a49649326caa7d834b763f4ecd5f8174bffef76ba246fc13fbd510ab6293caf2a830b71abb845ae4d86aa1436445f2ef05 via relay
2026-08-09 21:21:33.631+09:00 [INFO ] Accepted block 667e352c005bbe8545ddab4605058fbccdc1a8467a0004e7f13ea919c5742ffd8b4a5b70599cde84a24d4c5de5ef6bee22429069b78287c0dbcae923da23d721 via relay
2026-08-09 21:21:35.612+09:00 [INFO ] Accepted block 4d9cb75047bc002603da01fe48e6a246f44fbca6bb045ff7ad7a569ccdcb56e1d66a79c568e2b964a84e48d4a89339ca7d85febfa393e8a5148b000cd4119da3 via relay
2026-08-09 21:21:36.742+09:00 [INFO ] Accepted block ca57d9d53f473470e2a772677a271cba6829a634ceef2d57aae10a1d688a74ad9f8256f8e73f9b88e9961ccdfb53136f2787bbf74c2f0d26bc760281422e40cf via relay
2026-08-09 21:21:38.870+09:00 [INFO ] Accepted block 922888c44b6d7b5287ae7868dc035005b36605b69f24dd208ec8903d87cbf32f420118694a011611cf1d5e33de6a1cfcb42de9057ae9983072a69ebe7e2ecb21 via relay
2026-08-09 21:21:40.706+09:00 [INFO ] Processed 6 blocks and 6 headers in the last 10.00s (6 transactions; 6 UTXO-validated blocks; 1.00 parents; 1.00 mergeset; 1.00 TPB; 0.0 mass)
2026-08-09 21:21:40.706+09:00 [INFO ] [ibd-perf] 6 hdrs avg: validate(A,parallelizable) 86.8us | commit(serial) 216.3us [add_block 12.7 + db.write 111.3; held-lock 182.5] | f_serial=0.714 f_reach=0.042 | parallelize-ceiling 1.40x
2026-08-09 21:21:40.948+09:00 [INFO ] [validator-service] heartbeat: mode=active sink_daa=1918 bond=Active(active=true) active_set=[epoch=19 is_active_validator=true (active_validators=5)] dns_overlay=configured (stage=Active, dns_confirmed=false)
2026-08-09 21:21:41.456+09:00 [INFO ] Accepted block fe244e79bca9117da331cbca8806be43c96705ff9873e570bda202f479cfbbfbb5f7effd9ab7a42df556e7c4887bff95967b6b6f0954c78de4df19dd527c046b via relay
2026-08-09 21:21:42.607+09:00 [INFO ] Accepted block 8b702ef05ac89757dee2026ca02e1282a652c60358813547d95e8a568262463d346cf964fe3c9d4fef5035089a8038dff1d75ca7bf24f6a8a46c3c6edda68c42 via relay
2026-08-09 21:21:43.650+09:00 [INFO ] Accepted block 2e576649b5e9f240758a962c160b32577ec2a380367bf78428057fd7af44c9781fb5f2eed55d548e38ac8b49c761d05374c65a3902168dbc1f25e334236f28b5 via relay
2026-08-09 21:21:45.980+09:00 [INFO ] Accepted block bb969f9e41c2c52c88a3d752b204839238ced2e16ee461e1950cc01c9aa82084b40438967d416996789fec12455ca4e793d37ba0bc81a620d3d32bfa9fb51785 via relay
2026-08-09 21:21:47.193+09:00 [INFO ] Accepted block fcfa4ee5d0aeacf93fc0adae3e788737703975584d0c2a20b9f0d7a0a972a70e53c05b988068c48b62e87837930f1775fb4c6bd011f7e2e70f62c27a293cdb63 via relay
2026-08-09 21:21:48.409+09:00 [INFO ] Accepted block 5ef6a16d4b84f584ae0bcc99cb29f30ebd0e45b282167dc927b4269671d03ad3135a792700ce36d226feef9c1fe87b9aab06ea10b6be9b5aa1963c755b9f9562 via relay
2026-08-09 21:21:49.983+09:00 [INFO ] Accepted block b2e5d8147aad188e9916ebe0c83825b8b5ec08cb6eaa1d1045548e10e4c007914fc7097a631aef3ffcb84644eb81fece1ce634949b2d242130a6f320f8bd4869 via relay
2026-08-09 21:21:50.710+09:00 [INFO ] Processed 7 blocks and 7 headers in the last 10.00s (7 transactions; 7 UTXO-validated blocks; 1.00 parents; 1.00 mergeset; 1.00 TPB; 0.0 mass)
2026-08-09 21:21:50.710+09:00 [INFO ] [ibd-perf] 7 hdrs avg: validate(A,parallelizable) 108.8us | commit(serial) 202.1us [add_block 11.2 + db.write 105.0; held-lock 170.0] | f_serial=0.650 f_reach=0.036 | parallelize-ceiling 1.54x
2026-08-09 21:21:51.012+09:00 [INFO ] Accepted block 4e7190094d4f06426b9fa6850386446e4a6a356f083ec648d7e7e8e8c4458c1dee7f0bd7400a7c0bb178eac06856ad593542e39f65a0288bcf4b175bdcdadeb2 via relay
2026-08-09 21:21:52.818+09:00 [INFO ] Accepted block 00424bcb79ef2c4468f37f76ca8e30c76815a430b3a1595f04606adc0864eb1393016404ec32d46adf0446d8b8e444dbfbff56b3861609f51e2616bf3fa778fc via relay
2026-08-09 21:21:54.211+09:00 [INFO ] Accepted block 6a7d5584156eca4c92a57727c9d11fdfcbe5ce7de451dddac0d6dd6cd6ac890294cd11b4205e38ef072187ea44f4ac9558c6a94d54b6e13b4f766297ed35b120 via relay
2026-08-09 21:21:55.463+09:00 [INFO ] Accepted block d9e845d43e9ca91d83b9d2604824fca1f70c60488a2f4932d615a2c60b9e92c6f7e3a1e605ce40e19e98d5b3b2f0ab8cbc349ac3ede0ba66e4240194e9edc0bb via relay
2026-08-09 21:21:56.614+09:00 [INFO ] Accepted block 231eea636dfa306280f15e7e935bd095ed830fad510c1527a566213c8d58216b1acf05eac73b4f631fdf3bdbdbd14cd2d7774a25c9b230419486eb418a94fe58 via relay
2026-08-09 21:21:58.354+09:00 [INFO ] Accepted block 78324feb9c9df021af12b31775211fa2a117912806b7256e3e58fbadca7402c8f2d62f4d439cae5eb287809a11ff2c79c6b2185500d43891117a2cb802d8e5e2 via relay
2026-08-09 21:22:00.166+09:00 [INFO ] Accepted block d4f09f14c21c5ada2bb823702eb2c82ca67d26a8154d9bb3eba3208d452e2de81dd9f39d461d3c44d43fd3fd0e2b1808e83ed691e863562d7a068fde6b2af865 via relay
2026-08-09 21:22:00.713+09:00 [INFO ] Processed 6 blocks and 6 headers in the last 10.00s (6 transactions; 6 UTXO-validated blocks; 1.00 parents; 1.00 mergeset; 1.00 TPB; 0.0 mass)
2026-08-09 21:22:00.713+09:00 [INFO ] [ibd-perf] 6 hdrs avg: validate(A,parallelizable) 88.1us | commit(serial) 225.3us [add_block 12.0 + db.write 115.9; held-lock 189.4] | f_serial=0.719 f_reach=0.038 | parallelize-ceiling 1.39x
2026-08-09 21:22:01.972+09:00 [INFO ] Accepted block 2baddd6445fc9cfc0b6c1740fb12b24c2e62f30881f61904a80fe43d5de554ee88f4bd23777969180108750bd6c31e074116152cb3e3e6dd1579a2fecdc1001a via relay
2026-08-09 21:22:03.633+09:00 [INFO ] Accepted block 373ec09104d3b02f3bc52c63bb867e548610683da899d843821648da36904439e8d119a8fc76137fd43a0dbc09acfffd2854d4b1003ed64d5d35385490c69214 via relay
2026-08-09 21:22:05.465+09:00 [INFO ] Accepted block 0bc7641ff1c41f2d86a9edc56c485b5bd8fa690b30e7d7621155c6cf08939b86c09ff632ad5422153af1a82b3c6b6bdedc5327ac5311c59e205aa4a47f3f18da via relay
2026-08-09 21:22:06.508+09:00 [INFO ] Accepted block e5726275ff4099e2b58d9dfe1b7dd2abbe85d7ed620bdbc3d5b2089217b56a89a785a545ae82db1c8006920078f04c0fd59431b6dfd187adf3e410658ec21b4a via relay
2026-08-09 21:22:07.755+09:00 [INFO ] Accepted block 3dbe8d824a008e40f73c14572e2412d3a1f5ffee49f0dc438e32c064d99ab7270c30839c13815795febdb206c93799b5e89de7395b80c824cf8c81088bfecf24 via relay
2026-08-09 21:22:08.832+09:00 [INFO ] Accepted block 9b36562882be8e1f0af5378c2fd20b841c11b4b618d8428a60433ec6026e463c3185a8809e50a0adc5ba76177a04e28db905d6d422e9938664d2117d752095e3 via relay
2026-08-09 21:22:09.947+09:00 [INFO ] Accepted block 75aa8a2abfe2b1d74d610944f8e74e3295db84d689280e048e113fed02994800d8261dbb21ed47967d316a6cfdc42b991fdda9d352ee4eeacaff8169de728c3e via relay
2026-08-09 21:22:10.716+09:00 [INFO ] Processed 8 blocks and 8 headers in the last 10.00s (8 transactions; 8 UTXO-validated blocks; 1.00 parents; 1.00 mergeset; 1.00 TPB; 0.0 mass)
2026-08-09 21:22:10.716+09:00 [INFO ] [ibd-perf] 8 hdrs avg: validate(A,parallelizable) 99.2us | commit(serial) 265.0us [add_block 16.1 + db.write 133.8; held-lock 225.8] | f_serial=0.728 f_reach=0.044 | parallelize-ceiling 1.37x
2026-08-09 21:22:10.964+09:00 [INFO ] [validator-service] heartbeat: mode=active sink_daa=1939 bond=Active(active=true) active_set=[epoch=19 is_active_validator=true (active_validators=5)] dns_overlay=configured (stage=Active, dns_confirmed=false)
2026-08-09 21:22:11.036+09:00 [INFO ] [validator-service] submitted attestation shard tx d6c51f1a36de9541b2868944bfa0af362d07a229e6576420e38c40629016e2f95266d02fd58640ad8d5e1b9d5680d08309ff422b7312b6151dcd26fb02d047a4 for epoch 18
2026-08-09 21:22:11.226+09:00 [INFO ] Accepted block b64cd9607aedefd16028acb0a7d226b90edebc888f70e03b1738413b9ba2f70b8356b19f1b5430cb8b4761d964290de94a0ec4539f103d025a4d2fd066bcd476 via relay
2026-08-09 21:22:13.843+09:00 [INFO ] Accepted block b0ba301ff3ccd046f6610b724b36617b09e4a23478727ed3688c7094b72b149f289c8ed8133571781c884d21f098eb736977e049051059283d1490c36d9abf61 via relay
2026-08-09 21:22:15.138+09:00 [INFO ] Accepted block 98fe5bdeddc44e86bc08342f8c5e1dfd3bf5f8cb965da1d28a7908510988573916b697e527c0c0c35a5eff06bdf3296ffbdb61e0d84e085d8503bcbe36acb5e7 via relay
2026-08-09 21:22:16.265+09:00 [INFO ] Accepted block c90676c625d27ff70755fa72b9bf2615a846dbb80398ac2e60c4d446f8bca7727d12691f64ad54d32a81605d4d6988d7eea71687af8a8f988d874c306d9b32ee via relay
2026-08-09 21:22:17.812+09:00 [INFO ] Accepted block 7f86a214bd845ac556e1df906c29722707af6d938686355c699293bcafde12ccec735a72854a8db540803a3d303fb7453d78b4cf474981025c92a97ca5fee875 via relay
2026-08-09 21:22:18.900+09:00 [INFO ] Accepted block f903521a661e70a046297a66f6a7ca13f4f7d9b96d6cee86c7a3e3dcd5baf72e5c04b35c064515e5980f05815bf41c25446b48d6efcbed309f1f1fba95ec8d47 via relay
2026-08-09 21:22:20.403+09:00 [INFO ] Accepted block 7098a2cedfbe3c59b90b23a47955ba91eabeff1a9338cd2d119bf38cce771d53b0294ff083e413123f90dbaa7f673d5bfc96e9e9c976cc8372ced4def2c7da1b via relay
2026-08-09 21:22:20.719+09:00 [INFO ] Tx throughput stats: 0.50 u-tps, 100.00% e-tps (in: 1 via RPC, 3 via P2P, out: 5 via accepted blocks)
2026-08-09 21:22:20.719+09:00 [INFO ] Processed 6 blocks and 6 headers in the last 10.00s (11 transactions; 6 UTXO-validated blocks; 1.00 parents; 1.00 mergeset; 1.83 TPB; 41833.3 mass)
2026-08-09 21:22:20.719+09:00 [INFO ] [ibd-perf] 6 hdrs avg: validate(A,parallelizable) 105.0us | commit(serial) 160.9us [add_block 15.0 + db.write 46.2; held-lock 124.0] | f_serial=0.605 f_reach=0.056 | parallelize-ceiling 1.65x
2026-08-09 21:22:21.854+09:00 [INFO ] Accepted block 462b905ce7811c973b52f98616b2ada497da8acf7ea92742a51d56f4528ea30be51583aa8a855f75a38abd3bec1c71cf8c71109695430835681764faee80abc0 via relay
2026-08-09 21:22:23.671+09:00 [INFO ] Accepted block 5845a6817deb24b075a58a92778f27395b53679ed24dadbc5f904acb29f03188b3b05dffbd2ae7abd3e59cb4badc2cd231a9e369cfc7dff38de606a7648c7124 via relay
2026-08-09 21:22:25.241+09:00 [INFO ] Accepted block 76ba902de2595f26fcc972a27b4c360d5370b082add0da00e751da82d5c0ddc05182f5d3d97b138673ac1ebf9599f1073aeb83adac4aa0dfd0fb13c6a0c3daf9 via relay
2026-08-09 21:22:26.646+09:00 [INFO ] Accepted block 6ef511d10943c4ea4a9abe0eb39bedcaf15708696940215c8c76905c8cfd1aa276b85c8f48cb432a6d5a28d13bc94bbf7965723da295204aa7ad5d14fbb4bec2 via relay
2026-08-09 21:22:28.307+09:00 [INFO ] Accepted block 4e0f3a7ef200145071e3ba10e808351e86b309c2dd4f86e0eb4ea77994b1603e5d80be356391ca5528d0a55b86c515ae0b54c48c04eebc368097a896e767305f via relay
2026-08-09 21:22:29.851+09:00 [INFO ] Accepted block e19fec6414b3a9bf72f5576dc341cb2d3145fcb96dd5fb657bf838d34859f10dfa9d8940a152960e63592282032016c7bfdfed80f6478c393344de9b17418bac via relay
2026-08-09 21:22:30.722+09:00 [INFO ] Processed 6 blocks and 6 headers in the last 10.00s (6 transactions; 6 UTXO-validated blocks; 1.00 parents; 1.00 mergeset; 1.00 TPB; 0.0 mass)
2026-08-09 21:22:30.722+09:00 [INFO ] [ibd-perf] 6 hdrs avg: validate(A,parallelizable) 84.5us | commit(serial) 163.8us [add_block 14.7 + db.write 43.9; held-lock 126.1] | f_serial=0.660 f_reach=0.059 | parallelize-ceiling 1.52x
2026-08-09 21:22:31.903+09:00 [INFO ] Accepted block 39aea6be8b57b2f725dea4ba24d43d42aa2f7dcb77938f0f4e0727fae6aa3bf7c018488e161a22077b7e1a2af8de8359ba319289bd5f2f45f35b662b373a186c via relay
2026-08-09 21:22:33.034+09:00 [INFO ] Accepted block 43c69475dcc66eddc3a6d89fbe7dfba1d280a33ebffc4de63820d060ec0f96876e2f0843880842abf08ff2656f4e97b6d40801c65e3def71c8403e9475d9fa15 via relay
2026-08-09 21:22:34.530+09:00 [INFO ] Accepted block 2443099bed14912b5c3a476bb1a7fcc7aaf4e341be7a77214e721aba27b0acea0c7d9dfd8d250a91d2b9b49e81c9f4e3b5260bc439221cade06dad8927269062 via relay
2026-08-09 21:22:35.931+09:00 [INFO ] Accepted block 4d75d427a2c63121b25b41d7671c4651de7f852f68fb806c9b46014eb31332743731375223158a198bcf20531f7580b88549b06b683dbcec0051ac07628dc535 via relay
2026-08-09 21:22:37.425+09:00 [INFO ] Accepted block 75a15f174fc0edddcd84a0cb7a9676c5d52f75a6f276f5630d20867498eaf46be3a398ea939657663574a9f7eed87381254831ec10265c80e5bb642dbc967671 via relay
2026-08-09 21:22:38.475+09:00 [INFO ] Accepted block c359bd8fa855240e8ee1dca342a4a3784d06ad52f7cf424a646e11f919ee66034b52f6f5fe3e97b3608473d73ad8362fc905890f2dc2203de4fc7c94f754489b via relay
2026-08-09 21:22:39.928+09:00 [INFO ] Accepted block 195b6a4d63dfbc7a03fa74c691107e6618f362adf28049f7aa1c8bd2795bf586c091fcf454339553defd4a2186d03784dc646a4fb453cf5acf6212e8fc668bcc via relay
2026-08-09 21:22:40.724+09:00 [INFO ] Processed 8 blocks and 8 headers in the last 10.00s (8 transactions; 8 UTXO-validated blocks; 1.00 parents; 1.00 mergeset; 1.00 TPB; 0.0 mass)
2026-08-09 21:22:40.724+09:00 [INFO ] [ibd-perf] 8 hdrs avg: validate(A,parallelizable) 96.4us | commit(serial) 168.3us [add_block 14.4 + db.write 54.2; held-lock 131.1] | f_serial=0.636 f_reach=0.055 | parallelize-ceiling 1.57x
2026-08-09 21:22:41.016+09:00 [INFO ] Accepted block 2599445735bca0e1d7904601ddec8dd6b758d0dbacebbaa752ef2c5a4a791fdfa4e5112686fdff0bc9c758d5da930f08987f1fc15199eab318f8ee0f167337a6 via relay
2026-08-09 21:22:41.049+09:00 [INFO ] [validator-service] heartbeat: mode=active sink_daa=1959 bond=Active(active=true) active_set=[epoch=19 is_active_validator=true (active_validators=5)] dns_overlay=configured (stage=Active, dns_confirmed=false)
2026-08-09 21:22:42.177+09:00 [INFO ] Accepted block ef805a11cff434c9560bfc41219fcb1047341a50f4f802e7708e352cd95f063794c9137b4ad2367d47f39bcb5618ca78c5f4081d6fd13b1375d52ed0cf278731 via relay
2026-08-09 21:22:43.323+09:00 [INFO ] Accepted block db2b337e2444d25d0209796f927a06a1f9fd2af89499589c8ad088ef7d105422ec04ea1accd532d75a46a45a43bd7be556a2fced8db3e99defdd75b2f8344d87 via relay
2026-08-09 21:22:46.116+09:00 [INFO ] Accepted block 2d712d4d210182f992d6c682d113153a48f334bee4078dd7901b92bd273c4393dba4cddea3ba05fd0aa737495427271144a61274ec0a71f000005cbebd1f269f via relay
2026-08-09 21:22:47.496+09:00 [INFO ] Accepted block 5e71e4e799f379134050c7aac29126650a0babed1dcc5d9b53f3c9be66c277119d0f85e6c51b3476103fe4327e167a98027616ea0bce53c52b2af349e0acd5eb via relay
2026-08-09 21:22:48.693+09:00 [INFO ] Accepted block 6426291718405f9b3ea4ed7685d7ca6ad4bed939fbaf3bf6d25e07685ca4466098ca73cfd8ce92996b8cd32e5a38093a7b4cf6ae4a369ce5e99dec333dccd64b via relay
2026-08-09 21:22:50.326+09:00 [INFO ] Accepted block b42c50bd408562a1a63d8e7a2905464b7531ff2eea4ab9666749b3bd7f3a4f0033a0b95d7b7208127ad163b981be8717af21066425c21cd323408b8ad4f75b01 via relay
2026-08-09 21:22:50.727+09:00 [INFO ] Processed 7 blocks and 7 headers in the last 10.00s (7 transactions; 7 UTXO-validated blocks; 1.00 parents; 1.00 mergeset; 1.00 TPB; 0.0 mass)
2026-08-09 21:22:50.727+09:00 [INFO ] [ibd-perf] 7 hdrs avg: validate(A,parallelizable) 92.3us | commit(serial) 175.9us [add_block 15.8 + db.write 54.9; held-lock 139.3] | f_serial=0.656 f_reach=0.059 | parallelize-ceiling 1.52x
2026-08-09 21:22:51.664+09:00 [INFO ] Accepted block 23239ec24592256eaf172de3a70c7d4bff0fce967eeb7ce79a822742c427771e0b77d8a1459083dad3c3c3c02d58977da0bed3ec60e4da880e4f9eb9f387616f via relay
2026-08-09 21:22:52.755+09:00 [INFO ] Accepted block ce647967560084440721218a25cfb6c8a77878fc8c1dfcfde8935258d5a658fb613c6bc3b5c6a8986ffed940b87d44b5af18062e273c12cbdb8de7e1cf7eefa5 via relay
2026-08-09 21:22:54.228+09:00 [INFO ] Accepted block 47bc184d6cd721965cb94bc5d4cf5be7e1df3d0e1812feed74860bc2d74af600483f1b82f59f4eabf2b09f9b67d3ed3bcb011f50bf3fd3900bfb432dfd929d06 via relay
2026-08-09 21:22:55.392+09:00 [INFO ] Accepted block 0c1ab6126c1761f208dcd8ae3434a02330b1c931af7829194755713fdecda6027a9946ef9d1b20721f09556ef8f0a3004c7179860ccab68c5fe344173e41cef6 via relay
2026-08-09 21:22:56.617+09:00 [INFO ] Accepted block ef3ea83259e02abdead86e5aa0b8847f33b4953106334aeea0e7eee8b1c375c648beca1407e3eeb3ccd0d1c35fe2396d14c4bd96576eefd2b1331b9a3cd23b22 via relay
2026-08-09 21:22:57.995+09:00 [INFO ] Accepted block 6aa59a00012ba3966bcb13e1a03cd5e3cf3fe249b680635310808ad3ab65d1695e028237b46c765e71a45d2fbc7ea5efefa7ec386c9f9c37a99e3df84b8c1f3f via relay
2026-08-09 21:22:59.397+09:00 [INFO ] Accepted block 6ed104474d903fd90d40dca92a500e31afeec4bc6562d70ea2ff9671fd770868db6950561aec705a7dfbe9a4294d587b1358190dd07313874f7fa54d9d0f0ae1 via relay
2026-08-09 21:23:00.592+09:00 [INFO ] Accepted block 4fa402c1a2ac18fb5b860717f63ccbd22646842cd278601ea3c07c782e52fba88b24ba08b399505ffb66fb3902feab29a26bc284611ba76941c46dc378ff9182 via relay
2026-08-09 21:23:00.729+09:00 [INFO ] Processed 7 blocks and 7 headers in the last 10.00s (7 transactions; 7 UTXO-validated blocks; 1.00 parents; 1.00 mergeset; 1.00 TPB; 0.0 mass)
2026-08-09 21:23:00.729+09:00 [INFO ] [ibd-perf] 7 hdrs avg: validate(A,parallelizable) 86.5us | commit(serial) 152.9us [add_block 13.3 + db.write 50.2; held-lock 117.9] | f_serial=0.639 f_reach=0.056 | parallelize-ceiling 1.57x
2026-08-09 21:23:02.262+09:00 [INFO ] Accepted block edb57e85262e69759e419295819f556f1d03aeae0f38f1d6c65ca4687c4c37f7ad90f3d2834e5de38dcbab30b20208cca962126d3eb58c6a6f121522eece7ddd via relay
2026-08-09 21:23:03.445+09:00 [INFO ] Accepted block f702f01672e950ebb7e12cdf7389827b2f25945523a6696f329125cba4dfeea6791e8691c48890d67bc195968a2a1dcc1a4191d61d9de63d338e7cf2a805256b via relay
2026-08-09 21:23:05.273+09:00 [INFO ] Accepted block 5201b627dd21a7dc0e35399982016001ae2d9419a804649ed673d5706547be66b8ddba7faca776369e9fae657f3e2cff3338decf0d084b144420f54fa1feff6d via relay
2026-08-09 21:23:06.485+09:00 [INFO ] Accepted block ad1b30678815a025be6fbc9d976c2021fe518346f8bb3caa8f89bb244e4da71cd05ba7c922189525f97e5e6a322f269b773e31c63f0e420c4da70a4f57bb403a via relay
2026-08-09 21:23:09.366+09:00 [INFO ] Accepted block ac48896b3631daec86f04ff95fa3e00edcd525757294b95d706c492d92bc957aa31798d69e187715f1a34ba7b68314be199222079535bff91745c3e20d3d46c8 via relay
2026-08-09 21:23:10.621+09:00 [INFO ] Accepted block 4dcc6574a33d07174653f9eab00e467469e9bdd90015a86571a764c7558fb33ae07a90527e6278ac9b64cb42a1c8af28a599c0a917bd16ca9bcd9c7e7c18f124 via relay
2026-08-09 21:23:10.732+09:00 [INFO ] Processed 6 blocks and 6 headers in the last 10.00s (6 transactions; 6 UTXO-validated blocks; 1.00 parents; 1.00 mergeset; 1.00 TPB; 0.0 mass)
2026-08-09 21:23:10.733+09:00 [INFO ] [ibd-perf] 6 hdrs avg: validate(A,parallelizable) 84.7us | commit(serial) 167.9us [add_block 14.3 + db.write 54.6; held-lock 133.2] | f_serial=0.665 f_reach=0.057 | parallelize-ceiling 1.50x
2026-08-09 21:23:11.060+09:00 [INFO ] [validator-service] heartbeat: mode=active sink_daa=1979 bond=Active(active=true) active_set=[epoch=19 is_active_validator=true (active_validators=5)] dns_overlay=configured (stage=Active, dns_confirmed=false)
2026-08-09 21:23:12.078+09:00 [INFO ] Accepted block 360e0437e3ad23f5ff4141a68191f98ec27da8f4dbfdeb8f1c5ce37fc6d9cda1cd3d1760b406031a191fad7a311c83cceeab191723844dea512d9305c1808218 via relay
2026-08-09 21:23:13.293+09:00 [INFO ] Accepted block fea72056e9533289d003666d0f1fdadeee58cffdaa257c496812c8ad25b4a8156c06a113cbf04431e105f326d722f98fb9d5cc9cf179e6211675ae32e4ad00a6 via relay
2026-08-09 21:23:14.747+09:00 [INFO ] Accepted block 4965f67cce1f12e653aaaa5ef4d2d1ff12849cc3ca12de3b8ff58e9ce85fb3cdf55ba1594cdc0ed0f8c0ac3cb2931575aecb3c346462a0db1254710b754f363b via relay
2026-08-09 21:23:15.992+09:00 [INFO ] Accepted block a8f824a086c7a926dc1ab9bc3e32de6f0b4c341aafcc0f6826f438991127e1c956d9d86f48233a7e675de2e6ba0ba6a4938f3bd100378560102c47cf3dfff28f via relay
2026-08-09 21:23:17.523+09:00 [INFO ] Accepted block 26289ca3ca152e9280219a67ffaa82c32fda06c682e6f7ba355cef8c6cdcbd23869c16d10f11e2fbacbbdd2f9587c6f253cfbaf909d01dea24643c8e292ebe9d via relay
2026-08-09 21:23:19.155+09:00 [INFO ] Accepted block 96a39686685a84b74ec0f809c278431e810a4faeb9ddaa13b102fe879602700657f6261ef6056bfd7329f4b9dc81b340d9b7df80ed9a1dfe68379aa97f0e75e1 via relay
2026-08-09 21:23:20.610+09:00 [INFO ] Accepted block 88683adea8b6c293a49b237459af98eb7494e91b9f064c3c8b1e909f4f7628cbdab186891955d434f738d550252720dabc05723990b7baabb3f51b97962e0252 via relay
2026-08-09 21:23:20.735+09:00 [INFO ] Processed 7 blocks and 7 headers in the last 10.00s (7 transactions; 7 UTXO-validated blocks; 1.00 parents; 1.00 mergeset; 1.00 TPB; 0.0 mass)
2026-08-09 21:23:20.735+09:00 [INFO ] [ibd-perf] 7 hdrs avg: validate(A,parallelizable) 83.6us | commit(serial) 181.8us [add_block 15.6 + db.write 59.5; held-lock 144.3] | f_serial=0.685 f_reach=0.059 | parallelize-ceiling 1.46x
2026-08-09 21:23:21.778+09:00 [INFO ] Accepted block 67b19dbf00dc7e019ba564e23258d2186a9949612782c02918685c0aa41a4de9a6832f991828dc7704f51b051430f86adfa5a64b2537dacc492c551bd3a2287d via relay
2026-08-09 21:23:23.031+09:00 [INFO ] Accepted block b7675bf1e5a6f2f234edbe2fdcff37092c8a4044c1b3008ec4cb787e835b4a582594f329683b2788a0a847f805bcfefe0e76b157d5d0488aa6e964d641ec560f via relay
2026-08-09 21:23:24.707+09:00 [INFO ] Accepted block 6fb2517cd7abc4a01b12748403fe21a84ed8ddf8b931a70c30c1a68b0f7780097864d9ee8cdce0974dff2183f32ffb67b971b206708500d6d10074b67ed87e7e via relay
2026-08-09 21:23:25.946+09:00 [INFO ] Accepted block cb335f6d1f75fce6895033dcb155f462e31b92ca6960845ef1dea3e6de0cc0215facf3d9821ddb6cbc27f09b0a4786aac6b55692857563c1677e2665f9abee69 via relay
2026-08-09 21:23:26.997+09:00 [INFO ] Accepted block c79f165dd254f8bf6d74b8b7848f8574eef26cb7688e2d3267519666ae5cc498b4b867d47a12a732be814947a114c1e04fe32028a69071b0ec34efcb6ccd6cd8 via relay
2026-08-09 21:23:28.479+09:00 [INFO ] Accepted block d0b3ed77820278d99c8fc36528e4bf99cb301a8a892b0546af2b6f1efc9c146c4b02b577a70e46d1dce2c5b16a79bf0c2e9abb7882f71660508ae73e6bac6330 via relay
2026-08-09 21:23:30.580+09:00 [INFO ] Accepted block 95963a97bc8b6f1190ecae51e8e34f0d56d983dc023d4a1aa0377ce1d821dd80d5940e637b600d068fcb926333ce8037b6bfc00e6848911771ef9bf0ff440634 via relay
2026-08-09 21:23:30.738+09:00 [INFO ] Processed 8 blocks and 8 headers in the last 10.00s (8 transactions; 8 UTXO-validated blocks; 1.00 parents; 1.00 mergeset; 1.00 TPB; 0.0 mass)
2026-08-09 21:23:30.738+09:00 [INFO ] [ibd-perf] 8 hdrs avg: validate(A,parallelizable) 99.4us | commit(serial) 204.6us [add_block 16.4 + db.write 70.7; held-lock 159.6] | f_serial=0.673 f_reach=0.054 | parallelize-ceiling 1.49x
2026-08-09 21:23:31.645+09:00 [INFO ] Accepted block f5d116d1cb9600330c76a5200da44eadaa5d5b6538c7a4f1b8eb25a40f130a9af0172fdcf6366eb3adaa4d6e3b5a6cb3ba2d9f83bd9212bec9c58068d44c87e5 via relay
2026-08-09 21:23:32.848+09:00 [INFO ] Accepted block 77fe5e860d392413be18ded41b8563bd1cacae35cccce5650351a6089d71b2dc3cb9bf7fb42ed64ffec8db071ce3ce5cd16e50ee446996686c4a247ddb9db1bc via relay
2026-08-09 21:23:34.112+09:00 [INFO ] Accepted block d26a1444eb967a409ba6d21f58c6c9e3bee572d1d6eb5580e3d33745ebb58ff5364ec85734b0c44a6998b2517c98fa16e46f9c5842a8dcc6ca952dc61f3ad867 via relay
2026-08-09 21:23:35.519+09:00 [INFO ] Accepted block 04146e5fa0eabf6e2e7921ab22845ad5b802bbf80b5b0dc2338a9e6447a5c71f40f0ba4f6f1e6099dc4712b35596031f7256ce20e9b541bf83f44c7ae1d13095 via relay
2026-08-09 21:23:37.004+09:00 [INFO ] Accepted block 3ba3a5b12175fae8e0c463c9c5c440f6a18036a149b86f15918aadb6aef10ae33c635501121ceb39af07c8aa2bfd3dc39b51ed31d0749ffb4c719ea6bcf5b055 via relay
2026-08-09 21:23:38.123+09:00 [INFO ] [vlt-credit] 5 certificate(s) in the window, none credited: not_verified=5
2026-08-09 21:23:38.124+09:00 [INFO ] [vlt-credit-skipped] certificate=0d3aadddc76d469575b6981db16b76f8bf21763e01160679e45648eaa7725fa539b9e3b0ca384bb8ab198c06a6677a349d3cdbd9d768ff927206b46ddb128b64 executor=697311d4c6baec6bc376e1b07f3bb38c421b60038f6cd26c42d2dbc47bd18d4ab271af0065d920c49d0ae40b2c7ddf988fd37ac6d780e82b0e486f509b0323b8 certificate_epoch=15 reason=not_verified (not yet)
2026-08-09 21:23:38.124+09:00 [INFO ] [vlt-credit-skipped] certificate=401e6bd1f4471d48b3e2eef2d3d5a15e9dadb24af747cf6c28327c02c288b1ac894262b13c3fa93f4c2743f32fea8d42252ae256012f21f13a0253cf665f33dd executor=03e1f2a12936d5f299fe9c78258c3f2a0c31dba5c6522b7415b251ce8da4b4d731df7a2788ee0db5307dd2d39e5697456500cc2d7cbfeb9b239091c6a0bdc1f1 certificate_epoch=15 reason=not_verified (not yet)
2026-08-09 21:23:38.124+09:00 [INFO ] [vlt-credit-skipped] certificate=5ddf84538cb64a8bbef12d231a628958cd903ff4db269fc134168245a62a9e30d7b88e447334257d2fed8c12a2e3c3e89fa0b69929a84160efbf443bbc254aa6 executor=5efd716ac794897ab148eef63ad5c50a5b662b4328760d6dec9e8077553c70048a80da47f6840970d89ac6060d5f604782fa8fa529429c9dce260bd6b7e86b4c certificate_epoch=15 reason=not_verified (not yet)
2026-08-09 21:23:38.124+09:00 [INFO ] [vlt-credit-skipped] certificate=a985d88bca06591bf4b451b50f0b908f808bd2b686311453384a746a3c044021a436995e9eac6f09de97185d6fcf932a41936a24cfb72a77653c164a67312b40 executor=efc895024da64a059563fe77bddd079e504902bdc878d344f4b114f29d123a467051b6b52ab53453a53b5448a290138c9d1049cdf7189d91fd6e6b0cd7121ad2 certificate_epoch=15 reason=not_verified (not yet)
2026-08-09 21:23:38.124+09:00 [INFO ] [vlt-credit-skipped] certificate=3b5db4297ba9e49ecc1da6e69a86ee442c63891950d96ebcfd4a9c751e5f72b0b9134321072a5a18464f7547ad832c4ddea52133b3e4b2e93b9dc4af4d4620e1 executor=d444449c0afb4276e36af7c32deba158d784a49910663eb6e87601bbde34ada664eaa082323d9d992e3405216b3496508e75d856bc56793b04d636421bdb43dd certificate_epoch=15 reason=not_verified (not yet)
2026-08-09 21:23:38.130+09:00 [INFO ] [vlt-shadow] sink_daa=1999 0 validator(s) with credit; 0/13 epoch(s) would reach quorum; newest epoch Some(18): W(E)=0 signed=0 snapshot_root=8405ea02ad313307282f8a6bb62978896dda7c800befbd771555ab8185b26b0ea07f65b0a336714d9d060b169742437ea4ec78ec8f982d0621f72ca5c6e9cdd1 — the weight fence is at 18446744073709551615
2026-08-09 21:23:38.130+09:00 [INFO ] [stake-score] sink=ea39d6e4f622fcf85617a6b3dbeb67fda96d91a9974cc17c87503b2327e3c120848cbf7ffd05bb9a1ed9fe215818207558a04540652648e5a85727ec09457935 sink_blue=2000 credited 34 attestation(s) over 13 ready epoch(s) → stake_depth=8000000000 (rollout=Active, health=Active)
2026-08-09 21:23:39.134+09:00 [INFO ] Accepted block ea39d6e4f622fcf85617a6b3dbeb67fda96d91a9974cc17c87503b2327e3c120848cbf7ffd05bb9a1ed9fe215818207558a04540652648e5a85727ec09457935 via relay
2026-08-09 21:23:40.415+09:00 [INFO ] Accepted block 183b31aa1082bc28cb0aa84e566a72dd9910af476d0710da90f3c627e83e11d73e038d6c23b3353480c4a679b935175f94013702344065cc723b8ef9caa0a32f via relay
2026-08-09 21:23:40.741+09:00 [INFO ] Processed 6 blocks and 6 headers in the last 10.00s (6 transactions; 6 UTXO-validated blocks; 1.00 parents; 1.00 mergeset; 1.00 TPB; 0.0 mass)
2026-08-09 21:23:40.741+09:00 [INFO ] [ibd-perf] 6 hdrs avg: validate(A,parallelizable) 107.2us | commit(serial) 208.6us [add_block 18.9 + db.write 62.5; held-lock 164.2] | f_serial=0.661 f_reach=0.060 | parallelize-ceiling 1.51x
2026-08-09 21:23:41.073+09:00 [INFO ] [validator-service] heartbeat: mode=active sink_daa=2001 bond=Active(active=true) active_set=[epoch=20 is_active_validator=true (active_validators=5)] dns_overlay=configured (stage=Active, dns_confirmed=false)
2026-08-09 21:23:41.975+09:00 [INFO ] Accepted block 924bb71ab88df0162cc10dbedac9a8becc5637a42fecdebcb074280a97c29759291ac43d3d6370469a4a32fa10fc71b6bf4bb839fe45be4ab60649485fb98692 via relay
2026-08-09 21:23:43.200+09:00 [INFO ] Accepted block d6dc6b77cf1eb24e56f751a2621190f98f674cf4072e520fb9edf8a84c6b478b80bee96b280f36f11159fd2bd31a38f24add77c1005150eacc327d00126bb8da via relay
2026-08-09 21:23:44.327+09:00 [INFO ] Accepted block a32e00d8292fbca864f142c89ae0990a493ea512c427b61c484cb6acb74a599e4aabf4a1ba88dcfa273fb1cd59f6b2ec6f24de0199104f8f84f3c20c0c92f6f4 via relay
2026-08-09 21:23:45.671+09:00 [INFO ] Accepted block 8ac66877ead6f1000996738b23f24ffb1c11658b76ff6e7d892fc8276dbaad0b4c02e7f77ec02da63563cf141ade17413ecd93f254a0ae3ba3c8684212723666 via relay
2026-08-09 21:23:48.952+09:00 [INFO ] Accepted block 57e1b141787441b61945551a74f22c03a50ac6321de31445bba6156d4278ad2e35df3a677e9b0346d4dc500cb15b4fa728dbbaf66db1d63511234df5d5b7fc5d via relay
2026-08-09 21:23:49.998+09:00 [INFO ] Accepted block fb494407eeea7b1db43b7145be7d53f6551cd523ac518b7675faeace5276f96c080c9bff99e4d404d0a2e35c55c2504dfc849e6e797998e5bdfd1febc8d7b9e5 via relay
2026-08-09 21:23:50.743+09:00 [INFO ] Processed 6 blocks and 6 headers in the last 10.00s (6 transactions; 6 UTXO-validated blocks; 1.00 parents; 1.00 mergeset; 1.00 TPB; 0.0 mass)
2026-08-09 21:23:50.743+09:00 [INFO ] [ibd-perf] 6 hdrs avg: validate(A,parallelizable) 127.4us | commit(serial) 226.6us [add_block 20.2 + db.write 76.0; held-lock 174.4] | f_serial=0.640 f_reach=0.057 | parallelize-ceiling 1.56x
2026-08-09 21:23:52.057+09:00 [INFO ] Accepted block 64782d78fa092e016e318e5a3469d2773aa0e88ab243b064e82fdf445a2aa47afe2e581c4efd2ff305410d2116e3a409dad3d8f1d90f39c8cc950088b0ba5e63 via relay
2026-08-09 21:23:53.352+09:00 [INFO ] Accepted block 64d5f671c41aaab1ee979703fea235ae9530ea193e2a58d730b18916ede1bfbe309305826bb5d1036f9ce01c7567ea41040e841a1019ca842e83b2e963f5bf46 via relay
2026-08-09 21:23:54.785+09:00 [INFO ] Accepted block da08ccb4eef842fd64297256005119a87ca8e4e412f23d92c0d0330583b394f47a889de21f86dfcebb84255943594747bf37a66752e3a7c183051ec90e602488 via relay
2026-08-09 21:23:56.026+09:00 [INFO ] Accepted block 4ba52ff0b4ab9d7e82780aff0d94437753f61ad29f33ae553f4f3011dc3691779cdd1998c14e44598d3e276f57a0a9b34875635addfca00ca6f5cde7fe93170f via relay
2026-08-09 21:23:57.807+09:00 [INFO ] Accepted block 97cf316a82a3e49a22fd804e25efeba91372b1d1f4efb366bed3d7b2a09417ed1af8baf7a11ce2fd5fd6287b8e7b72e5a01482580e5c4ec615e07446dee7a341 via relay
2026-08-09 21:23:59.626+09:00 [INFO ] Accepted block 37692c663bb1adc0352ef04aa8272641df99cb9c9dbc775476eadb2f72b4f3c5dc2cd26adbbb266672baf40e4832f19c4406f4321a68b3460fb70163b57c6861 via relay
2026-08-09 21:24:00.746+09:00 [INFO ] Processed 6 blocks and 6 headers in the last 10.00s (6 transactions; 6 UTXO-validated blocks; 1.00 parents; 1.00 mergeset; 1.00 TPB; 0.0 mass)
2026-08-09 21:24:00.746+09:00 [INFO ] [ibd-perf] 6 hdrs avg: validate(A,parallelizable) 130.7us | commit(serial) 198.5us [add_block 14.7 + db.write 79.2; held-lock 160.4] | f_serial=0.603 f_reach=0.045 | parallelize-ceiling 1.66x
2026-08-09 21:24:04.216+09:00 [INFO ] Accepted block 53fff78c8a2f7fab3b46b6d3814a2df694f610de3782c6601d919ab86894b628c876f99f3116f9ca4e817cc03a4684c00ae4b66437bbc5fe5240a28bb2a81dfa via relay
2026-08-09 21:24:05.267+09:00 [INFO ] Accepted block 9a35140ae0543b37682a5ab9527a2073972c6522349c65e4679eb6110a51d393a41a53147d37f3cfc9866592803e07a8250d2f9a60d693a5187b505969dea74f via relay
2026-08-09 21:24:06.716+09:00 [INFO ] Accepted block c8bd762bd1e559f35639e3a79f4e3da07c04a6bc6ef2449e2f562406152e0e47e83c7199537bd8d5017d67164db02573e8c43bc7a2bea45170f400bc5be16a8a via relay
2026-08-09 21:24:07.780+09:00 [INFO ] Accepted block aaeeb96887f3c6bd3cfc15063cc8cd3fc818e2332c6f6980850022c3ab272a94f707be6707700082de2d745659ea0093133a45fc0818a39a04eb7c36e123c1fc via relay
2026-08-09 21:24:09.350+09:00 [INFO ] Accepted block 3d8afd6a3149a8ef188102d2b4e2ce699d2b20da306988bf13ebd4fab5cb781dc65a4e17df2a1e857c9caa17417a8896d3275f3abe081c0c44fd770d9dd7d5c0 via relay
2026-08-09 21:24:10.693+09:00 [INFO ] Accepted block f403280e6325be98d92d7385c0ef4968d767091ea2cbb128e00eb612acf91c4de427792825eb06d9935487562b7b3636dcc2b26ca64bda9f8edecc949bd0da61 via relay
2026-08-09 21:24:10.749+09:00 [INFO ] Processed 6 blocks and 6 headers in the last 10.00s (6 transactions; 6 UTXO-validated blocks; 1.00 parents; 1.00 mergeset; 1.00 TPB; 0.0 mass)
2026-08-09 21:24:10.749+09:00 [INFO ] [ibd-perf] 6 hdrs avg: validate(A,parallelizable) 95.4us | commit(serial) 191.9us [add_block 16.5 + db.write 67.1; held-lock 152.3] | f_serial=0.668 f_reach=0.057 | parallelize-ceiling 1.50x
2026-08-09 21:24:11.086+09:00 [INFO ] [validator-service] heartbeat: mode=active sink_daa=2019 bond=Active(active=true) active_set=[epoch=20 is_active_validator=true (active_validators=5)] dns_overlay=configured (stage=Active, dns_confirmed=false)
2026-08-09 21:24:11.984+09:00 [INFO ] Accepted block 2c4f1f28dd43b42b0fa7e13ff4e6ff5e4843e9a50e5f07a7a0bfb7c70bf6d13163799398842c2879a1027b7b28cdd74098f52ca8dab914b321e93737fce88cec via relay
2026-08-09 21:24:13.805+09:00 [INFO ] Accepted block dcde5315bfef20870098c155ac8cb2f2ecd08826d0a00112b47e29cb03c13a97ff2915f77944cafb8c10dd6a839c82da96dc407bc5cdbe5868885369fac56a4b via relay
2026-08-09 21:24:14.953+09:00 [INFO ] Accepted block 3c139e6cdeed04b423024c45916a486f2a9ac5349a4155937ed0d137bdd94506d86a1feb79c2fa58d32bd7a13d2b724ab7ebc763a5bb6c493a592ee63de14488 via relay
2026-08-09 21:24:17.930+09:00 [INFO ] Accepted block a6de86ef6e3317cdcddec0ea63a3312d417c72e85f7b921dcd94a9ecb82a48464dd18a734ca13b7261578fcaa9a86a96c34fa2312c9d514fb1dc71960813e5e9 via relay
2026-08-09 21:24:19.012+09:00 [INFO ] Accepted block c8e84367cfb407bd78bc87cc4e931a9b99d3689187178b5a3406c99884ef5199e549828983e223a363d8b7d8d728e7af83bcc96765be939428d30e563bbb44f4 via relay
2026-08-09 21:24:20.221+09:00 [INFO ] Accepted block 6e5b892b14458bf2cf19e269807fa2f4103aedba04c77434454146232de710ae4b16c9b1e87794221f7c0ffdec3f95896aebf74516a198742fdae07775a8a1c9 via relay
2026-08-09 21:24:20.752+09:00 [INFO ] Processed 7 blocks and 7 headers in the last 10.00s (7 transactions; 7 UTXO-validated blocks; 1.00 parents; 1.00 mergeset; 1.00 TPB; 0.0 mass)
2026-08-09 21:24:20.752+09:00 [INFO ] [ibd-perf] 7 hdrs avg: validate(A,parallelizable) 87.0us | commit(serial) 169.3us [add_block 13.4 + db.write 59.6; held-lock 130.0] | f_serial=0.661 f_reach=0.052 | parallelize-ceiling 1.51x
2026-08-09 21:24:21.373+09:00 [INFO ] Accepted block 6bafb75e884b3d81a8ddab3135531c919b8f80f4388cae16e7dbbc20e26a77e14445c3672d221869b835621d3253ec4676a3b2cfaf65e3fe372ca0a8fa8f4a94 via relay
2026-08-09 21:24:23.266+09:00 [INFO ] Accepted block aa2e11d5c0eaee7648918e464e2fe4cc50b8638ca1113b13c1183355d4e4c876f8755d2f7b06658ae797896b041a2dd1a54f38d42a4897b781f8c33c3ce78ede via relay
2026-08-09 21:24:24.466+09:00 [INFO ] Accepted block 2ef82a1a351b7996a6d9b34179eea4273b83b65f52e3a1bcb182c8466db30fcb70c3bfb0e9361d7abeca4a5a341ad071a7591b396c04639e6c585aba4be11d36 via relay
2026-08-09 21:24:25.915+09:00 [INFO ] Accepted block 54fc72c577420ccc7dca75bcc604f9d4c12dd1175e6512037805b3bda52ce5536381aadaa61fec12a0284b2cac4eaca901ad0b1c1eb4fc56f06888417398a9db via relay
2026-08-09 21:24:27.409+09:00 [INFO ] Accepted block 96bca827b8c3a82e72c7e4b3fe8167ac4348b0d610fb5dcbd43069170a89676b3771862adbdbf96409ed7a912c8fb1b24a825bdc92c1f8d1c1986bd1c3533192 via relay
2026-08-09 21:24:29.521+09:00 [INFO ] Accepted block 181feefe23b9cbcfa4adbb75238227d2f30d9b6f5758d223be875a9d5c061ea54977e8d6940a55577d6191078d4765aae3c96260cc99caf13b9ffa475dbc86ae via relay
2026-08-09 21:24:30.755+09:00 [INFO ] Processed 6 blocks and 6 headers in the last 10.00s (6 transactions; 6 UTXO-validated blocks; 1.00 parents; 1.00 mergeset; 1.00 TPB; 0.0 mass)
2026-08-09 21:24:30.755+09:00 [INFO ] [ibd-perf] 6 hdrs avg: validate(A,parallelizable) 86.5us | commit(serial) 182.9us [add_block 15.6 + db.write 67.0; held-lock 145.9] | f_serial=0.679 f_reach=0.058 | parallelize-ceiling 1.47x
2026-08-09 21:24:30.817+09:00 [INFO ] Accepted block a0ea58f954ce17a9ce962e2e241e8e952fdb2e756e9700d6c9da2f39c2a908cdb60f2ff8ac14cf8cbd68e1b557029e5f51c0f28b04133e8243706cb63de6a275 via relay
2026-08-09 21:24:32.227+09:00 [INFO ] Accepted block 0b0875574535f763c58e6657f1ca4740fa7db7e6725c43430aa9e152359d61f8ddfa886a57889fabcab1d5575759866716139aa0d6ee08822ec0e590dac12af3 via relay
2026-08-09 21:24:33.433+09:00 [INFO ] Accepted block 6fc925cf710ffd686e07ea93eeaa3c22adcfa745c2cf48828ca9e058e7fcb145acd57580038ebe7ec6b4ab1feaa98600284ea92ceb634701d2de183fdf4bdc34 via relay
2026-08-09 21:24:34.857+09:00 [INFO ] Accepted block 7cdf8a4c45da38c1795ffeb552546b5206a3ddd9cb3ab36c49446f53261e7ad7cfe7867c7e2acd6ca639ae051b4a39939eea330a74789a6edf94debe8979182c via relay
2026-08-09 21:24:36.535+09:00 [INFO ] Accepted block 01760a9559377bcefbcb470f92fd29ab98d1ef2c517b20593dfef4467ef53a48d17c5b1911705b6f52786b711fb40bf7a5616dfbff0dd62e3b5eb5c6353bd021 via relay
2026-08-09 21:24:38.548+09:00 [INFO ] Accepted block bb3d6d953df9be7078e324be7f730f6ae748c57ab401ac876d36d23c7bd1da95c7185380b42c8e1ec1f292fa602fcb013e3c2d18c146a36c4214c5a3941907ff via relay
2026-08-09 21:24:40.297+09:00 [INFO ] Accepted block 29a47868ec35c3e4220c2eba660545cc8949bc40a50c1b48e211642a1b2a462f99ae88cc6e2197d41b08da077a4d1012230861194e10ef10b9e1aca9c6d70edc via relay
2026-08-09 21:24:40.757+09:00 [INFO ] Processed 6 blocks and 6 headers in the last 10.00s (6 transactions; 6 UTXO-validated blocks; 1.00 parents; 1.00 mergeset; 1.00 TPB; 0.0 mass)
2026-08-09 21:24:40.757+09:00 [INFO ] [ibd-perf] 6 hdrs avg: validate(A,parallelizable) 116.3us | commit(serial) 200.6us [add_block 17.2 + db.write 72.8; held-lock 157.0] | f_serial=0.633 f_reach=0.054 | parallelize-ceiling 1.58x
2026-08-09 21:24:41.100+09:00 [INFO ] [validator-service] heartbeat: mode=active sink_daa=2037 bond=Active(active=true) active_set=[epoch=20 is_active_validator=true (active_validators=5)] dns_overlay=configured (stage=Active, dns_confirmed=false)
2026-08-09 21:24:42.325+09:00 [INFO ] Accepted block 81535250820adb105e4816f4df97fcf06f0bc94fc7941c16e88c73330706fb75a3d8141ff84278d0a83d8a100f3d10d64afb82fcf1e1f233d8d219b681884650 via relay
2026-08-09 21:24:43.561+09:00 [INFO ] Accepted block 7dca3b2867d7e8115f2b765f74a4649716577d879bbdcf720d1985b19ee45f487a5407c746da0b29cf003ff1221a55a1c2167ac1f99a6ec490077491ba080fd4 via relay
2026-08-09 21:24:44.788+09:00 [INFO ] Accepted block a628a012d80e7c64e2a9b32942393183dd3005a36a3e575a2f3d7f15547072aac19b6a8331b1ef7f28b2caa47e38244d509bea48471c9c30f3bc298580e92988 via relay
2026-08-09 21:24:46.333+09:00 [INFO ] Accepted block ab7c04c88e513aeb8eeb765df2ceddf7a4169285d41960b4fc61e9c5f568f3606505cc90506089ebb94c24b959390e5e11565992ca90e48c54283fcb5abd0dbc via relay
2026-08-09 21:24:47.814+09:00 [INFO ] Accepted block 78134736da665f6f741c85b387e81d613e662f87ba3df5436fba56bae5bb24f66814405d37ed30a8e74ddf263c54597059b08e6a8c3733787fef9c06eb5b767e via relay
2026-08-09 21:24:49.159+09:00 [INFO ] Accepted block c1c2228ebcca6a5c9b95d90d25b547e4a51c7c70f017e7d4dc6d5bbbbd8642b1cebbba98ac72200cb432dc5bd90ca0ad95211b76b2d725852ecdb65579af37e3 via relay
2026-08-09 21:24:50.401+09:00 [INFO ] Accepted block 4f056f8820c09e7f3ea87daeb0ab3c2d34157d484909b2b8d77ec7ba0a7b72286d1876b17a673525ee2748d80c1e7ab853aef13d194de56f1ba3634d610467ca via relay
2026-08-09 21:24:50.760+09:00 [INFO ] Processed 8 blocks and 8 headers in the last 10.00s (8 transactions; 8 UTXO-validated blocks; 1.00 parents; 1.00 mergeset; 1.00 TPB; 0.0 mass)
2026-08-09 21:24:50.760+09:00 [INFO ] [ibd-perf] 8 hdrs avg: validate(A,parallelizable) 92.3us | commit(serial) 194.9us [add_block 23.1 + db.write 67.1; held-lock 157.8] | f_serial=0.678 f_reach=0.081 | parallelize-ceiling 1.47x
2026-08-09 21:24:51.706+09:00 [INFO ] Accepted block d0dd35a3e54c0da79360d99b7d58970446a03585a8ad8252940aa3b596556f61491983c2d40ede6fefba8339cbb75aa84d02f74717c57e32b7407a4820909a1f via relay
2026-08-09 21:24:53.279+09:00 [INFO ] Accepted block 063509cc1105680b231a747a896665bc957c2ca19a188ea4e0d4cb9640dfdd675d7e0d740d5bc71778d4d909556bf4fa7c31cae224717a94fa7346c626bb98ff via relay
2026-08-09 21:24:54.540+09:00 [INFO ] Accepted block 8d187c67d0b1e1e9b78c848ab1742064e1ef099a009f0db46803af5bb4eebd658857b0976db04c3e42f0240821e0b66ba5449f76a45d73a16a71662ad5b6e9ac via relay
2026-08-09 21:24:55.838+09:00 [INFO ] Accepted block 4b69a6ece7bdd2e66d9d6ffd1debba702a24805cb5955491a9f6a3f88ad9f836f310ef2508bc0757aa004a374cb6df66cb11dd8b320518e47de2ebd9a3672ffc via relay
2026-08-09 21:24:57.020+09:00 [INFO ] Accepted block d316bf35de42bd0158362074f44dd717b658c9d1fa5c16defda06625e6d5f9b57223962a4624e6cae660f819b268999f116f4d79936066ac9f2c5dbaea985bea via relay
2026-08-09 21:24:58.517+09:00 [INFO ] Accepted block 02b7a8fdf2b9048bd9bc25cd175a110877b0c48502702a1c7fe706a01fd44189b64290bfb0934637c3c0b0031ff37e37d3534dc8451d5bc6099ce7d8d16edad9 via relay
2026-08-09 21:24:59.669+09:00 [INFO ] Accepted block 2db66a0b935acf83f0ff0fa878e8911e884346a65d0d56a7ad85b384208fbd11091bdd21df141d6052db071459cd5f1fbb208ec7b5cd9a04a3c3573148ef2a64 via relay
2026-08-09 21:25:00.762+09:00 [INFO ] Processed 7 blocks and 7 headers in the last 10.00s (7 transactions; 7 UTXO-validated blocks; 1.00 parents; 1.00 mergeset; 1.00 TPB; 0.0 mass)
2026-08-09 21:25:00.762+09:00 [INFO ] [ibd-perf] 7 hdrs avg: validate(A,parallelizable) 89.9us | commit(serial) 198.9us [add_block 15.5 + db.write 77.2; held-lock 162.8] | f_serial=0.689 f_reach=0.054 | parallelize-ceiling 1.45x
2026-08-09 21:25:01.033+09:00 [INFO ] Accepted block e80e34c2e459aa512ece7f6121ac44bf45d388aea7c7260d505c274a4b91352db69deedd7dca9a7e7523cab6c7e11f17235f07dfd4e78095eb5d7649bbd6334d via relay
2026-08-09 21:25:02.556+09:00 [INFO ] Accepted block baa338aac9f6f7ac3ee998f0f7f8d9201ff4bdd2dffc009a260914bbc6659cf78c29e7cc689fe65e9801df658243b6a3df9ad187f459e2b6b75cfbdf686f77e6 via relay
2026-08-09 21:25:03.791+09:00 [INFO ] Accepted block 74a2f09deba2d59d7d19a7cb6ccaf1f92e20fdf7e75656ae5a949833465bd87888427063d0a5f8b8062ce01618e4528222bf461d90041a8d83a15c869b86c46e via relay
2026-08-09 21:25:05.497+09:00 [INFO ] Accepted block 8cb4f6f9debc4d0464e7f7db1c5c2cc9a940e6f4ff0052791e24626484adf6ab8870feb33b034eb0cc37251fba1a08cab8d7e81e463bea0e35f9919317c32f40 via relay
2026-08-09 21:25:06.820+09:00 [INFO ] Accepted block ded20e2d53f62f5a5d1cf00ffef2d4fa134c149b637571f097200c0fd985a47022ec036cebd19de3ce24bae278a02ced9f91e70df95e6920d6f7facfc214d595 via relay
2026-08-09 21:25:08.051+09:00 [INFO ] Accepted block e344375c1c2deef0dfaad5ee46c5890f9e3ddfb8b9e62ac8d5bca87a32e65c9f01776c6ff4a85c27c69410ee6096eb652c02f3c72a057c5712ef8087be9ecb7d via relay
2026-08-09 21:25:09.910+09:00 [INFO ] Accepted block 12bedd72992493ee43380bff40e1257219e6d23341f6d8e07463c0a8cd919454e7f0640c35246f2265d7a1f7a01b4ab23559d04afa937b9c2750bca52b1c4c9a via relay
2026-08-09 21:25:10.764+09:00 [INFO ] Processed 7 blocks and 7 headers in the last 10.00s (7 transactions; 7 UTXO-validated blocks; 1.00 parents; 1.00 mergeset; 1.00 TPB; 0.0 mass)
2026-08-09 21:25:10.764+09:00 [INFO ] [ibd-perf] 7 hdrs avg: validate(A,parallelizable) 120.7us | commit(serial) 233.5us [add_block 17.9 + db.write 86.5; held-lock 184.8] | f_serial=0.659 f_reach=0.050 | parallelize-ceiling 1.52x
2026-08-09 21:25:11.113+09:00 [INFO ] [validator-service] heartbeat: mode=active sink_daa=2059 bond=Active(active=true) active_set=[epoch=20 is_active_validator=true (active_validators=5)] dns_overlay=configured (stage=Active, dns_confirmed=false)
2026-08-09 21:25:11.127+09:00 [INFO ] [validator-service] submitted attestation shard tx ee9002ce3f977f1cf8dcb0812b56df63553d6506902bbcf9b6c8b98856e47f7b294c370c248a59eee76eae8ba256e2b9d86b882d5469f94f39559d44e63ad731 for epoch 19
2026-08-09 21:25:11.187+09:00 [INFO ] Accepted block dcdf4209fcea0c0b50e561d3dd2f8c913abf3458333b585dce794f8a0436d97f9301db56a062e14239aff88c7fd7269178d8a62d858d672b1d395279dd0e17da via relay
2026-08-09 21:25:12.996+09:00 [INFO ] Accepted block e8fbada0dc159bbc1f5b43676c555bcad072e6c8ed6fefe11bff050e267166e46ab9f9a7457330b9e89bb875f720325440e171d6715f99db77e761f908378783 via relay
2026-08-09 21:25:15.308+09:00 [INFO ] Accepted block 2df251ba5457f09010bd9a3eb2043467cbdf80bf02c238ed6eb7a8f5f804262fe4e05333123645461a16f4ed3b3a555af5e09dc85a684a7a0ce8fa05fd036187 via relay
2026-08-09 21:25:16.822+09:00 [INFO ] Accepted block bba1b44c65d3b0240d718bc04d62c29c5a401df62f40e81989009b4eaadb55c8e5e6c750632f1867c7d92c4cdbc3c93e1b77dd7977cdac0c163bb8a0ab41542a via relay
2026-08-09 21:25:19.316+09:00 [INFO ] Accepted block dae298df8a371d74bae0bb19483172b28093064c7dbfe44c89d4a63071f8a99ace637f16670532f468aaa85be889d946e02ec5440f079dda21df7563f6b536b1 via relay
2026-08-09 21:25:20.740+09:00 [INFO ] Accepted block a8b6baa8d64d4f9a80974efe34763a524bf6e6d004ba8dba980dc5d6c3014bcdf95badff3ef77fc7c648cf9aefbec46f9695525f1aa352dd4504fc5b9b8d3bf0 via relay
2026-08-09 21:25:20.766+09:00 [INFO ] Tx throughput stats: 0.50 u-tps, 100.00% e-tps (in: 1 via RPC, 3 via P2P, out: 5 via accepted blocks)
2026-08-09 21:25:20.766+09:00 [INFO ] Processed 5 blocks and 5 headers in the last 10.00s (10 transactions; 5 UTXO-validated blocks; 1.00 parents; 1.00 mergeset; 2.00 TPB; 50200.0 mass)
2026-08-09 21:25:20.766+09:00 [INFO ] [ibd-perf] 5 hdrs avg: validate(A,parallelizable) 113.5us | commit(serial) 315.1us [add_block 23.6 + db.write 148.5; held-lock 271.6] | f_serial=0.735 f_reach=0.055 | parallelize-ceiling 1.36x
2026-08-09 21:25:22.122+09:00 [INFO ] Accepted block 8c3eb185a1b53757373e2e4170e90b2385019fb2b9a8ae4891cd863524fd34a71fa9a401489d1c65dcd63e33d846f5194dd0a622b6c7b10ed7ee8f9b1797b7a0 via relay
2026-08-09 21:25:23.294+09:00 [INFO ] Accepted block 9ecf2ed2dd2253bbdcaabe71f0dcd28df736ce8651a628c8d6d338083959c8e1b6432434f1038eaf7a77540c112edfd2d26d43c2e43cd7e9c7165c70b6e54646 via relay
2026-08-09 21:25:24.481+09:00 [INFO ] Accepted block 210ec8c5a2ddfc9a180183df857cf26e2f1b1204be8f7b3e0e5f49fce568d051a516e1e38f1e9e0d80d49dafd68d610416c9a84543bc4406f981c42e869ffebc via relay
2026-08-09 21:25:25.815+09:00 [INFO ] Accepted block 6b482094912b64d0295bbedced09f3667430388eebeeb01ac7d8990ba7daf6f711f8a9b5cee2b7c62a18523dbef9e80ac6516684732901166f95e94d882bf967 via relay
2026-08-09 21:25:27.264+09:00 [INFO ] Accepted block 4465be2334b3a539c95068f56c477d5ce387102e807b90ac08c6a2b1f981747823fa152cf63f0c7a44034b11b444df43b36422dc29aa7d4f4627f7882b32f0c3 via relay
2026-08-09 21:25:28.419+09:00 [INFO ] Accepted block 3a76fa40f95f384a4b3f5f6737f77bd8d83348fbeffcfc3eabd3c04eb553416adde9639fe8128ef205ca4a1b4739877be17d06d0ebf2173b78fad76a99ce97da via relay
2026-08-09 21:25:29.968+09:00 [INFO ] Accepted block b09c28f52d5d2b9c799de0cd7f4a42fa9b32fb1d35a4b6aa3f86f91de7b31b14ca89f9e86ddddb2481c0e0318b6cd7368516e9b04ed2a797ec410b302bb18000 via relay
2026-08-09 21:25:30.768+09:00 [INFO ] Processed 8 blocks and 8 headers in the last 10.00s (8 transactions; 8 UTXO-validated blocks; 1.00 parents; 1.00 mergeset; 1.00 TPB; 0.0 mass)
2026-08-09 21:25:30.769+09:00 [INFO ] [ibd-perf] 8 hdrs avg: validate(A,parallelizable) 103.8us | commit(serial) 251.0us [add_block 19.3 + db.write 111.9; held-lock 201.6] | f_serial=0.707 f_reach=0.054 | parallelize-ceiling 1.41x
2026-08-09 21:25:31.523+09:00 [INFO ] Accepted block 613432bc9370de8c3ff4870bfb39602dbf1af1e9d66a160414d4c626b1fa90ce0931af305bc5ce3cd227cb1f42a0623c8ebe36e85906fe1c3092244262bc007e via relay
2026-08-09 21:25:33.102+09:00 [INFO ] Accepted block 40c7a4009a621952ac67186f9bc06cffcc89933b7d50123a14420c743e11f7777dacb6c98987f0415d1ecea9d3bf2593f62489cf8b104186af68d1f2e7cdcc1c via relay
2026-08-09 21:25:34.333+09:00 [INFO ] Accepted block 183c698c554b81f471051e9905e9e02a497a2a2f9fe431f211bda05d3176923b56d92633209028223c20050aebe04cf7f41449e830f19985a94420d5d0585b68 via relay
2026-08-09 21:25:35.986+09:00 [INFO ] Accepted block f64355c8607537d4f27dcb3a945403d0bcab71d7cf913ab4c5f3329b5223532ff3cbadb92a5f6d3e8ea5dc5bdd77dedf9fcdd8823d35dccf657baf19de62ecbb via relay
2026-08-09 21:25:37.229+09:00 [INFO ] Accepted block b59cbe3ea2b284e879cce4d4fab95edd2de8374d38be3b25bb36e4e968d27ccf6d8f6f055448c8d059cca5e0773a139e60f601ee047729d42473a275fcb37ea9 via relay
2026-08-09 21:25:38.294+09:00 [INFO ] Accepted block 105c9e0fb843bed59f20ad807d892bb1e419fde09573af086bb571e0c286b4adbdc9ed51b3ec25638b43ffaf83bc3cb598e29b1b8f7d22b053b9341bd53589cc via relay
2026-08-09 21:25:39.339+09:00 [INFO ] Accepted block 59a05c8274ae3dcffed92b7c0c0cd15aab85dfd7605f41549490c218fe9c6652809f042c3d12d181ba7c5c79efcf56dac3ad822f507552d363dd7314e2006d27 via relay
2026-08-09 21:25:40.690+09:00 [INFO ] Accepted block c40e4b3cb9ebc91adaa6aa03dbfe2a7dcd1a6e43267e1d4768414193af37b749ef8bea8dc99e1d33400c26b3db15f8d4438d1ac8e0717acfcfdf4e00b0a6262b via relay
2026-08-09 21:25:40.770+09:00 [INFO ] Processed 8 blocks and 8 headers in the last 10.00s (8 transactions; 8 UTXO-validated blocks; 1.00 parents; 1.00 mergeset; 1.00 TPB; 0.0 mass)
2026-08-09 21:25:40.770+09:00 [INFO ] [ibd-perf] 8 hdrs avg: validate(A,parallelizable) 138.4us | commit(serial) 254.0us [add_block 24.7 + db.write 90.2; held-lock 198.4] | f_serial=0.647 f_reach=0.063 | parallelize-ceiling 1.54x
2026-08-09 21:25:41.144+09:00 [INFO ] [validator-service] heartbeat: mode=active sink_daa=2080 bond=Active(active=true) active_set=[epoch=20 is_active_validator=true (active_validators=5)] dns_overlay=configured (stage=Active, dns_confirmed=false)
2026-08-09 21:25:41.764+09:00 [INFO ] Accepted block b52ee7b43e99e52905b2110455fcd3581297ef78de54c84a5a5502c2db6504a354a399f4ce7e25796a69e1b3d063c14d5bc922a8a036cb51c7bb621ad6ec7484 via relay
2026-08-09 21:25:42.968+09:00 [INFO ] Accepted block 2f724e22bb97ada7989416a62d5a35b0ee05e7d86d5ee3f3ecdf1f7cb3219fc7991ef479681b07696afea5d07d92d16e12d58d267468167b2e3c8aa2164cca99 via relay
2026-08-09 21:25:44.065+09:00 [INFO ] Accepted block 040a572c62dc0120f2f0547a24f1bf5c47050e62575575cbc7d5c76661fffc42e52c1db307db01c4b0dd028e0305aace9cf7a1b0b37686cd3c5319b2d979ecf5 via relay
2026-08-09 21:25:45.486+09:00 [INFO ] Accepted block 601286ede0e364e101da64c4eda93599526822b3ee50c648c7652de28b4c427742f873cebf46b06f1c0a0242469ff5f321faa4b83f84039a4feacd62f5e8cd81 via relay
2026-08-09 21:25:47.118+09:00 [INFO ] Accepted block f0d73921142cf2a26736165c4b8ddf135fcbe9c353e306690bedc2badb23e1852c76df5c7c685e4ff5d8d292ec627b64f7d8b228fbcc86d6916ec340745a585e via relay
2026-08-09 21:25:48.753+09:00 [INFO ] Accepted block 16ac0793406a318f84dab5328437a6564d9743a2ae1abc88e8578c67474720cfdb070e5c96e767a76c2d6849bd8b87c1303ab26194f9831636acec680269d1bb via relay
2026-08-09 21:25:50.387+09:00 [INFO ] Accepted block 2eaeb0d00e8032fa16dccdfbbf2c57c9615cbeb0ad28337da673dff2c5c05110083382d14e711dec808f07c29db38ec62e4ff5689baaad0d37b95facb000ee1c via relay
2026-08-09 21:25:50.771+09:00 [INFO ] Processed 6 blocks and 6 headers in the last 10.00s (6 transactions; 6 UTXO-validated blocks; 1.00 parents; 1.00 mergeset; 1.00 TPB; 0.0 mass)
2026-08-09 21:25:50.771+09:00 [INFO ] [ibd-perf] 6 hdrs avg: validate(A,parallelizable) 90.2us | commit(serial) 1058.1us [add_block 15.3 + db.write 940.4; held-lock 1021.1] | f_serial=0.921 f_reach=0.013 | parallelize-ceiling 1.09x
2026-08-09 21:25:53.717+09:00 [INFO ] Accepted block df6a00364f1edf1b0bd2d1442ba4d9453631f829e27ed27e6f17dce897d37d0e9e312dcd7b2d6f7cf86fdd0aefadc5c244172528459a13dcc4c35445eeb38a36 via relay
2026-08-09 21:25:54.921+09:00 [INFO ] Accepted block 18f64d42d6a3ac4a6cc76fc1ca3b604f0579b929d72646b83ee030f6d51a238042498063575ef92455e9df5b08679f9995f441b56ff587c26bac203cbffafa1d via relay
2026-08-09 21:25:56.160+09:00 [INFO ] Accepted block 6d9297b343d91b80d753455fa6d56d6f48c31c6814558b644b7647c057c282a1b9c71d897161a325b04dfdaf9e571318a56c82b407997600a318f862f106fdf8 via relay
2026-08-09 21:25:58.036+09:00 [INFO ] Accepted block d0ef12ff9d6e3cc98ca931c149e5e1caf5b61a89769666dd6fec905c8d0842d244011a6fd3531b0a9409bf306e8b56d1048ddb78ceff6a663ed40e821171cd61 via relay
2026-08-09 21:25:59.757+09:00 [INFO ] Accepted block 114cde59a2f998722e3214686687c4c0c40534144c1f7024dae6550c55e3dbe6abd43edbef49df8cae116dcf35a89b36a3e421e9b14ab2aa8ccb7b7704238c1a via relay
2026-08-09 21:26:00.774+09:00 [INFO ] Processed 6 blocks and 6 headers in the last 10.00s (6 transactions; 6 UTXO-validated blocks; 1.00 parents; 1.00 mergeset; 1.00 TPB; 0.0 mass)
2026-08-09 21:26:00.774+09:00 [INFO ] [ibd-perf] 6 hdrs avg: validate(A,parallelizable) 116.7us | commit(serial) 231.1us [add_block 16.9 + db.write 106.4; held-lock 190.7] | f_serial=0.665 f_reach=0.049 | parallelize-ceiling 1.50x
2026-08-09 21:26:00.970+09:00 [INFO ] Accepted block 3021cbb0d5b7d9223df9c962cd3550b0676b44cdf886af34fa9943e4f549d77c9c631b095a1e3de41ef1152a13f4a85ba3e3c6b24fbf235d85561580112e1901 via relay
2026-08-09 21:26:02.453+09:00 [INFO ] Accepted block e79d89299e2f4b495fe1f96898465167c1321d10f530cce7ba08a5f102a3949437f3ff64c40f2a630e058b02d90a84d949b852830ead0ff26589a45f513b841b via relay
2026-08-09 21:26:03.848+09:00 [INFO ] Accepted block a5998d5cfa24077f3b25277e337d0fab9c92c563eedd0fb136d334a1d83227ee6e66f588b1aca020045d76a9b626f04ce731335184eac5034856424bd13ef818 via relay
2026-08-09 21:26:04.931+09:00 [INFO ] Accepted block 6f5c9832cfd5b240fb63cca79d1075155537526b3584ae1d317e355a078a228c148950c45fc95cddaa1db3fd27aeebf51f8b284472a5fb112e9cfb7cb5123d6c via relay
2026-08-09 21:26:05.096+09:00 [INFO ] EVM lane KPI (O9): 768 chain blocks, avg mergeset 1.00, avg accepted-gas utilization 0.00%, 0 deposit-claims applied (cumulative)
2026-08-09 21:26:06.115+09:00 [INFO ] Accepted block 4bc0204e980d0f72a8c6df3bd660788c625dec885ee509558974c4d60784fb2c000160ce83ae82f037ce1bce3922d01f34154e90265e5a5e8fe9ef6ea5b55b4e via relay
2026-08-09 21:26:07.667+09:00 [INFO ] Accepted block 74e5e70aedd3054eda484cbc48774b14b7dcb2ceef276bd8d5fc644bccc8c7850df11f99b03eba878b35bf9ed10bd80dbbabc5c0ab807153a93908189f58fb67 via relay
2026-08-09 21:26:10.601+09:00 [INFO ] Accepted block b4ea0d50f066515b7a60255b7739c909b1dd767dca3c675de0b8665bc02fc062fdc3881b06fa8f961c050de4e481c5e4fb3d042da8c687d543f1c51d474820ed via relay
2026-08-09 21:26:10.717+09:00 [INFO ] [vlt-credit] 5 certificate(s) in the window, none credited: not_verified=5
2026-08-09 21:26:10.717+09:00 [INFO ] [vlt-credit-skipped] certificate=0d3aadddc76d469575b6981db16b76f8bf21763e01160679e45648eaa7725fa539b9e3b0ca384bb8ab198c06a6677a349d3cdbd9d768ff927206b46ddb128b64 executor=697311d4c6baec6bc376e1b07f3bb38c421b60038f6cd26c42d2dbc47bd18d4ab271af0065d920c49d0ae40b2c7ddf988fd37ac6d780e82b0e486f509b0323b8 certificate_epoch=15 reason=not_verified (not yet)
2026-08-09 21:26:10.717+09:00 [INFO ] [vlt-credit-skipped] certificate=401e6bd1f4471d48b3e2eef2d3d5a15e9dadb24af747cf6c28327c02c288b1ac894262b13c3fa93f4c2743f32fea8d42252ae256012f21f13a0253cf665f33dd executor=03e1f2a12936d5f299fe9c78258c3f2a0c31dba5c6522b7415b251ce8da4b4d731df7a2788ee0db5307dd2d39e5697456500cc2d7cbfeb9b239091c6a0bdc1f1 certificate_epoch=15 reason=not_verified (not yet)
2026-08-09 21:26:10.717+09:00 [INFO ] [vlt-credit-skipped] certificate=5ddf84538cb64a8bbef12d231a628958cd903ff4db269fc134168245a62a9e30d7b88e447334257d2fed8c12a2e3c3e89fa0b69929a84160efbf443bbc254aa6 executor=5efd716ac794897ab148eef63ad5c50a5b662b4328760d6dec9e8077553c70048a80da47f6840970d89ac6060d5f604782fa8fa529429c9dce260bd6b7e86b4c certificate_epoch=15 reason=not_verified (not yet)
2026-08-09 21:26:10.717+09:00 [INFO ] [vlt-credit-skipped] certificate=a985d88bca06591bf4b451b50f0b908f808bd2b686311453384a746a3c044021a436995e9eac6f09de97185d6fcf932a41936a24cfb72a77653c164a67312b40 executor=efc895024da64a059563fe77bddd079e504902bdc878d344f4b114f29d123a467051b6b52ab53453a53b5448a290138c9d1049cdf7189d91fd6e6b0cd7121ad2 certificate_epoch=15 reason=not_verified (not yet)
2026-08-09 21:26:10.717+09:00 [INFO ] [vlt-credit-skipped] certificate=3b5db4297ba9e49ecc1da6e69a86ee442c63891950d96ebcfd4a9c751e5f72b0b9134321072a5a18464f7547ad832c4ddea52133b3e4b2e93b9dc4af4d4620e1 executor=d444449c0afb4276e36af7c32deba158d784a49910663eb6e87601bbde34ada664eaa082323d9d992e3405216b3496508e75d856bc56793b04d636421bdb43dd certificate_epoch=15 reason=not_verified (not yet)
2026-08-09 21:26:10.725+09:00 [INFO ] [vlt-shadow] sink_daa=2099 0 validator(s) with credit; 0/13 epoch(s) would reach quorum; newest epoch Some(19): W(E)=0 signed=0 snapshot_root=1fbbe4b0d741a02242c6c3ae0535c57d164028c805ab22bb6f840e184c88fa4dfc7f1f7afbcc2df64a2be48efaad55676eaf1bf6257bbf81cddd37c1a74511e8 — the weight fence is at 18446744073709551615
2026-08-09 21:26:10.725+09:00 [INFO ] [stake-score] sink=1537770de08f64d6ce9c6dbf5eb132f081fbc0d36a27b77ec5880225d431b49f253341297d74b6b3e725069d9ce0a4fcfa22b3105d63dd820df95985b8fc15bc sink_blue=2100 credited 39 attestation(s) over 13 ready epoch(s) → stake_depth=9000000000 (rollout=Active, health=Active)
2026-08-09 21:26:10.775+09:00 [INFO ] Processed 7 blocks and 7 headers in the last 10.00s (7 transactions; 7 UTXO-validated blocks; 1.00 parents; 1.00 mergeset; 1.00 TPB; 0.0 mass)
2026-08-09 21:26:10.775+09:00 [INFO ] [ibd-perf] 7 hdrs avg: validate(A,parallelizable) 118.2us | commit(serial) 234.0us [add_block 16.2 + db.write 104.8; held-lock 189.3] | f_serial=0.664 f_reach=0.046 | parallelize-ceiling 1.51x
2026-08-09 21:26:11.158+09:00 [INFO ] [validator-service] heartbeat: mode=active sink_daa=2099 bond=Active(active=true) active_set=[epoch=20 is_active_validator=true (active_validators=5)] dns_overlay=configured (stage=Active, dns_confirmed=false)
2026-08-09 21:26:11.730+09:00 [INFO ] Accepted block 1537770de08f64d6ce9c6dbf5eb132f081fbc0d36a27b77ec5880225d431b49f253341297d74b6b3e725069d9ce0a4fcfa22b3105d63dd820df95985b8fc15bc via relay
2026-08-09 21:26:12.775+09:00 [INFO ] Accepted block 8eaa8990ed64f1625459e3e78b2e476c93d086a99b0bfc52af99d6c5855a684ac153d13ff524edc327bfd53b064501edf0b3cb3e956591b4bd17ddaed651eec4 via relay
2026-08-09 21:26:14.451+09:00 [INFO ] Accepted block ae8cb319271bc324942b619dc4eef6339bfa8422c44b6338c4dc32094b7caee301a68d4adbc35fd5a90a7a143ccc90825617891ac2cf4d5d0f0fdfadbcd16f7a via relay
2026-08-09 21:26:15.526+09:00 [INFO ] Accepted block 22ccd2f291a0d6918f9f4ba14ec91d701a45d93b2a54211954d0c3e3413163989ef0306353c4b67c3364815cd4c768a20a52f340dba0d34d775dc74aec1b3d6c via relay
2026-08-09 21:26:17.909+09:00 [INFO ] Accepted block 24a76f1e4dd47155b6d501c665aa1d0eed694005ed1b9cfece33369b6c7a7081db35fdf1d78fe2970968c509c1c89fc3f4a2299332824ce3ba19909ef78711d2 via relay
2026-08-09 21:26:19.778+09:00 [INFO ] Accepted block 7d26ded37f7fa3fe0e3731eb5f12e7b91c6c9b98a9d0b596b8efe3aca4cdce676ab196ce73350acd851a6122aaf9ba060b12282105c8af4b9b3a7258b6a97c81 via relay
2026-08-09 21:26:20.778+09:00 [INFO ] Processed 6 blocks and 6 headers in the last 10.00s (6 transactions; 6 UTXO-validated blocks; 1.00 parents; 1.00 mergeset; 1.00 TPB; 0.0 mass)
2026-08-09 21:26:20.778+09:00 [INFO ] [ibd-perf] 6 hdrs avg: validate(A,parallelizable) 89.0us | commit(serial) 201.3us [add_block 17.5 + db.write 77.6; held-lock 163.8] | f_serial=0.693 f_reach=0.060 | parallelize-ceiling 1.44x
2026-08-09 21:26:20.931+09:00 [INFO ] Accepted block f6fb8aa06e04507ca390a6b50214c0e5ffb0c9f6a1a193967fd88504c53de49f26e6319aeb0438ebd08fa131bb679aff54fa17867b893a89785d48a2bf3a9881 via relay
2026-08-09 21:26:21.978+09:00 [INFO ] Accepted block 0e768cff43b3f79147d93dce51493b83260a423b01320369c5daeb105a81fc1e4641e607df1a69d366d5095df0b7e4f07b05d606af5f2971d760a9197df52ea6 via relay
2026-08-09 21:26:25.426+09:00 [INFO ] Accepted block 9cc62bf20d5cbfcba986cef0f8529c333cc7b3f1d8b37d6ea8a273c8f314a66e319da855af9c7b4d9ceb12c7dfc83bce6a3378dbc3b9160ba24fa2ce8ee44b5d via relay
2026-08-09 21:26:26.734+09:00 [INFO ] Accepted block c5aaa2e025e359ee6bb4cf2c6ff5ca0cbf30ccad68b5d7a6a329a6596a31dd4545552b0818a05e95c46527884a24bbaa849e279da5e8a2c3a6f51d7a21a7cb19 via relay
2026-08-09 21:26:30.781+09:00 [INFO ] Processed 3 blocks and 3 headers in the last 10.00s (3 transactions; 3 UTXO-validated blocks; 1.00 parents; 1.00 mergeset; 1.00 TPB; 0.0 mass)
2026-08-09 21:26:30.782+09:00 [INFO ] [ibd-perf] 3 hdrs avg: validate(A,parallelizable) 90.3us | commit(serial) 248.4us [add_block 20.3 + db.write 99.6; held-lock 203.0] | f_serial=0.733 f_reach=0.060 | parallelize-ceiling 1.36x
2026-08-09 21:26:41.174+09:00 [INFO ] [validator-service] heartbeat: mode=active sink_daa=2108 bond=Active(active=true) active_set=[epoch=21 is_active_validator=true (active_validators=5)] dns_overlay=configured (stage=Active, dns_confirmed=false)
2026-08-09 21:27:11.191+09:00 [INFO ] [validator-service] heartbeat: mode=active sink_daa=2108 bond=Active(active=true) active_set=[epoch=21 is_active_validator=true (active_validators=5)] dns_overlay=configured (stage=Active, dns_confirmed=false)
2026-08-09 21:27:41.207+09:00 [INFO ] [validator-service] heartbeat: mode=active sink_daa=2108 bond=Active(active=true) active_set=[epoch=21 is_active_validator=true (active_validators=5)] dns_overlay=configured (stage=Active, dns_confirmed=false)
2026-08-09 21:28:11.241+09:00 [INFO ] [validator-service] heartbeat: mode=active sink_daa=2108 bond=Active(active=true) active_set=[epoch=21 is_active_validator=true (active_validators=5)] dns_overlay=configured (stage=Active, dns_confirmed=false)
2026-08-09 21:28:41.282+09:00 [INFO ] [validator-service] heartbeat: mode=active sink_daa=2108 bond=Active(active=true) active_set=[epoch=21 is_active_validator=true (active_validators=5)] dns_overlay=configured (stage=Active, dns_confirmed=false)
2026-08-09 21:29:11.300+09:00 [INFO ] [validator-service] heartbeat: mode=active sink_daa=2108 bond=Active(active=true) active_set=[epoch=21 is_active_validator=true (active_validators=5)] dns_overlay=configured (stage=Active, dns_confirmed=false)
2026-08-09 21:29:41.318+09:00 [INFO ] [validator-service] heartbeat: mode=active sink_daa=2108 bond=Active(active=true) active_set=[epoch=21 is_active_validator=true (active_validators=5)] dns_overlay=configured (stage=Active, dns_confirmed=false)
2026-08-09 21:30:11.336+09:00 [INFO ] [validator-service] heartbeat: mode=active sink_daa=2108 bond=Active(active=true) active_set=[epoch=21 is_active_validator=true (active_validators=5)] dns_overlay=configured (stage=Active, dns_confirmed=false)
2026-08-09 21:30:41.354+09:00 [INFO ] [validator-service] heartbeat: mode=active sink_daa=2108 bond=Active(active=true) active_set=[epoch=21 is_active_validator=true (active_validators=5)] dns_overlay=configured (stage=Active, dns_confirmed=false)
2026-08-09 21:31:11.369+09:00 [INFO ] [validator-service] heartbeat: mode=active sink_daa=2108 bond=Active(active=true) active_set=[epoch=21 is_active_validator=true (active_validators=5)] dns_overlay=configured (stage=Active, dns_confirmed=false)
2026-08-09 21:31:41.383+09:00 [INFO ] [validator-service] heartbeat: mode=active sink_daa=2108 bond=Active(active=true) active_set=[epoch=21 is_active_validator=true (active_validators=5)] dns_overlay=configured (stage=Active, dns_confirmed=false)
2026-08-09 21:32:11.433+09:00 [INFO ] [validator-service] heartbeat: mode=active sink_daa=2108 bond=Active(active=true) active_set=[epoch=21 is_active_validator=true (active_validators=5)] dns_overlay=configured (stage=Active, dns_confirmed=false)
2026-08-09 21:32:41.476+09:00 [INFO ] [validator-service] heartbeat: mode=active sink_daa=2108 bond=Active(active=true) active_set=[epoch=21 is_active_validator=true (active_validators=5)] dns_overlay=configured (stage=Active, dns_confirmed=false)
2026-08-09 21:33:11.493+09:00 [INFO ] [validator-service] heartbeat: mode=active sink_daa=2108 bond=Active(active=true) active_set=[epoch=21 is_active_validator=true (active_validators=5)] dns_overlay=configured (stage=Active, dns_confirmed=false)
2026-08-09 21:33:41.509+09:00 [INFO ] [validator-service] heartbeat: mode=active sink_daa=2108 bond=Active(active=true) active_set=[epoch=21 is_active_validator=true (active_validators=5)] dns_overlay=configured (stage=Active, dns_confirmed=false)
2026-08-09 21:34:11.526+09:00 [INFO ] [validator-service] heartbeat: mode=active sink_daa=2108 bond=Active(active=true) active_set=[epoch=21 is_active_validator=true (active_validators=5)] dns_overlay=configured (stage=Active, dns_confirmed=false)
2026-08-09 21:34:41.556+09:00 [INFO ] [validator-service] heartbeat: mode=active sink_daa=2108 bond=Active(active=true) active_set=[epoch=21 is_active_validator=true (active_validators=5)] dns_overlay=configured (stage=Active, dns_confirmed=false)
2026-08-09 21:35:11.588+09:00 [INFO ] [validator-service] heartbeat: mode=active sink_daa=2108 bond=Active(active=true) active_set=[epoch=21 is_active_validator=true (active_validators=5)] dns_overlay=configured (stage=Active, dns_confirmed=false)
2026-08-09 21:35:41.627+09:00 [INFO ] [validator-service] heartbeat: mode=active sink_daa=2108 bond=Active(active=true) active_set=[epoch=21 is_active_validator=true (active_validators=5)] dns_overlay=configured (stage=Active, dns_confirmed=false)
2026-08-09 21:36:11.652+09:00 [INFO ] [validator-service] heartbeat: mode=active sink_daa=2108 bond=Active(active=true) active_set=[epoch=21 is_active_validator=true (active_validators=5)] dns_overlay=configured (stage=Active, dns_confirmed=false)
2026-08-09 21:36:23.501+09:00 [INFO ] P2P, incoming stream ended from peer 127.0.0.1:17111
2026-08-09 21:36:23.506+09:00 [INFO ] P2P, incoming stream ended from peer 127.0.0.1:17121
2026-08-09 21:36:23.509+09:00 [INFO ] P2P, incoming stream ended from peer 127.0.0.1:17131
2026-08-09 21:36:23.513+09:00 [INFO ] P2P, incoming stream ended from peer 127.0.0.1:17141
^SIGTERM - shutting down...
2026-08-09 21:36:23.517+09:00 [INFO ] P2P Server stopped: 127.0.0.1:17151
2026-08-09 21:36:23.517+09:00 [INFO ] WRPC Server stopped on: 127.0.0.1:17152
2026-08-09 21:36:23.517+09:00 [INFO ] GRPC Server stopped on: 127.0.0.1:17150
2026-08-09 21:36:24.028+09:00 [INFO ] Kaspad has stopped...
2026-08-09 21:36:29.376+09:00 [INFO ] kaspad v1.1.0-524ea7a
2026-08-09 21:36:29.376+09:00 [INFO ] Application directory: /Users/wata/Downloads/MISAKA-testnet/.misaka-vlt-devnet-2/node-4
2026-08-09 21:36:29.376+09:00 [INFO ] Data directory: /Users/wata/Downloads/MISAKA-testnet/.misaka-vlt-devnet-2/node-4/misaka-devnet/datadir
2026-08-09 21:36:29.376+09:00 [INFO ] Logs directory: /Users/wata/Downloads/MISAKA-testnet/.misaka-vlt-devnet-2/node-4/misaka-devnet/logs
2026-08-09 21:36:29.376+09:00 [INFO ] Utxoindex Data directory /Users/wata/Downloads/MISAKA-testnet/.misaka-vlt-devnet-2/node-4/misaka-devnet/datadir/utxoindex
2026-08-09 21:36:29.445+09:00 [INFO ] P2P bootstrap: DNS seed disabled (--nodnsseed) — using explicit peers + the address manager
2026-08-09 21:36:29.464+09:00 [INFO ] [UPnP] Attempting to register upnp... (to disable run the node with --disable-upnp)
2026-08-09 21:36:39.465+09:00 [WARN ] [UPnP] Error adding port mapping: IO error: Resource temporarily unavailable (os error 35)
2026-08-09 21:36:39.466+09:00 [INFO ] [validator-service] loaded validator signing key from /Users/wata/Downloads/MISAKA-testnet/.misaka-vlt-devnet-2/node-4/validator.key (validator_id=697311d4c6baec6bc376e1b07f3bb38c421b60038f6cd26c42d2dbc47bd18d4ab271af0065d920c49d0ae40b2c7ddf988fd37ac6d780e82b0e486f509b0323b8)
2026-08-09 21:36:39.466+09:00 [INFO ] [validator-service] funding address: misakadev:qfr0e7gsl2mrxsvr5r8nrq60fn3eufxs46u3r6qaufcp45xfmv42hygmljcc33yt2mespxrrcscvkx3e600erk4tvudsq674tvzzykqf9ss06hgm — send UTXOs here to fund attestation-shard submission
2026-08-09 21:36:39.466+09:00 [INFO ] [validator-service] equivocation-safety log /Users/wata/Downloads/MISAKA-testnet/.misaka-vlt-devnet-2/node-4/misaka-devnet/validator-state.json (7 prior epoch(s))
2026-08-09 21:36:39.468+09:00 [WARN ] [validator-compute] --enable-compute without --compute-worker: using the DEVNET VLT FIXTURE runtime.                      Deterministic, not a model — valid only where the fixture profile is registered.
2026-08-09 21:36:39.468+09:00 [INFO ] [validator-compute] executor job input: /Users/wata/Downloads/MISAKA-testnet/.misaka-vlt-devnet-2/node-4/compute-prompt.txt (41 bytes)
2026-08-09 21:36:39.468+09:00 [INFO ] [validator-compute] devnet fixture: max_tokens pinned to the fixed job shape (15 = 10 prefill + 5 decode, 50 VLT/job); --compute-max-tokens=512 ignored
2026-08-09 21:36:39.468+09:00 [INFO ] [validator-compute] enabled: runtime=7ee20f6e853b2fb413bbbef94f7a6fc8951e82d55efec7c739f2c5267fea6eae7d68b9bf9f29566505ec539068b0677e7a16f833ad18d106f54556d3a6ecce7d class=8d416f720772b533f43006c4cbdc1effa7fc5d1e3fb7974dfecaa9589f1e2865a6144ef5d8d996e456d64429d6d42d9b32cc2fe98a97c5f08704d43c420c89ed max_tokens=15 auto_challenge=false
2026-08-09 21:36:39.468+09:00 [INFO ] [validator-compute] fixture quota: 1/1 job(s) certified, 1 slot(s) claimed (plan 7ee20f6e853b2fb413bbbef94f7a6fc8951e82d55efec7c739f2c5267fea6eae7d68b9bf9f29566505ec539068b0677e7a16f833ad18d106f54556d3a6ecce7d:1:15:41)
2026-08-09 21:36:39.469+09:00 [INFO ] MISAKA node endpoints (network devnet):
2026-08-09 21:36:39.469+09:00 [INFO ]   P2P:             127.0.0.1:17151   node-to-node only (not RPC)
2026-08-09 21:36:39.469+09:00 [INFO ]   node-grpc:       127.0.0.1:17150   miner / low-level node RPC
2026-08-09 21:36:39.469+09:00 [INFO ]   node-wrpc-borsh: 127.0.0.1:17152   validator / wallet / operator
2026-08-09 21:36:39.469+09:00 [INFO ]   node-wrpc-json:  disabled   explorer / browser
2026-08-09 21:36:39.469+09:00 [INFO ]   evm-rpc-http:    disabled   Ethereum JSON-RPC (EVM lane)
2026-08-09 21:36:39.470+09:00 [INFO ] Startup pruning recovery deferred (consensus transitional or catching up); the pruning worker will retry on its first message
2026-08-09 21:36:39.472+09:00 [INFO ] GRPC Server starting on: 127.0.0.1:17150
2026-08-09 21:36:39.472+09:00 [INFO ] P2P Server starting on: 127.0.0.1:17151
2026-08-09 21:36:39.473+09:00 [INFO ] [validator-service] starting (mode=active, validator_id=697311d4c6baec6bc376e1b07f3bb38c421b60038f6cd26c42d2dbc47bd18d4ab271af0065d920c49d0ae40b2c7ddf988fd37ac6d780e82b0e486f509b0323b8, stake-bond=750624e18da3ed08800710aa642daa3b25aafdbf70f103724388aa911d01c121c7eab086bbb42efc25f2278297f696a3455fe60e8633d858540acb6d5cb2beed:0)
2026-08-09 21:36:39.473+09:00 [INFO ] WRPC Server starting on: 127.0.0.1:17152
2026-08-09 21:36:39.476+09:00 [INFO ] Registering p2p flows for peer 127.0.0.1:17121 for protocol version 102
2026-08-09 21:36:39.476+09:00 [INFO ] P2P Connected to outgoing peer 127.0.0.1:17121 (outbound: 1)
2026-08-09 21:36:39.478+09:00 [INFO ] Registering p2p flows for peer 127.0.0.1:17111 for protocol version 102
2026-08-09 21:36:39.478+09:00 [INFO ] P2P Connected to outgoing peer 127.0.0.1:17111 (outbound: 2)
2026-08-09 21:36:39.479+09:00 [INFO ] Registering p2p flows for peer 127.0.0.1:17131 for protocol version 102
2026-08-09 21:36:39.479+09:00 [INFO ] P2P Connected to outgoing peer 127.0.0.1:17131 (outbound: 3)
2026-08-09 21:36:39.480+09:00 [INFO ] Registering p2p flows for peer 127.0.0.1:17141 for protocol version 102
2026-08-09 21:36:39.480+09:00 [INFO ] P2P Connected to outgoing peer 127.0.0.1:17141 (outbound: 4)
2026-08-09 21:36:41.228+09:00 [INFO ] [vlt-credit] swept 5 capability declaration(s) out of history into the capability store
2026-08-09 21:36:42.233+09:00 [INFO ] Accepted block 1ae0103b59fa168ff38c465758d6aac4b46dd97f468c07260e86d37472f2cbbdb79d1e7b07cdd21d6ae08edc9a2e3cfd09a938ecfb869239b765ba433d315b70 via relay
2026-08-09 21:36:43.313+09:00 [INFO ] Accepted block 550918808c72c5d6ba26c51069fbd42f30f1fe5c58749f14a1416a750c2e3f1fcc17d1122f2f5afc6cceb1bbb7fea203af2037b742aa5f4ea470f96bb29433d7 via relay
2026-08-09 21:36:44.560+09:00 [INFO ] Accepted block d176583eb786ff925b465f352bd59f0266861679e31362fa358211868d0f3ce62b98d8b29adbac00bf3b62e118e8c3ad8414e21684bf13d6c641f495cc6e8fb0 via relay
2026-08-09 21:36:45.674+09:00 [INFO ] Accepted block 4caa158a06d9b0a64c9fd75bf465c90e3d4c8f13dcae3321c01aa3516a6c8d14a0a5d6b1492c97cf90bc8d8157a69f3f3f3bfc615414cbec5e1b5e8a6a22a059 via relay
2026-08-09 21:36:47.635+09:00 [INFO ] Accepted block 605998b3dd1c390a6b84e80cedf25df9a04793a3583e2c6b2bb5f1d24429a40561b9d7965c8299c7f8a6a8b564bf3a4074160bf2c36a5ddc836703c63a0d55be via relay
2026-08-09 21:36:49.475+09:00 [INFO ] Processed 6 blocks and 6 headers in the last 10.00s (6 transactions; 6 UTXO-validated blocks; 1.00 parents; 1.00 mergeset; 1.00 TPB; 0.0 mass)
2026-08-09 21:36:49.475+09:00 [INFO ] [ibd-perf] 6 hdrs avg: validate(A,parallelizable) 867.2us | commit(serial) 206.4us [add_block 15.4 + db.write 46.6; held-lock 170.2] | f_serial=0.192 f_reach=0.014 | parallelize-ceiling 5.20x
2026-08-09 21:36:49.701+09:00 [INFO ] Accepted block 9c06e7b96dad80d44bd4e0bc523193b5f2b05e53084510e89b13aa060f6c517c9ab860b4fc93c9406b69c74ccab7a06e742ada5b3b2df93932fc3b11c6bdabe4 via relay
2026-08-09 21:36:50.789+09:00 [INFO ] Accepted block 12d915f795d2d68b523b85c7327420242b869e907eb0065226702d2a2d939d1a5618bf73c3ca21a9eed2b011ec014616bc71a90e186cb4757c11d11bd499503c via relay
2026-08-09 21:36:52.101+09:00 [INFO ] Accepted block 0d835962d9d1339672d221b35ae6c3837f52469dc158e9aaf37fe0a5b5ae3fe5c58c7a09699840e19f6457ca8437051449b7780df36f2105352e4fa514ff8f09 via relay
2026-08-09 21:36:53.456+09:00 [INFO ] Accepted block d7cbd7987b9e7a826288561e7f36b7f3047187659f69ea43a429502d9c7bc49081ddbe2c6e8a86c51aaed81d8dc803d090ea5df7c347da0b8aa5866a8575785a via relay
2026-08-09 21:36:55.939+09:00 [INFO ] Accepted block d21eaab09b3ed9f623314a29f7d26769c6faf0e791b520457d3581ce3e9688c36204ac399f12126102715050d0d216878e6afc7a54763e0893df2f2e73d6da01 via relay
2026-08-09 21:36:57.070+09:00 [INFO ] Accepted block 1eb9e9cd6792d4daab4d10f99ea76a3158dd62d30cd2cd46253fc9a6c52836797f2bf82f70e5e414fb8878d6c2d8222b13c1f9e68e3a391ebb8f729fde2ff26d via relay
2026-08-09 21:36:58.260+09:00 [INFO ] Accepted block 0d78645c366e4ea424af79d56c795a6ff94b33a17efd3b4e39fbe315d18a39e014e642af0d5b8b2e8c908566fa56ffac28b488e378e0d9a8038db18250999909 via relay
2026-08-09 21:36:59.310+09:00 [INFO ] Accepted block dcd3caf7b205b77f82fee6b90dbcf01e6104178572524fe2136e5d6746cdec86652b07e4d51edc870f7540c2cb84761657ff64a28574b620e694475baee3da5f via relay
2026-08-09 21:36:59.477+09:00 [INFO ] Processed 7 blocks and 7 headers in the last 10.00s (7 transactions; 7 UTXO-validated blocks; 1.00 parents; 1.00 mergeset; 1.00 TPB; 0.0 mass)
2026-08-09 21:36:59.477+09:00 [INFO ] [ibd-perf] 7 hdrs avg: validate(A,parallelizable) 88.1us | commit(serial) 159.8us [add_block 11.6 + db.write 42.8; held-lock 127.4] | f_serial=0.645 f_reach=0.047 | parallelize-ceiling 1.55x
2026-08-09 21:37:00.664+09:00 [INFO ] Accepted block 457965a04938ff248170c51783b8e117ffbb3f9083c6e78c422bd71b0403eddb532ae70b565823586e89676a1feb33f7e490c009adfae38dc09f7fa4207e4489 via relay
2026-08-09 21:37:02.060+09:00 [INFO ] Accepted block c3e72d27617a75b1ae3e27c174db08a7d911eab3cb0828b90e3b214e3ef3b21231a6f9387ae11cc3beed585607ade5462287f735c1160240339e7a1b178a2392 via relay
2026-08-09 21:37:03.614+09:00 [INFO ] Accepted block c2e300d0ec5c5664c706aa8781632c63580507023599402fbf2a3b5156d181e6a3938254c2a4fc5ea4b74a1eb7de3666a2daa68f4381a8dccd75e0cbe3fcae85 via relay
2026-08-09 21:37:04.971+09:00 [INFO ] Accepted block 15e34ea51b7aef557e0d86fd44b30a04b73210150e79426935a9e702f33df2868b66b2f8b131a7a11f497d751c2a53a8bd002d85381da6b75950268ee15cc899 via relay
2026-08-09 21:37:06.901+09:00 [INFO ] Accepted block aedf6033c6fd207edd0bc103a65d3c5cb0f917ae3c495167ffe186dcd88b969d5926593586f346ca2c719014feb64f4e32a123d55dde759616043d21b1e58a60 via relay
2026-08-09 21:37:08.549+09:00 [INFO ] Accepted block 6acd780943a10525387225d82b18e8850b8e764dd7be905a9fa37c70b1fc492d6412df93612156ab60bd2191b00965a2220bb2424a5b235f3734ad8fb781949d via relay
2026-08-09 21:37:09.479+09:00 [INFO ] Processed 7 blocks and 7 headers in the last 10.00s (7 transactions; 7 UTXO-validated blocks; 1.00 parents; 1.00 mergeset; 1.00 TPB; 0.0 mass)
2026-08-09 21:37:09.479+09:00 [INFO ] [ibd-perf] 7 hdrs avg: validate(A,parallelizable) 91.9us | commit(serial) 175.6us [add_block 12.3 + db.write 47.7; held-lock 140.4] | f_serial=0.657 f_reach=0.046 | parallelize-ceiling 1.52x
2026-08-09 21:37:09.480+09:00 [INFO ] [validator-service] heartbeat: mode=active sink_daa=2128 bond=Active(active=true) active_set=[epoch=21 is_active_validator=true (active_validators=5)] dns_overlay=configured (stage=Active, dns_confirmed=false)
2026-08-09 21:37:09.937+09:00 [INFO ] Accepted block a92caf9b47877c775156ff06c69a6a238c2f965d7d65e6b8f09eea12cec6562e22d01912a06ce1db31f9587ba4803ad79c63cc82351d60e46ff708e474c75a36 via relay
2026-08-09 21:37:11.072+09:00 [INFO ] Accepted block 3e0d9405982dc9210c3e4c4b4e9c3329d37c61cc234d0a19c8a1efae16a42e2512eff226aef476965d9bef9ba59f626862b8816a31a442e7f715f0e6d27a70f2 via relay
2026-08-09 21:37:12.653+09:00 [INFO ] Accepted block d98dc02d531584251a75b60e357b9f0fa337aabd7c07a3663806744abedb6e4bf739e4a2d383ad96f7a8db92fc8e3d2ed0c1862ff2755e327d148a11fed8ce26 via relay
2026-08-09 21:37:14.017+09:00 [INFO ] Accepted block f64dfaa44f888122a4b0d1a0b3e81e6ae3e4f0143628486f3b77822a3131f659c3a4d9b76183c8c787c6eba70164491b660a67f0ea432b1cba652103cc9b3afd via relay
2026-08-09 21:37:15.220+09:00 [INFO ] Accepted block 792b392e1160c410dee59d5f5af6349f6d770bd5e6e5d80c3d895c47b51c37efa81086663ef46103fc33656f754eb6d2f03a5f3f7f36cd19f19c8e317b507f67 via relay
2026-08-09 21:37:17.861+09:00 [INFO ] Accepted block 2fa400675b0cf8b245e5a1f108d3421cb0ec66db8574aba25428abed1ac69d8164fd331dcf6c003c111a5d1f0ed2cb9e83a57d7120bddc3e4a9b35ffae20d746 via relay
2026-08-09 21:37:19.290+09:00 [INFO ] Accepted block b06c532314fd991e3b78fec8dcc48ff1de4e1c39be20c5fa8b8ab6b0414353cbac204dea95394a7226645f1310036bc5668006fce3101d9cebb9c86b7a903c1c via relay
2026-08-09 21:37:19.481+09:00 [INFO ] Processed 7 blocks and 7 headers in the last 10.00s (7 transactions; 7 UTXO-validated blocks; 1.00 parents; 1.00 mergeset; 1.00 TPB; 0.0 mass)
2026-08-09 21:37:19.481+09:00 [INFO ] [ibd-perf] 7 hdrs avg: validate(A,parallelizable) 91.7us | commit(serial) 143.5us [add_block 10.7 + db.write 43.1; held-lock 108.5] | f_serial=0.610 f_reach=0.046 | parallelize-ceiling 1.64x
2026-08-09 21:37:20.347+09:00 [INFO ] Accepted block 4cc83202d477d57a33a84fb71654c36da224d757da6c6a98f9ef079ce0d17de774c7c0546a94eb3ab0f63d4d82f5040d11f9141da69de2c91cd2be0c284424af via relay
2026-08-09 21:37:21.443+09:00 [INFO ] Accepted block f1917dcc8117722a253a81cf46e8fdb2ebfe7a4a9484e69ca153a36c527302aeb0081c329aab74a4115c5ef0fe340aeaa117bfff235e9c8f82c3e8df6533ead4 via relay
2026-08-09 21:37:23.845+09:00 [INFO ] Accepted block 423ed0169fb32afc8c524bb3fe7ff9e3af410b6a7a361389e626edeecc8a5e5a780d4f9a19e44281091f2f7e48aba47bbbddf806d7a364cb7963d889c6ea1ca9 via relay
2026-08-09 21:37:25.194+09:00 [INFO ] Accepted block f8a27fd94c32554a75cb8dee1ab7a1a1e01f1f52309021fc8bbbb0eb361b1d95a6fb9f2b4fb207bb13f89ae11538b264dfa7ca348cde8f4b89abf3ddf81a3319 via relay
2026-08-09 21:37:26.582+09:00 [INFO ] Accepted block dad34c27c0f709648de33e6361de56480ae0a7786bef57319b9499dae6eb1011dfa7705dea077018206487ef644b85699a373344170eaaed4b5d5145abcf90ba via relay
2026-08-09 21:37:27.815+09:00 [INFO ] Accepted block a899e620d31e04af52d6dbab4293a93009dc57a390e88641f2a5b4afdbe18b43d3ed01baa4e063295f6e556d07ff3424a9fa0bccd25c627471f705433ac3d1a9 via relay
2026-08-09 21:37:29.483+09:00 [INFO ] Processed 6 blocks and 6 headers in the last 10.00s (6 transactions; 6 UTXO-validated blocks; 1.00 parents; 1.00 mergeset; 1.00 TPB; 0.0 mass)
2026-08-09 21:37:29.483+09:00 [INFO ] [ibd-perf] 6 hdrs avg: validate(A,parallelizable) 92.7us | commit(serial) 153.5us [add_block 10.6 + db.write 51.6; held-lock 120.0] | f_serial=0.624 f_reach=0.043 | parallelize-ceiling 1.60x
2026-08-09 21:37:30.122+09:00 [INFO ] Accepted block cb6d68448f1baed8ca457f63e1bbf62c2509ab612430bd8c8d8f7bc65faa63a1f13bdce0ad1888569d88326c3b58565e23ab4dc68f138e9dfcbcf4905ed8a8e4 via relay
2026-08-09 21:37:32.087+09:00 [INFO ] Accepted block 81d72d05589c2e578bb10f7773fe66fb75c5c8d0ce584ccf5b01f70c2a5a46ae74a99c9078ac08c987d261850745b8d09e3e716c21f2cca68bf03b37a46bc557 via relay
2026-08-09 21:37:33.530+09:00 [INFO ] Accepted block d911ed4945fa8c4cba8ffda3492aa84de06b783b536311be6c94a2cbb2a1690ebdfa3b5cdb8d3f567e09d4cfa8b752e05ec1655b8c0b4abc3d81a431388fb5ba via relay
2026-08-09 21:37:35.007+09:00 [INFO ] Accepted block 468512ed7eaa5c494e05052d6a4e0d323df3ab6852b0ce2d5e92e92e21c67a7d4ca43761ca3407625d52d904676bd27c3af022ad26ca73a04436843b37d4221e via relay
2026-08-09 21:37:36.058+09:00 [INFO ] Accepted block 90095c41e6604a44ab30b21f3004fb41083fed3c5fb24d3ee526a438a33b53bb279be580066c9e92eb9f482822d7d4e0601bf1015d9be1828622e861f99889c9 via relay
2026-08-09 21:37:37.201+09:00 [INFO ] Accepted block 4a4928d4895b0ec1f06a0871bbe428d02b01038a6cd20735fc3a24489d6eb5721c6da41fa6a1affd9c72511e2b0aea825d1df013d6d47f00d5b99f28fd78fe71 via relay
2026-08-09 21:37:38.696+09:00 [INFO ] Accepted block 7e3dc654c724a47f7a36f8ce791b0d7d5530d91ac39b64fe7015bd1f1fd304275b25508524fc181255e8d176582c9f71198e028cc03d06fb8df394754e704509 via relay
2026-08-09 21:37:39.485+09:00 [INFO ] Processed 7 blocks and 7 headers in the last 10.00s (7 transactions; 7 UTXO-validated blocks; 1.00 parents; 1.00 mergeset; 1.00 TPB; 0.0 mass)
2026-08-09 21:37:39.485+09:00 [INFO ] [ibd-perf] 7 hdrs avg: validate(A,parallelizable) 90.0us | commit(serial) 166.2us [add_block 13.0 + db.write 56.4; held-lock 130.9] | f_serial=0.649 f_reach=0.051 | parallelize-ceiling 1.54x
2026-08-09 21:37:39.494+09:00 [INFO ] [validator-service] heartbeat: mode=active sink_daa=2148 bond=Active(active=true) active_set=[epoch=21 is_active_validator=true (active_validators=5)] dns_overlay=configured (stage=Active, dns_confirmed=false)
2026-08-09 21:37:39.535+09:00 [INFO ] [validator-service] submitted attestation shard tx 39a9bec4cb4fc335a42bff144275e6ef10b2445b8dffb0a8d1014bff6fc8121a6efd7f49889dafcdc71bd78fcb716cbc2d9822a22d3df239bbe5760a79f76d04 for epoch 20
2026-08-09 21:37:40.107+09:00 [INFO ] Accepted block 9d5fe343fb8f467afd6f8cdb42bc885b62cc438bdcc694b58c2fa8ef3180e221324b37dfd4cc18bf8703659c82c5f3a7640809261e58a116fdbe5645d094d7e3 via relay
2026-08-09 21:37:42.220+09:00 [INFO ] Accepted block 92b4e17ed4f35be22ccba0d9f61cc8a9f140fb18e2b44dd775d35795c79f085e4bf852ee21e5c3e63189ad6892b9d67dfdded82167bd6329589a167cd88e406e via relay
2026-08-09 21:37:43.686+09:00 [INFO ] Accepted block 81e971b9be3a0dda1ea74f9ab6ecfc4d0a40db9185e429e8d0cf8160bc9df188a9b80239e55e7de7ad20c6c46d45a502f3f5ab74c2ee3a7b311108dba332c760 via relay
2026-08-09 21:37:45.619+09:00 [INFO ] Accepted block 159fd5ea1e9c8a73b1e3cdda368ca9fe11ae9b033603f4f8eeb7c98bc57132f10f727199e4fef5eacc0a56e129fca7169a374c6e07f59200ecdb9c535fb72da6 via relay
2026-08-09 21:37:47.311+09:00 [INFO ] Accepted block e2831f50622f8e4367c901d2d4a1ec3dde6e30a2a0447336d81700f4c5ee0f358ca2050118508998cf719fe106c35c3d2f99970fe8e2164898d6c9b8a95811c4 via relay
2026-08-09 21:37:48.599+09:00 [INFO ] Accepted block 3c47dd3a41d7a6ba0d53f0593d7cb7c19b42d013663a0750127d3cddb70c9a30fad40d8c64164405df8b2f63c509d821b44d115e986d3c1156a629e0bcfa4e78 via relay
2026-08-09 21:37:49.488+09:00 [INFO ] Tx throughput stats: 0.50 u-tps, 100.00% e-tps (in: 1 via RPC, 3 via P2P, out: 5 via accepted blocks)
2026-08-09 21:37:49.488+09:00 [INFO ] Processed 6 blocks and 6 headers in the last 10.00s (11 transactions; 6 UTXO-validated blocks; 1.00 parents; 1.00 mergeset; 1.83 TPB; 41833.3 mass)
2026-08-09 21:37:49.488+09:00 [INFO ] [ibd-perf] 6 hdrs avg: validate(A,parallelizable) 96.3us | commit(serial) 165.1us [add_block 13.8 + db.write 61.0; held-lock 134.2] | f_serial=0.632 f_reach=0.053 | parallelize-ceiling 1.58x
2026-08-09 21:37:50.461+09:00 [INFO ] Accepted block f21bf7afb5d75a54c1899647173fbfb7326254030c890706c878765ac15ca593b4c578438601d96648af270697c77c8977785eee46ac8fd1ed9a5cd0662b42f0 via relay
2026-08-09 21:37:51.925+09:00 [INFO ] Accepted block da9cdd32d7721bcd11681ecf99348e6ce42dcaa87007c2c8d22fa3f6b270e0a8e4e1d820d61f428fc8dcb418a5e9ee09af5584780f07e781068b9b276e3d56f8 via relay
2026-08-09 21:37:53.260+09:00 [INFO ] Accepted block c5e6033655362bfa75e4f5f745a8074ceefb36563cabec3a908464ea5bc389650a52ca6d8a3e513aec3e3de97e8749989812dc23cf17eb745e87d23dc0f5529f via relay
2026-08-09 21:37:54.439+09:00 [INFO ] Accepted block a3251511f20e6121c97de01e643b55238ac1d626adf086e4ac5550df81d8f85604c5b05a841ec4fd4ad79f80b516acc0a589cdd276fb6107f5eb5969e6d4fdf8 via relay
2026-08-09 21:37:55.597+09:00 [INFO ] Accepted block f8594519eb9e46ad70ec84e04394a3b5f8728616411090b2eaf5c0ab7491479f5185f30b571a905e0f354b889ce83bdc6d5b22acc339c0c4850162a21ac7bc90 via relay
2026-08-09 21:37:56.788+09:00 [INFO ] Accepted block 2d432496c371e2cea8aff9186a08221fe7cce9593f8c01959a7cfb4df819cb8b6cd151dc3f3fcfa078204461dc8b88986827d3681bb4f0d61e51cd3f82d90eaa via relay
2026-08-09 21:37:58.596+09:00 [INFO ] Accepted block fdc63c24b4a693c8230ec4524d2c1633e23a040f5bc5746bc746cfcff1d4ab5fe4820e85da3e8c48150c8cebeaa006ebd67dc78166c215bda1c7cf9f7cee2d0d via relay
2026-08-09 21:37:59.490+09:00 [INFO ] Processed 7 blocks and 7 headers in the last 10.00s (7 transactions; 7 UTXO-validated blocks; 1.00 parents; 1.00 mergeset; 1.00 TPB; 0.0 mass)
2026-08-09 21:37:59.490+09:00 [INFO ] [ibd-perf] 7 hdrs avg: validate(A,parallelizable) 94.2us | commit(serial) 147.5us [add_block 11.3 + db.write 51.8; held-lock 114.1] | f_serial=0.610 f_reach=0.047 | parallelize-ceiling 1.64x
2026-08-09 21:37:59.673+09:00 [INFO ] Accepted block 67b58d98be3d9502efde64427038037d27a00825ed3734cc126d0ada8cab06f143a81b4d344db5c0199dde328b638e90e4c7df049385238b0885bd58916b36d6 via relay
2026-08-09 21:38:01.235+09:00 [INFO ] Accepted block 99fbae10667f575ef617203404da65b0115392bf3b9784bf73055162cb974db9833c4beb40058646a293cadeee941ed791035ba4c7cb998a9dd295a9e62940fb via relay
2026-08-09 21:38:02.302+09:00 [INFO ] Accepted block 1c304780608b5f4c8547182820b7ce5be6588b2a987dea023a66327d005cd6946082dfe77eaa9f92b6021ed2f557aae323d7e41b9da8edac2ee454d9ad502eaf via relay
2026-08-09 21:38:03.858+09:00 [INFO ] Accepted block 5196477d6d54a7f87630d878a13940388e076384415c1cd3e12eb136516ceee1c33bffa6a8b3433772bb80b4e9e0b68b0895b871de02e587e4f762b5c1334237 via relay
2026-08-09 21:38:05.389+09:00 [INFO ] Accepted block 0a81e8468af93e09cfb2764f79f111eb1555631df7c862e2923f133fd4f6e698b04b7fdeb73554081d44fb6a10390d6c994ef766298aa38ac589b225724643c2 via relay
2026-08-09 21:38:07.549+09:00 [INFO ] Accepted block 271c18132864f456038306fc280581daa76f74566964cae5f2f8373d795b2f8ec5eb147d616a17f8fb3c8eb65d0cb89e0ddca9e7cf14314d3b941607dacc018a via relay
2026-08-09 21:38:08.791+09:00 [INFO ] Accepted block fb51b6dab8e5bcb561ef31ce3ff134aa67f380904263c322f574d1cd060bdffcedd629145d861e76f23a748aa327e32adb48baeeae47750cbe7a817da9d2671f via relay
2026-08-09 21:38:09.492+09:00 [INFO ] Processed 6 blocks and 6 headers in the last 10.00s (6 transactions; 6 UTXO-validated blocks; 1.00 parents; 1.00 mergeset; 1.00 TPB; 0.0 mass)
2026-08-09 21:38:09.492+09:00 [INFO ] [ibd-perf] 6 hdrs avg: validate(A,parallelizable) 105.9us | commit(serial) 164.1us [add_block 11.6 + db.write 60.6; held-lock 130.3] | f_serial=0.608 f_reach=0.043 | parallelize-ceiling 1.65x
2026-08-09 21:38:09.549+09:00 [INFO ] [validator-service] heartbeat: mode=active sink_daa=2167 bond=Active(active=true) active_set=[epoch=21 is_active_validator=true (active_validators=5)] dns_overlay=configured (stage=Active, dns_confirmed=false)
2026-08-09 21:38:11.470+09:00 [INFO ] Accepted block dff47680bc8b2aac0091d8cee27e84d5554ce7ba72d15a253787100cad81086afcefec5a64f20d19d8756b7e7fb445a9014707569f35fbd49853b685780719a5 via relay
2026-08-09 21:38:12.618+09:00 [INFO ] Accepted block cf248fbf5f03bbb8ed98ac7f302280ce8d6e13c513eb019e50ceb824788bcb2c6854e0c5b18681a7dcd0ec6b261d816a808f098e280c55ca35fc7c6f19e141da via relay
2026-08-09 21:38:13.713+09:00 [INFO ] Accepted block fad5e36faadbd2230d0caf5766bec68e603dab69ddda5fc647ab628510bdb94de5da33b55e4402b96e91ed0066e4c35a77d4e5614ba957398be9e18712e3aa38 via relay
2026-08-09 21:38:14.992+09:00 [INFO ] Accepted block e83bff4a942e027eed56c0d493ebda0897cb027e3b41069912cf5a276abc07d0b5529bae7d5699f046889ed78cd0ef4431784a808a695b75fafb3b3275950868 via relay
2026-08-09 21:38:16.396+09:00 [INFO ] Accepted block a246ac23191cc470e703d39dc41b9141f55776b8d5eed80f26fcdb4891d6f087ef94ea159a3f36b17578c7871bf03f5ffe30561b94ca6dbd72305816c1155bdf via relay
2026-08-09 21:38:18.158+09:00 [INFO ] Accepted block bba404e324ebf551ee70cf49a20272c50eb503a26e4ab99db7d5e87d94028617c8728af278d07cead1955afaca54526002e99106b8c1009bb1f3509fd442a728 via relay
2026-08-09 21:38:19.494+09:00 [INFO ] Processed 7 blocks and 7 headers in the last 10.00s (7 transactions; 7 UTXO-validated blocks; 1.00 parents; 1.00 mergeset; 1.00 TPB; 0.0 mass)
2026-08-09 21:38:19.494+09:00 [INFO ] [ibd-perf] 7 hdrs avg: validate(A,parallelizable) 97.8us | commit(serial) 172.9us [add_block 11.0 + db.write 63.0; held-lock 136.0] | f_serial=0.639 f_reach=0.041 | parallelize-ceiling 1.57x
2026-08-09 21:38:20.285+09:00 [INFO ] Accepted block 0d9a7a3f8cc673c294bd230a95f0da3f43ff4eb5ac28e5d7c83463bdcfbb8536cabe08d20728e0b57d674e7fe5edace4b2f6d9f7e008ed73255f47c4429c50b1 via relay
2026-08-09 21:38:21.847+09:00 [INFO ] Accepted block 5ddbabaa87d743f32f7a196f583c8614056ff3ab08d4260f581fcf18a798d4e1328427067facc994eafc73a56ef397cae883497759e4e095aac57dfd2bcecfd6 via relay
2026-08-09 21:38:23.722+09:00 [INFO ] Accepted block 286ec4e1047c93e0f633cabbdaffbbbd51c26f7a4f0427ca43767d13f7958be4be46827a993ae5e65604b63cc3188043fc28741b535e9387e7f38cae0313e118 via relay
2026-08-09 21:38:24.805+09:00 [INFO ] Accepted block a7aceb1226b8ba63b2310a5683d12577fc034c38ebfea1e1604929f8ea1e8022ed9171d92e3f7dafa204a8026433864f3e007f6a198230a318c8b5df4845ba4d via relay
2026-08-09 21:38:26.106+09:00 [INFO ] Accepted block 788c7c9ed63b43bf72176c06bbdcc0fbd6481e0eb5c0eafedd89b38864aaa4f86d5ccaa8051d5da8864de132aaa6262fab901ab60f65a30f767086e55546f4de via relay
2026-08-09 21:38:27.219+09:00 [INFO ] Accepted block 70e6431fde3592882423e8a90bd14f5670cc1513bc75f4102cf894f1c79d6b4db973a91e0124ce64fbea532b294bea7e51f82071c571ef8568cf5b06a53c8cf8 via relay
2026-08-09 21:38:28.454+09:00 [INFO ] Accepted block e33f31164ffdab110a4af6ad3f9f55d51f78a6bb49ee34a2c1a56be2618430b4879e91fad0ba0ee297a51208f9797df5d245d47c0014988aa09cd018c79c62b4 via relay
2026-08-09 21:38:29.496+09:00 [INFO ] Processed 7 blocks and 7 headers in the last 10.00s (7 transactions; 7 UTXO-validated blocks; 1.00 parents; 1.00 mergeset; 1.00 TPB; 0.0 mass)
2026-08-09 21:38:29.496+09:00 [INFO ] [ibd-perf] 7 hdrs avg: validate(A,parallelizable) 118.6us | commit(serial) 186.1us [add_block 11.5 + db.write 56.7; held-lock 144.3] | f_serial=0.611 f_reach=0.038 | parallelize-ceiling 1.64x
2026-08-09 21:38:29.546+09:00 [INFO ] Accepted block 9f1abeab28fb0e4206fdaba3b6ff82d5947a63ec877c1cd79cdbbbe14d360490e4f83a4a98a31c854f7b04a00f4e302e1709e6ec1844a8238a9d942d551dd250 via relay
2026-08-09 21:38:30.884+09:00 [INFO ] Accepted block f5bf941c8d9d56c1b0c462a1489c8bbe2e36e92cf3e7c46148bd1048f41a96859c16da97ba8938cb70bec9c112aab0930207c3382af11ea26a31d1382104e566 via relay
2026-08-09 21:38:32.221+09:00 [INFO ] Accepted block 245cbbce42704eed62ddc0dad881c880cb833e60a2561946cf9ef75fe3afd28cc13d39789ba52b8fa175ea03775633c51cda52b88936b976ccf45d32140f3579 via relay
2026-08-09 21:38:34.192+09:00 [INFO ] Accepted block dbff1a5ca417ab85e8410c9d4b64e97542db972d6fb4da36aaf953a3152c856ebba467e02ba86bb5b4443f7192584ee4e6fc3062acaefc68e93de189add6520d via relay
2026-08-09 21:38:35.674+09:00 [INFO ] Accepted block fc4a61e4c7efb88c97bb47a2cde5d29d73468485b784eafc5b531a4bab38f3ea231a36d732c2ae74f5c9ed24cc9ccf514db104afffc4f8042cb55775a7ff8db4 via relay
2026-08-09 21:38:36.893+09:00 [INFO ] Accepted block 160a96c194d90f8e00d512e4e369d82a1a394055fbf47bbaa8cb174734948f93c28a2921cdeced3955a06103003268b30fbf9cd9305709fdbadea8ea7a2f812c via relay
2026-08-09 21:38:38.283+09:00 [INFO ] Accepted block a13c8e5eb7cf4c12bf45e6bc68a786caf32603306397505f4cf0876760588400d449dc1c3a86031b701c1bbde5ec581a8e180dea20dfd01638eb93248c1b87dc via relay
2026-08-09 21:38:39.498+09:00 [INFO ] Processed 7 blocks and 7 headers in the last 10.00s (7 transactions; 7 UTXO-validated blocks; 1.00 parents; 1.00 mergeset; 1.00 TPB; 0.0 mass)
2026-08-09 21:38:39.498+09:00 [INFO ] [ibd-perf] 7 hdrs avg: validate(A,parallelizable) 113.6us | commit(serial) 193.5us [add_block 12.2 + db.write 64.8; held-lock 140.8] | f_serial=0.630 f_reach=0.040 | parallelize-ceiling 1.59x
2026-08-09 21:38:39.567+09:00 [INFO ] [validator-service] heartbeat: mode=active sink_daa=2188 bond=Active(active=true) active_set=[epoch=21 is_active_validator=true (active_validators=5)] dns_overlay=configured (stage=Active, dns_confirmed=false)
2026-08-09 21:38:40.286+09:00 [INFO ] Accepted block f4ef74d1dd7eabc32d3d2c00699389fb6b3d2bc5335d800ebd889e0488b626701f88b95cbc9fb22959f4733da58d098cd941e948989b1a72766b09ff62c461a2 via relay
2026-08-09 21:38:42.134+09:00 [INFO ] Accepted block 148af7e45e36b5540fc0d7cd7d247766043b6f0e148368632997a93e1ecd375bc9f34ca38076f2b8caf20bbfc981b98f258ad68273c5aa75b329b8dac581a5cf via relay
2026-08-09 21:38:43.408+09:00 [INFO ] Accepted block f74f5a7bb78af8eb2a5a44ec3975ca3d8d7329d524e8937ae030b536d86a3ae21854234e9ae8b5b737f2e1020728555ab4b79df1a3af4f64b9966e5d96f2c15b via relay
2026-08-09 21:38:44.531+09:00 [INFO ] Accepted block 67e8b075b35b46fe403863cd34fc61e3859036cf446f94bce9191f2966918da894b4c92f582580c820126dfb157b250c2848a3a08e4f7f805d18b40412494ce0 via relay
2026-08-09 21:38:45.770+09:00 [INFO ] Accepted block 8e178636aaa77563bf4525d4b655e45e1e93dc319c1a14414fe555775a14ff8f6b12fa81edf26ee3f7f626715a5be3767d6d6e9f04b8ad0390c042446313f05e via relay
2026-08-09 21:38:47.048+09:00 [INFO ] Accepted block 0119f0b9e70fc245f89833daec7dd62764ab6f04cc37ae43410d914436e894b73e72c4c7549bf6b7563a54973bbb43c2ebedf7d3ce2f54284fce419488b8ee38 via relay
2026-08-09 21:38:48.180+09:00 [INFO ] Accepted block 2b66e547013590e0088f22377c6121613e18a109b634dcd0b062c7a562ed353e53a04a4333c938c78fcc3463aabd50da588980eff09b89a87baece73a111c1d0 via relay
2026-08-09 21:38:49.235+09:00 [INFO ] Accepted block 041dc34f7394eb28e43255b0f1acca334e15e0daf96cb1d8fca5032297bcb5f88c2755a308149b96f8f025d8b256785945d1628b6199cae362384b198b75a14c via relay
2026-08-09 21:38:49.500+09:00 [INFO ] Processed 8 blocks and 8 headers in the last 10.00s (8 transactions; 8 UTXO-validated blocks; 1.00 parents; 1.00 mergeset; 1.00 TPB; 0.0 mass)
2026-08-09 21:38:49.500+09:00 [INFO ] [ibd-perf] 8 hdrs avg: validate(A,parallelizable) 88.6us | commit(serial) 249.3us [add_block 11.6 + db.write 78.6; held-lock 154.0] | f_serial=0.738 f_reach=0.034 | parallelize-ceiling 1.36x
2026-08-09 21:38:50.334+09:00 [INFO ] Accepted block 5b6dd269914438c985a4391deb58828e6eaa40c6f7d050b9cced593fe929f14e5e7913cabe627ef665b664db02b9c7f854d18fb346c35c81dc910d8eaf08699e via relay
2026-08-09 21:38:51.597+09:00 [INFO ] Accepted block 9298b940f2a06639eae5cc5db2f7b2fccd8a652ba1c32bfda1f050945cec643ab4a16f429b92431145f03ccaa4941ea49d9b630ca7e0b00cfcb29406f36ecbe2 via relay
2026-08-09 21:38:52.851+09:00 [INFO ] Accepted block 2306b92eddd068b9a5f2d4781afdb15ded4dee86d81d4d827b29203b976075130ce7f52347a7f3199c3964e37598b757a7e4b8459fa988568767c134d6a8b834 via relay
2026-08-09 21:38:52.920+09:00 [INFO ] [vlt-shadow] sink_daa=2199 5 validator(s) with credit; 5/13 epoch(s) would reach quorum; newest epoch Some(20): W(E)=221323000 signed=221323000 snapshot_root=ef21c2ee413df08b9583f36c49531339dc1e8ac8ab0d42e330a1518aade324206250ccdd0186c74335a352667b536482760566e3992a8e3f74714f5ee27defb9 — the weight fence is at 18446744073709551615
2026-08-09 21:38:52.921+09:00 [WARN ] [vlt-state] none -> shadow at daa=2199
2026-08-09 21:38:52.921+09:00 [INFO ] [stake-score] sink=bb8fb1e7c8a8c8a82f4dd008d9fc838b8da62631a61684978a0db0e771a1f66743e4e61871ea45047e37d1acb405c351dfd890a400db3e060dd1d7266c7b72b0 sink_blue=2200 credited 44 attestation(s) over 13 ready epoch(s) → stake_depth=10000000000 (rollout=Active, health=Active)
2026-08-09 21:38:53.925+09:00 [INFO ] Accepted block bb8fb1e7c8a8c8a82f4dd008d9fc838b8da62631a61684978a0db0e771a1f66743e4e61871ea45047e37d1acb405c351dfd890a400db3e060dd1d7266c7b72b0 via relay
2026-08-09 21:38:56.056+09:00 [INFO ] Accepted block db80ab7276eb1a63df28eae8ec69e14a2511a73b039a233ddea06ae87f79f75405a3c14dedc6731defb7fe7de0c13de77098eaf06442f2fc158c382dd1c63bec via relay
2026-08-09 21:38:57.696+09:00 [INFO ] Accepted block 6474c33ae2a55ddcb9e5ca4dec4c81c857696d0b388052db88570f8cbfbe611a3a60095fe1189668b0acae906dac955dbb24ae23fe04892eebb1b816706b8444 via relay
2026-08-09 21:38:59.503+09:00 [INFO ] Processed 6 blocks and 6 headers in the last 10.00s (6 transactions; 6 UTXO-validated blocks; 1.00 parents; 1.00 mergeset; 1.00 TPB; 0.0 mass)
2026-08-09 21:38:59.503+09:00 [INFO ] [ibd-perf] 6 hdrs avg: validate(A,parallelizable) 96.8us | commit(serial) 184.9us [add_block 11.9 + db.write 69.0; held-lock 155.5] | f_serial=0.656 f_reach=0.042 | parallelize-ceiling 1.52x
2026-08-09 21:38:59.633+09:00 [INFO ] Accepted block 2bc5698d0cd18189202ceeb5108d5f297f82b249489a9fcd5beb2ae06ffd1a15babbb6843a3a76a83a1c1376509cffefb314a400d71b39e0757ec9457d08601c via relay
2026-08-09 21:39:01.448+09:00 [INFO ] Accepted block 09df1b3b82e509d126359aac51e31181332ef9ce3a85d18f628bdc5ee32ce95460f70f6f688d88cdbc251efc7eb1059ae2d6019592970bcbb7b6590ee159cbe9 via relay
2026-08-09 21:39:02.925+09:00 [INFO ] Accepted block 8038630e9ce47c3c0eed7f7ad21be7942d892ba0e230c35ccb79527e8d4c5ae32da3bc76cab399def6d1e56dc159f49dc922825b56e1c62a658c46bd6e7236bd via relay
2026-08-09 21:39:05.036+09:00 [INFO ] Accepted block 8947ef117cc05a60d423213f172738fe1daecafdef9f47649572d3820314bbdf61418e7f8c603b028cfad2b8a595274bde761066d411b6f895b3dcae7789db48 via relay
2026-08-09 21:39:06.795+09:00 [INFO ] Accepted block 8ca7be779978b43dadfed8a290dca9df95fc1b3e4e140388e23e6f58db9b79bf2d0f56fa569d61f10a03bc32f1e973d18ac13d3f6d05c887daf0bf2b5fbac375 via relay
2026-08-09 21:39:08.024+09:00 [INFO ] Accepted block 08699358be67ed561238ce66667d3d94c3da40b34e16893cde7b5a6b5b841c1e72fc02a07f11d1c7ee8725e918f418fa18fae6da2f400836607bf8a03201937a via relay
2026-08-09 21:39:09.505+09:00 [INFO ] Processed 6 blocks and 6 headers in the last 10.00s (6 transactions; 6 UTXO-validated blocks; 1.00 parents; 1.00 mergeset; 1.00 TPB; 0.0 mass)
2026-08-09 21:39:09.505+09:00 [INFO ] [ibd-perf] 6 hdrs avg: validate(A,parallelizable) 121.1us | commit(serial) 328.8us [add_block 24.9 + db.write 90.9; held-lock 234.0] | f_serial=0.731 f_reach=0.055 | parallelize-ceiling 1.37x
2026-08-09 21:39:09.585+09:00 [INFO ] [validator-service] heartbeat: mode=active sink_daa=2208 bond=Active(active=true) active_set=[epoch=22 is_active_validator=true (active_validators=5)] dns_overlay=configured (stage=Active, dns_confirmed=true)
2026-08-09 21:39:09.776+09:00 [INFO ] Accepted block ff5bab11129433b96b8fca140a0917797fd6f7d53a124ddc0947588c1632e9b585c0d7f4037bd0a7ed1f50385a38720e0ff2a62e519a9be02d8e6047adfb8267 via relay
2026-08-09 21:39:11.086+09:00 [INFO ] Accepted block 7bb88ed26d68703bfcb83fc022f6ebe969b00ec440f54541a81ce51c8f720e8002d74f969ca2a763b09cff5226241846dcef16b683dfe5091ab3833efbcb8d2a via relay
2026-08-09 21:39:12.375+09:00 [INFO ] Accepted block b2b45fe662db8764747906bdc5497327fcfd90cdf3ee1a2c7398a4c721a1946ab4e232aec2a442e56c40e8e573986e25adc582ec7bf0d4dc2e50fc455f37e411 via relay
2026-08-09 21:39:13.481+09:00 [INFO ] Accepted block 66865a33ae6f34bb07ba271d12617770abce99840f65005a689f22e124479f726f817d5b0d147491ce91dd61879b6ed8a0d60710681b69fdb861c22bacbb87a1 via relay
2026-08-09 21:39:15.066+09:00 [INFO ] Accepted block b03a407872183b054301e22cdeb6b51791ca36fa2d0293ed614c0deef03cc27f2613f6e9b2e3fd85208a1ea18f22e965f4ad7cdc8895bba0519a62947b925c5d via relay
2026-08-09 21:39:17.994+09:00 [INFO ] Accepted block 79bee39a095ec7a6580c35c41f27063d4a2b437f9a76ae170e64acf382d37b4f0a2386af7e175a21aaf21004b3c3307db61e1acaf2f2979c9b52ae093093c22b via relay
2026-08-09 21:39:19.237+09:00 [INFO ] Accepted block d6f4540e17e1e7fc3079802c2fe52e3c36f16220becaca16de1c2dba093ee0bc45514a54f09b89fae77b9a812e27371ba6a81feaeca2bb0219185ea6f8d1c90c via relay
2026-08-09 21:39:19.507+09:00 [INFO ] Processed 7 blocks and 7 headers in the last 10.00s (7 transactions; 7 UTXO-validated blocks; 1.00 parents; 1.00 mergeset; 1.00 TPB; 0.0 mass)
2026-08-09 21:39:19.507+09:00 [INFO ] [ibd-perf] 7 hdrs avg: validate(A,parallelizable) 97.7us | commit(serial) 244.7us [add_block 15.0 + db.write 68.3; held-lock 187.6] | f_serial=0.715 f_reach=0.044 | parallelize-ceiling 1.40x
2026-08-09 21:39:20.411+09:00 [INFO ] Accepted block 76d2249385864e81881f45bbeb108250317d8c1be7ab7491cd30efec33d67469579d465106bdfcc4361dd4db6cb8c1f6b5272c60c46ae2e8703d08333781e007 via relay
2026-08-09 21:39:21.537+09:00 [INFO ] Accepted block 7ebd9057fc937867faaa9d7932f19ffc31fe034a4e235c0d835249b33faf6531894ce5fc6e04c5966976f286175abbb50ed1c43751005b0a56878602b2448a02 via relay
2026-08-09 21:39:22.649+09:00 [INFO ] Accepted block 4817a21f91b42c05c1d72d6083bff39ea99e5220bcd676042aaca8e28fe5419b20b1a191017df25db203703ccbd1c3e9fac30a739225cd4a8965f2498edf4411 via relay
^SIGTERM - shutting down...
2026-08-09 21:39:22.904+09:00 [INFO ] P2P Server stopped: 127.0.0.1:17151
2026-08-09 21:39:22.904+09:00 [INFO ] GRPC Server stopped on: 127.0.0.1:17150
2026-08-09 21:39:22.904+09:00 [INFO ] WRPC Server stopped on: 127.0.0.1:17152
2026-08-09 21:39:23.418+09:00 [INFO ] Kaspad has stopped...
2026-08-09 21:39:28.918+09:00 [INFO ] kaspad v1.1.0-524ea7a
2026-08-09 21:39:28.918+09:00 [INFO ] Application directory: /Users/wata/Downloads/MISAKA-testnet/.misaka-vlt-devnet-2/node-4
2026-08-09 21:39:28.918+09:00 [INFO ] Data directory: /Users/wata/Downloads/MISAKA-testnet/.misaka-vlt-devnet-2/node-4/misaka-devnet/datadir
2026-08-09 21:39:28.918+09:00 [INFO ] Logs directory: /Users/wata/Downloads/MISAKA-testnet/.misaka-vlt-devnet-2/node-4/misaka-devnet/logs
2026-08-09 21:39:28.918+09:00 [INFO ] Utxoindex Data directory /Users/wata/Downloads/MISAKA-testnet/.misaka-vlt-devnet-2/node-4/misaka-devnet/datadir/utxoindex
2026-08-09 21:39:28.931+09:00 [INFO ] P2P bootstrap: DNS seed disabled (--nodnsseed) — using explicit peers + the address manager
2026-08-09 21:39:28.937+09:00 [INFO ] [UPnP] Attempting to register upnp... (to disable run the node with --disable-upnp)
2026-08-09 21:39:38.938+09:00 [WARN ] [UPnP] Error adding port mapping: IO error: Resource temporarily unavailable (os error 35)
2026-08-09 21:39:38.938+09:00 [INFO ] [validator-service] loaded validator signing key from /Users/wata/Downloads/MISAKA-testnet/.misaka-vlt-devnet-2/node-4/validator.key (validator_id=697311d4c6baec6bc376e1b07f3bb38c421b60038f6cd26c42d2dbc47bd18d4ab271af0065d920c49d0ae40b2c7ddf988fd37ac6d780e82b0e486f509b0323b8)
2026-08-09 21:39:38.938+09:00 [INFO ] [validator-service] funding address: misakadev:qfr0e7gsl2mrxsvr5r8nrq60fn3eufxs46u3r6qaufcp45xfmv42hygmljcc33yt2mespxrrcscvkx3e600erk4tvudsq674tvzzykqf9ss06hgm — send UTXOs here to fund attestation-shard submission
2026-08-09 21:39:38.938+09:00 [INFO ] [validator-service] equivocation-safety log /Users/wata/Downloads/MISAKA-testnet/.misaka-vlt-devnet-2/node-4/misaka-devnet/validator-state.json (8 prior epoch(s))
2026-08-09 21:39:38.938+09:00 [WARN ] [validator-compute] --enable-compute without --compute-worker: using the DEVNET VLT FIXTURE runtime.                      Deterministic, not a model — valid only where the fixture profile is registered.
2026-08-09 21:39:38.939+09:00 [INFO ] [validator-compute] executor job input: /Users/wata/Downloads/MISAKA-testnet/.misaka-vlt-devnet-2/node-4/compute-prompt.txt (41 bytes)
2026-08-09 21:39:38.939+09:00 [INFO ] [validator-compute] devnet fixture: max_tokens pinned to the fixed job shape (15 = 10 prefill + 5 decode, 50 VLT/job); --compute-max-tokens=512 ignored
2026-08-09 21:39:38.939+09:00 [INFO ] [validator-compute] enabled: runtime=7ee20f6e853b2fb413bbbef94f7a6fc8951e82d55efec7c739f2c5267fea6eae7d68b9bf9f29566505ec539068b0677e7a16f833ad18d106f54556d3a6ecce7d class=8d416f720772b533f43006c4cbdc1effa7fc5d1e3fb7974dfecaa9589f1e2865a6144ef5d8d996e456d64429d6d42d9b32cc2fe98a97c5f08704d43c420c89ed max_tokens=15 auto_challenge=false
2026-08-09 21:39:38.939+09:00 [INFO ] [validator-compute] fixture quota: 1/1 job(s) certified, 1 slot(s) claimed (plan 7ee20f6e853b2fb413bbbef94f7a6fc8951e82d55efec7c739f2c5267fea6eae7d68b9bf9f29566505ec539068b0677e7a16f833ad18d106f54556d3a6ecce7d:1:15:41)
2026-08-09 21:39:38.939+09:00 [INFO ] MISAKA node endpoints (network devnet):
2026-08-09 21:39:38.939+09:00 [INFO ]   P2P:             127.0.0.1:17151   node-to-node only (not RPC)
2026-08-09 21:39:38.939+09:00 [INFO ]   node-grpc:       127.0.0.1:17150   miner / low-level node RPC
2026-08-09 21:39:38.939+09:00 [INFO ]   node-wrpc-borsh: 127.0.0.1:17152   validator / wallet / operator
2026-08-09 21:39:38.939+09:00 [INFO ]   node-wrpc-json:  disabled   explorer / browser
2026-08-09 21:39:38.939+09:00 [INFO ]   evm-rpc-http:    disabled   Ethereum JSON-RPC (EVM lane)
2026-08-09 21:39:38.939+09:00 [INFO ] Startup pruning recovery deferred (consensus transitional or catching up); the pruning worker will retry on its first message
2026-08-09 21:39:38.940+09:00 [INFO ] GRPC Server starting on: 127.0.0.1:17150
2026-08-09 21:39:38.940+09:00 [INFO ] P2P Server starting on: 127.0.0.1:17151
2026-08-09 21:39:38.940+09:00 [INFO ] WRPC Server starting on: 127.0.0.1:17152
2026-08-09 21:39:38.941+09:00 [INFO ] [validator-service] starting (mode=active, validator_id=697311d4c6baec6bc376e1b07f3bb38c421b60038f6cd26c42d2dbc47bd18d4ab271af0065d920c49d0ae40b2c7ddf988fd37ac6d780e82b0e486f509b0323b8, stake-bond=750624e18da3ed08800710aa642daa3b25aafdbf70f103724388aa911d01c121c7eab086bbb42efc25f2278297f696a3455fe60e8633d858540acb6d5cb2beed:0)
2026-08-09 21:39:38.944+09:00 [INFO ] Registering p2p flows for peer 127.0.0.1:17131 for protocol version 102
2026-08-09 21:39:38.944+09:00 [INFO ] P2P Connected to outgoing peer 127.0.0.1:17131 (outbound: 1)
2026-08-09 21:39:38.948+09:00 [INFO ] Registering p2p flows for peer 127.0.0.1:17111 for protocol version 102
2026-08-09 21:39:38.948+09:00 [INFO ] P2P Connected to outgoing peer 127.0.0.1:17111 (outbound: 2)
2026-08-09 21:39:38.951+09:00 [INFO ] Registering p2p flows for peer 127.0.0.1:17141 for protocol version 102
2026-08-09 21:39:38.951+09:00 [INFO ] P2P Connected to outgoing peer 127.0.0.1:17141 (outbound: 3)
2026-08-09 21:39:38.953+09:00 [INFO ] Registering p2p flows for peer 127.0.0.1:17121 for protocol version 102
2026-08-09 21:39:38.953+09:00 [INFO ] P2P Connected to outgoing peer 127.0.0.1:17121 (outbound: 4)
2026-08-09 21:39:39.972+09:00 [INFO ] Accepted 2 blocks ...b53af68a71793bbfad12638e598f097d26d60d7eeee7761c33b28ea4c9f2e9af529f4e5e753a2b8110f05f3eb733884d591962a44df25b15754e66303b17332e via relay
2026-08-09 21:39:39.972+09:00 [INFO ] Orphaned 9 block(s) ...e29f0c42ae19a56b827e1a1ff20cf926494bf8691a0b892d0a894754d865b8c0f055263c29e428e8e566812dc626d5660e7593c224d776374e9e9c42c92ad7ae and queued 9 missing roots
2026-08-09 21:39:39.972+09:00 [INFO ] Unorphaned 9 block(s) ...e59307378f4218a4fb82fb0d7182193777803c8d9bdc96a044c1f8248fb49dfafc1125204106718bb1d6a7cb1a6d5b78d91670302d3b62817433a972a9fda2c8
2026-08-09 21:39:41.291+09:00 [INFO ] Accepted block be0827085d9e548d90af0211376ec00c9f6a090b64c0be2ffa227a76cc29c025f7bf804d51f82bcb1b1f4608fb8603c3fff2a73ffee11a8ba6c2c0bb79d49ee9 via relay
2026-08-09 21:39:42.737+09:00 [INFO ] Accepted block 5b66498c2cc70e67a2b2532f78206664f69669128c68c99ecbd5deec97c734e2b8d2b12d3cc3177d104143f0f7c905ca64618a8c992b3c8468e3f1550b3b1242 via relay
2026-08-09 21:39:44.229+09:00 [INFO ] Accepted block 9b4121963b816d5d2f28d262eb4b621220888135bf28e37c0e0a508cf1db7aa8424125ebd0db5fdc31fa9e313537e7cbf6bab7aa9884277ceafbfeb351f5bb71 via relay
2026-08-09 21:39:46.167+09:00 [INFO ] Accepted block 94f76b7eb0c07c84d9dcb3605ef4d87873b046c86fc1f9caf04d7c6a950f694b06193f47a58ed4916f85bbd96f4ea919c0afc2b69b7484de7b8bc6d2447c543b via relay
2026-08-09 21:39:47.361+09:00 [INFO ] Accepted block 13956ddb80c3188e836648b2c3eb6c424a50466a04abeb9a149f445d657feb4cdfa2fbf4a3858c85efa6117f7f76d4ab507a6c3f8037c458fc33a4633c34cb6e via relay
2026-08-09 21:39:48.944+09:00 [INFO ] Processed 17 blocks and 17 headers in the last 10.00s (17 transactions; 17 UTXO-validated blocks; 1.00 parents; 1.00 mergeset; 1.00 TPB; 0.0 mass)
2026-08-09 21:39:48.944+09:00 [INFO ] [ibd-perf] 17 hdrs avg: validate(A,parallelizable) 604.3us | commit(serial) 256.8us [add_block 15.0 + db.write 36.8; held-lock 161.7] | f_serial=0.298 f_reach=0.017 | parallelize-ceiling 3.35x
2026-08-09 21:39:49.836+09:00 [INFO ] Accepted block 75cf6aba7958b3ab409d36f2872894ef33dc511da67453a09b5c2733b9ccf6a3a8b6753528f13abe8e4827ecf46d39a651dc21ec3cc8bdd344589742fa4ec974 via relay
2026-08-09 21:39:51.387+09:00 [INFO ] Accepted block adff0536c6c64a6e0e6e21fda6d3305d7c7a2c03ed27c90a9756118c63ebd693d8d50dce52218275c423847b07e3f7c76a35170c35a12dfbabbe59c4297c109c via relay
2026-08-09 21:39:54.627+09:00 [INFO ] Accepted block 8d9ced8b6fe9e7b34d809d378e08d55dce5c8a1a49167ea80b46450124749c5893a6829c25e66b8cea847aae60934d93137fe6cac7434a9e8a5ae701c641c25f via relay
2026-08-09 21:39:56.133+09:00 [INFO ] Accepted block 13e340a93f0c24f328e04bad39d9eafab8026261e51e25f35dc7f8fc886dde59e68662c00abe7d75f22a5768b360c1b8b47eb7c637f690a35dabdfc734da9d36 via relay
2026-08-09 21:39:58.584+09:00 [INFO ] Accepted block b07a07c16214e4e81c47aab72bafe7d9beefd7eb7563ece9413e9e8112759ecdd802bfd1390cca25b90e27329f487ea66f5111a97c472c5d79d902621c7fa707 via relay
2026-08-09 21:39:58.946+09:00 [INFO ] Processed 4 blocks and 4 headers in the last 10.00s (4 transactions; 4 UTXO-validated blocks; 1.00 parents; 1.00 mergeset; 1.00 TPB; 0.0 mass)
2026-08-09 21:39:58.946+09:00 [INFO ] [ibd-perf] 4 hdrs avg: validate(A,parallelizable) 169.2us | commit(serial) 361.5us [add_block 19.8 + db.write 76.3; held-lock 215.0] | f_serial=0.681 f_reach=0.037 | parallelize-ceiling 1.47x
2026-08-09 21:40:00.295+09:00 [INFO ] Accepted block 7e4b0e7784d22c6e125670e1504d208df0134ce8fc41b4b64fb676a07160ee5e908571e99541a5277d6cd1cc7f208aebf8a0a5bcfb9b48537b2d1501cc619d1f via relay
2026-08-09 21:40:02.230+09:00 [INFO ] Accepted block b6d59e61ee0d29cd1752fade275baa47c5fa696f9c68dbb9430bf5e7f516e56bc9d520479dd83caaa685c7e7e626e8120fe0e7b4861c1e0c27c212dff882b508 via relay
2026-08-09 21:40:03.662+09:00 [INFO ] Accepted block 338a9f587604fc9b9fe56f01ce254903104d5258ee6862355f5ac05cfd9532d53d9298a9662e42addd4c0afebf4883fdf9609dbcf10fe4f92831ce77f308a243 via relay
2026-08-09 21:40:05.080+09:00 [INFO ] Accepted block 01b57b88a2d818b3781c30059181d5bc474c27acb46681bccda7bc2fae338573180b855900e7824374307ddfa9ce1af8cb922b8ab97856df8b6bb1c3b215077c via relay
2026-08-09 21:40:06.156+09:00 [INFO ] Accepted block 69b09ff2f59d1838aced40cb92991c79ab423cb503c4b58f726b0d7dbc68236441dcc20aec166c288df8331232d15a673a2ede70ecf10511a4b72972a7865c4c via relay
2026-08-09 21:40:07.583+09:00 [INFO ] Accepted block bcd7ad2d558ac377953767edc6ba58c1cdb78524fbc101db0c4c062a6e85cf5be263a21478b83afa6f05990d43286c8fe76736f60ac0e9deaff70e520cb49169 via relay
2026-08-09 21:40:08.948+09:00 [INFO ] Processed 6 blocks and 6 headers in the last 10.00s (6 transactions; 6 UTXO-validated blocks; 1.00 parents; 1.00 mergeset; 1.00 TPB; 0.0 mass)
2026-08-09 21:40:08.948+09:00 [INFO ] [ibd-perf] 6 hdrs avg: validate(A,parallelizable) 230.4us | commit(serial) 524.0us [add_block 29.4 + db.write 104.3; held-lock 406.6] | f_serial=0.695 f_reach=0.039 | parallelize-ceiling 1.44x
2026-08-09 21:40:08.956+09:00 [INFO ] [validator-service] heartbeat: mode=active sink_daa=2244 bond=Active(active=true) active_set=[epoch=22 is_active_validator=true (active_validators=5)] dns_overlay=configured (stage=Active, dns_confirmed=true)
2026-08-09 21:40:08.965+09:00 [INFO ] [validator-service] submitted attestation shard tx b8338d324390b44e1530acc8d0288f7a29f435efd17cd4014ef980a76c0870bb961b36350f2f1403b3f3a4dbe4e6bc4512bbdbcc5ca607f7187a2846a3a1a5f7 for epoch 21
2026-08-09 21:40:10.874+09:00 [INFO ] Accepted block 16e958fb800331c1d8419147f4ed0d809f47160b8b1ea6d4e24ebde28f71eac07228b9385de8a13875087f621d3420368ef31a35b30a7db730aae5989de7cb06 via relay
2026-08-09 21:40:12.976+09:00 [INFO ] Accepted block 92196969c181ac5bc002f173bfe2779c3360061e6149b7ca650f04964972ce353711f4f57d6454757b4359365f19da6a46d23e10ec9185725fa71dab82a1410e via relay
2026-08-09 21:40:16.323+09:00 [INFO ] Accepted block 6292c2dd9384b9a9c75ab82d964ff660925e7b6436a300d11ca1fa9ad00d6e2dfe7e9c3b3a56c4ca97a7ef1dee9414553701938c2e1e85ea313231c91bd53fa3 via relay
2026-08-09 21:40:18.638+09:00 [INFO ] Accepted block c3545fb5dc3ce7a07dc2d65d2d0651d14cdfbc5510bc72d17cc27dd51db0799faed5ba24552eca0f2b4d561849109bd8afdbc242eeddcf680c44ebcf07c63e04 via relay
2026-08-09 21:40:18.950+09:00 [INFO ] Processed 4 blocks and 4 headers in the last 10.00s (9 transactions; 4 UTXO-validated blocks; 1.00 parents; 1.00 mergeset; 2.25 TPB; 62750.0 mass)
2026-08-09 21:40:18.950+09:00 [INFO ] Tx throughput stats: 0.50 u-tps, 100.00% e-tps (in: 1 via RPC, 4 via P2P, out: 5 via accepted blocks)
2026-08-09 21:40:18.950+09:00 [INFO ] [ibd-perf] 4 hdrs avg: validate(A,parallelizable) 218.5us | commit(serial) 867.1us [add_block 25.6 + db.write 81.9; held-lock 220.7] | f_serial=0.799 f_reach=0.024 | parallelize-ceiling 1.25x
2026-08-09 21:40:21.878+09:00 [INFO ] Accepted block 77b706207394326c9b2e1842bd2ec0a6d4a0983b7866fdcac12667a97d1bea03ab485a11ca1b5a9613ec927cba51dde4afc0ead31e81420fa90538a772bfaf38 via relay
2026-08-09 21:40:23.016+09:00 [INFO ] Accepted block dfeb192f1625a8b1e22e61e09142e193a9c5560864bfa5698123a6ca54767f0f7311fb6fa4d7fcae9ca69d99a2abd76f8f07f4bea16d36ab1cb124caa921110a via relay
2026-08-09 21:40:24.528+09:00 [INFO ] Accepted block f6e2d10e8fce97f610cd47a6ead5c0a391a53db88266fb861051782618a9c8e122a8fac045106fbda7b106cecfe4a75e595f94872b8dce49c7c3090baafc0da4 via relay
2026-08-09 21:40:25.587+09:00 [INFO ] Accepted block 813f031d4bedb0b8dc749b6e46facf3060916feb141a6cd0a2a7ae30ae035e76dd972f7934a26cba2de68bc9993d9221eac3a5fed7cb9c34fa5e26b57d08df3f via relay
2026-08-09 21:40:26.731+09:00 [INFO ] Accepted block 9d4c89ee71e6366d5d1a91bc19f438df8ee1388674b19d4e110c0e821e7bdb7f16e01c6b66e838fedaa791e562cb4fd51ee869284207ba3f902e1c49422f7d16 via relay
2026-08-09 21:40:27.803+09:00 [INFO ] Accepted block 2c8e083c7b7aac1f5e84f02d12a8b81f54022e6af426add7244cc42f820a838d2c453cb80075330d2870ed78ddcdabf437e7b3d26ee9511810705d8bc1e0fcad via relay
2026-08-09 21:40:28.952+09:00 [INFO ] Processed 7 blocks and 7 headers in the last 10.00s (7 transactions; 7 UTXO-validated blocks; 1.00 parents; 1.00 mergeset; 1.00 TPB; 0.0 mass)
2026-08-09 21:40:28.952+09:00 [INFO ] [ibd-perf] 7 hdrs avg: validate(A,parallelizable) 122.6us | commit(serial) 285.9us [add_block 15.2 + db.write 54.8; held-lock 153.8] | f_serial=0.700 f_reach=0.037 | parallelize-ceiling 1.43x
2026-08-09 21:40:29.231+09:00 [INFO ] Accepted block 04be648fafb849ed7fc4a0f8b51dd3c3e09141070c98da444d18d458355f398c0dc0998a5fa83217a3ccaa40448041040679c85dfe2052e042591c2755eb4fad via relay
2026-08-09 21:40:30.484+09:00 [INFO ] Accepted block dd116d0e45e33686dd91852663996a425cc9469e2453545b499a418aa98233e75f337c78c26f4a16347162a356d49a0bc5df60991342bd3d4d7c6b6ba1e2cc0b via relay
2026-08-09 21:40:31.886+09:00 [INFO ] Accepted block 93f52e051b8605b6ab79139631ccb7ee938484c770ae5497fea10fc60a210cafb6597b56e06358863bf16ab4731214a04b21b78a637884e76f425d0fa4f96e94 via relay
2026-08-09 21:40:33.128+09:00 [INFO ] Accepted block adb8487241d00ae4753784dd0cc1668a1671e004b3855abe990da968f2cb3373be36cde75e40a33acd7d2ce05e14b462860137f8d012f7b44e0322570d2dc371 via relay
2026-08-09 21:40:34.859+09:00 [INFO ] Accepted block d80f15411a0bc09bafafe79a120f50ee86e3c908776d7a96dc3c69cb06466d797517df9bb9ad3b07ed3354d00ed14031b952a4c43a20f97f9dcaa1e852ffdb7a via relay
2026-08-09 21:40:36.148+09:00 [INFO ] Accepted block c83356010dcc68fbdbb3ed9c487040033ee57fd953f6115bb191cc049c8c76e20e42806f89a82db03eefd7db5910659ca485384f06f6995bba0bc4eaa7500776 via relay
2026-08-09 21:40:37.463+09:00 [INFO ] Accepted block 5f043c4cbd8b540fe29814f75e858d88a8ac6fd3e6f5dfbeb67016efc1fef64a8dd0dcb57bcca0c28ef89e1794bff5a8956d4be133d95c9c9f45aa78c50d03fc via relay
2026-08-09 21:40:38.954+09:00 [INFO ] Processed 7 blocks and 7 headers in the last 10.00s (7 transactions; 7 UTXO-validated blocks; 1.00 parents; 1.00 mergeset; 1.00 TPB; 0.0 mass)
2026-08-09 21:40:38.954+09:00 [INFO ] [ibd-perf] 7 hdrs avg: validate(A,parallelizable) 124.6us | commit(serial) 234.6us [add_block 27.5 + db.write 59.0; held-lock 168.6] | f_serial=0.653 f_reach=0.077 | parallelize-ceiling 1.53x
2026-08-09 21:40:38.980+09:00 [INFO ] [validator-service] heartbeat: mode=active sink_daa=2262 bond=Active(active=true) active_set=[epoch=22 is_active_validator=true (active_validators=5)] dns_overlay=configured (stage=Active, dns_confirmed=true)
2026-08-09 21:40:39.843+09:00 [INFO ] Accepted block 8b6f9de3e498d680a4c3d9e99c8d799091492884862e195c165638e66ca46da13d32454ead1cbfbc70b3549774cb6bd7d8edbd8cd99fa737d4edb117f1d983d4 via relay
2026-08-09 21:40:40.982+09:00 [INFO ] Accepted block 5bbf5651170b4b4690da7794e694b34a7e3f80a4a7800f528a55c82ae86d00ba0b5cb0ecf3758278950dfe419d9358aeb4aee23d5cc982b6eb5a532c2261caf3 via relay
2026-08-09 21:40:42.846+09:00 [INFO ] Accepted block 45e9db2563860c43c4e6180fac9fe63c9a9e4c6a8170d4d3ded4c45bfe534b00c670e1c12f2cd54e45052d73f9a0345107c7edad32bd1c6559e2408c41a652cf via relay
2026-08-09 21:40:44.401+09:00 [INFO ] Accepted block dc085b217bd1259a6679e3e8474713d4ad7fbd39b2f1e013edb59a82066e02d633accd200613a9655a3f817dd4ec5d7d0489d7b6720d161c015dc2018c5c9c78 via relay
2026-08-09 21:40:45.472+09:00 [INFO ] Accepted block b02892a224cde92244eb87655e61fc70af99ae2f96bde0b0a5b2e580b02ced81ac71dd19ae9d4f30400e80bba607d221244c8d227e0f252cae38275a29337426 via relay
2026-08-09 21:40:46.669+09:00 [INFO ] Accepted block 320248c0f1ae4652e182ddbb95dc07360dd436ca3c88ebf88adf55fdbeac2442e66cc4efd9b3b0c34e95e5e2187c99db3700c26cdc688936e4c71efda04b124f via relay
2026-08-09 21:40:48.140+09:00 [INFO ] Accepted block cd1a554796fd6db32fdba07f8f48d36f1c0bae07d7554ab991f0091ed50fa6ce46a2912531e02392e4361b94beb97ce33cb6d07c05ee3caf243251bf034840a9 via relay
2026-08-09 21:40:48.956+09:00 [INFO ] Processed 7 blocks and 7 headers in the last 10.00s (7 transactions; 7 UTXO-validated blocks; 1.00 parents; 1.00 mergeset; 1.00 TPB; 0.0 mass)
2026-08-09 21:40:48.956+09:00 [INFO ] [ibd-perf] 7 hdrs avg: validate(A,parallelizable) 127.2us | commit(serial) 196.1us [add_block 14.3 + db.write 52.9; held-lock 131.1] | f_serial=0.607 f_reach=0.044 | parallelize-ceiling 1.65x
2026-08-09 21:40:49.481+09:00 [INFO ] Accepted block e67b10f3e7700bb352bbc3ea89e269323a8ac2160ed4c2bdd7ddb8650a222050f951ce2d24d5185fc2f57db543df7405cb469f67e27653f1044eb80113daa2b9 via relay
2026-08-09 21:40:50.643+09:00 [INFO ] Accepted block 63d6c97d431ade904b6a4c2eb98b12afad1387dc9ac14eae5937248cd285fb1cb664e9124ee680d2a2c190250a6ee3a2111db601e0bd193a39a634951934b1d2 via relay
2026-08-09 21:40:51.872+09:00 [INFO ] Accepted block 692b269fc45b873dc5c5f166aef181152fbc656f7c0a605477aebecc2be3557dee2b5f3b872713bf23948b9725ace1167f1ba273ccc4deb10515f9bdfaca3749 via relay
2026-08-09 21:40:53.090+09:00 [INFO ] Accepted block e4722d2067f2046b2ca032fda37b9c2c64391bf67b3f4c17578fea5dedc66bf98d066ba4f25e77c21f6ccb25ebed88547d2f106e4fbb4ee755469da2f3f3e151 via relay
2026-08-09 21:40:54.249+09:00 [INFO ] Accepted block 395336fc36f68ea657a06dfd6c856c1b202881c4ffe561e06d7a8f5033f768ecab441a78d669994684c4efa4e99763ebdd47726bf346a3439b186a93842bbd2d via relay
2026-08-09 21:40:55.488+09:00 [INFO ] Accepted block 98cd6100814a511b8bf8c718f5712cf724aab5d3900bf7d7123b763db33f89949406cd9ff6037e6a6667f6a69ecee9f5fa10dcce46d292b4d067b790b540a2c8 via relay
2026-08-09 21:40:56.547+09:00 [INFO ] Accepted block cb63bfbb736c3de1043bc9b656d8fe618c75915c0311669d5f27048c4202f3a5b2e5c5074f89ec6b04732335f275986ca3f5a1eb40d8a449f5d07b8e9a0c2786 via relay
2026-08-09 21:40:57.953+09:00 [INFO ] Accepted block a1e92b562b36f76a30a0f36b5af23b0df9c7b77b582581fabe18de677bf39296a48e998b248947a0f92a180ef3ac9779a5974be5952a4e59d6f27ea3b9f854b3 via relay
2026-08-09 21:40:58.958+09:00 [INFO ] Processed 8 blocks and 8 headers in the last 10.00s (8 transactions; 8 UTXO-validated blocks; 1.00 parents; 1.00 mergeset; 1.00 TPB; 0.0 mass)
2026-08-09 21:40:58.958+09:00 [INFO ] [ibd-perf] 8 hdrs avg: validate(A,parallelizable) 92.1us | commit(serial) 191.7us [add_block 13.1 + db.write 56.7; held-lock 147.5] | f_serial=0.675 f_reach=0.046 | parallelize-ceiling 1.48x
2026-08-09 21:40:59.424+09:00 [INFO ] Accepted block 716959f3ba1b26489f5d7762895ac8d07b28064f0f6aeb17112f2c981b813be5c0e05fc970ad6d5a897c066d2645fc3065e167e50dc8bbdc95db86bb2fa81e1c via relay
2026-08-09 21:41:01.092+09:00 [INFO ] Accepted block 4e89a84bc7dde4c56ada6a63065655a85560bf14261edf68d5572fd9dde75e7ad613aca88647e4cc7af763fc3f966fdff7b644acd39bc652af201cfdf389fc46 via relay
2026-08-09 21:41:02.767+09:00 [INFO ] Accepted block 8e121e939bffd9a2567eb1613ebbffab2d7b81cf9d2ce009be93084bfcc7ecb86b59ca50a8a30e931cd5e851b1869c9d2adce6f73cf82c4af33e2e30901b4651 via relay
2026-08-09 21:41:04.381+09:00 [INFO ] Accepted block 0bd5ef976733dfc530c8011ab42f76437b5b918e7b92ab23ca79f49f7c4ff0819ab9b7013e349af789f9a255533ed5ac1eea1322365743fb3bd33fb7ebcff514 via relay
2026-08-09 21:41:05.887+09:00 [INFO ] Accepted block 453269c493310a8ecb3527ef6208b8ed475709d4b3cff2bdda6897af1863e8744885138486b0861adfb965b8e3c032710ed90463abd180012891d9fc0a90cc3a via relay
2026-08-09 21:41:08.032+09:00 [INFO ] Accepted block 8b6382f81ddc0c7f87917a971529527f652a7ee316808d00fe7645f977dc4fa9d46feba2855a00e9da5ac76aded3a24b99c4cd92a2c5ad0aa78658bdbac150bc via relay
2026-08-09 21:41:08.959+09:00 [INFO ] Processed 6 blocks and 6 headers in the last 10.00s (6 transactions; 6 UTXO-validated blocks; 1.00 parents; 1.00 mergeset; 1.00 TPB; 0.0 mass)
2026-08-09 21:41:08.959+09:00 [INFO ] [ibd-perf] 6 hdrs avg: validate(A,parallelizable) 92.3us | commit(serial) 204.1us [add_block 14.5 + db.write 61.7; held-lock 136.8] | f_serial=0.689 f_reach=0.049 | parallelize-ceiling 1.45x
2026-08-09 21:41:08.994+09:00 [INFO ] [validator-service] heartbeat: mode=active sink_daa=2283 bond=Active(active=true) active_set=[epoch=22 is_active_validator=true (active_validators=5)] dns_overlay=configured (stage=Active, dns_confirmed=true)
2026-08-09 21:41:09.603+09:00 [INFO ] Accepted block 2a630123276f242275108069698b499d637705d900284b5211283062e6da8a697dbb71d28b2c92bfe35c824755ac948b966f4c4cfed39a6e78a1badf1753d568 via relay
2026-08-09 21:41:10.648+09:00 [INFO ] Accepted block f4b59a3ac464fff26e3245a247c265c5662fec36b40096d8e7cc53c7dac0b7bccc7de58ffc85f9e54b69110eca6b9d2716152295a423d5d3b9f232d88dfa0c14 via relay
2026-08-09 21:41:11.930+09:00 [INFO ] Accepted block ff21681202feaae7d3432fdcd316104184f881d52f1c950cb82d141bd4e43e7636a6abae252cfa3a46d415ea3b81b3837637ede199609391351af2b46cc347d7 via relay
2026-08-09 21:41:13.369+09:00 [INFO ] Accepted block 2c91f7f07c37dbf2d72c18dbb49a7f55eb68a356bda4ea1d9e8d4cebf641b79e25b8ad3f0488d3483922b8255d16c47ce8b81a8f00ea604b4d777be8d60cee2a via relay
2026-08-09 21:41:14.403+09:00 [INFO ] Accepted block bbdbb63db3a4ac64494eca479fcfaeb103414c9cebc05f8b9ae8f1fc767c83835646bc0a7cf5fccb42c5819af57abfb13a535dca34b4c51d556c838acadc91fa via relay
2026-08-09 21:41:15.431+09:00 [INFO ] Accepted block 17433a0b35ce26b47ea75039a61197c97b6ebfc5c77dd3a228458fa4616bac8b81848f5545be92371de9030c0e3594ca532e567766888f4282fe515b62e9cf75 via relay
2026-08-09 21:41:16.546+09:00 [INFO ] Accepted block 04346849510bf636c0fa2a1c38f30b891801c033c805a742da9388ec43338c58d9d2316b5f9ea0281a73f638071a1bb04c9fd31625b497d5837dcd889b418903 via relay
2026-08-09 21:41:17.809+09:00 [INFO ] Accepted block 9f7cce4ec725679c2b22f443e253dfccb12d61ff411fa69855efed69902e6582e13f4bd2cff814f20482bf8c1eadf617edd56463e6e06c3ebb89c697c2a78a28 via relay
2026-08-09 21:41:18.961+09:00 [INFO ] Processed 7 blocks and 7 headers in the last 10.00s (7 transactions; 7 UTXO-validated blocks; 1.00 parents; 1.00 mergeset; 1.00 TPB; 0.0 mass)
2026-08-09 21:41:18.961+09:00 [INFO ] [ibd-perf] 7 hdrs avg: validate(A,parallelizable) 93.8us | commit(serial) 192.0us [add_block 14.9 + db.write 70.8; held-lock 151.3] | f_serial=0.672 f_reach=0.052 | parallelize-ceiling 1.49x
2026-08-09 21:41:20.112+09:00 [INFO ] Accepted block c60d8323f5ed446ebdefcdab2571b478375a15baefd8d2337519c4a32507960007ad8139c8bdcedc513eb8ac2f7695d62b1848442ce0e5ca851ca8ecb9c27ff0 via relay
2026-08-09 21:41:21.326+09:00 [INFO ] Accepted block 6e1c7c1c5d33fb78eccf90fb68bd4e8602c590097ac3b1a7b78feaa65ca49845dff3f154dae0d1e30742439f4bea4f0b693643289aeba52a9a8b983a709882c2 via relay
2026-08-09 21:41:22.725+09:00 [INFO ] Accepted block e34ceff85dc97fb0be46a08f3bb44e4f863192f369bdd8d8b99679c97f3a7dbbb9610c5f1833700779abc46eab4a87b3fd97129223713f05ddce5c69da7fdf03 via relay
2026-08-09 21:41:24.089+09:00 [INFO ] Accepted block 1a5c9fa2e8a02d3db109756464926d2b41b1158c1ac85945bb3d6521c7a7d036231b62a372655ca4ec5d23f926fb2f1dd2916842b3a6f90568cdc2d3c68ce1f1 via relay
2026-08-09 21:41:25.162+09:00 [INFO ] Accepted block b3b3570f36153790b0153a5b96de65bc6c59a8b5346bf505d1e3c5a2f0c0c7e0343e3a78baaba45d8f41555252797d18f2bf087df010b0dd4224ac75b4c56532 via relay
2026-08-09 21:41:26.374+09:00 [INFO ] Accepted block cd301610bc9f9615ece3168926c7a09657bc4cdced9555a95b8b9cf41123e675566ba10691ce3dd1f4cfcd696f5aa59eeee99da0aa31a4d47ac6f0c427f1951f via relay
2026-08-09 21:41:28.963+09:00 [INFO ] Processed 7 blocks and 7 headers in the last 10.00s (7 transactions; 7 UTXO-validated blocks; 1.00 parents; 1.00 mergeset; 1.00 TPB; 0.0 mass)
2026-08-09 21:41:28.963+09:00 [INFO ] [ibd-perf] 7 hdrs avg: validate(A,parallelizable) 91.6us | commit(serial) 171.6us [add_block 11.8 + db.write 60.4; held-lock 126.8] | f_serial=0.652 f_reach=0.045 | parallelize-ceiling 1.53x
2026-08-09 21:41:29.062+09:00 [INFO ] Accepted block 4fba2c5d0240c20c92ccfbeb0c20162fe1a3dc9a5bc3c85ea76a903d42451e89f7687349663872e0eee149a887b4f29b1211b70e63693d4022c4c58fe336e1d5 via relay
2026-08-09 21:41:30.628+09:00 [INFO ] Accepted block 6c6dd777f27afbf2eea465bf5c81a3443286a9a22b421aea3cf6a68eb8ac5ebd7e27e67ca5d94be45ae2e2fa01e3da970de54c4900dbe4c11155dc7495029ecc via relay
2026-08-09 21:41:30.877+09:00 [INFO ] [vlt-shadow] sink_daa=2299 5 validator(s) with credit; 6/13 epoch(s) would reach quorum; newest epoch Some(21): W(E)=214683250 signed=214683250 snapshot_root=d7a6dc7d679aa65d4cf73fd575a509a52fc90b81f85d33bdefa89732f20458d87cfb3c4a50b8b94fd8681191a4ff21aefe5bbe74b4e7d2a9818dd79c5acffc73 — the weight fence is at 18446744073709551615
2026-08-09 21:41:30.877+09:00 [WARN ] [vlt-state] none -> shadow at daa=2299
2026-08-09 21:41:30.877+09:00 [INFO ] [stake-score] sink=ac3f03173b5f92d5b57da59a2575f34331d9e9e0effb257c28520344f829e82de5b5f6f31f0b7231572d7d416091de472b948eb3b5b6505f78e78597536a6265 sink_blue=2300 credited 49 attestation(s) over 13 ready epoch(s) → stake_depth=11000000000 (rollout=Active, health=Active)
2026-08-09 21:41:31.880+09:00 [INFO ] Accepted block ac3f03173b5f92d5b57da59a2575f34331d9e9e0effb257c28520344f829e82de5b5f6f31f0b7231572d7d416091de472b948eb3b5b6505f78e78597536a6265 via relay
2026-08-09 21:41:33.122+09:00 [INFO ] Accepted block 6dfd3e9fc07c059cbcdebb0e12a22c5bad91aa8c4515a3fb9639b135ec7f86317782fbedd5bcdfaf83dd50130d053a3f49624eef3760f2be52d3e31a74bdbfc9 via relay
2026-08-09 21:41:34.280+09:00 [INFO ] Accepted block 297f835242a705aeee2ae950ec98364a0854786bf32a9b73cd6586ff7848c5cf95b408047f54a1f6d5739852c5e57fbd77ef7df11ceb4527a87c5d3902af6021 via relay
2026-08-09 21:41:35.361+09:00 [INFO ] Accepted block 7cfc311cd1d10c3bee049705f5ecbad2e5131df4b9e04af0ed3290db5e683b6fe3a345c22ffc98a0fed7ad38d9c3f875d88c98b205feae7c5e0a58ccb98008ea via relay
2026-08-09 21:41:36.540+09:00 [INFO ] Accepted block 7ca2c75c37c745edb22e06d07652e112756ce067ebe1559f62cff85bbe788eeef19be6362bf0a9dca6b6386711c55b5a23fb4356182b65892fea644d194a8322 via relay
2026-08-09 21:41:37.998+09:00 [INFO ] Accepted block e042d714843898313b66d21f063f3db808f67db88d0955dd7dbfc02fdb46fa6175e71865d88d8ee173dfcf739cc6a10c2ae0fc23aad94070ced60ab464aba998 via relay
2026-08-09 21:41:38.964+09:00 [INFO ] Processed 8 blocks and 8 headers in the last 10.00s (8 transactions; 8 UTXO-validated blocks; 1.00 parents; 1.00 mergeset; 1.00 TPB; 0.0 mass)
2026-08-09 21:41:38.964+09:00 [INFO ] [ibd-perf] 8 hdrs avg: validate(A,parallelizable) 117.9us | commit(serial) 218.5us [add_block 16.3 + db.write 78.0; held-lock 166.6] | f_serial=0.650 f_reach=0.048 | parallelize-ceiling 1.54x
2026-08-09 21:41:39.009+09:00 [INFO ] [validator-service] heartbeat: mode=active sink_daa=2305 bond=Active(active=true) active_set=[epoch=23 is_active_validator=true (active_validators=5)] dns_overlay=configured (stage=Active, dns_confirmed=true)
2026-08-09 21:41:39.463+09:00 [INFO ] Accepted block 474423f596d0c6aa777d9426947f668976d49f51de54db220669d477e99acf361daed5bd1b20ff8cc794f005be37506cafd279301e1529177ecb9b80e90efc89 via relay
2026-08-09 21:41:41.201+09:00 [INFO ] Accepted block 58d74258bd284f8fc3b7523a2cc544462a4b9efea4cca79097e807e7f57e39573eeae5c9b4e635783b6f828272323b20edbcc5878012208aade6cc4be74a36e5 via relay
2026-08-09 21:41:42.322+09:00 [INFO ] Accepted block bad179d93876719aa3047e0fae74202bbb417e706eb3e317fcf720183fa437317c1042da7010976280e5bd371754efc9fce23605c2204da1828c7dd2fb146330 via relay
2026-08-09 21:41:43.505+09:00 [INFO ] Accepted block b96c89bfe428edd26bc498278ea815059e0ba3af07beebb333552193ebafd6927200ffb9acf2638255bfb5f7cca07e22906d2c3efd7cb6d256421e6b8a2dd272 via relay
2026-08-09 21:41:45.359+09:00 [INFO ] Accepted block e5a8747495f24d20de3016c75a27ac27da647d389c1be20119441676eb0715b368883ea7a376374efe95408a24f849c57b5baefc4d3ab00a6825017bbf82442e via relay
2026-08-09 21:41:46.549+09:00 [INFO ] Accepted block 0972225b024b8e3c001b52754282a64aeeef9ee67d1506c04271bd3105e7bd5ee10cb9891f80461f6b0659c9e0ba7a59434143666475c7ba7007b6b702baa015 via relay
2026-08-09 21:41:47.655+09:00 [INFO ] Accepted block e52df8ebe4e85b7f8cc98203dec17e58a15f82d33aa1d86e29b301f8a6cb9af8a3e60166fc8029ad2ed4dfad0a8f9a3e8893b38c0e071b6bfb729ea8eee8b417 via relay
2026-08-09 21:41:48.980+09:00 [INFO ] Processed 7 blocks and 7 headers in the last 10.02s (7 transactions; 7 UTXO-validated blocks; 1.00 parents; 1.00 mergeset; 1.00 TPB; 0.0 mass)
2026-08-09 21:41:48.980+09:00 [INFO ] [ibd-perf] 7 hdrs avg: validate(A,parallelizable) 103.2us | commit(serial) 203.4us [add_block 14.6 + db.write 69.9; held-lock 160.4] | f_serial=0.663 f_reach=0.048 | parallelize-ceiling 1.51x
2026-08-09 21:41:49.191+09:00 [INFO ] Accepted block 844c86d40cd3fe2e27955a19f18fb18bb997cc00dfaec743841d68671615928f51d5c4a28f030e475126047c8e5171f45c4167bd50d18be30d268b24e4d8cbf7 via relay
2026-08-09 21:41:50.335+09:00 [INFO ] Accepted block 6652459e8d0badfb5a4482d3c99d2c98722c345e4f390d8432480aa989e794d28e9169b9edbf41db4a9ff80c3e8448c2705c9c61d6826ee874ded72eb98c4632 via relay
2026-08-09 21:41:52.874+09:00 [INFO ] Accepted block f190f347dcbbdd872e133d637ac531e6d8e257c9d0fe18dfaeb428b021a03ab9748e58caa9dbb58906326004fc79e7c9961f9653e2b172fa7191a5c50442f3b5 via relay
2026-08-09 21:41:53.975+09:00 [INFO ] Accepted block 8d1e804b944df370cf989a838579ea4d4e1585b5c7fe628e9e7021cc57d77060b34578fa4c651eafc00aa18bc63639b7b9154a67be12cb3d87b70ac583733575 via relay
2026-08-09 21:41:55.560+09:00 [INFO ] Accepted block debb95849abfdd903cf64f3c18fc36c4c6063ecf52240ee55ae6ed0b078535846111c4e3bf571639c0644e7dc74845b99ee6f1e7b2c6451a18dd415733c39253 via relay
2026-08-09 21:41:57.074+09:00 [INFO ] Accepted block ce5dca0cdebda6486e2e1c7b07376fc9adbcaad511c34dda855468aa5d1b44106355a1e5785a6a8912697ac585ba2cf6fb01e870780d628c41d87e2bb37009f6 via relay
2026-08-09 21:41:58.287+09:00 [INFO ] Accepted block cbb79c3060a7d468133bd7d9307edd16764c831c1cbe4115805794926c91dbda2d4dc40aca6444fc7bd7cc23067f6a6075604f863a90a981b89861b997951309 via relay
2026-08-09 21:41:58.982+09:00 [INFO ] Processed 7 blocks and 7 headers in the last 10.00s (7 transactions; 7 UTXO-validated blocks; 1.00 parents; 1.00 mergeset; 1.00 TPB; 0.0 mass)
2026-08-09 21:41:58.982+09:00 [INFO ] [ibd-perf] 7 hdrs avg: validate(A,parallelizable) 94.0us | commit(serial) 177.0us [add_block 13.8 + db.write 64.1; held-lock 131.8] | f_serial=0.653 f_reach=0.051 | parallelize-ceiling 1.53x
2026-08-09 21:41:59.506+09:00 [INFO ] Accepted block 9817cb6136854f2b8894b28e2fd100dad29a6358f3b2f2016e8a0604cad8ff10a3db97c40a352cb2e90735514b7aa2f058a1e0232c6cd0fef9ba4c21a21baaee via relay
2026-08-09 21:42:02.014+09:00 [INFO ] Accepted block 98fca9330781414f25635d838e8385793081b67bd541d80d5448a2db6daa18755ae4adfab050f63ca51c7d29708b4c435ca58164ee3aa8d27a63d43037e6214b via relay
2026-08-09 21:42:03.267+09:00 [INFO ] Accepted block 9822ccc590d6ed019b3f1020ad4bdf69b90c21fe231c2fc26fcc9c439375f9787732cfcfa6ddd377f5806571785f2f3bc77e891676543cbe3637fa9a0bc48473 via relay
2026-08-09 21:42:04.338+09:00 [INFO ] Accepted block c9cfffafdd8e1744cf501c15022e9abea928ba7571213e3e6adf548be7b11b8afcf15234fe3b19414ceaaac2b7a0ff5695edd5279b9cd36030985a29bd969213 via relay
2026-08-09 21:42:05.553+09:00 [INFO ] Accepted block 4b5e0e106a872308fcb95eea77eac106e627b3e3f4e23438e89c8007b063cb78f6a9e05f38f3e88cf20de986e21cb12407f0f129eedcc9af06b976331a3bb295 via relay
2026-08-09 21:42:07.263+09:00 [INFO ] Accepted block b2ba435e8d003b73efb533703ac0a07202ada5d69fb9259f6f7130fa442d9b2230e9a18913a5d2528292f7bc43e5166bb880a76c1dc793eb3fde746da47eb5fc via relay
2026-08-09 21:42:08.766+09:00 [INFO ] Accepted block f999f02a04bc70b10c20cfde5381ab6f057c5e2bb1638ae181fd0ef4b7e8347a8bb377bf8c9a77d088bdcb9184bb912e04d8f0cecea6f350d02b20261c5faaa6 via relay
2026-08-09 21:42:08.983+09:00 [INFO ] Processed 6 blocks and 6 headers in the last 10.00s (6 transactions; 6 UTXO-validated blocks; 1.00 parents; 1.00 mergeset; 1.00 TPB; 0.0 mass)
2026-08-09 21:42:08.984+09:00 [INFO ] [ibd-perf] 6 hdrs avg: validate(A,parallelizable) 106.1us | commit(serial) 204.2us [add_block 14.1 + db.write 75.9; held-lock 155.0] | f_serial=0.658 f_reach=0.046 | parallelize-ceiling 1.52x
2026-08-09 21:42:09.022+09:00 [INFO ] [validator-service] heartbeat: mode=active sink_daa=2325 bond=Active(active=true) active_set=[epoch=23 is_active_validator=true (active_validators=5)] dns_overlay=configured (stage=Active, dns_confirmed=true)
2026-08-09 21:42:10.868+09:00 [INFO ] Accepted block a09b617c42320278ff343b1cfdafde0fe6ffbaced1d76ba747b716b86d439e177f83962dbf5e2d1f568fcae0e829eb4618268668293513a1f84031455a3b2593 via relay
2026-08-09 21:42:11.898+09:00 [INFO ] Accepted block b450a6c85e1ccf6fbae95e5f0ace2ce9504321c0bd2d5fff28965ce00f3af5653cf2978915a8e60feb22acefa6a454004de39e070975e420d24f46a03ea8a337 via relay
2026-08-09 21:42:13.269+09:00 [INFO ] Accepted block aadb8413a5b14765751d3ddc60aeb7bdde7465a2d50de4e1e379bc07e462fddcaaa7dcd2cfe434c995b8cfbba0e8c02d5f5b8d85745e42dc2689782939e6d6c0 via relay
2026-08-09 21:42:14.323+09:00 [INFO ] Accepted block 542dc2e0a3d5f8ba10853c317cff069eda07d1180a2ca7f600a1dc23c1113a5286425f4f32b66f51cd63826f96152654712b381f6a12f456558cbcbf0e500751 via relay
2026-08-09 21:42:16.189+09:00 [INFO ] Accepted block 2b89f08ed3b6c1efbfeed7413afd74731c220081f11d6d1457b4a4620644a70086c3cee802169a0c7f0af226e8a79eeb6af8c1abb5109bc074841cb16fea3c46 via relay
2026-08-09 21:42:18.296+09:00 [INFO ] Accepted block d94b440d74b9955b07806eecf564d2d7af74167fb00cc8fc7f9fc6366ab8d93ed0b2e451b5fb76ad507309ecb1ad0aadb56b6f48da194262746ac715a7e5a393 via relay
2026-08-09 21:42:18.986+09:00 [INFO ] Processed 7 blocks and 7 headers in the last 10.00s (7 transactions; 7 UTXO-validated blocks; 1.00 parents; 1.00 mergeset; 1.00 TPB; 0.0 mass)
2026-08-09 21:42:18.987+09:00 [INFO ] [ibd-perf] 7 hdrs avg: validate(A,parallelizable) 112.0us | commit(serial) 217.8us [add_block 16.0 + db.write 81.9; held-lock 168.5] | f_serial=0.660 f_reach=0.049 | parallelize-ceiling 1.51x
2026-08-09 21:42:19.631+09:00 [INFO ] Accepted block 1111ecc62977fc1992d6975d2366c029e5dd1b0570e98049b48a2103c8945bdcbf320ad25896d2f1f275f4aa66813501791de59f2f0cc7adf87671cd5ce3cfc6 via relay
2026-08-09 21:42:21.366+09:00 [INFO ] Accepted block 6ca2b275b3926b546fdb7fbf1535a10cc815c19db7131f869e955ea0b388a943f6ed0295ba005bbeabd04ab2068997b8697dd25f8ce8ca4931c4d2c19f977955 via relay
2026-08-09 21:42:23.078+09:00 [INFO ] Accepted block e0e4f6caeae11ff76296b2bb08a67251cdd728ee968ed5ae136640c535bacbed1b285733c9ca4145a2d31806efb66dddf8171627e183c249411076c7c62ffbbc via relay
2026-08-09 21:42:24.380+09:00 [INFO ] Accepted block 898c2ff974f97970cd26f48b9dd772ae2d98cf8d1a9585cf8097edf24ef956af7b5ecc5eb7a26aa0a3676dda4310d8b8ce1a4ec199aaad47995b1c15d62e3057 via relay
2026-08-09 21:42:25.671+09:00 [INFO ] Accepted block 187c8871f8134c24c690ea67a49ac736af8fdda013526d0934c4434fe08ef2a27f14157790403dee08630d3dee52a2e93a78de913aa90752dcda49d9d809f07d via relay
2026-08-09 21:42:26.990+09:00 [INFO ] Accepted block 172f257c8a7a943687473ec4cd9ff9d75338201eaf051e3bdba75244c1ad564c93ddad8313d36569e935c9a3a054de48125f855d67aff6d043d870547d454432 via relay
2026-08-09 21:42:28.053+09:00 [INFO ] Accepted block b6c567e406c9e7367843cddcb926eedefed741b76fc0bf252e969ce4c450f0b9f27255dd7e2bdaa68f70d35814a9bab4a3b85f916bc1ccb1f0bccf6240dac91e via relay
2026-08-09 21:42:28.989+09:00 [INFO ] Processed 7 blocks and 7 headers in the last 10.00s (7 transactions; 7 UTXO-validated blocks; 1.00 parents; 1.00 mergeset; 1.00 TPB; 0.0 mass)
2026-08-09 21:42:28.989+09:00 [INFO ] [ibd-perf] 7 hdrs avg: validate(A,parallelizable) 113.9us | commit(serial) 182.2us [add_block 12.9 + db.write 68.2; held-lock 136.6] | f_serial=0.615 f_reach=0.044 | parallelize-ceiling 1.63x
2026-08-09 21:42:29.638+09:00 [INFO ] Accepted block a2bf11df552f12ed984c0d6fde20e6551e8278e65d2f4340afd8c5b09f5115526dea94f3d37bbf0d87ec6ab7c6da41f11de45e8c495820aac706f704709af258 via relay
2026-08-09 21:42:31.358+09:00 [INFO ] Accepted block d25b004ced040675fc9c275383728aa0fb2627af1e9417f041303239b948b5c6255836dc76d443bef08d678e9f715eb41a62ccbe880d6aa5deb9fe7c04bd6d08 via relay
2026-08-09 21:42:32.999+09:00 [INFO ] Accepted block 675b7d6eee98193cdc7bebd962ab0799fb626fb6f945657ec171266a91a7d5069ff15ae365a4092b25c7616d43d6c8b0076a5273e0e4fa917ffb6c84841c43c2 via relay
2026-08-09 21:42:34.452+09:00 [INFO ] Accepted block b910a6d824d249d20adc6b1ad55e541070f5578f18d5976fe293ba6e9fbe1838591582088023ad23fe1875219967e348507bd607e480b0a57d7b5925e4ef494f via relay
2026-08-09 21:42:36.434+09:00 [INFO ] Accepted block 2210f9ed0944e8861e00a23eb04c68697f77dd6b392d05e29374e5ddd88c130ddd0d403bbbb8680ddf3fddcfc34e28a337dac942ca725620ab923d4eb9de0370 via relay
2026-08-09 21:42:38.015+09:00 [INFO ] Accepted block 40cd25b4a83a63c18183b13b95a9e25cb62ec2eb1c34bc72a2c8b19f702eaaa2c16f74e7ba2a90cc61752a78174995a5c46b3b5c9f4cfbb5d3d8ffebb352acd1 via relay
2026-08-09 21:42:38.991+09:00 [INFO ] Processed 6 blocks and 6 headers in the last 10.00s (6 transactions; 6 UTXO-validated blocks; 1.00 parents; 1.00 mergeset; 1.00 TPB; 0.0 mass)
2026-08-09 21:42:38.991+09:00 [INFO ] [ibd-perf] 6 hdrs avg: validate(A,parallelizable) 107.4us | commit(serial) 195.3us [add_block 15.0 + db.write 74.2; held-lock 151.8] | f_serial=0.645 f_reach=0.050 | parallelize-ceiling 1.55x
2026-08-09 21:42:39.036+09:00 [INFO ] [validator-service] heartbeat: mode=active sink_daa=2345 bond=Active(active=true) active_set=[epoch=23 is_active_validator=true (active_validators=5)] dns_overlay=configured (stage=Active, dns_confirmed=true)
2026-08-09 21:42:39.049+09:00 [INFO ] [validator-service] submitted attestation shard tx 0775e5c06efb5225f20d64030010bb0a6fcdc0297fc453e65b6334ec60201f44a723c25b9ca31367a97b9ef4631673268a2b0889e2caf1d1c3ea377c2c428c22 for epoch 22
2026-08-09 21:42:39.779+09:00 [INFO ] Accepted block ee0c2cc467c1b568f900c3f027cced6ba03c5fbeb743e1080ed2ec2c87fd8754d18445a54c6c7cbe2e24abb9261b8d712bc61ecc9f3ed7a1dceea0ec36aa78c8 via relay
2026-08-09 21:42:42.555+09:00 [INFO ] Accepted block 72931758e42d4e24cfa9fc4b3e0850a3f54cb765f0495a13c51bde71a4711f42f19b4f4eb8988d7b44a05765e91d523ab064cbc9e6e9469b5ffe60a856a9f490 via relay
2026-08-09 21:42:43.623+09:00 [INFO ] Accepted block 9eae76c9a5c440a601d3b1d7ac57f98e4aaa668c4864f26193b2e3a77b1008305b299eaca11f3d35e1dd8dcfb2e05f2606a49f7bda1f803c332973cea4ab6c80 via relay
2026-08-09 21:42:44.957+09:00 [INFO ] Accepted block 8777c8ca3337e002830043dcde588f73df748c5875ecb648671d61c71efa0814f4df46f5c79b605a154137c631f2eac84ad634b9cd4d4ecaec8e5a39bf1201cc via relay
2026-08-09 21:42:46.407+09:00 [INFO ] Accepted block 5bea80b1a3bea5c8c8bf7695b1feb818c113d18e75e3b0c9d626793048a9b6455d714beca4ae00906f8e61897a1f60bad326622ef8a8373fdf9beb292402678f via relay
2026-08-09 21:42:47.561+09:00 [INFO ] Accepted block d27de2004ab92c6a0e8a5b82e5426cdff629478c8c6cdd40cd9eb327d94ad28b561cc674fac2fcb89358e372f51b28f7a8983e3c179e9c7c939bbc6383b7b7fb via relay
2026-08-09 21:42:48.993+09:00 [INFO ] Processed 6 blocks and 6 headers in the last 10.00s (11 transactions; 6 UTXO-validated blocks; 1.00 parents; 1.00 mergeset; 1.83 TPB; 41833.3 mass)
2026-08-09 21:42:48.993+09:00 [INFO ] Tx throughput stats: 0.50 u-tps, 100.00% e-tps (in: 1 via RPC, 4 via P2P, out: 5 via accepted blocks)
2026-08-09 21:42:48.993+09:00 [INFO ] [ibd-perf] 6 hdrs avg: validate(A,parallelizable) 91.1us | commit(serial) 204.8us [add_block 14.1 + db.write 76.8; held-lock 157.5] | f_serial=0.692 f_reach=0.048 | parallelize-ceiling 1.44x
2026-08-09 21:42:49.818+09:00 [INFO ] Accepted block f35c35baa59c222fe4aef0806f85e3cd344ddd0748e2d168f6100ce8e56794e9efe03d8a50eca88845e077019e57689d721b16508b52507307003126d9727a2e via relay
2026-08-09 21:42:52.995+09:00 [INFO ] Accepted block 60b26ad2b73cb55cd835eba20efcfb1e43606c3415ef44916d1206ff62a3953a6f2e10a633cc784f097a09a885598fe88312bb27f5fb32e4d4b49b2699268b2f via relay
2026-08-09 21:42:54.187+09:00 [INFO ] Accepted block ad4bd4107fa727947b31fbe76a64860ce4945d67d83881fa7c73689625640fb28dd87cdb10d20b4685597843571c7031ce8c778eb17bb33ba88460359124519d via relay
2026-08-09 21:42:55.746+09:00 [INFO ] Accepted block 9e3a10f29853702c5ef03e7f0aa4753f508ac9708cf87f1791756cc32cdf20b347633021ce13bfbf9663990f3d725267d0423384adb4aa7275a344d396294ef0 via relay
2026-08-09 21:42:56.874+09:00 [INFO ] Accepted block 2dc0cab5e4126cc54f19354f044ce65451b39a3d3ac4c540a551c6411c5fcea9d623205bf49f5d6cad6ec9d8818c73771cd7c7aaa4428674632fd7cfda5acefe via relay
2026-08-09 21:42:57.920+09:00 [INFO ] Accepted block 9ef89a6e3430892bdbfea71fa5f6466002038bc330aa1396e16812cca4ddeae1b77eb4b2963a90b307a2378aaaf522974654302433432cdd4d3e8af50f2d8643 via relay
2026-08-09 21:42:58.996+09:00 [INFO ] Processed 6 blocks and 6 headers in the last 10.00s (6 transactions; 6 UTXO-validated blocks; 1.00 parents; 1.00 mergeset; 1.00 TPB; 0.0 mass)
2026-08-09 21:42:58.996+09:00 [INFO ] [ibd-perf] 6 hdrs avg: validate(A,parallelizable) 113.5us | commit(serial) 224.7us [add_block 13.9 + db.write 80.6; held-lock 167.7] | f_serial=0.664 f_reach=0.041 | parallelize-ceiling 1.51x
2026-08-09 21:42:59.235+09:00 [INFO ] Accepted block affda9e26d9eac40362756f455c3dc4c3aae438dec600b42892cc76345b7a7f99c6df8da8856a3cfd0c2cb88ad0489d0f58664994e8971df900903972317096f via relay
2026-08-09 21:43:00.512+09:00 [INFO ] Accepted block 9549a8c8c802514da26605ddc7f33038756b4557e4b31c9c9066688911f947edcf635a794346db43991399f4f2cb76bd7d3116a3cc4deeb8ac7853abded35e85 via relay
2026-08-09 21:43:01.856+09:00 [INFO ] Accepted block d8c363b929b7f4037fe2e67e17b937def6cdc63818a881c2ae8f2b792cf04dda8f4f0b9acb6c5ff4c2df9689ecbe40754b950ff0a91b9fea7b6ce7f504bd460b via relay
2026-08-09 21:43:02.974+09:00 [INFO ] Accepted block 71563e598f4188d8a417653165b629648307826ee04c0880bc1e866fe43d4e8d6bbbf9d383987c14d351837f6b490f66946f8eb26f6370a78358c8dee80729a2 via relay
2026-08-09 21:43:04.311+09:00 [INFO ] Accepted block fa01d1934a5652af005b47b25e8b4d91dcd661a82c405d96068e3cb6ab3487df796009f372958a39b941cd10ca64a9fc6cec0f81d47acebdc793cc015652312a via relay
2026-08-09 21:43:05.369+09:00 [INFO ] Accepted block 96eb65d441e504582276ccdb8892079f5e8d45c827e6dfe60801f5417aa18eb1ba26ccd879b4a38fd9a295c346472b844d370a435a6d4a8637a46f2ca297bb68 via relay
2026-08-09 21:43:06.896+09:00 [INFO ] Accepted block 333cc2c2abcbe03849508c5cc24301cca23bea41e8699af339b0a9972d0b5262556d13ab6fed781b5a09031bf728ba3890347bcffcb713bcf025f7f3378b228c via relay
2026-08-09 21:43:08.205+09:00 [INFO ] Accepted block 88d0d485be162b8d1216a05f114567971882973e5535dd5d4257632e84910d448a1383e72b2b928d4002e5a806486b8f6318dd4e59ae7c218b994c7af3af4812 via relay
2026-08-09 21:43:08.997+09:00 [INFO ] Processed 8 blocks and 8 headers in the last 10.00s (8 transactions; 8 UTXO-validated blocks; 1.00 parents; 1.00 mergeset; 1.00 TPB; 0.0 mass)
2026-08-09 21:43:08.997+09:00 [INFO ] [ibd-perf] 8 hdrs avg: validate(A,parallelizable) 110.3us | commit(serial) 225.6us [add_block 14.6 + db.write 101.2; held-lock 179.6] | f_serial=0.672 f_reach=0.043 | parallelize-ceiling 1.49x
2026-08-09 21:43:09.062+09:00 [INFO ] [validator-service] heartbeat: mode=active sink_daa=2365 bond=Active(active=true) active_set=[epoch=23 is_active_validator=true (active_validators=5)] dns_overlay=configured (stage=Active, dns_confirmed=true)
2026-08-09 21:43:09.680+09:00 [INFO ] Accepted block 4467467aa1cfa19a353ae4a98786855c5e09d9f8849da2d832ff04e0f27dc2d037daa2592cc532e53ebf8a46e5667eb76829596dd70bf36e3a29afca12228ee3 via relay
2026-08-09 21:43:11.030+09:00 [INFO ] Accepted block bd1c0d566055cd4310ae67d606b776681ba0b7aa228e2021e07e3ba1e2dcce7522b5264fd97e9d8fdffe1684bad269932ab408d1e5a978761333b8283c3d703b via relay
2026-08-09 21:43:12.637+09:00 [INFO ] Accepted block 3e95924013b5770abd288f560031048cd5b38e3ca30ba08310538183f3992d8405f8e3120984752aee1c83a9cfa3edfbb3799e0555934b656f5438c8515ab5a0 via relay
2026-08-09 21:43:13.774+09:00 [INFO ] Accepted block ce77cf8cd115a59a39e415efd510451138262c82dd480796a39cde7067e31ac75cb32cc7758a920bb1816c4c0c48e2867b91323fff495d5beab9f9766d65a25a via relay
2026-08-09 21:43:15.223+09:00 [INFO ] Accepted block 441d1d7ce43a3df03672171f1b4ec3d1371502b1d63111e53bd67d58b869c088b4e06f1720267a03597c4d6576d75ec646df702a9971aae0a627054e01916e78 via relay
2026-08-09 21:43:16.320+09:00 [INFO ] Accepted block 349cc92fe2e850c2bc5a179ced3a2d9b88a9a662dbed89431366a7eb928a7e938d45168d9a0efd2eebc3165b7b4e7b0b053a62da64f2408b24217f335a924de1 via relay
2026-08-09 21:43:17.654+09:00 [INFO ] Accepted block 85597c146e55dead87af07c8f61af136a37715176b95cd843981f2e98d566e1d21ba05736cec3813a0208cb19f7d1c6672ec3d8009947dd0a9b4344d27c283c3 via relay
2026-08-09 21:43:18.878+09:00 [INFO ] Accepted block 7001756c366dbf795dae94e098d35022ba89541d5bbc82508513673a318a192cc1c9a746acd007bd8491ee2e2affe798ace29ed52f1cca8d8a3c35a40cd258ac via relay
2026-08-09 21:43:18.998+09:00 [INFO ] Processed 7 blocks and 7 headers in the last 10.00s (7 transactions; 7 UTXO-validated blocks; 1.00 parents; 1.00 mergeset; 1.00 TPB; 0.0 mass)
2026-08-09 21:43:18.999+09:00 [INFO ] [ibd-perf] 7 hdrs avg: validate(A,parallelizable) 142.0us | commit(serial) 228.2us [add_block 14.5 + db.write 98.3; held-lock 181.3] | f_serial=0.617 f_reach=0.039 | parallelize-ceiling 1.62x
2026-08-09 21:43:20.048+09:00 [INFO ] Accepted block 74284c04574562d81243518b1bf1a866640ab1daddcbc5da27f4e9f0ba84078d3ecb1e466d3dea40eae2e937cc8f6dc7c63432b68aaf25e5679dfcea9fc9000c via relay
2026-08-09 21:43:21.835+09:00 [INFO ] Accepted block 2cb4e6eb24422136b1e2dce3eef3dd522eea5140e79053228e3b4059f24d4a8d47f1f00dde44e1d7e212308cc39c6f3beb9b8c02c66c2099722a7419e48e03f5 via relay
2026-08-09 21:43:23.033+09:00 [INFO ] Accepted block df1bcd4ad30fa6509389e43554000cd12c4427bd13b0306f1ac0871e1c8e20652393f045e8c85368cad48f36222ca9f48ecf9a34c1fc0f8d69b173d915dfba05 via relay
2026-08-09 21:43:24.275+09:00 [INFO ] Accepted block c435cd0d9c050f3c4aae874453c951181a88e2dc6cf90b3422b0f1722f6858bb3e8804faa982034d8ba6a8a8820a8b4d19aa0a11c1a8dba667b6846771007cac via relay
2026-08-09 21:43:25.557+09:00 [INFO ] Accepted block 62ccb9c4bafddea7596f5d48793ee0a3a688ad0e1f9915de9cd81af2c1f768b44c65f837f5e2d0fe1e681186d899ccf06a8afed99f1d9a8e11cfdf7718747a7d via relay
2026-08-09 21:43:27.092+09:00 [INFO ] Accepted block 80ae1849964626728a887240b8f6db8b71e142989c92fc82e3f1090441bbc7176f6e670bb1b944bdb83bd1b3618192a4cc659c5a63fc1324607f7937a36e6d2b via relay
2026-08-09 21:43:28.171+09:00 [INFO ] Accepted block 72028bab52bdcf6de234523a0fca007d36d4e3edd3858f49e8dcaabfd704fbf7d3009125673d9f56247782b661e43439365815550afc7726f82bd6a33db4aa44 via relay
2026-08-09 21:43:29.001+09:00 [INFO ] Processed 8 blocks and 8 headers in the last 10.00s (8 transactions; 8 UTXO-validated blocks; 1.00 parents; 1.00 mergeset; 1.00 TPB; 0.0 mass)
2026-08-09 21:43:29.001+09:00 [INFO ] [ibd-perf] 8 hdrs avg: validate(A,parallelizable) 106.7us | commit(serial) 225.5us [add_block 14.2 + db.write 102.4; held-lock 181.6] | f_serial=0.679 f_reach=0.043 | parallelize-ceiling 1.47x
2026-08-09 21:43:29.243+09:00 [INFO ] Accepted block 7c6040f08338dcdeed14a71f52fa98705c7aa4c9790fbeff584078d7b3d75d09d08938c5ed1025fa488ca8ecf9448c12c87a991832cbf422cf268fe65d6dde7d via relay
2026-08-09 21:43:30.292+09:00 [INFO ] Accepted block b2530f917370fc42979b219d293c7eb8d8d05bbe2b70d95d7afa6d90d39ac13b319f7b81de15b9ea1b97f723569bd7dbb585f6e3ad241c2ab01c6dc78d914655 via relay
2026-08-09 21:43:31.812+09:00 [INFO ] Accepted block 49df2fbf2080bb10149b05b9feca6958fd642d25b2d60c341d5107ee5f43e95f13544065d11f760a3ac11f2c6833b5cd15225ae3ae4f04e41cf64d117e971d98 via relay
2026-08-09 21:43:32.973+09:00 [INFO ] Accepted block 76f91673ee4a982a4c824edf49a668e3940c786deceac2f0b3af385fe03145f9cde5fb403d9f0b7d88d3f248565e932f937fb79056e14e9317a5139a624fc534 via relay
2026-08-09 21:43:34.564+09:00 [INFO ] Accepted block 8c356d5c7dd53ddc4093fa992446500d331f8ad3158fa429ad2c7baf508e38643558c1f819d63f2733a2916f4bac61580485b704ce4f38682d8cc5d7417061a3 via relay
2026-08-09 21:43:35.797+09:00 [INFO ] Accepted block faac19e01b184c65d04ccf7a72ad68877eaad0ba25da380c4900f61fd3825d80d8eea9dbba8c24bc67e871fc102d4d1bc81afcc447f6e02640cc95decbed0bfa via relay
2026-08-09 21:43:37.408+09:00 [INFO ] Accepted block 6398ae783ba139f0dbbac35eae9c55d61fd982425601859ebc535d9b8277a4cfb428fa57829c7251edb67e8dcb5a78fac673380d25c27bb7be6e6f306d5c30a7 via relay
2026-08-09 21:43:39.002+09:00 [INFO ] Processed 7 blocks and 7 headers in the last 10.00s (7 transactions; 7 UTXO-validated blocks; 1.00 parents; 1.00 mergeset; 1.00 TPB; 0.0 mass)
2026-08-09 21:43:39.002+09:00 [INFO ] [ibd-perf] 7 hdrs avg: validate(A,parallelizable) 115.4us | commit(serial) 235.1us [add_block 12.7 + db.write 106.1; held-lock 179.3] | f_serial=0.671 f_reach=0.036 | parallelize-ceiling 1.49x
2026-08-09 21:43:39.051+09:00 [INFO ] Accepted block 4eada4d0104e3d6df21737186aa758f03c70f470659f4d5ef8d60e05fed4efa3ad9e412794c83bb66f1c792e456ba8161e9e835030422b49d969aa0ff961bc94 via relay
2026-08-09 21:43:39.077+09:00 [INFO ] [validator-service] heartbeat: mode=active sink_daa=2387 bond=Active(active=true) active_set=[epoch=23 is_active_validator=true (active_validators=5)] dns_overlay=configured (stage=Active, dns_confirmed=true)
2026-08-09 21:43:40.430+09:00 [INFO ] Accepted block fa0e15c2e59580b8f54778226dafc1f485a5f5c9149eda2baddd2c74ca91a8be3593b6447d8b3bbe49f8cc0a492afbada5ed63547e606fa20595798152867d2c via relay
2026-08-09 21:43:41.544+09:00 [INFO ] Accepted block 00eb3e347fec4b5818c66369e1a86270270fac5b11f809e2dd5acbb6aaedf514fb4958ef78035bf610fb381193240a31c34947fb6b0dadc96380c1a33e6e71d3 via relay
2026-08-09 21:43:43.119+09:00 [INFO ] Accepted block 830ea7576c7ecec729e40a6386acbbb447c8abceaaead72ac031c5bc443ae05d3f7f484bf9acc583eb7ca5f93768f41194426f528390575ed1352fd98400245b via relay
2026-08-09 21:43:44.640+09:00 [INFO ] Accepted block 6c96f597e8a8cfe2bc67cf10815f6964128d7271fb67e73b343710c2fa60d7bf2d65bbdf78e1c0beaeb3f0b79484d376a194148856fb1361f4070d11f4d1bbb8 via relay
2026-08-09 21:43:46.686+09:00 [INFO ] Accepted block be6ac031e3f2b0d92113a596cf45e2924e9c2d3da3e1acdf2fda5dd68dc7d0b76f3dcb04493ce10f6801ee0689e79e9f73ff7857e21b9cf694fcc3c6fac6547a via relay
2026-08-09 21:43:47.933+09:00 [INFO ] Accepted block 222fcbd2ff1407d0ef159c94e539ab2b6f1cb0339bcfbc6c49a8bdc0b37f6fe5b46b5b9bd7846f4613f6c782734d90b848848c807d709078e4e2287f719f27e4 via relay
2026-08-09 21:43:49.001+09:00 [INFO ] Accepted block aa48274e56a9415758bcc012d52cf109715a28ffefae51ee25a56e9c0d5341ea65a90b62fdd181c834a403eb1c332d682e4e22423c81f4fb0cbd3d8a15eda5f9 via relay
2026-08-09 21:43:49.004+09:00 [INFO ] Processed 7 blocks and 7 headers in the last 10.00s (7 transactions; 7 UTXO-validated blocks; 1.00 parents; 1.00 mergeset; 1.00 TPB; 0.0 mass)
2026-08-09 21:43:49.004+09:00 [INFO ] [ibd-perf] 7 hdrs avg: validate(A,parallelizable) 146.0us | commit(serial) 319.6us [add_block 21.6 + db.write 133.2; held-lock 250.4] | f_serial=0.686 f_reach=0.046 | parallelize-ceiling 1.46x
2026-08-09 21:43:50.665+09:00 [INFO ] Accepted block d27c72b30ca9e23d376473d7740c450c5d02df265b5a7c785cef992bec22fae1f7b7848617e6a166264831f8839c6fed7a9ab046a888df3638ef451f1c061ae8 via relay
2026-08-09 21:43:51.698+09:00 [INFO ] Accepted block 36a3f8c8e00622edace930e00242970df7cf16ed652f17988a91cb3e2129e23f4ae939bd13f7069a48efd5a8bf2339b44f69c3e04e20a533e1c650655a752dcb via relay
2026-08-09 21:43:53.080+09:00 [INFO ] Accepted block 9e3c4785ba8dba2b024fe0db031e1a4bbbab707ce4f66b0e0ff36ccdaeddcb4ac6e6deb70a748690c5194378de5a33b05699c837f2a2bebfde504d8e24afddc8 via relay
2026-08-09 21:43:55.520+09:00 [INFO ] Accepted block c6197064661c98b0bd9bfe03a05360f539caa1bd8f59cde603a60a466f7842352d121d59e45c71352841855266e17437471112189747cb88a1067b357c19cdbd via relay
2026-08-09 21:43:56.244+09:00 [INFO ] [vlt-shadow] sink_daa=2399 5 validator(s) with credit; 7/13 epoch(s) would reach quorum; newest epoch Some(22): W(E)=208242750 signed=208242750 snapshot_root=71f162f88ee58db75713fec72d51d9d700b7c407d8f71ce73a14f89abd7486469f83867961c4c778e8519c3265a7ed524662d1bfca7c776026f4b675b9381393 — the weight fence is at 18446744073709551615
2026-08-09 21:43:56.244+09:00 [INFO ] [stake-score] sink=4f52aab5de512ccb9c88d20dca5d06446739b704d7f909ab076a8d742430d3bd9b441626b61d9bf3eeda2484fd82c98f3bf48761ca871e5c2088852e59da8dbd sink_blue=2400 credited 54 attestation(s) over 13 ready epoch(s) → stake_depth=12000000000 (rollout=Active, health=Active)
2026-08-09 21:43:57.247+09:00 [INFO ] Accepted block 4f52aab5de512ccb9c88d20dca5d06446739b704d7f909ab076a8d742430d3bd9b441626b61d9bf3eeda2484fd82c98f3bf48761ca871e5c2088852e59da8dbd via relay
2026-08-09 21:43:58.789+09:00 [INFO ] Accepted block f919ce57a029821661b26fb44d74f16085028c75ed8054bb41e32763008301177a999307738ca7e7bd0e1906de984cb1e8269c47711cee68a3f5781b2faf0a17 via relay
2026-08-09 21:43:59.005+09:00 [INFO ] Processed 7 blocks and 7 headers in the last 10.00s (7 transactions; 6 UTXO-validated blocks; 1.00 parents; 1.00 mergeset; 1.00 TPB; 0.0 mass)
2026-08-09 21:43:59.005+09:00 [INFO ] [ibd-perf] 7 hdrs avg: validate(A,parallelizable) 97.8us | commit(serial) 192.0us [add_block 13.9 + db.write 71.6; held-lock 144.4] | f_serial=0.663 f_reach=0.048 | parallelize-ceiling 1.51x
2026-08-09 21:44:00.019+09:00 [INFO ] Accepted block 140e0bcfb818311af52e0f27f409beb908140cf338ed3d7a5c5836324cfa4286d26831a6b4ca72b015714333ad1e75c51555aded77055f1fc1899074ae5fe5ee via relay
2026-08-09 21:44:01.255+09:00 [INFO ] Accepted block ad219b0eea53364bc58abbc5f2dbd50d3b32c25ec3452806b9b4958899ffe5b81c33845b096513d7f602865ad117dea3dc3a28547aec3f20d33f2af6ddc5c772 via relay
2026-08-09 21:44:02.431+09:00 [INFO ] Accepted block 36714d9b37636bbfab1dcbab585e14fe9dc58b8fbb45844051c4069dacad8c9bdbf043a6a027118bbd31456ef5865de44ed3e32b632bcca4e49d540c7c7db324 via relay
2026-08-09 21:44:03.558+09:00 [INFO ] Accepted block 3c918f13ff6cfcf73aeb79871a35e1bcabbedeca3a5290b4af06bca1a1f9e8524cc400bb4c9e1eaf7f8fcde614bfa16e404389d4fa88b92d0bf7336df64624ea via relay
2026-08-09 21:44:04.666+09:00 [INFO ] Accepted block b04732f6254b6f0f98916cd819d49e2ebbd571a36ba87df0b0f9f41eee738fa40832c62a860ce0ad2b6bbb557e589ecbf388df5a7b024cfeaf02305866be7571 via relay
2026-08-09 21:44:05.943+09:00 [INFO ] Accepted block 2202efa0cca54b4f12686d14f4a905d4e5f9b4d227d27e23043e36c361fd0b6fa821c4fb8255468428781fcf59bfa025d5e6771c34f33e77b17fea76ebc4eb1d via relay
2026-08-09 21:44:07.184+09:00 [INFO ] Accepted block edad0d3567d2ebe7ae447fad940154404ab000482f151c44b2628eaab1f33c0a39448ef2ccea0d754e9930ae3c50561d312c73e59bc23c8547a4430b1b2fb870 via relay
2026-08-09 21:44:08.358+09:00 [INFO ] Accepted block 129e3245d6ec8c565cae06c9e461938ef9b4a52e3694ac0162365748745e5a4696a4bb867dee2935845cf81e40da737b9154831ead5ffd5775e3e003c5722610 via relay
2026-08-09 21:44:09.006+09:00 [INFO ] Processed 8 blocks and 8 headers in the last 10.00s (8 transactions; 9 UTXO-validated blocks; 1.00 parents; 1.00 mergeset; 1.00 TPB; 0.0 mass)
2026-08-09 21:44:09.007+09:00 [INFO ] [ibd-perf] 8 hdrs avg: validate(A,parallelizable) 91.4us | commit(serial) 224.3us [add_block 14.0 + db.write 102.8; held-lock 178.4] | f_serial=0.711 f_reach=0.044 | parallelize-ceiling 1.41x
2026-08-09 21:44:09.095+09:00 [INFO ] [validator-service] heartbeat: mode=active sink_daa=2409 bond=Active(active=true) active_set=[epoch=24 is_active_validator=true (active_validators=5)] dns_overlay=configured (stage=Active, dns_confirmed=true)
2026-08-09 21:44:09.961+09:00 [INFO ] Accepted block 411dfb3d1eba700a74fb82b651137501797eb25dd64499a4e3131dbfcc57175f0d85bfdba1493456acb8744510421ec70153a8135bba97d555a7179c7f6c299b via relay
2026-08-09 21:44:11.531+09:00 [INFO ] Accepted block 6c899e573faa0df2b104fc98f52eeb46492ca154fb8cc43060990e67ecc8bd9fbf8372c0c361439c631c260866f38fa8bc5df3793518d2cb712a10427099b1a5 via relay
2026-08-09 21:44:12.717+09:00 [INFO ] Accepted block 3ccb6018775a641e4a4a665c2ad14728b43ed37e3b7b81f682730a589869bd041a1ce08623245c27a70158411522dba48e390ae4a903f7df11fe5d26c80cf014 via relay
2026-08-09 21:44:13.952+09:00 [INFO ] Accepted block 735b38707c9e1cd578e6bbea28de41dd5602ed6f8ca902149ba0da0b8b2aa8eb3700c0898dfa8a2493aa5b2579debfe3ac3c036df1dd913a93bbcc12f9722539 via relay
2026-08-09 21:44:15.276+09:00 [INFO ] Accepted block e372ec54e48a508b77c253d2f1b167d421c40701ae435fb5a46d331b460f6e2026d57040ef81a58e3e5ad86778ddb4900c75f5fddc9aa7cd4908b36696327e41 via relay
2026-08-09 21:44:16.312+09:00 [INFO ] Accepted block 22193f1bc4cb3d8931412feb7063b5e7e417d473f2c8fbdaa59a2c536dbcceeb9a23a959f3133c5cd2babddb51cbbb494a8ee57a10667d297bdc910b6270b02c via relay
2026-08-09 21:44:17.976+09:00 [INFO ] Accepted block a39a5f785bfd5c561349788da0b2d2a324fb5f63304493fd0b8ccad2a2163c2bc7558ef6fcc77b700429b71a256e9f0a965956a95d75ac29ecef7c3e86f2e554 via relay
2026-08-09 21:44:19.008+09:00 [INFO ] Processed 6 blocks and 6 headers in the last 10.00s (6 transactions; 6 UTXO-validated blocks; 1.00 parents; 1.00 mergeset; 1.00 TPB; 0.0 mass)
2026-08-09 21:44:19.008+09:00 [INFO ] [ibd-perf] 6 hdrs avg: validate(A,parallelizable) 93.0us | commit(serial) 214.5us [add_block 14.7 + db.write 86.2; held-lock 163.5] | f_serial=0.698 f_reach=0.048 | parallelize-ceiling 1.43x
2026-08-09 21:44:20.285+09:00 [INFO ] Accepted block d1396abd5ab65c38e5a0a88a533e470c1719bdae1dc703a5cf5debfbacf9ac2f8f69fb9aee4a59314997acf10123d7bb91a00880cbaafe788ea38d3aed450375 via relay
2026-08-09 21:44:21.787+09:00 [INFO ] Accepted block 2d4217cbe8d756c5a70678a184cce86d42c0c24e4efa5e5c9092273655ef3ffea6ef0705f53551af3c0e1f62b7e3495b55a54b7cd178313951d579ceb47cfaf3 via relay
2026-08-09 21:44:23.415+09:00 [INFO ] Accepted block 46374606f1c5295335f7c9b68c9a61a3fce6b5feccd83e12196cf51e81aec9961130ba4ac13468ebd84079cebfdf28b25b51237c5bdf7b848c7c2e9e09c9d830 via relay
2026-08-09 21:44:24.693+09:00 [INFO ] Accepted block 4743db0c8d19dc5320a4e8af765bd231a1a8f920ff3a2c9cd8a983d8a9db64533c2303d225201e38c41701bbd4474ea70f94d0983dde1985b6a570e272d5970d via relay
2026-08-09 21:44:26.816+09:00 [INFO ] Accepted block ac3c279d0a935231f4062492f4322bb5276e06680184b41d95798f0ab1a1d331969d85c033dc51da40954486c816538fee4bbea903fc2ea7e1710c7576879016 via relay
2026-08-09 21:44:28.022+09:00 [INFO ] Accepted block cbfd96e7a691ae5bd2598541ac23146ef8fdf2f2652442bb4db5baf10297e92ddc44e0062c76f61ace862947ad86c45e668100c85c3187c3d2e97ecf4999a696 via relay
2026-08-09 21:44:29.011+09:00 [INFO ] Processed 7 blocks and 7 headers in the last 10.00s (7 transactions; 7 UTXO-validated blocks; 1.00 parents; 1.00 mergeset; 1.00 TPB; 0.0 mass)
2026-08-09 21:44:29.011+09:00 [INFO ] [ibd-perf] 7 hdrs avg: validate(A,parallelizable) 108.1us | commit(serial) 236.5us [add_block 16.4 + db.write 94.4; held-lock 189.2] | f_serial=0.686 f_reach=0.048 | parallelize-ceiling 1.46x
2026-08-09 21:44:29.205+09:00 [INFO ] Accepted block 23054650d08f6cc8814f93efc7351b219293115aa2692b5695bc0289bb212b01eb0379a9bad4e610c5239c16249b477a5b556f576446121e10394a95c2ac951a via relay
2026-08-09 21:44:30.397+09:00 [INFO ] Accepted block 2a4336db1c3debdf472e5dc543293c3ccc0811a9cc979923dadbb80be4ac166a15c837c2d216afe8049eeae063df522fd421f3346066eef6930b9c5882504c43 via relay
2026-08-09 21:44:31.669+09:00 [INFO ] Accepted block a2965935bc8ba7afc811d72201cdf06e84a29663b216034c8fb7b86619a53898ac4310327d0b02f14e2485e840af9526405d39cc1d487ce58e81a2216d37b39a via relay
2026-08-09 21:44:34.702+09:00 [INFO ] Accepted block 205e2e1089c8c1af27df79c295e2288f7223c7822d30799b67e2e8ab1ef4f0bd7b14758fd2306d54759b4f40f1d0b763549bb87fb435495160e0020ffcf9dc46 via relay
2026-08-09 21:44:35.774+09:00 [INFO ] Accepted block c34add09f0fd574188daaf0fe6fbc8ff13b6005379e624b1f6f42779851851227323b042be64108794feb3d889aa24164c6f08ea0b8ef308cf321a548eaf75af via relay
2026-08-09 21:44:37.674+09:00 [INFO ] Accepted block 7b2a696bd0d76dd638678b7bcf03da4f0064d6fe0d0975037133a866b4c2a90c9d04f172a06962275246f25739a833834059df474c5968c54d764cee1b4225c5 via relay
2026-08-09 21:44:38.827+09:00 [INFO ] Accepted block ef803cfb6fff576d68120df5d926f03defdad6b5fc5fee4e62c5f8cd4f3594afbfea8ff5828865c650c75a4850af8a0cdec57c38226b81e83ad55914e65da821 via relay
2026-08-09 21:44:39.012+09:00 [INFO ] Processed 7 blocks and 7 headers in the last 10.00s (7 transactions; 7 UTXO-validated blocks; 1.00 parents; 1.00 mergeset; 1.00 TPB; 0.0 mass)
2026-08-09 21:44:39.012+09:00 [INFO ] [ibd-perf] 7 hdrs avg: validate(A,parallelizable) 140.5us | commit(serial) 243.2us [add_block 17.4 + db.write 83.7; held-lock 179.2] | f_serial=0.634 f_reach=0.045 | parallelize-ceiling 1.58x
2026-08-09 21:44:39.111+09:00 [INFO ] [validator-service] heartbeat: mode=active sink_daa=2429 bond=Active(active=true) active_set=[epoch=24 is_active_validator=true (active_validators=5)] dns_overlay=configured (stage=Active, dns_confirmed=true)
2026-08-09 21:44:39.963+09:00 [INFO ] Accepted block 3427482b07115a85a4cea4fbf9e85fff6a510e80d923a3401d8952a3c60073df54158fc3246a0947333bd336110bf69d26e85fb17e622226812614e870129fa3 via relay
2026-08-09 21:44:42.311+09:00 [INFO ] Accepted block 24ff38c8b2fedf863bc90789a269e4374c631b37200993e65b118d1f2af2b00d4b68921d0da4420b95acf240736ec950cd590e124b42b7cf375a07802ab891b5 via relay
2026-08-09 21:44:43.780+09:00 [INFO ] Accepted block c3119fc4594565a57dbba6bfb35d1133f38a728c20d49c0a5f217efb0845fbf4851361bcca9284e08254ae9e772ad33f0065aa95191a435a3e2601f8875d8f20 via relay
2026-08-09 21:44:45.212+09:00 [INFO ] Accepted block 42aa48075fd2a50b686ef481efdd221454adb1c3ff5a42ccbcb01e2093cdfa44dbc69ba8bbc38b5e84a64c95d8d705092724b417719c1319aabd800d81ebf57a via relay
2026-08-09 21:44:46.598+09:00 [INFO ] Accepted block 5db0860c9de3d596a45317e97c5fde35915e10a7afdd7234976bf777c989ace8d566c9e9426d38ece277014befccc7aa7c292e6757ce321adefd4b3eb307a3e5 via relay
2026-08-09 21:44:48.433+09:00 [INFO ] Accepted block 1d8d59c374497a24284dd20b36cb356992c68d7e5c28e85109dbf6cf48c501f293bbaf9d4e713889f0b1b209bc8714f9a647a2a503a2b5cd9f291095aacb807c via relay
2026-08-09 21:44:49.015+09:00 [INFO ] Processed 6 blocks and 6 headers in the last 10.00s (6 transactions; 6 UTXO-validated blocks; 1.00 parents; 1.00 mergeset; 1.00 TPB; 0.0 mass)
2026-08-09 21:44:49.015+09:00 [INFO ] [ibd-perf] 6 hdrs avg: validate(A,parallelizable) 96.1us | commit(serial) 231.8us [add_block 15.3 + db.write 97.6; held-lock 179.3] | f_serial=0.707 f_reach=0.047 | parallelize-ceiling 1.41x
2026-08-09 21:44:49.537+09:00 [INFO ] Accepted block 7542f3f96bcddc97a38a6bed4a5845694dacfce38cf8eb5c1b0a6297bc8550f0326425bd2a86f1a9daec593517dc482bc4a7afce00994ba53e3425790aa89e82 via relay
2026-08-09 21:44:51.727+09:00 [INFO ] Accepted block c80ad3ddac9835bbadec340646eccb81dc6f5a0ee0042435075741ea940d4e2d4eefd9ff74dff70018d5fa7c2b2da4e7b67555d7fe774af6289ce82d93d310b3 via relay
2026-08-09 21:44:53.227+09:00 [INFO ] Accepted block 797258e1415b7e75145a52fe520771c26035c96f34d41008b348090d5a72a38e6b7f074ef5a29c9999546a4170ccb4515319f8b3103ca559595933971a53b57f via relay
2026-08-09 21:44:54.301+09:00 [INFO ] Accepted block ad73dfb8f5a360f22de56acbeb9b7f3f0cb81775027981af947980a420b067bffbb8fd3fda53a0e14a183599334910bcbf83471c495bfdba770f76b0dc3eeacd via relay
2026-08-09 21:44:55.490+09:00 [INFO ] Accepted block f653952360aed2d6770ccffce1b947313e24b996939fe21093fa99e87b70b749d8678678a36983affd93863e6fb5ef49762d3ad887a6386ae64b06e427a256ed via relay
2026-08-09 21:44:56.914+09:00 [INFO ] Accepted block bc96a7b9e114cfb383f43c075b04d3c293b2b80cd40b0ba14a47da370176727690c22ada79c3b7c8a73423e8da70bf3458eb2a523a73f6258ce0b949ae75a6aa via relay
2026-08-09 21:44:57.993+09:00 [INFO ] Accepted block 2bccf4ea08379f02e79cf7c91c1e278f94d2dacd8c65c9dce72a1e585a0435576566bba4ef41854af18271d4b7a43210ee760dfbb1cf49be4243de8e392e045e via relay
2026-08-09 21:44:59.017+09:00 [INFO ] Processed 6 blocks and 6 headers in the last 10.00s (6 transactions; 6 UTXO-validated blocks; 1.00 parents; 1.00 mergeset; 1.00 TPB; 0.0 mass)
2026-08-09 21:44:59.017+09:00 [INFO ] [ibd-perf] 6 hdrs avg: validate(A,parallelizable) 130.2us | commit(serial) 234.0us [add_block 16.3 + db.write 93.0; held-lock 174.6] | f_serial=0.643 f_reach=0.045 | parallelize-ceiling 1.56x
2026-08-09 21:45:00.573+09:00 [INFO ] Accepted block b94176967be92bc74c5aa137dfacb1d1d24c6830edc36c5f6c9633376a5bd5bc22fa00bca138d39f24d3245014101db57bb431365cf37a70769e918c6e8b9109 via relay
2026-08-09 21:45:01.901+09:00 [INFO ] Accepted block 175c8322a0aca9a3aa00edafe7930c6d818a53d8a30666ff55d996d921a793814b820d85e797be7d679359b18379ccc9f1ef1ba90fe49583e924025fbd5e35b0 via relay
2026-08-09 21:45:04.749+09:00 [INFO ] Accepted block 6cc0aad75a3725d738339f4a032bfe1bc6d94a5fe562c18c1e2b1e2f85284c6b02d354df2c98b1d6c93839e321ec55621dbc184de322d94593fa963918ef1675 via relay
2026-08-09 21:45:05.911+09:00 [INFO ] Accepted block 6271fb75aaf22ce607d7d85e10023d03644212648f7c829928c540e9aa051b8da1690fcdeca42fa6bcb0c29440948d718ff6c1b6246eef22aff6033ba87c5bbc via relay
2026-08-09 21:45:07.423+09:00 [INFO ] Accepted block 6827af551630d9b8fbc981386428934c4d9f30666763490a8fb9d68d82237f149959b2611227f71a4c29bc059fc7cf1baeec8b8c5d14c13eb2e8c5405d4c24c8 via relay
2026-08-09 21:45:08.904+09:00 [INFO ] Accepted block 4abb598491d62cf20e0ce711ff728133ba480106149c8f4cda4412d0ca09752f10e589c0ac99fdd80cd5c3a65d7ce0095f6a6aa496e74069a37df6608806fdde via relay
2026-08-09 21:45:09.019+09:00 [INFO ] Processed 6 blocks and 6 headers in the last 10.00s (6 transactions; 6 UTXO-validated blocks; 1.00 parents; 1.00 mergeset; 1.00 TPB; 0.0 mass)
2026-08-09 21:45:09.019+09:00 [INFO ] [ibd-perf] 6 hdrs avg: validate(A,parallelizable) 95.2us | commit(serial) 218.4us [add_block 16.8 + db.write 87.8; held-lock 168.9] | f_serial=0.696 f_reach=0.053 | parallelize-ceiling 1.44x
2026-08-09 21:45:09.126+09:00 [INFO ] [validator-service] heartbeat: mode=active sink_daa=2447 bond=Active(active=true) active_set=[epoch=24 is_active_validator=true (active_validators=5)] dns_overlay=configured (stage=Active, dns_confirmed=true)
2026-08-09 21:45:09.136+09:00 [INFO ] [validator-service] submitted attestation shard tx 41e91b6e016b7c4daf43b1f8d71cb5f150f1fa44db64dd77ea0aacc4f53100df8b1d201f1c8c2922fe2ad2dafc4ee5adb3b298e156d789eebf751ef4fc502f99 for epoch 23
2026-08-09 21:45:10.368+09:00 [INFO ] Accepted block 533d218a76612bdc3bc6ae3dee5a467fd4b87030097bd672321be606ec221537a65f33b84eb8d878e0f1d96d4019abc8ad0a88d1d7f0df16672789d9619eaad0 via relay
2026-08-09 21:45:11.677+09:00 [INFO ] Accepted block efa954268573f35dec9d8b6ddc079a3f7ab21822e093708dd552248101c41f008d51ae6847052ecf32201b30c0511694f4fdea8783ce71bc86d8f5094f759157 via relay
2026-08-09 21:45:12.858+09:00 [INFO ] Accepted block 387f87149d996d7681f3fb9779b53cf9962b0928f495a4721cdd309fabf7d0e50d516370dd94c2ea47c7edb567946212cc7fd0e3ce4d8a7863709d632dc0b65a via relay
2026-08-09 21:45:13.981+09:00 [INFO ] Accepted block fae27b2fe355029e69589538ea89209c3bbb1850f3ad4b8a741936898c8d1a0df47333c2c3e66143ec401414d81360f14268da3e61dec0e196b171c50309cbd8 via relay
2026-08-09 21:45:15.131+09:00 [INFO ] Accepted block 94d7bc05647d60bbd6c8a8e5fa1514275620415976c13e5e54fab52eab2e590c121d5d08c2c80448b3217dac5c14ec0524008a3d03a99a10dee215c7db1a31a0 via relay
2026-08-09 21:45:16.537+09:00 [INFO ] Accepted block 6c9746f6f96876fa2ef235d6c0ea5bc7afbd64c594e470596c708b002326d3e4fcac7f9724a190759c8ef9898196360eb10aac8b8f23ce9b76d24dc47ff3f119 via relay
2026-08-09 21:45:18.621+09:00 [INFO ] Accepted block b9caa5438bc47bf09db81e44d16d8ce672864d20a1cfdbae9d5358b2c6b048919d111b51d0cfe3cce289345bfd7a6cdee9762a5e6061083f69adeb4f8e7352bf via relay
2026-08-09 21:45:19.021+09:00 [INFO ] Processed 7 blocks and 7 headers in the last 10.00s (12 transactions; 7 UTXO-validated blocks; 1.00 parents; 1.00 mergeset; 1.71 TPB; 35857.1 mass)
2026-08-09 21:45:19.021+09:00 [INFO ] Tx throughput stats: 0.50 u-tps, 100.00% e-tps (in: 1 via RPC, 4 via P2P, out: 5 via accepted blocks)
2026-08-09 21:45:19.021+09:00 [INFO ] [ibd-perf] 7 hdrs avg: validate(A,parallelizable) 93.0us | commit(serial) 227.4us [add_block 15.6 + db.write 98.6; held-lock 181.9] | f_serial=0.710 f_reach=0.049 | parallelize-ceiling 1.41x
2026-08-09 21:45:21.489+09:00 [INFO ] Accepted block c140cfe5263e89be0be048d6b851ba98849e0474743954ad95c922c80f2031f4682a592d08b54e180b7b8e379ad7c7bcb2f396987bd4ba608178ddca1704c2b4 via relay
2026-08-09 21:45:23.014+09:00 [INFO ] Accepted block 3948f4020da27ae84626e69702732a7a5ed5fb4500c4747fb124e99839d2112fbb6ece7e26ad268b111b1e11c6ffdf2069bfc390f61ca357bd0ada6c92459676 via relay
2026-08-09 21:45:24.781+09:00 [INFO ] Accepted block a2ae675ad0ee0ea06e579526d901a5847f0e373eef1ca70cbb1079815e78fd3e6eb817c6ca638be3270607deb9f6fd630cabc3b3c011059e2f1b0e3fb922bb91 via relay
2026-08-09 21:45:26.526+09:00 [INFO ] Accepted block 4b968c2119bf4f87eec7350c356f26e443b1f38a52915a498a5b593e61e5ea6dbe14474a37f7b3e2878517e629dc765112dd52528e71d62b8ebd1cd4b7081e22 via relay
2026-08-09 21:45:28.021+09:00 [INFO ] Accepted block b2ecd10723e07348ed4cdbebf6bbd342da335705961a2eac00f7eaadf2a8e1ec1bac909da45c4a8d9df0ffab95407f3258e2f84c3fedd2c174af8d811f0b3b4f via relay
2026-08-09 21:45:29.024+09:00 [INFO ] Processed 6 blocks and 6 headers in the last 10.00s (6 transactions; 6 UTXO-validated blocks; 1.00 parents; 1.00 mergeset; 1.00 TPB; 0.0 mass)
2026-08-09 21:45:29.024+09:00 [INFO ] [ibd-perf] 6 hdrs avg: validate(A,parallelizable) 95.9us | commit(serial) 237.9us [add_block 15.3 + db.write 112.4; held-lock 191.8] | f_serial=0.713 f_reach=0.046 | parallelize-ceiling 1.40x
2026-08-09 21:45:29.439+09:00 [INFO ] Accepted block 58ec25bb5e30538c5f0e5ace04237715416ddfb4088a34e87631b2636a01dec381043043f37d998969b95de558a08ecfe202e0621c18f5676beaaa04c800fc8b via relay
2026-08-09 21:45:31.185+09:00 [INFO ] Accepted block 30db3627be79561016d05638dc9273bbe6e9bcc173c93309428ba4a4ff7ae643ad7818e6adc8dad3fcee514f82d3659792bd3d1bfda22ca84981b206266a9d7c via relay
2026-08-09 21:45:33.475+09:00 [INFO ] Accepted block 86c828905d8c6726ac262448aab83e5bf14f412b967ea4ec0ee0bf3bd1217f32f234204fa5dd694b81cc0b04fb4efe5ee4209f06132c8d038d2f359c4f50f68f via relay
2026-08-09 21:45:34.813+09:00 [INFO ] Accepted block 4cea8d3280a66b035bcb7a1a41179dab2cc9d2416b5ff265f5b74ed8e398e8827f04b78242d6bcf88ea21497d88ca2cfb8bf748708e62ef6a941b459dc0f90bf via relay
2026-08-09 21:45:36.332+09:00 [INFO ] Accepted block 99ef1aed6361991ac73611997c4a5e9a7f88cf63cac6e066d484e675f451e5781dd5e51789d45ba579ed0a7553f76f9835875117bd644ab09852eeb94ea46b5e via relay
2026-08-09 21:45:38.071+09:00 [INFO ] Accepted block edfddc7ccdf96638c5a177e3b9cb306cec3df86da5d79f0eddef2ca2fb01ea4150bb75e2b5adedba0ff0c0e3815312f74748311b623c5b5daf29119ee91c2392 via relay
2026-08-09 21:45:39.025+09:00 [INFO ] Processed 5 blocks and 5 headers in the last 10.00s (5 transactions; 5 UTXO-validated blocks; 1.00 parents; 1.00 mergeset; 1.00 TPB; 0.0 mass)
2026-08-09 21:45:39.025+09:00 [INFO ] [ibd-perf] 5 hdrs avg: validate(A,parallelizable) 103.6us | commit(serial) 236.9us [add_block 13.9 + db.write 116.9; held-lock 186.8] | f_serial=0.696 f_reach=0.041 | parallelize-ceiling 1.44x
2026-08-09 21:45:39.154+09:00 [INFO ] [validator-service] heartbeat: mode=active sink_daa=2465 bond=Active(active=true) active_set=[epoch=24 is_active_validator=true (active_validators=5)] dns_overlay=configured (stage=Active, dns_confirmed=true)
2026-08-09 21:45:40.157+09:00 [INFO ] Accepted block ca82be2fc9b8817f8d050ef70f90207bad2015afcc0f055a9e1b7906adbb2d4cedb3c1b04bdc351156250f291706bd9ce383c9f47fae74189360f4fd0ddc7f62 via relay
2026-08-09 21:45:41.652+09:00 [INFO ] Accepted block a021010ed2bd73a8c29e2e51c69bef5e21a9d5b2704d6c9660171e5ef2ed1175a41a43a56adbe8ab1a81a7b3ace5f20a615eb75f30e158155c1489ec21e10b94 via relay
2026-08-09 21:45:43.125+09:00 [INFO ] Accepted block ac394a49c717ff23b075d0a43f0807c0d90cddc3506f61d9b3097d78574a202e29f250fa12214224af0fdaba1d0b5a1866cde15feeb8be9e44c22604e31fa3a3 via relay
2026-08-09 21:45:45.134+09:00 [INFO ] Accepted block c101e617c271fff839df87122acc9bfe389f1365db16b25b3305dcd5df64baa7408c1bcc190e73cb53b31c49c52f3d76bb4021ddcdb2aa20bf9d4f90b3831c29 via relay
2026-08-09 21:45:46.715+09:00 [INFO ] Accepted block 8dd710065106e941e5278d56642d9f9c9f64088f74ae2ae061a867c3bcb8aa628c97162d1710187217b4720405485ea3a2258f5a49bcc649385e9134dc21f091 via relay
2026-08-09 21:45:47.760+09:00 [INFO ] Accepted block a8543e5d8f9dfdce99d9f38c4af1c24755de97dc2a00db09b473d769ec285895b38c7a076963d58f2962b6b23fa1cf043c3d93e6b9fc286e2598f8f6c4a2299e via relay
2026-08-09 21:45:49.028+09:00 [INFO ] Processed 7 blocks and 7 headers in the last 10.00s (7 transactions; 7 UTXO-validated blocks; 1.00 parents; 1.00 mergeset; 1.00 TPB; 0.0 mass)
2026-08-09 21:45:49.028+09:00 [INFO ] [ibd-perf] 7 hdrs avg: validate(A,parallelizable) 153.4us | commit(serial) 272.1us [add_block 17.9 + db.write 114.6; held-lock 213.2] | f_serial=0.639 f_reach=0.042 | parallelize-ceiling 1.56x
2026-08-09 21:45:49.154+09:00 [INFO ] Accepted block 0394bd2be74ef61eb5d447925b30226612646a3d85c4aa3803ef41c4c6875b7c5273ecaa0390bb8c7e3124d2d4b7570daf52af2ba7c39f0edb5f57645cb1833a via relay
2026-08-09 21:45:49.436+09:00 [INFO ] EVM lane KPI (O9): 256 chain blocks, avg mergeset 1.00, avg accepted-gas utilization 0.00%, 0 deposit-claims applied (cumulative)
2026-08-09 21:45:50.452+09:00 [INFO ] Accepted block ec153c26ae4a78ba1cd3a38de4f5171d864421cbd3aff174abc1843297fc1a605a75877f17567689a8b348020f769da92ccc380531616531e5501b2d5f11a9d3 via relay
2026-08-09 21:45:51.970+09:00 [INFO ] Accepted block 9a79eb2242af10d9bde0332774a94dbd4527cbb8234a012823e65a7be8199a44d9853b991567a612b2b99fdec72f92848c108820a738fef8687bd9718ec42cae via relay
2026-08-09 21:45:53.189+09:00 [INFO ] Accepted block 1f46ad4d130a61e29bdfca02217f089f0c5979b2fcbd803f8c5ae30b00d84a91cdfa8cd976fd35a64056dfeec202902f97cd567d3664931e3701f5572f03f1f4 via relay
2026-08-09 21:45:54.493+09:00 [INFO ] Accepted block 05c4a69bb672e3084af90a00ff7812319c04efa06e26e70bd7d87ec9d4db9471b1995474139d4795695c60a7fe0e588c53712199cde7718ad2460184f129e671 via relay
2026-08-09 21:45:55.578+09:00 [INFO ] Accepted block 1181c4fa9f86ffc8da13a084b918d534268acb38bd3b3d8353cf38994891c76f049c72d6580765f70f7125f9021bb2e358f9fe89c5927b3bf3867f362918a767 via relay
2026-08-09 21:45:56.610+09:00 [INFO ] Accepted block b0e13ad17aa0385d4316a18831a8604030fbbf38c66eb8afda0cc55fa79ac52dc9b08cde003bd3c3edb5f6069083f8494418a1cced54365e9c0e99130c942f95 via relay
2026-08-09 21:45:58.028+09:00 [INFO ] Accepted block 89f858b2bb5105c7f9d23ff99f7b0506beacbf30afc74eb902c81cbc78a4fefcce5e012f2e63b0f6bcc0a7a471238b2430bbc64e175f209992e0bd9ab013e107 via relay
2026-08-09 21:45:59.030+09:00 [INFO ] Processed 8 blocks and 8 headers in the last 10.00s (8 transactions; 8 UTXO-validated blocks; 1.00 parents; 1.00 mergeset; 1.00 TPB; 0.0 mass)
2026-08-09 21:45:59.030+09:00 [INFO ] [ibd-perf] 8 hdrs avg: validate(A,parallelizable) 140.5us | commit(serial) 241.8us [add_block 17.1 + db.write 99.2; held-lock 190.5] | f_serial=0.633 f_reach=0.045 | parallelize-ceiling 1.58x
2026-08-09 21:45:59.912+09:00 [INFO ] Accepted block d17465ce91991510992c42fd371d9c6a22332af6231eab3421e5e80497e94a08239f00fe1bc7f40a2dadafda40036e7a66e109a60dc2d3d8671b283ea10b0baa via relay
2026-08-09 21:46:02.440+09:00 [INFO ] Accepted block 85abc530e630c564aed0ca4eda502be44589d0156e3c0dde2e521d098e8eb1eab52ceed2157612ff805ef6ba859abb373860ce9cbc8d165d61457e9fb6847d72 via relay
2026-08-09 21:46:03.706+09:00 [INFO ] Accepted block 653b86844f2f04241f84e163266a57312ee33128cbf8280d5455cf33c197d3cbbfb541fbc24800cee98ada188a86d1c7c693c4e2e4fcf4a163fe7137db098f44 via relay
2026-08-09 21:46:05.534+09:00 [INFO ] Accepted block 64fcc0f103673e7a615af9ec12506d7992fb41f39ffec4a46a0018610a219ffb5ee5ff0d38e847428f0310271eb332f317bd06eefa688cfbf979be9ee4c4ddf9 via relay
2026-08-09 21:46:06.706+09:00 [INFO ] Accepted block fcdd786e8bc768dee857d0edba9ce1c6c23c07cf1c2b171cad9bb0aea6fb38e5f62b9eb3657cf8717decce6f3509c5df0265dbeb2db9688afc69004465cd5e9a via relay
2026-08-09 21:46:09.032+09:00 [INFO ] Processed 4 blocks and 4 headers in the last 10.00s (4 transactions; 4 UTXO-validated blocks; 1.00 parents; 1.00 mergeset; 1.00 TPB; 0.0 mass)
2026-08-09 21:46:09.032+09:00 [INFO ] [ibd-perf] 4 hdrs avg: validate(A,parallelizable) 133.6us | commit(serial) 302.9us [add_block 16.2 + db.write 103.6; held-lock 231.8] | f_serial=0.694 f_reach=0.037 | parallelize-ceiling 1.44x
2026-08-09 21:46:09.181+09:00 [INFO ] [validator-service] heartbeat: mode=active sink_daa=2484 bond=Active(active=true) active_set=[epoch=24 is_active_validator=true (active_validators=5)] dns_overlay=configured (stage=Active, dns_confirmed=true)
2026-08-09 21:46:10.336+09:00 [INFO ] Accepted block 772aba8c948eb06d7af47c52d2caf92db0b08ecd65ef39147dbf9ca1acf5bb5031d625d0bc75a3fcc1af5b7af77a8ac4aa53da4bf60f75404cd4ab785d691de7 via relay
2026-08-09 21:46:12.343+09:00 [INFO ] Accepted block 0f2d7b1aa1d9e5e2538f2cefe1fa47b44384d9ba36d2b7c4d22bdb462ece7fd920c8afc82f94e5294c09e1915a60a86076bb1ba17bc423c316a1058fdfbcbc18 via relay
2026-08-09 21:46:13.432+09:00 [INFO ] Accepted block 50cdd4cc308a4f2d0ba2492020f784534f6abe51f52cf05a2c7a076bb3eff5667f82ef9f4fafd6b0a870a18d345db9309d2ac6f7e7adda91f710f819cc5b32ed via relay
2026-08-09 21:46:14.696+09:00 [INFO ] Accepted block 3f9cc0adee98eb248450f22dffc09f6069d5c1bb39da939430eecd6f22b47c20457181d8812ef92dcef049deb67594c29af1d452e6cad37a379bf59ca41a0155 via relay
2026-08-09 21:46:15.950+09:00 [INFO ] Accepted block 7687420456038b196ec87669d906a1e2048270bb3063c1ae9c601611704fbf644c80d0d85e54cb9646c9d76dc37d744df354c3f72e9c0f3d90076a5bfa10ddfe via relay
2026-08-09 21:46:16.997+09:00 [INFO ] Accepted block 6ddc0f69a83c6bd1b37e57cbea0a0263354669a63556106d69401316bd165a4da2239645d06851c06d67c2173a59edc423408e181fec3f556d1756d7e8e6a4b5 via relay
2026-08-09 21:46:18.228+09:00 [INFO ] Accepted block 00cf91c2a20547d12bf3004ad6cd4817f1b03f40f58664dae120d73ccdcb973b8f8e6f64a87256bda9177984083c0c1bcc2844ac9f98da68241342e783c3e2a2 via relay
2026-08-09 21:46:19.033+09:00 [INFO ] Processed 8 blocks and 8 headers in the last 10.00s (8 transactions; 8 UTXO-validated blocks; 1.00 parents; 1.00 mergeset; 1.00 TPB; 0.0 mass)
2026-08-09 21:46:19.034+09:00 [INFO ] [ibd-perf] 8 hdrs avg: validate(A,parallelizable) 147.5us | commit(serial) 282.5us [add_block 19.2 + db.write 126.7; held-lock 217.7] | f_serial=0.657 f_reach=0.045 | parallelize-ceiling 1.52x
2026-08-09 21:46:19.443+09:00 [INFO ] Accepted block 95cd7c55600a365f3bb967a69313abef2adb50bed405299e593143b4f20ee1f8e971532e512881a59f94326e3c44ae434ccf010e63bc82c78e355f63ffa3f600 via relay
2026-08-09 21:46:20.908+09:00 [INFO ] Accepted block 9d4d6fac3a261ceba581c1afac03276770a0d1c94598f3300794652c801f9b062ed5091d4b6f6c9fd515542693351bdedb1a20a00b82b609816cda0e88e8086d via relay
2026-08-09 21:46:22.319+09:00 [INFO ] Accepted block d7ab0d8e8e0c68499ad72dc63c0ccdbf0de22f719dd5edee15572e2af18fe3617b2e102b189cc347d0642a7691c804d9c6e27c26b40c7fd1e1db518a8917bb3b via relay
2026-08-09 21:46:23.502+09:00 [INFO ] Accepted block 25cf79ac215aec384c0183b16411eb4cb7ad518dfbab647934559b9372b8268811e18f7e82f696d9da2bae41c3612a200167c8b1ea824b5702efabc84f4903d2 via relay
2026-08-09 21:46:24.559+09:00 [INFO ] Accepted block 51b3c5df49aa9d0a999876171a9f6d458aae077eda813941b7d815f4e272016732e5a70b1978a2dd1563d53342d5ea1d78d723d8f8a810d0841b7d2157708f46 via relay
2026-08-09 21:46:25.698+09:00 [INFO ] Accepted block 36938efa157b95c9e17c1e820b8e1252e2ed72562de2e9f342153715725963e7186e3d12a4f6bb4f1f0fbca24c1f5ea33af65b13a26cd66ecffca9a7e0ae9e19 via relay
2026-08-09 21:46:27.630+09:00 [INFO ] Accepted block a984ecaf446b74717ac171102960b9f270946524c5e366cdba21acdaee767ead4098ee4be5c2798357ab4c38fb8a32ab7f058b001d0992445669c621aa4bd3a4 via relay
2026-08-09 21:46:27.826+09:00 [INFO ] [vlt-shadow] sink_daa=2499 5 validator(s) with credit; 8/13 epoch(s) would reach quorum; newest epoch Some(23): W(E)=201995250 signed=201995250 snapshot_root=135fcef9f1728202f87a4f0218bf221cacea28ce4c74f00b052bf9cfcb6fd0eac32ee41a8cd1ec724dd063b2c8ed306a35b89b7dba15962df6e037ae34c9e180 — the weight fence is at 18446744073709551615
2026-08-09 21:46:27.826+09:00 [INFO ] [stake-score] sink=9244f9eacfb8b8cefe649c772ce8e59822c4c588680cf58d6b79b92a1e0e5b87ca8ad33d8d72f5a5be0e7523349c1dbece2f71c8adb83e2649c6c7cf2e19db52 sink_blue=2500 credited 59 attestation(s) over 13 ready epoch(s) → stake_depth=13000000000 (rollout=Active, health=Active)
2026-08-09 21:46:28.829+09:00 [INFO ] Accepted block 9244f9eacfb8b8cefe649c772ce8e59822c4c588680cf58d6b79b92a1e0e5b87ca8ad33d8d72f5a5be0e7523349c1dbece2f71c8adb83e2649c6c7cf2e19db52 via relay
2026-08-09 21:46:29.036+09:00 [INFO ] Processed 7 blocks and 7 headers in the last 10.00s (7 transactions; 7 UTXO-validated blocks; 1.00 parents; 1.00 mergeset; 1.00 TPB; 0.0 mass)
2026-08-09 21:46:29.036+09:00 [INFO ] [ibd-perf] 7 hdrs avg: validate(A,parallelizable) 99.9us | commit(serial) 286.3us [add_block 15.6 + db.write 126.0; held-lock 210.4] | f_serial=0.741 f_reach=0.040 | parallelize-ceiling 1.35x
2026-08-09 21:46:30.503+09:00 [INFO ] Accepted block 4ecc81bd6b4dbd3c5bef10d5ca6658373d88674b757672d7f5d857d098eb0d82bbd5f6afb7b13d5caee932b1b31def4b0e4a4a1966343fb4dc5cf5168ed1c348 via relay
2026-08-09 21:46:31.836+09:00 [INFO ] Accepted block dbae542f078dd7dd32ded75d12d1f5c6ace4906b74b39f5374e56694f05e3ab7a506b68fa52d9ea69a624d2d0a8af6a096375f143dd85fb1915aeb2683330b02 via relay
2026-08-09 21:46:33.205+09:00 [INFO ] Accepted block 3965a3c0a1058a23874bc74ca701bca59f8d8905aef096564d820fc450da2348e59d657bdf9cd7fd36b0b01f2fd4b4ea82a223d48cb032b5a344b3c6dfd0f85e via relay
2026-08-09 21:46:35.543+09:00 [INFO ] Accepted block bbeb0a7208fc27b103fb5142c323abac7422a53cae47353686ce49417c12a3d2405be27c12ac4a4a85b98c40da2e9c151e04b3175bb5ba8a8081dd1ebde40964 via relay
2026-08-09 21:46:36.726+09:00 [INFO ] Accepted block 0f20881d12278c5bd475600e827f3a5af74ab67d1338ee82072cc82e592b56aca6abad6c65a3c7f99cc97095f2c0f8466f114694f155cfe103d4defc77190e95 via relay
2026-08-09 21:46:38.444+09:00 [INFO ] Accepted block 0162d90dabad2724b494fdd44cbf0960f686b0ac391d874493593b4f0c69e37f99013097dfcc4009c15a4f3ae21ea6cf45ac596e1ee9365e7ff760cf88f180a5 via relay
2026-08-09 21:46:39.039+09:00 [INFO ] Processed 7 blocks and 7 headers in the last 10.00s (7 transactions; 7 UTXO-validated blocks; 1.00 parents; 1.00 mergeset; 1.00 TPB; 0.0 mass)
2026-08-09 21:46:39.039+09:00 [INFO ] [ibd-perf] 7 hdrs avg: validate(A,parallelizable) 113.7us | commit(serial) 241.0us [add_block 15.3 + db.write 104.9; held-lock 193.5] | f_serial=0.679 f_reach=0.043 | parallelize-ceiling 1.47x
2026-08-09 21:46:39.209+09:00 [INFO ] [validator-service] heartbeat: mode=active sink_daa=2506 bond=Active(active=true) active_set=[epoch=25 is_active_validator=true (active_validators=5)] dns_overlay=configured (stage=Active, dns_confirmed=true)
2026-08-09 21:46:39.751+09:00 [INFO ] Accepted block c5a642d592f0e55b43ce406a38a34998dcd0c446d4e7f457f07e78e7230d2eaa60aa93bd8e30b1cbc9457c937e793e288210668be85dbb17549be3cc0e641819 via relay
2026-08-09 21:46:41.007+09:00 [INFO ] Accepted block 801c6bff09ad961426acc2160c0b7b5827340e23968e2c37e35679a574d662f6c967892d916887cf0cb83f80d2099b12c461b7114bb91ca02623e0fbc9165b63 via relay
2026-08-09 21:46:42.832+09:00 [INFO ] Accepted block 70ce10d315fcf6da51cbfd397a58eab7fc46d7d48f14c078aaf4f35afea02f90f23b084a8520b0d83df96a1c0fa8b0f07cbec8bf7ce5948fd5532df991eb0480 via relay
2026-08-09 21:46:46.659+09:00 [INFO ] Accepted block 1665534f04af31844c623103958b0707004f5852a2489e945c28b0ca98c9289afe42152483bcaa896e763828579c33a3067ab9dcea933226f1b22b497a70cb0f via relay
2026-08-09 21:46:48.297+09:00 [INFO ] Accepted block 142fa82d91cb29617f3585b85e0f3e20b7efc014bf1191c886164323bccd7e7fe0a4790a36ba300e4bd654ea2d3f358232f3450fa40aa93a5d6e82fa90a000f2 via relay
2026-08-09 21:46:49.041+09:00 [INFO ] Processed 5 blocks and 5 headers in the last 10.00s (5 transactions; 5 UTXO-validated blocks; 1.00 parents; 1.00 mergeset; 1.00 TPB; 0.0 mass)
2026-08-09 21:46:49.041+09:00 [INFO ] [ibd-perf] 5 hdrs avg: validate(A,parallelizable) 138.2us | commit(serial) 209.3us [add_block 12.8 + db.write 88.5; held-lock 158.3] | f_serial=0.602 f_reach=0.037 | parallelize-ceiling 1.66x
2026-08-09 21:46:49.829+09:00 [INFO ] Accepted block 844a1b14ae32e10d91b6f89789cf5ea0e64ad3a6ea2a5fe521ffb3f474bea215dca78eb8692c5d5e8520fe98765f0300d74424f28d7052016217964f2b4f62da via relay
2026-08-09 21:46:50.916+09:00 [INFO ] Accepted block 6c923db25ed61224a478cc770fa24f3c84b8fb8829fec5494d5c9c2534b44de301eb7fe1ec41e7cf7bea97d7ba11d7d34ecdcdc552972c8ee4c2c5ed9ed4172e via relay
2026-08-09 21:46:52.069+09:00 [INFO ] Accepted block 8b4ae5c4d5186c41dccea428f6305ed53afb27dd72a5e49446a9984f1edde08ed9d126e6805c0bcb11a67836cd1efcdf611bc98e2ff80a3efdb4a50ef2bc8a06 via relay
2026-08-09 21:46:53.412+09:00 [INFO ] Accepted block c533fbbc01982c99618286d87fd8ae9ea561ca636164f063010e97df848df3b0e36f3e0cee4d742d837c7172a10f8f28e911beeddbe65d3d4c6b18a69b04540f via relay
2026-08-09 21:46:54.478+09:00 [INFO ] Accepted block e8fe4c8521b6e59471cd4d52e4ad9e070f1418925b10f608a783c288294aa1e27cc806138aa9c89bfa3afc68ac1d350515f03e1802c1c729e993ba807256ae94 via relay
2026-08-09 21:46:55.518+09:00 [INFO ] Accepted block 3ea5a497b6a3b6e2e0aa55981868b02fa7a3274ef937e565446d677c899356c097e2f58dfdfb5297dad98c7809044c6d0f7c785d37a3082c02ce58dc5d6d6dd6 via relay
2026-08-09 21:46:56.981+09:00 [INFO ] Accepted block 20d25cd7e2b53d688daad8f99113d6b91507a9662fe1d9d31e5a21ef5305972fa58d35424a7348c9b9cebe87aa1024bd175517555c3521a72df32716320b1102 via relay
2026-08-09 21:46:58.929+09:00 [INFO ] Accepted block 84476ad53088df9db10845901e2fdf8381c227ff54eac0efd9336dff31d7c1ebad39f864a4ad6afd66b01c2e775dfca459b29f4c8c3a5d7c48bca08ba6ad14d2 via relay
2026-08-09 21:46:59.043+09:00 [INFO ] Processed 7 blocks and 7 headers in the last 10.00s (7 transactions; 7 UTXO-validated blocks; 1.00 parents; 1.00 mergeset; 1.00 TPB; 0.0 mass)
2026-08-09 21:46:59.043+09:00 [INFO ] [ibd-perf] 7 hdrs avg: validate(A,parallelizable) 93.8us | commit(serial) 238.6us [add_block 15.5 + db.write 106.9; held-lock 190.9] | f_serial=0.718 f_reach=0.047 | parallelize-ceiling 1.39x
2026-08-09 21:47:00.391+09:00 [INFO ] Accepted block 8fb6df85542430341e19bdf2370b5003ed8693a47df893e32389a6ae8f2defe088e6df94bbd3917e8dff228cdc4985fabde76d1fe502515c8ca985e87845b711 via relay
2026-08-09 21:47:02.869+09:00 [INFO ] Accepted block d0f8c3058f73e039c1ddd864c64385acf60bfdd350596e8dcfff1ed78e0b4a19f7d0be4f1e392a69d8f49ed0b39e71f1262a4829786b223c69e6985c0e5f9466 via relay
2026-08-09 21:47:03.952+09:00 [INFO ] Accepted block dcfc130f34372ea1e3abb8c5e46f4b0cd1dcb45d0f9b3657f2a57b6b63f7596865959b99e6bbb3fbd9f59867b30b0595ab1cc76ca45938ca7b24bdf9128d7de6 via relay
2026-08-09 21:47:05.014+09:00 [INFO ] Accepted block 56d95150cfd2efd7d9b4f32c6559d040bf1d6bf55710f6c2b5ea0fc3a023d8e0acca18a9b9b943601a17e50ccffb614706e2019807c4fe0e38c7707769634a12 via relay
2026-08-09 21:47:06.612+09:00 [INFO ] Accepted block cc00a655461e97ae983b0433d734b9c6a1dd6e5a11ea8a32cd321f8d299a4cc30b9ac2677dd8612ea32e8440070d7a0f90c234cca43f5f33486421ca0bd27c69 via relay
2026-08-09 21:47:07.756+09:00 [INFO ] Accepted block 997f53ccd6d88a3423c49ba07c41acf342665e46dc69e8998413b735d74fa777be695943276a019eb54def200fc24a4d1389afb3671bfae62a2c4b4e327dd8dc via relay
2026-08-09 21:47:09.045+09:00 [INFO ] Processed 6 blocks and 6 headers in the last 10.00s (6 transactions; 6 UTXO-validated blocks; 1.00 parents; 1.00 mergeset; 1.00 TPB; 0.0 mass)
2026-08-09 21:47:09.046+09:00 [INFO ] [ibd-perf] 6 hdrs avg: validate(A,parallelizable) 125.4us | commit(serial) 285.2us [add_block 27.3 + db.write 107.5; held-lock 207.8] | f_serial=0.694 f_reach=0.066 | parallelize-ceiling 1.44x
2026-08-09 21:47:09.232+09:00 [INFO ] [validator-service] heartbeat: mode=active sink_daa=2524 bond=Active(active=true) active_set=[epoch=25 is_active_validator=true (active_validators=5)] dns_overlay=configured (stage=Active, dns_confirmed=true)
2026-08-09 21:47:10.694+09:00 [INFO ] Accepted block 27ef2a432d9ca350fd7f15ed9438f54c645261efaa7ac40c440bdbd7978785c6134778c851f06ea1a1a4111fb8764f76f5b56fe9af5fa77d010fe35f7cb16606 via relay
2026-08-09 21:47:11.913+09:00 [INFO ] Accepted block 7e4996d1d0c2d534a00eb2fc535151cb5b10bf303b25794814c3e6823b3abd67a16a367b2d6030464d8f9c73538dff4bfd64ab97b703c023e3495cf39a6a1fce via relay
2026-08-09 21:47:13.078+09:00 [INFO ] Accepted block f427256937dc24801d82c5c5206af083172473bc09aebc75b2eaa5a6d726771854033ba20efbbf853c16f3633f74391f7b7219e7927c32867ed0e0b83e9338fc via relay
2026-08-09 21:47:14.275+09:00 [INFO ] Accepted block 272acb99bf7dba6c0ef1b907d875892dc81842e0b305babf1071294fa573d0c37a7e943ae5d4f383dd0e837d033d8ab3de47a701480169b2b2c29726429c93c1 via relay
2026-08-09 21:47:15.522+09:00 [INFO ] Accepted block b269147fbb4bb3fd140a52bab3e015943e24be06907cc0903924731a02525cce9640a55362ddc28ae379fbfda2641145ca726b575c572f82c8c7e72644cba000 via relay
2026-08-09 21:47:17.989+09:00 [INFO ] Accepted block 89d5b2f8c5a5a3871d510b414ed234cbb18bbe5ac2b9f8f6f3bd8c4931d4a4a95f847d72c41837bc67dc65348b882d81aab1f9c3f164c093cc1fe120beac7535 via relay
2026-08-09 21:47:19.047+09:00 [INFO ] Processed 7 blocks and 7 headers in the last 10.00s (7 transactions; 7 UTXO-validated blocks; 1.00 parents; 1.00 mergeset; 1.00 TPB; 0.0 mass)
2026-08-09 21:47:19.048+09:00 [INFO ] [ibd-perf] 7 hdrs avg: validate(A,parallelizable) 96.0us | commit(serial) 191.9us [add_block 14.2 + db.write 83.7; held-lock 151.8] | f_serial=0.667 f_reach=0.049 | parallelize-ceiling 1.50x
2026-08-09 21:47:19.370+09:00 [INFO ] Accepted block ebcda6dd21b9c6cb68a2ca0c07b5d53d6955b569087b3d77660c8e9c561023afd09c8f8987ddd4ec0b124f8e482c483ab81fdb1a269b3f80e05cd33941f50ef3 via relay
2026-08-09 21:47:20.761+09:00 [INFO ] Accepted block 6331fe2dca8161ee5b6d5b3f10973b7918ff3be33bc497bfbd3f4905532abdf3fa25d0044f04b90158597726d545535a64717e9a1c18bd1ff43e5ff6fa92d139 via relay
2026-08-09 21:47:21.953+09:00 [INFO ] Accepted block 37dee099b79c2c250cb0e37210b6ced0ac9732cf1f4e4c9fd3f8bf571e002e455cf43853f4945be6a92e82152c28def266f38b636ca7e78676685819a7a05d1c via relay
2026-08-09 21:47:23.023+09:00 [INFO ] Accepted block eb066e0a4fd5bd005df74d797b15926444759d080d79d1cc335df801b35567ebcbb6de65ad9e8eb2284fac15e3ee560bab6058d6851b25dff8d70930508739e5 via relay
2026-08-09 21:47:24.642+09:00 [INFO ] Accepted block 1f7919ccd2152349002935634f3b723b936ea34d672cce2c5eddea2f85b7148a3b9b75c23e5f5de35e48cde56ced7c0c7b5f12990c0eb02fcdafdb13a6660682 via relay
2026-08-09 21:47:26.629+09:00 [INFO ] Accepted block 6be96a1e1a41e7bf9410be8aeda9aa46846755f3812b403c9ca55eaf6ddb3c2105decc7d3ece116d860e4b4ee0f83e457dc92238025285ceb86ac2993d3d0045 via relay
2026-08-09 21:47:27.988+09:00 [INFO ] Accepted block 2116e4ecb28e0094427ea282b8d8c68e3700ffc4fcce4543ff1831abf5ae81cba58a0de626de7556362f3427cb1f34104eecb578cff7abf305f4e0b45571cbeb via relay
2026-08-09 21:47:29.045+09:00 [INFO ] Accepted block ed1a0852c17c03783feda1a06ddaff0245a90014da1db3e26bd36d08ab994cb0df4410bf686d88646ceabb61627a690d38dd31e27fbf1950766a222ec54e2209 via relay
2026-08-09 21:47:29.050+09:00 [INFO ] Processed 7 blocks and 7 headers in the last 10.00s (7 transactions; 7 UTXO-validated blocks; 1.00 parents; 1.00 mergeset; 1.00 TPB; 0.0 mass)
2026-08-09 21:47:29.050+09:00 [INFO ] [ibd-perf] 7 hdrs avg: validate(A,parallelizable) 104.3us | commit(serial) 239.3us [add_block 16.1 + db.write 107.5; held-lock 196.6] | f_serial=0.696 f_reach=0.047 | parallelize-ceiling 1.44x
2026-08-09 21:47:30.604+09:00 [INFO ] Accepted block 16d3285e23daeaffc5e9c5dd6cfecf9e0f2809e8bf18f536c4b91a99afe021f337dfd5806ef2c06c6c17e12510af6f941c1af1b0725db448c4841f958f216996 via relay
2026-08-09 21:47:32.588+09:00 [INFO ] Accepted block 9a1c15ca0ddd05f99c504c11e005a8af41c634aab0e5acb25328f74bc7a3bc57a0a2151f5353ebb94aad13e3dc3c3c970f05dfdc78a69672a65381ba2a10874d via relay
2026-08-09 21:47:33.912+09:00 [INFO ] Accepted block d4696189f6bb2683a3c61356a1b822ae5d8349bbe0c5bb9804c0c5d000e9eba05a4337fcfa4556d4f76a04410b30f69c34c1848ca56e5c64fa55ac928152fcf0 via relay
2026-08-09 21:47:35.003+09:00 [INFO ] Accepted block cb203674192aa978388b1e39b2134a2cc816dff7695e8df09fb3bbca070edf4b1b214cb90cd82bdf282e66d297930552cedb385ccfe346d38e10c355383274ce via relay
2026-08-09 21:47:36.823+09:00 [INFO ] Accepted block 4404dd1996e39a2dd17079d153ed45556dc2b7b8e3fb8b82e78c631756ea06d054d05afa65aee53f92fd578616939e2f034c87bf736fa190e48d35a3489e6ceb via relay
2026-08-09 21:47:38.459+09:00 [INFO ] Accepted block 9f3a53dd1e03edd3a80c1806cab0edfeb541dac95e21dd2d0340c8e2fd63001d1de1de571a2180d46f77e5fb1c16d017a7c9793ce1f4931982832b7ee8d6d93a via relay
2026-08-09 21:47:39.051+09:00 [INFO ] Processed 6 blocks and 6 headers in the last 10.00s (6 transactions; 6 UTXO-validated blocks; 1.00 parents; 1.00 mergeset; 1.00 TPB; 0.0 mass)
2026-08-09 21:47:39.051+09:00 [INFO ] [ibd-perf] 6 hdrs avg: validate(A,parallelizable) 94.7us | commit(serial) 224.1us [add_block 14.1 + db.write 88.9; held-lock 165.0] | f_serial=0.703 f_reach=0.044 | parallelize-ceiling 1.42x
2026-08-09 21:47:39.251+09:00 [INFO ] [validator-service] heartbeat: mode=active sink_daa=2545 bond=Active(active=true) active_set=[epoch=25 is_active_validator=true (active_validators=5)] dns_overlay=configured (stage=Active, dns_confirmed=true)
2026-08-09 21:47:39.264+09:00 [INFO ] [validator-service] submitted attestation shard tx ae535ba6957f1f64b2a36e7493238fb7442f3992166e31cc427755f08a6a2bf256fc9e82eda7f96be35b963306cbf73c619a9674ea480c8ab0d8d5bd6a0ec944 for epoch 24
2026-08-09 21:47:40.194+09:00 [INFO ] Accepted block 2c99fa7ddd049c7c84ea3e04b1ebcbc5b6f58e07bbde17e63bc32db76a7939e68aa96c79f51bdcfae9df939db21c052b2a2c98fa53f23667b5c4654f8a162e41 via relay
2026-08-09 21:47:41.634+09:00 [INFO ] Accepted block 31576af731b4f19baebfccd1ffece92d097b80029b7cfd55f2afaefba692e80206d919e12dad4dc54fc042bee541ee0f2426b64c4c0d056e23d180bd6d30b517 via relay
2026-08-09 21:47:42.692+09:00 [INFO ] Accepted block 9ba7b2a295ce236d98e60313a308ae69e72e13c06bc1409605f21bfe4aaefce8af6cbe82222da8bda29aad11d7b27ec326615f0436a153af98fb860b96a28473 via relay
2026-08-09 21:47:43.850+09:00 [INFO ] Accepted block 12743723db8967ea674b50deaccf0f1848ca225a14a88be893e2356c99ec462b00bf47b4cc698efeb31c3f0ebe1c7011e8c074735c0ab3b0ad85b9bef8417b65 via relay
2026-08-09 21:47:45.392+09:00 [INFO ] Accepted block 0c5f75bb5ece8a510ea3cbbddac19848f0312537d2f0a78b2859630932b7322d4b46a66017e991173837026c5d9c2961c232221a5d1d8d007213f4cd56b8dde0 via relay
2026-08-09 21:47:47.044+09:00 [INFO ] Accepted block d1892f9835a6281eeb40aad1b5e1d5692639423ab33edf30f81b80b321a3afceaf493fe3cf00ce42ee8a456a90bcf6b6ea4c5385e70b8c72c0247a3e66b46bee via relay
2026-08-09 21:47:48.428+09:00 [INFO ] Accepted block b760696ba051551fca89c9a2e6a28385dc19b0428ebf55f623d52da04eb3bc90e1823534cf967a134c534610b5160e30ba6518a4957b4afd13db2f121cc167a2 via relay
2026-08-09 21:47:49.054+09:00 [INFO ] Processed 8 blocks and 8 headers in the last 10.00s (13 transactions; 8 UTXO-validated blocks; 1.00 parents; 1.00 mergeset; 1.62 TPB; 31375.0 mass)
2026-08-09 21:47:49.054+09:00 [INFO ] Tx throughput stats: 0.50 u-tps, 100.00% e-tps (in: 1 via RPC, 4 via P2P, out: 5 via accepted blocks)
2026-08-09 21:47:49.054+09:00 [INFO ] [ibd-perf] 8 hdrs avg: validate(A,parallelizable) 113.2us | commit(serial) 256.5us [add_block 16.3 + db.write 101.4; held-lock 208.0] | f_serial=0.694 f_reach=0.044 | parallelize-ceiling 1.44x
2026-08-09 21:47:49.993+09:00 [INFO ] Accepted block 40933d1bf60f83a6b64ee636550d17ee78c4f444c63b77aa9e46a8f2905e12f27c036331ca59fd57eb36e62019bb4f126b7431fb74b1f6bbf92ab02d0cbcc671 via relay
2026-08-09 21:47:51.106+09:00 [INFO ] Accepted block e39d8533436e384ae52dae31e6cd0cb55cd560ee29e042a1e9cad4ab61dae84b9d97445acb709437a00e138363c8f1ef1853e7e6dfb2715fda5990f8ddaad8f0 via relay
2026-08-09 21:47:52.716+09:00 [INFO ] Accepted block 65f6e0d2e6a061f4cb80b62acb7eaa2ed6fd5c3445930821b1891637700147ebeed4278e3dd09b149c0cc834cb31a97911c028983397e13ef21aeae7d367d46a via relay
2026-08-09 21:47:54.180+09:00 [INFO ] Accepted block 3e41e2da78cf97a1e4084f9e962cf87f29138d7c6815399596fd550cce2917c5716b84864665117bd12a1894bc94c485b9aa6bb810515a6f04407b7b8d66b599 via relay
2026-08-09 21:47:55.673+09:00 [INFO ] Accepted block c82944a624f63aaa9698cc140dbeabf0b51002c1d3e5f359d8e45a3cc67f26fb6b348b1083e43583f460684b76b8bcc22d7b8f20626e94cfbbfafa60592dcc4e via relay
2026-08-09 21:47:56.807+09:00 [INFO ] Accepted block 0d9ac258bcfe06f72e8b26edbcf54a03a05b78cba9a31df71199d46beece8fdad93bacce3433958a816829df91fc9c037dc341d4ca9e18f721c95e31d0375e95 via relay
2026-08-09 21:47:59.056+09:00 [INFO ] Processed 5 blocks and 5 headers in the last 10.00s (5 transactions; 5 UTXO-validated blocks; 1.00 parents; 1.00 mergeset; 1.00 TPB; 0.0 mass)
2026-08-09 21:47:59.056+09:00 [INFO ] [ibd-perf] 5 hdrs avg: validate(A,parallelizable) 120.5us | commit(serial) 192.0us [add_block 11.7 + db.write 77.4; held-lock 146.3] | f_serial=0.614 f_reach=0.037 | parallelize-ceiling 1.63x
2026-08-09 21:48:00.311+09:00 [INFO ] Accepted block 1d63349d2665a784b5f7e9fbd06929da9334ffdc52f7550b8917fbd75cf594dc5760d18884c0bb9f6ef9af25f5b673e833257b6034726c05db9ae7ceb2b51cb9 via relay
2026-08-09 21:48:01.523+09:00 [INFO ] Accepted block 6bd5b0e0c867c2c2e662c938aac920f849b0aec8017db31193651932724c6b71a47d53a53b278273db7dfbb0d818c64ab34e4618e38381dff40a7d0fc604aa8c via relay
2026-08-09 21:48:02.818+09:00 [INFO ] Accepted block 399f5532286276ddee193d394a207ce2dd6ccb07a553931013bacb30751dd411b0adc5296a9320d6afc7cfa55d43e0b3ce4c292bbeec628ae0dbbeb2e112356b via relay
2026-08-09 21:48:03.955+09:00 [INFO ] Accepted block 53ad673d2f17c41c1fc987f986d517c97ff0e55b6e67bf4356a21a6648244ed61e8513a789c84f8df1d27186141b660212d62540f49be2c1303102209717a616 via relay
2026-08-09 21:48:06.061+09:00 [INFO ] Accepted block d729eeaf3412f405cc2dba2d0be6ec729d511d0aa1e85e396f418fe731db0b45c0084bf6c63c9a8b49d67e93f1a53667e976f2a3da1a1b6605f3cb5ed514415b via relay
2026-08-09 21:48:07.593+09:00 [INFO ] Accepted block 69278e87d3a5412afbf1d8a01acab25fd79d1cc93ae33729b04c314dd757bcf580181ec92f543471d5c00b0da83234a5f8f550853bc2d440a5b398f410ac3d28 via relay
2026-08-09 21:48:09.058+09:00 [INFO ] Processed 7 blocks and 7 headers in the last 10.00s (7 transactions; 7 UTXO-validated blocks; 1.00 parents; 1.00 mergeset; 1.00 TPB; 0.0 mass)
2026-08-09 21:48:09.058+09:00 [INFO ] [ibd-perf] 7 hdrs avg: validate(A,parallelizable) 127.7us | commit(serial) 235.1us [add_block 15.1 + db.write 98.2; held-lock 184.4] | f_serial=0.648 f_reach=0.042 | parallelize-ceiling 1.54x
2026-08-09 21:48:09.291+09:00 [INFO ] [validator-service] heartbeat: mode=active sink_daa=2564 bond=Active(active=true) active_set=[epoch=25 is_active_validator=true (active_validators=5)] dns_overlay=configured (stage=Active, dns_confirmed=true)
2026-08-09 21:48:09.888+09:00 [INFO ] Accepted block 8e4bb9128167078aca629d4c6878814c932e5eed435aef17043fbc3ddf229cc05be4a0d4281836ed0c237cdf47507efab60fc730286b674c0d49425cfca1f46d via relay
2026-08-09 21:48:12.297+09:00 [INFO ] Accepted block 62a9dc3fcb46aa0b3735c36ffd3e553c7dd06a5893f0b99bb97fda08a4ab4cffb8c956c1c1e1d700e0d87af74d096a0c355fe85f96a7bb0be126a469366a2fe4 via relay
2026-08-09 21:48:13.890+09:00 [INFO ] Accepted block ac45b71dec26a5788fdd9e304af8f8cefa2405887883d6868c88c84e233a43210da539482e75b48884758f577ca2109300f078c0781a6b8da753a930c4c8112a via relay
2026-08-09 21:48:15.609+09:00 [INFO ] Accepted block 434dd31f473809e10528f0d74d4631e394725b015e799c0a85e43f724912e21beebc073b943a11a0997503ea7cabb9353c1723a59080dc22fb5be8278e3d4e90 via relay
2026-08-09 21:48:16.712+09:00 [INFO ] Accepted block 32baf433c0ce5f6f4ae3dc61a46dc69b36591172319fe64c591659477b2e53529f9d3377eba60b2f44a2ef45e49dbc7b258327aa888d1635a30d468cba356ff3 via relay
2026-08-09 21:48:17.949+09:00 [INFO ] Accepted block 4c08999fc5cda004b0cd33920586bc44e561e14fade5384ac27c8e7d1077d746349ea464365ce8f582b939b0b9d6e67f1c83abacc1c35fc7da210cee0e1fc0d6 via relay
2026-08-09 21:48:19.061+09:00 [INFO ] Processed 6 blocks and 6 headers in the last 10.00s (6 transactions; 6 UTXO-validated blocks; 1.00 parents; 1.00 mergeset; 1.00 TPB; 0.0 mass)
2026-08-09 21:48:19.061+09:00 [INFO ] [ibd-perf] 6 hdrs avg: validate(A,parallelizable) 112.5us | commit(serial) 221.5us [add_block 16.0 + db.write 89.9; held-lock 170.4] | f_serial=0.663 f_reach=0.048 | parallelize-ceiling 1.51x
2026-08-09 21:48:19.341+09:00 [INFO ] Accepted block 562bfccf4e70b7b31d6ad5df03c8922d5dd0e06c21f0e0026d10553030b1304189d2fd249bba49ec853909666d51ddc364b946ed66ae4ccd1e7119f9b38db50a via relay
2026-08-09 21:48:20.937+09:00 [INFO ] Accepted block dfcaecb0dfe770432f22e219b290d4758f6fd312d9639a1293797f140ce116b3e804bfb8257b6d777753bebea2ae994ce890e5623995a70cbe09b01c1cf4da7c via relay
2026-08-09 21:48:22.174+09:00 [INFO ] Accepted block 995d464b631cfe3c8113a9b45645cfa5a3205ecf7c8a81c636b67c45b123f3bd5350974f51f861a78be350d3dd5f077308230fda46e7e4f7e17552960d0bee01 via relay
2026-08-09 21:48:23.766+09:00 [INFO ] Accepted block 56420a69f81ef76fc5165a56745c4653266c21aaf291433bc5964723939ec5242f5b60bcdbc8f2300340dc0a27161d5543c8efba1ba6e03c6e6d6e7b580d77c9 via relay
2026-08-09 21:48:24.912+09:00 [INFO ] Accepted block f9183274bd8cf177c82cd49ef797abba934946d32d3483a9d190d606f82128177e2fed2f02aee161ba58814607abaf815bfaa92b9eed963691d887d0876b1f9c via relay
2026-08-09 21:48:25.986+09:00 [INFO ] Accepted block c318979e5959d502541a2afffcb3f1979134bb7ce79ed6f00e3f5565e371488236d41315c6546a22b96cfebdd4e7e6edc76236086d1342739a9c8c6b78f6bfd4 via relay
2026-08-09 21:48:27.058+09:00 [INFO ] Accepted block 0de2f7509328aedc7292cea1e433bba68bbfc3c00f9d72a7a288939fd21bd70369ec407505c6ea35f188bf63cd4d15b5c4f5870f265edb19285e04d664238de2 via relay
2026-08-09 21:48:28.897+09:00 [INFO ] Accepted block da9443c78a916e6a079f361aed6fb516a79653b1831ce97747e2fbe89cac478cc5ba68a0b5fdc99cd4b9aaf963ec3993aac65decaab9ec33baa97409db7e8816 via relay
2026-08-09 21:48:29.062+09:00 [INFO ] Processed 7 blocks and 7 headers in the last 10.00s (7 transactions; 7 UTXO-validated blocks; 1.00 parents; 1.00 mergeset; 1.00 TPB; 0.0 mass)
2026-08-09 21:48:29.062+09:00 [INFO ] [ibd-perf] 7 hdrs avg: validate(A,parallelizable) 110.6us | commit(serial) 201.0us [add_block 12.8 + db.write 87.9; held-lock 159.9] | f_serial=0.645 f_reach=0.041 | parallelize-ceiling 1.55x
2026-08-09 21:48:30.243+09:00 [INFO ] Accepted block 493f01789d9eb1187f15892d46276dd9b090655b96e7d8dbd5146a04c8ffa7e160ca566ee6f0b07bbb304a0f4bcf3c59aaf798cff73de1d14e8ce5143d11eaf8 via relay
2026-08-09 21:48:31.446+09:00 [INFO ] Accepted block 137abd621b461d34eb6619ca30c281fda2b2f9385956df3a232e19cb5fa73b04465d06658b7be7cd6933142d4ac35a5113698d7a64255ca3db8385ff9261327d via relay
2026-08-09 21:48:33.088+09:00 [INFO ] Accepted block d42dbd1f390e0f8e45334336607535f04f0fd8409d73e1dc86c6129af25645766345b38b11b4b8f260fc9cd45f48229169bdf2b78035b99729e1f8a585a8e269 via relay
2026-08-09 21:48:34.414+09:00 [INFO ] Accepted block 904506c95f7e6d565ce6ba1af69d33abb4ad1b68f7674f5e1fab56ff2725c7f5ce37297f5b952f4e27d27275fe75d2f7d7e24d71f5244cc2f0e3d25b921e6d0e via relay
2026-08-09 21:48:35.795+09:00 [INFO ] Accepted block 3d20339926c296192a561dd2cb5b2b298470977692de15eee4d8e67d08d413b708da74c230e25b61c33ce043169ba1c16a28a0af6414f4dea370d5126fd79254 via relay
2026-08-09 21:48:37.733+09:00 [INFO ] Accepted block c8a29dc04254018d212e672392f9ac34e07c78a4e6236a1f21bfe7b60810f01e2e6e213615c10c93995a493f908d2f76292d4e919d7116ed40852f9ee16a1e6a via relay
2026-08-09 21:48:39.010+09:00 [INFO ] Accepted block f54aa14273f6c669d82dd3a365ff2c085dcc67467f3956d64061cd76e46f92c47fbb2b78106d8d406172ba6f7670eb9af71d16b6dec10fd82db3a9e801709611 via relay
2026-08-09 21:48:39.064+09:00 [INFO ] Processed 7 blocks and 7 headers in the last 10.00s (7 transactions; 7 UTXO-validated blocks; 1.00 parents; 1.00 mergeset; 1.00 TPB; 0.0 mass)
2026-08-09 21:48:39.064+09:00 [INFO ] [ibd-perf] 7 hdrs avg: validate(A,parallelizable) 98.2us | commit(serial) 223.6us [add_block 15.3 + db.write 98.2; held-lock 181.3] | f_serial=0.695 f_reach=0.048 | parallelize-ceiling 1.44x
2026-08-09 21:48:39.310+09:00 [INFO ] [validator-service] heartbeat: mode=active sink_daa=2585 bond=Active(active=true) active_set=[epoch=25 is_active_validator=true (active_validators=5)] dns_overlay=configured (stage=Active, dns_confirmed=true)
2026-08-09 21:48:40.219+09:00 [INFO ] Accepted block 38227cb329a7b6239ac839555219bb0c18634a2c28ba440889ef619fcdcf41597b29b407a1d11bc1046480423072fbacf84f469b94365e27853840c0fee24681 via relay
2026-08-09 21:48:42.860+09:00 [INFO ] Accepted block b8c33eb578b755248f918f60d623a0faac90c30b75d467c18c0c09eb8069c81719df2b6f7a1634fa9937ff2287b7e92968ab8a187687e0cfe1b9e908e8998b5e via relay
2026-08-09 21:48:44.211+09:00 [INFO ] Accepted block 6ed7de321efa3e14bbdd3ef432b9c746c699095eaaf96b91c314a279e96fe72665b96e86d600f241737ebcceb0d304b8a97a56a974d25cedb34f439c784c6613 via relay
2026-08-09 21:48:45.535+09:00 [INFO ] Accepted block ebbb30dc95395ba4a6be74c11b5dfbd5594761f2ae001268bfcbbc5bbf87f5be75d2e39df931fa31435524d6df5ac8be1c0e076222c98751d09ec6ac87e868b8 via relay
2026-08-09 21:48:46.661+09:00 [INFO ] Accepted block c02f194c07541d50c5613a70dfe5e38a406a5d721f385554f3ae54033e4165c29a433ce5844333999b5510a995f988795e89b9040aad632954e62fadbb872ae7 via relay
2026-08-09 21:48:47.921+09:00 [INFO ] Accepted block 8ca6dcc4d39e12702bc16f9734a6dbf99a68e67b4f1f954b8c61b62182222749375ba11eba0b138ac371d503ee31a3cd5b6ca60f9c7c71653ea44751ed4bf584 via relay
2026-08-09 21:48:49.066+09:00 [INFO ] Processed 7 blocks and 7 headers in the last 10.00s (7 transactions; 7 UTXO-validated blocks; 1.00 parents; 1.00 mergeset; 1.00 TPB; 0.0 mass)
2026-08-09 21:48:49.066+09:00 [INFO ] [ibd-perf] 7 hdrs avg: validate(A,parallelizable) 126.3us | commit(serial) 211.0us [add_block 15.2 + db.write 87.0; held-lock 159.4] | f_serial=0.626 f_reach=0.045 | parallelize-ceiling 1.60x
2026-08-09 21:48:49.122+09:00 [INFO ] Accepted block 2aecf08ab279e02fb5b231ea625ce7f822c9b9a836b8681149c78cf427315301ac4a93a67429483d365db7e525fb1d69880165202d357812012ba95bc96323ce via relay
2026-08-09 21:48:50.384+09:00 [INFO ] Accepted block a8f6b260f1ed5c60561faaec985a64b6803513059e2e8867d97eee4fb216b63b507c34c49ff864ee2a304955331d0c0a2d87fee012177d4efe9caf11ca09cf95 via relay
2026-08-09 21:48:51.917+09:00 [INFO ] Accepted block 08dd99ab70133bbe7fa92bf3e0a7cf8f08e4f15140d3a2e01d51ff1ff823994870b9e4cb1a060b07a964a7b6cfe42c5ea464bced3abf36542bd68cc1306da145 via relay
2026-08-09 21:48:53.327+09:00 [INFO ] Accepted block e02977afd5094d2d014d7140378e41063853af6453d18e1a89f3a0d4c915d2fa66b268dce5e2be8810cd83b28eb6010c32db5454e5328b8ea9f4ec1e650b2e18 via relay
2026-08-09 21:48:54.953+09:00 [INFO ] Accepted block f8d67c6a5c5bb46a12fe939141a2c8b6e9ce8176ed413df167f8ef221a5f758dc4020b0e982516978241122d8115d1b80ad26d6aabcb1fbb5987af3861140ae5 via relay
2026-08-09 21:48:56.184+09:00 [INFO ] Accepted block 0937cd83d3437640ba3b33aa54893a253d7a861d75cc3e680c546af9da29e8508cae154cf53c039acd6b29c401cd864783418f68894919825535115dc3e247aa via relay
2026-08-09 21:48:57.434+09:00 [INFO ] Accepted block 35e8141e0a2559dd28b5f66be2713a60d0469b7e8b369a10eebdd36690eb7526fac8a886ef38674014f96aa4997db2ccae14690aec57387685d5957b08bf08aa via relay
2026-08-09 21:48:59.060+09:00 [INFO ] Accepted block 125e87a22b801c5326b49340718cabdb934c6e298c402fd2780777a71d8ebe4e81c15ac9448fb14ae69a2a1803b9f5d814b0a360cbe9e2eb4a39cf967f762295 via relay
2026-08-09 21:48:59.068+09:00 [INFO ] Processed 7 blocks and 7 headers in the last 10.00s (7 transactions; 7 UTXO-validated blocks; 1.00 parents; 1.00 mergeset; 1.00 TPB; 0.0 mass)
2026-08-09 21:48:59.068+09:00 [INFO ] [ibd-perf] 7 hdrs avg: validate(A,parallelizable) 120.6us | commit(serial) 250.8us [add_block 17.2 + db.write 117.7; held-lock 204.1] | f_serial=0.675 f_reach=0.046 | parallelize-ceiling 1.48x
2026-08-09 21:48:59.150+09:00 [INFO ] [vlt-shadow] sink_daa=2599 5 validator(s) with credit; 8/13 epoch(s) would reach quorum; newest epoch Some(24): W(E)=0 signed=0 snapshot_root=6ae84ba1806c52d785510b2f529743d28154395035d1939eed96876df22b47daf01ea9b667671843504a4736ba9c6d21f8e6056a3beb18e4ed37e12ee4dfac81 — the weight fence is at 18446744073709551615
2026-08-09 21:48:59.150+09:00 [INFO ] [stake-score] sink=9015ed93876939534580e7fa6a0981caf4030b08ca12a63d04fcb7235728c26dd576591b1e7bc3e8a4f48052141bbb4907380c5ea3101e028597b8cac1f2d9f4 sink_blue=2600 credited 62 attestation(s) over 13 ready epoch(s) → stake_depth=13000000000 (rollout=Active, health=Active)
2026-08-09 21:49:00.153+09:00 [INFO ] Accepted block 9015ed93876939534580e7fa6a0981caf4030b08ca12a63d04fcb7235728c26dd576591b1e7bc3e8a4f48052141bbb4907380c5ea3101e028597b8cac1f2d9f4 via relay
2026-08-09 21:49:01.503+09:00 [INFO ] Accepted block 95fd08f84f8f12dbe385815e7a1b2e18cab53eed712eb3e3311993b0958edf82ad6c8428c4b78ad0c3ef82f913524d47351a931687884eb0d26c712096d10a52 via relay
2026-08-09 21:49:02.839+09:00 [INFO ] Accepted block 199a031972974f23097416403e77975281f3b863fed200f36757943f42def97f5d44cc7f22556fc0d20d8fdeec4876207c706c84cc7895e1a50a0c55f6ac917f via relay
2026-08-09 21:49:04.079+09:00 [INFO ] Accepted block 49a024e4e2aa1f4d20c9f332e2ae66ca2127f548b6bde141d58e6d4ab1c66f2d3a120cf19bfb6ba0fa22921ae9a5570537ba394ed040880bc22b292cfdcfab1b via relay
2026-08-09 21:49:05.185+09:00 [INFO ] Accepted block 69f611e51fdb219420dae0d75d43cb67789720edbdf2c172176d9cc03be5cec86845cc85a3645f4d293a0b6881ae191d8266811196fe8545ad3d0057d81c1366 via relay
2026-08-09 21:49:06.296+09:00 [INFO ] Accepted block def17d5dd83b6426f6b23924a9b3adeb676de20597e5f086ed14674fdc4de6ec8cd05671a85bc316adc3c488451ecb1b48f34db8cb4c7fd33ad7469cd8602d19 via relay
2026-08-09 21:49:07.632+09:00 [INFO ] Accepted block 092a6962d6842b1e37ba4c9d19d26ef3df5ccf0c33685dbf07c5196387585adc639309949137f9c388617a2874097b88b6c44235289c0233a3c4d4349479e7b2 via relay
2026-08-09 21:49:09.070+09:00 [INFO ] Processed 8 blocks and 8 headers in the last 10.00s (8 transactions; 8 UTXO-validated blocks; 1.00 parents; 1.00 mergeset; 1.00 TPB; 0.0 mass)
2026-08-09 21:49:09.070+09:00 [INFO ] [ibd-perf] 8 hdrs avg: validate(A,parallelizable) 123.2us | commit(serial) 252.5us [add_block 19.9 + db.write 110.1; held-lock 202.6] | f_serial=0.672 f_reach=0.053 | parallelize-ceiling 1.49x
2026-08-09 21:49:09.159+09:00 [INFO ] Accepted block b7b3b1407d951b5a06e073b1aa40c1b5c7559285271ec753671e403d99c665c43590d84ebd71f71986fc444d8ad1e542e95b10d851cbbca96be3afdb6bd647e4 via relay
2026-08-09 21:49:09.325+09:00 [INFO ] [validator-service] heartbeat: mode=active sink_daa=2606 bond=Active(active=true) active_set=[epoch=26 is_active_validator=true (active_validators=5)] dns_overlay=configured (stage=Active, dns_confirmed=true)
2026-08-09 21:49:09.329+09:00 [INFO ] [validator-service] compute: declared capability for the registered profile, valid to DAA 866606
2026-08-09 21:49:10.610+09:00 [INFO ] Accepted block 4f0879c14379439a6508dca5dadfde130b66199c7cf0ef91d99478bcd237e4e216806469bc8ff890288c99084552b31f8891966070973c87ae927ba37fcf8cd8 via relay
2026-08-09 21:49:12.150+09:00 [INFO ] Accepted block 34bba3a1ddb49b15e79d9111164a1ec73ab208fcdf3da5f64b8773466d7ac98605b04673fde8d46d7f2c57815e79343c86a4ca5895cf92f7c1e7ed90060d49a4 via relay
2026-08-09 21:49:13.522+09:00 [INFO ] Accepted block a537405d8538c8b40cf5e8082aedced7b37893338f8b4b8916ef7370338b4bd8d7eba54f9da9cd7c0ac614687b680e059b8f14cfc3bf376aa9122b94ecaca947 via relay
2026-08-09 21:49:14.728+09:00 [INFO ] Accepted block e9530c2c88ae8df64f4ab597f1aad3357eafdd5242cf24a1244f19691f541a2460d3ed7d315cee7bcaca724760df986c0434920a4ac404777df2f155009c700e via relay
2026-08-09 21:49:15.799+09:00 [INFO ] Accepted block 1c867fcc99c3b44683b6e6ac8b4c00570824d7bd7578d379d6cc3a5ae3c7d03db93ed56f904bafc893047be8822557b5cbecda7f8dd4edba840fbf3234b22b41 via relay
2026-08-09 21:49:17.614+09:00 [INFO ] Accepted block 30d0298859042939eef7384bc9feee522391d7c63554a685e5468c3f0297931ded846edb2dcc348cf8e46014c5326901f6776534268cd755eb7c72b8d03467d9 via relay
2026-08-09 21:49:18.703+09:00 [INFO ] Accepted block ffe79feeaf3feffd4e26590e5993add3ce3f421953c92272197120a656649892ea74a7695f59c85a54b0c4e22e5b56a528edc84d5e03c22a870497509fde73f6 via relay
2026-08-09 21:49:19.073+09:00 [INFO ] Processed 7 blocks and 7 headers in the last 10.00s (12 transactions; 7 UTXO-validated blocks; 1.00 parents; 1.00 mergeset; 1.71 TPB; 35588.6 mass)
2026-08-09 21:49:19.073+09:00 [INFO ] Tx throughput stats: 0.50 u-tps, 100.00% e-tps (in: 0 via RPC, 5 via P2P, out: 5 via accepted blocks)
2026-08-09 21:49:19.073+09:00 [INFO ] [ibd-perf] 7 hdrs avg: validate(A,parallelizable) 111.3us | commit(serial) 209.3us [add_block 14.7 + db.write 91.4; held-lock 163.9] | f_serial=0.653 f_reach=0.046 | parallelize-ceiling 1.53x
2026-08-09 21:49:20.764+09:00 [INFO ] Accepted block 1f91abf249e6beba51f083c882701e5e16cd7311da1323766d04702b550dde6cd210c426e554d4c16b386ce291ac225c9eff8d04e1bfe32b1195186fa6d28eb8 via relay
2026-08-09 21:49:22.010+09:00 [INFO ] Accepted block b6074a0341a6bfb1a4029b54c41eeec0d18ec0a2dbc68768c142e2071bdb9e2447867386da4cf88181322deb41b9278bc8c2d8e3fef37f3a85ed72d2fca67f5e via relay
2026-08-09 21:49:23.042+09:00 [INFO ] Accepted block e1454a171cbe6e0b662b32a6935c7891a4682f9624c0304e75b56411a21a1315a8273a02d8db7a7c16ed8766f836ccc4c1b201978dd9e4a7d4598aeded42356c via relay
2026-08-09 21:49:24.903+09:00 [INFO ] Accepted block 2f4d77995756692401fc53dd350bbdd53848924febcb927a1fefdf05e03dc0b938fdd80d467ff3f6cfa457b47c6c80af67ab1846e4d65beddcb7870649680ab5 via relay
2026-08-09 21:49:25.964+09:00 [INFO ] Accepted block 3ba45b6fddc9202adaf565a8bb3eada53f095deaac99563bd90849f89a26cd2cbfa8ec9cb1c87d5d7b5cffdfc0fd94161376b41366f7af3b52e2e3b079d493c7 via relay
2026-08-09 21:49:27.299+09:00 [INFO ] Accepted block 6827c8334c30d706411af86472776e8fa900695f39cb692b6297af9350dedd70239a9bfa4bdc5c3346125baae0acab8db765d391fb6d18aeecc047a97f80fad2 via relay
2026-08-09 21:49:28.463+09:00 [INFO ] Accepted block 32ab6d25f5a7f08a1152b160dff7213f5257228da6f5a58fcae9e6ad36db16fd049180bed95db45609eb6172dcc9a60094d376077c4ada5f7ed2315f5caf0028 via relay
2026-08-09 21:49:29.075+09:00 [INFO ] Processed 8 blocks and 8 headers in the last 10.00s (8 transactions; 8 UTXO-validated blocks; 1.00 parents; 1.00 mergeset; 1.00 TPB; 0.0 mass)
2026-08-09 21:49:29.076+09:00 [INFO ] [ibd-perf] 8 hdrs avg: validate(A,parallelizable) 111.7us | commit(serial) 240.6us [add_block 15.5 + db.write 118.4; held-lock 196.5] | f_serial=0.683 f_reach=0.044 | parallelize-ceiling 1.46x
2026-08-09 21:49:29.577+09:00 [INFO ] Accepted block 2901934e67fae1a8061dd782db7a77e883eb749846a45bfc7e6f2620132744698dd024f3a2b20ac2c813ce8c9edd2b5e30de03dc1db099f26d0d01b1decf1c94 via relay
2026-08-09 21:49:31.881+09:00 [INFO ] Accepted block e8da722fcfd4512ed8f82b094f80485aa79df1d7669f26dc79df4100093c5369b77353b92f5318bebf6b25ccc25d816de6ee1ada152555f81e63315ef414e145 via relay
2026-08-09 21:49:33.138+09:00 [INFO ] Accepted block 5760af63116328bae4dc7fe72ade35807e5335e82790c08c49bbc15311624ddcb5911f2869dc4dfeea441707b16a0c8a043367119a722c9ea04e807d49235eaa via relay
2026-08-09 21:49:34.822+09:00 [INFO ] Accepted block ad302f3a34405014bb85c0b0e3f8c418c3d796b916efa31812dc4ce4328975fcc1509764cf5c96d65e73f44d31b840fdbe76eb257a022297c695a1c67d7cc178 via relay
2026-08-09 21:49:36.315+09:00 [INFO ] Accepted block 2979aa595bd83999f41d85c7c736e85ff0966d0a0082ac4529fe26e5653e6227119f0aa70b7bc44250cb11ede0ee2d43034c5e31fb59cda113b974af90753be0 via relay
2026-08-09 21:49:38.167+09:00 [INFO ] Accepted block 0be5e7f573016a401b1f00137b1e94d85d6b8b0b97a3d3b480a71f62f2c2b9c371ca70d107271a5bd5235c6fe8bf26bebaa2c4d609d8b639f789bbd81edcb8ad via relay
2026-08-09 21:49:39.077+09:00 [INFO ] Processed 6 blocks and 6 headers in the last 10.00s (6 transactions; 6 UTXO-validated blocks; 1.00 parents; 1.00 mergeset; 1.00 TPB; 0.0 mass)
2026-08-09 21:49:39.077+09:00 [INFO ] [ibd-perf] 6 hdrs avg: validate(A,parallelizable) 111.6us | commit(serial) 311.8us [add_block 21.7 + db.write 131.3; held-lock 249.7] | f_serial=0.736 f_reach=0.051 | parallelize-ceiling 1.36x
2026-08-09 21:49:39.344+09:00 [INFO ] [validator-service] heartbeat: mode=active sink_daa=2627 bond=Active(active=true) active_set=[epoch=26 is_active_validator=true (active_validators=5)] dns_overlay=configured (stage=Active, dns_confirmed=true)
2026-08-09 21:49:39.600+09:00 [INFO ] Accepted block 1a5edc3e17b0d2a173a2ea00cd9ff7aadbf23918a8858e8a6dd9c37e38c03ae2815efe4900151cf75ea3ab2fd936d61298f95808911956b28da1585d0e22dc5a via relay
2026-08-09 21:49:41.003+09:00 [INFO ] Accepted block b522f4604efd0c543273ebf5a7e3d6d8718e6a93de1b0683ac784ab05ec7a1fcc957494fd67ae099cdcac214011006dc05f08acb771bd57b7fb794c6f4fbdee9 via relay
2026-08-09 21:49:42.383+09:00 [INFO ] Accepted block 7c98e1df5b48dce799db14b832f69ce17df47918146298c6372237eff718e244aa3ca2b133ccd15a1bbad464dc6872dbcad91e2e7a1639a6208db54c73c36268 via relay
2026-08-09 21:49:43.488+09:00 [INFO ] Accepted block 61929c9ba4ea338edcb4af3e8e357c68e6d52a15ea5802bbbfe6216fee79fc8ee01cd1e4dd0e0253b95767bda2d62eb023736c80286052402d0a8eaed6c4814d via relay
2026-08-09 21:49:45.051+09:00 [INFO ] Accepted block 270e0f934e2d6353f00861c9445ba0ac9c294b99644f009636396ea1e01b6df5a5d7b2cba4d2cb00e3b12b83189b584181023b9f71bc382b4b0396ee2a936c8a via relay
2026-08-09 21:49:46.398+09:00 [INFO ] Accepted block 6fcf43ad19afc5281684cd4371e0304f2ea2ea30a465ee60882ea7151ec021d125afa7283db158b17958383fb63fc02f13826df0a2a12558fc476e7195fc8f55 via relay
2026-08-09 21:49:47.548+09:00 [INFO ] Accepted block adc87f06b3ab087b6546d138d6525fd0e068de97071fe862c495b1914d174a4e17ad38ec8beb58bf45a54581c468213d4985b368d3dd2ccaf389441ec9b5cee1 via relay
2026-08-09 21:49:48.923+09:00 [INFO ] Accepted block 568e093a5e729b6bb74aee172e49decea1ad196331c6c8eb98ccf5e1c0a8ddef2828d75de9259e501f412e858309dee7a268cb792a0868ab02f5ce7a4d7ffb79 via relay
2026-08-09 21:49:49.079+09:00 [INFO ] Processed 7 blocks and 7 headers in the last 10.00s (7 transactions; 7 UTXO-validated blocks; 1.00 parents; 1.00 mergeset; 1.00 TPB; 0.0 mass)
2026-08-09 21:49:49.079+09:00 [INFO ] [ibd-perf] 7 hdrs avg: validate(A,parallelizable) 130.1us | commit(serial) 317.1us [add_block 22.3 + db.write 144.9; held-lock 259.5] | f_serial=0.709 f_reach=0.050 | parallelize-ceiling 1.41x
2026-08-09 21:49:50.571+09:00 [INFO ] Accepted block c6ddf5b19a50f4e1eff95bceb4371eb31b89aad178ecbe362ee360d7670181d810ed82cb94513f437336153b322d1cc67bafb74291ff94ddeb3831d19d9a9727 via relay
2026-08-09 21:49:53.175+09:00 [INFO ] Accepted block f8d8a4e4b1d28f3fb46be282cd2733a787f915544dd534ae6977efe35b6be907b1d1818c8eabbb45dab222751669a3b99703193de6d3f13af4e06aa4269286e5 via relay
2026-08-09 21:49:54.346+09:00 [INFO ] Accepted block 581bee8e1e81f0872278d3482bc96c088a1dcd6631f78bd9e82e11f1fb93d5c65635aacbeb0db020f301b29eadb4acbe9a9152fe3719758c8f4feb9af6ff8c84 via relay
2026-08-09 21:49:55.433+09:00 [INFO ] Accepted block 550a682a88ce25d94cf37b2a48aca1499cbc4b9cb190ada627d47b531d4193a6396b19cd83dc0e070af8e5fcf5adb3dc83c17c947be7fab16e112f8da90d9af6 via relay
2026-08-09 21:49:57.253+09:00 [INFO ] Accepted block de643dbc78c0a87cb69eac26b5cbe1238405466d478b315694abf96bab74b74d96464391e18683e228670552c031593d5f2d0e062e87ecf61ea01546bdc9b645 via relay
2026-08-09 21:49:58.351+09:00 [INFO ] Accepted block e76403d05f382be940ee82b78de75a83b3e60afce5280d5774b2c8e842ed5e59ac3bc7b254e4a738c6c4c19c6300154ac9cedb76dc896ac796b09c19ea33d644 via relay
2026-08-09 21:49:59.080+09:00 [INFO ] Processed 6 blocks and 6 headers in the last 10.00s (6 transactions; 6 UTXO-validated blocks; 1.00 parents; 1.00 mergeset; 1.00 TPB; 0.0 mass)
2026-08-09 21:49:59.081+09:00 [INFO ] [ibd-perf] 6 hdrs avg: validate(A,parallelizable) 149.0us | commit(serial) 373.4us [add_block 23.4 + db.write 182.8; held-lock 299.6] | f_serial=0.715 f_reach=0.045 | parallelize-ceiling 1.40x
2026-08-09 21:50:09.359+09:00 [INFO ] [validator-service] heartbeat: mode=active sink_daa=2640 bond=Active(active=true) active_set=[epoch=26 is_active_validator=true (active_validators=5)] dns_overlay=configured (stage=Active, dns_confirmed=true)
2026-08-09 21:50:09.378+09:00 [INFO ] [validator-service] submitted attestation shard tx bb70a498e2c87db35867db2684e21f1e7ab45a9862641f88ddaadfa5149e7aa07e4ace1dd4b8fde49396ae699099cd01079170163e5413f8238982863e54663a for epoch 25
2026-08-09 21:50:19.084+09:00 [INFO ] Tx throughput stats: 0.00 u-tps, 100.00% e-tps (in: 1 via RPC, 2 via P2P, out: 0 via accepted blocks)
2026-08-09 21:50:39.395+09:00 [INFO ] [validator-service] heartbeat: mode=active sink_daa=2640 bond=Active(active=true) active_set=[epoch=26 is_active_validator=true (active_validators=5)] dns_overlay=configured (stage=Active, dns_confirmed=true)
2026-08-09 21:51:09.409+09:00 [INFO ] [validator-service] heartbeat: mode=active sink_daa=2640 bond=Active(active=true) active_set=[epoch=26 is_active_validator=true (active_validators=5)] dns_overlay=configured (stage=Active, dns_confirmed=true)
2026-08-09 21:51:39.465+09:00 [INFO ] [validator-service] heartbeat: mode=active sink_daa=2640 bond=Active(active=true) active_set=[epoch=26 is_active_validator=true (active_validators=5)] dns_overlay=configured (stage=Active, dns_confirmed=true)
