
  misaminer v1.0.0  —  MISAKA (kaspa-pq) Layer-0 CPU miner
  ---------------------------------------------------------
  pool/node : 127.0.0.1:17110
  network   : devnet
  worker    : rig0
  threads   : 2

2026-08-09 20:57:08.854+09:00 [INFO ] payout wallet: misakadev:qfaxuqpshzs20n935k779mut9m85tlxk9xh0neetkjhlesy0w50lr5fwcsjgfpr7t5v2he2qjvau0y0pnvcq3tvyakvst6rh8epfs6aq8g42fwwy
2026-08-09 20:57:08.855+09:00 [INFO ] [rig0] connected to 127.0.0.1:17110; mining network_id=devnet to misakadev:qfaxuqpshzs20n935k779mut9m85tlxk9xh0neetkjhlesy0w50lr5fwcsjgfpr7t5v2he2qjvau0y0pnvcq3tvyakvst6rh8epfs6aq8g42fwwy
2026-08-09 20:57:09.639+09:00 [INFO ] [rig0] mined block #1 (nonce=450919, daa_score=10)
2026-08-09 20:57:09.860+09:00 [INFO ] [rig0] mined block #2 (nonce=123586, daa_score=11)
2026-08-09 20:57:10.054+09:00 [INFO ] [rig0] mined block #3 (nonce=9223372036854886519, daa_score=12)
2026-08-09 20:57:10.419+09:00 [INFO ] [rig0] mined block #4 (nonce=208359, daa_score=14)
2026-08-09 20:57:10.439+09:00 [INFO ] [rig0] mined block #5 (nonce=10585, daa_score=15)
2026-08-09 20:57:10.887+09:00 [INFO ] [rig0] mined block #6 (nonce=257896, daa_score=16)
2026-08-09 20:57:10.968+09:00 [INFO ] [rig0] mined block #7 (nonce=9223372036854821098, daa_score=17)
2026-08-09 20:57:11.279+09:00 [INFO ] [rig0] mined block #8 (nonce=179179, daa_score=19)
2026-08-09 20:57:11.294+09:00 [INFO ] [rig0] mined block #9 (nonce=9223372036854783356, daa_score=20)
2026-08-09 20:57:11.373+09:00 [INFO ] [rig0] mined block #10 (nonce=9223372036854820962, daa_score=21)
2026-08-09 20:57:11.540+09:00 [INFO ] [rig0] mined block #11 (nonce=94543, daa_score=22)
2026-08-09 20:57:11.723+09:00 [INFO ] [rig0] mined block #12 (nonce=9223372036854846906, daa_score=23)
2026-08-09 20:57:12.057+09:00 [INFO ] [rig0] mined block #13 (nonce=181369, daa_score=24)
2026-08-09 20:57:12.141+09:00 [INFO ] [rig0] mined block #14 (nonce=9223372036854821603, daa_score=25)
2026-08-09 20:57:12.365+09:00 [INFO ] [rig0] mined block #15 (nonce=126546, daa_score=26)
2026-08-09 20:57:12.693+09:00 [INFO ] [rig0] mined block #16 (nonce=9223372036854962660, daa_score=27)
2026-08-09 20:57:15.716+09:00 [INFO ] [rig0] mined block #17 (nonce=1736132, daa_score=29)
2026-08-09 20:57:15.936+09:00 [INFO ] [rig0] mined block #18 (nonce=125749, daa_score=32)
2026-08-09 20:57:16.052+09:00 [INFO ] [rig0] mined block #19 (nonce=65268, daa_score=33)
2026-08-09 20:57:16.199+09:00 [INFO ] [rig0] mined block #20 (nonce=9223372036854858869, daa_score=34)
2026-08-09 20:57:16.958+09:00 [INFO ] [rig0] mined block #21 (nonce=9223372036855206117, daa_score=35)
2026-08-09 20:57:17.077+09:00 [INFO ] [rig0] mined block #22 (nonce=67425, daa_score=37)
2026-08-09 20:57:17.953+09:00 [INFO ] [rig0] mined block #23 (nonce=9223372036855281198, daa_score=38)
2026-08-09 20:57:18.040+09:00 [INFO ] [rig0] mined block #24 (nonce=9223372036854824440, daa_score=39)
2026-08-09 20:57:18.068+09:00 [INFO ] [rig0] mined block #25 (nonce=14946, daa_score=40)
2026-08-09 20:57:19.131+09:00 [INFO ] [rig0] mined block #26 (nonce=613717, daa_score=41)
2026-08-09 20:57:19.524+09:00 [INFO ] [rig0] mined block #27 (nonce=9223372036855001559, daa_score=43)
2026-08-09 20:57:19.922+09:00 [INFO ] [rig0] mined block #28 (nonce=9223372036855005819, daa_score=45)
2026-08-09 20:57:20.215+09:00 [INFO ] [rig0] mined block #29 (nonce=9223372036854944890, daa_score=46)
2026-08-09 20:57:20.582+09:00 [INFO ] [rig0] mined block #30 (nonce=210534, daa_score=47)
2026-08-09 20:57:20.689+09:00 [INFO ] [rig0] mined block #31 (nonce=59971, daa_score=48)
2026-08-09 20:57:21.327+09:00 [INFO ] [rig0] mined block #32 (nonce=365036, daa_score=49)
2026-08-09 20:57:23.009+09:00 [INFO ] [rig0] mined block #33 (nonce=947471, daa_score=50)
2026-08-09 20:57:23.189+09:00 [INFO ] [rig0] mined block #34 (nonce=103761, daa_score=53)
2026-08-09 20:57:24.277+09:00 [INFO ] [rig0] mined block #35 (nonce=9223372036855404149, daa_score=54)
2026-08-09 20:57:24.816+09:00 [INFO ] [rig0] mined block #36 (nonce=9223372036855085803, daa_score=56)
2026-08-09 20:57:25.244+09:00 [INFO ] [rig0] mined block #37 (nonce=245931, daa_score=57)
2026-08-09 20:57:25.555+09:00 [INFO ] [rig0] mined block #38 (nonce=178737, daa_score=58)
2026-08-09 20:57:25.864+09:00 [INFO ] [rig0] mined block #39 (nonce=178548, daa_score=60)
2026-08-09 20:57:25.929+09:00 [INFO ] [rig0] mined block #40 (nonce=9223372036854812496, daa_score=61)
2026-08-09 20:57:25.929+09:00 [INFO ] done: mined 40 blocks

  misaminer v1.0.0  —  MISAKA (kaspa-pq) Layer-0 CPU miner
  ---------------------------------------------------------
  pool/node : 127.0.0.1:17110
  network   : devnet
  worker    : rig0
  threads   : 2

2026-08-09 20:57:25.935+09:00 [INFO ] payout wallet: misakadev:qgg5frdhrgzrrj7rqmpu84ju5mdmkkj62uq89degd80nwekq8z7ut3x9xgy3zaasyxmy0w95sczcns7z89wmprtkyzqdmgrqkaj5v4m7hjmsx3kl
2026-08-09 20:57:25.936+09:00 [INFO ] [rig0] connected to 127.0.0.1:17110; mining network_id=devnet to misakadev:qgg5frdhrgzrrj7rqmpu84ju5mdmkkj62uq89degd80nwekq8z7ut3x9xgy3zaasyxmy0w95sczcns7z89wmprtkyzqdmgrqkaj5v4m7hjmsx3kl
2026-08-09 20:57:25.942+09:00 [INFO ] [rig0] mined block #1 (nonce=9223372036854778593, daa_score=62)
2026-08-09 20:57:26.713+09:00 [INFO ] [rig0] mined block #2 (nonce=442761, daa_score=63)
2026-08-09 20:57:26.780+09:00 [INFO ] [rig0] mined block #3 (nonce=9223372036854813174, daa_score=65)
2026-08-09 20:57:27.021+09:00 [INFO ] [rig0] mined block #4 (nonce=138143, daa_score=66)
2026-08-09 20:57:27.324+09:00 [INFO ] [rig0] mined block #5 (nonce=172414, daa_score=67)
2026-08-09 20:57:27.370+09:00 [INFO ] [rig0] mined block #6 (nonce=24743, daa_score=68)
2026-08-09 20:57:27.496+09:00 [INFO ] [rig0] mined block #7 (nonce=9223372036854848373, daa_score=69)
2026-08-09 20:57:27.842+09:00 [INFO ] [rig0] mined block #8 (nonce=196079, daa_score=70)
2026-08-09 20:57:27.852+09:00 [INFO ] [rig0] mined block #9 (nonce=9223372036854780339, daa_score=72)
2026-08-09 20:57:28.698+09:00 [INFO ] [rig0] mined block #10 (nonce=9223372036855250391, daa_score=73)
2026-08-09 20:57:28.854+09:00 [INFO ] [rig0] mined block #11 (nonce=9223372036854864833, daa_score=74)
2026-08-09 20:57:28.894+09:00 [INFO ] [rig0] mined block #12 (nonce=22336, daa_score=76)
2026-08-09 20:57:28.923+09:00 [INFO ] [rig0] mined block #13 (nonce=15801, daa_score=77)
2026-08-09 20:57:28.997+09:00 [INFO ] [rig0] mined block #14 (nonce=9223372036854817195, daa_score=78)
2026-08-09 20:57:29.793+09:00 [INFO ] [rig0] mined block #15 (nonce=459473, daa_score=79)
2026-08-09 20:57:30.008+09:00 [INFO ] [rig0] mined block #16 (nonce=9223372036854898680, daa_score=80)
2026-08-09 20:57:30.121+09:00 [INFO ] [rig0] mined block #17 (nonce=64814, daa_score=82)
2026-08-09 20:57:30.947+09:00 [INFO ] [rig0] mined block #18 (nonce=9223372036855252707, daa_score=83)
2026-08-09 20:57:31.613+09:00 [INFO ] [rig0] mined block #19 (nonce=383064, daa_score=84)
2026-08-09 20:57:31.853+09:00 [INFO ] [rig0] mined block #20 (nonce=136143, daa_score=86)
2026-08-09 20:57:32.580+09:00 [INFO ] [rig0] mined block #21 (nonce=418200, daa_score=87)
2026-08-09 20:57:33.478+09:00 [INFO ] [rig0] mined block #22 (nonce=9223372036855292928, daa_score=89)
2026-08-09 20:57:34.578+09:00 [INFO ] [rig0] mined block #23 (nonce=633882, daa_score=90)
2026-08-09 20:57:35.185+09:00 [INFO ] [rig0] mined block #24 (nonce=9223372036855121483, daa_score=92)
2026-08-09 20:57:35.485+09:00 [INFO ] [rig0] mined block #25 (nonce=172945, daa_score=93)
2026-08-09 20:57:35.548+09:00 [INFO ] [rig0] mined block #26 (nonce=34648, daa_score=94)
2026-08-09 20:57:35.623+09:00 [INFO ] [rig0] mined block #27 (nonce=41900, daa_score=95)
2026-08-09 20:57:36.139+09:00 [INFO ] [rig0] mined block #28 (nonce=9223372036855065173, daa_score=96)
2026-08-09 20:57:36.714+09:00 [INFO ] [rig0] mined block #29 (nonce=9223372036855108270, daa_score=97)
2026-08-09 20:57:36.772+09:00 [INFO ] [rig0] mined block #30 (nonce=31966, daa_score=99)
2026-08-09 20:57:36.898+09:00 [INFO ] [rig0] mined block #31 (nonce=72172, daa_score=100)
2026-08-09 20:57:37.101+09:00 [INFO ] [rig0] mined block #32 (nonce=116011, daa_score=101)
2026-08-09 20:57:37.279+09:00 [INFO ] [rig0] mined block #33 (nonce=9223372036854877783, daa_score=102)
2026-08-09 20:57:37.503+09:00 [INFO ] [rig0] mined block #34 (nonce=127112, daa_score=103)
2026-08-09 20:57:39.405+09:00 [INFO ] [rig0] mined block #35 (nonce=1092910, daa_score=104)
2026-08-09 20:57:42.521+09:00 [INFO ] [rig0] mined block #36 (nonce=9223372036856565588, daa_score=106)
2026-08-09 20:57:43.942+09:00 [INFO ] [rig0] mined block #37 (nonce=819065, daa_score=108)
2026-08-09 20:57:44.172+09:00 [INFO ] [rig0] mined block #38 (nonce=131932, daa_score=111)
2026-08-09 20:57:44.899+09:00 [INFO ] [rig0] mined block #39 (nonce=9223372036855193643, daa_score=112)
2026-08-09 20:57:46.769+09:00 [INFO ] [rig0] mined block #40 (nonce=9223372036855845248, daa_score=113)
2026-08-09 20:57:46.769+09:00 [INFO ] done: mined 40 blocks

  misaminer v1.0.0  —  MISAKA (kaspa-pq) Layer-0 CPU miner
  ---------------------------------------------------------
  pool/node : 127.0.0.1:17110
  network   : devnet
  worker    : rig0
  threads   : 2

2026-08-09 20:57:46.776+09:00 [INFO ] payout wallet: misakadev:qg8cn2yh25n20utc8h83asjfnq44wrasplzh28t5necn4m5ymdezh205gqxspw5yqmdw3esfjvhwy00nyxygsvw2jluty227ry7a5ysscn5kntes
2026-08-09 20:57:46.777+09:00 [INFO ] [rig0] connected to 127.0.0.1:17110; mining network_id=devnet to misakadev:qg8cn2yh25n20utc8h83asjfnq44wrasplzh28t5necn4m5ymdezh205gqxspw5yqmdw3esfjvhwy00nyxygsvw2jluty227ry7a5ysscn5kntes
2026-08-09 20:57:46.881+09:00 [INFO ] [rig0] mined block #1 (nonce=59228, daa_score=116)
2026-08-09 20:57:47.210+09:00 [INFO ] [rig0] mined block #2 (nonce=187191, daa_score=117)
2026-08-09 20:57:47.310+09:00 [INFO ] [rig0] mined block #3 (nonce=9223372036854832354, daa_score=118)
2026-08-09 20:57:47.363+09:00 [INFO ] [rig0] mined block #4 (nonce=9223372036854804815, daa_score=119)
2026-08-09 20:57:47.758+09:00 [INFO ] [rig0] mined block #5 (nonce=227206, daa_score=120)
2026-08-09 20:57:47.788+09:00 [INFO ] [rig0] mined block #6 (nonce=9223372036854791982, daa_score=121)
2026-08-09 20:57:47.877+09:00 [INFO ] [rig0] mined block #7 (nonce=49400, daa_score=122)
2026-08-09 20:57:47.901+09:00 [INFO ] [rig0] mined block #8 (nonce=12504, daa_score=123)
2026-08-09 20:57:48.985+09:00 [INFO ] [rig0] mined block #9 (nonce=9223372036855403220, daa_score=124)
2026-08-09 20:57:49.770+09:00 [INFO ] [rig0] mined block #10 (nonce=9223372036855231066, daa_score=126)
2026-08-09 20:57:51.486+09:00 [INFO ] [rig0] mined block #11 (nonce=990816, daa_score=128)
2026-08-09 20:57:51.537+09:00 [INFO ] [rig0] mined block #12 (nonce=9223372036854803888, daa_score=130)
2026-08-09 20:57:51.921+09:00 [INFO ] [rig0] mined block #13 (nonce=186478, daa_score=131)
2026-08-09 20:57:52.864+09:00 [INFO ] [rig0] mined block #14 (nonce=9223372036855317313, daa_score=132)
2026-08-09 20:57:53.465+09:00 [INFO ] [rig0] mined block #15 (nonce=345989, daa_score=134)
2026-08-09 20:57:53.929+09:00 [INFO ] [rig0] mined block #16 (nonce=9223372036855035526, daa_score=135)
2026-08-09 20:57:54.276+09:00 [INFO ] [rig0] mined block #17 (nonce=200920, daa_score=137)
2026-08-09 20:57:54.380+09:00 [INFO ] [rig0] mined block #18 (nonce=9223372036854835504, daa_score=138)
2026-08-09 20:57:54.841+09:00 [INFO ] [rig0] mined block #19 (nonce=9223372036855040682, daa_score=139)
2026-08-09 20:57:55.125+09:00 [INFO ] [rig0] mined block #20 (nonce=9223372036854940921, daa_score=141)
2026-08-09 20:57:55.227+09:00 [INFO ] [rig0] mined block #21 (nonce=9223372036854834382, daa_score=142)
2026-08-09 20:57:55.317+09:00 [INFO ] [rig0] mined block #22 (nonce=49742, daa_score=143)
2026-08-09 20:57:55.501+09:00 [INFO ] [rig0] mined block #23 (nonce=9223372036854880216, daa_score=144)
2026-08-09 20:57:55.702+09:00 [INFO ] [rig0] mined block #24 (nonce=114976, daa_score=145)
2026-08-09 20:57:55.851+09:00 [INFO ] [rig0] mined block #25 (nonce=9223372036854860712, daa_score=146)
2026-08-09 20:57:56.267+09:00 [INFO ] [rig0] mined block #26 (nonce=9223372036855016406, daa_score=148)
2026-08-09 20:57:56.732+09:00 [INFO ] [rig0] mined block #27 (nonce=269958, daa_score=149)
2026-08-09 20:57:57.187+09:00 [INFO ] [rig0] mined block #28 (nonce=261989, daa_score=150)
2026-08-09 20:57:58.118+09:00 [INFO ] [rig0] mined block #29 (nonce=533016, daa_score=152)
2026-08-09 20:57:59.252+09:00 [INFO ] [rig0] mined block #30 (nonce=654527, daa_score=153)
2026-08-09 20:57:59.481+09:00 [INFO ] [rig0] mined block #31 (nonce=9223372036854907301, daa_score=155)
2026-08-09 20:57:59.494+09:00 [INFO ] [rig0] mined block #32 (nonce=9223372036854781458, daa_score=157)
2026-08-09 20:57:59.537+09:00 [INFO ] [rig0] mined block #33 (nonce=23855, daa_score=158)
2026-08-09 20:57:59.601+09:00 [INFO ] [rig0] mined block #34 (nonce=35974, daa_score=159)
2026-08-09 20:58:00.511+09:00 [INFO ] [rig0] mined block #35 (nonce=517994, daa_score=160)
2026-08-09 20:58:00.548+09:00 [INFO ] [rig0] mined block #36 (nonce=18893, daa_score=161)
2026-08-09 20:58:00.853+09:00 [INFO ] [rig0] mined block #37 (nonce=173990, daa_score=162)
2026-08-09 20:58:00.958+09:00 [INFO ] [rig0] mined block #38 (nonce=58372, daa_score=163)
2026-08-09 20:58:01.249+09:00 [INFO ] [rig0] mined block #39 (nonce=9223372036854939340, daa_score=164)
2026-08-09 20:58:02.627+09:00 [INFO ] [rig0] mined block #40 (nonce=9223372036855568351, daa_score=166)
2026-08-09 20:58:02.627+09:00 [INFO ] done: mined 40 blocks

  misaminer v1.0.0  —  MISAKA (kaspa-pq) Layer-0 CPU miner
  ---------------------------------------------------------
  pool/node : 127.0.0.1:17110
  network   : devnet
  worker    : rig0
  threads   : 2

2026-08-09 20:58:02.632+09:00 [INFO ] payout wallet: misakadev:qgfujsaqay3t82fclwg93vyh3hp5kznmsk6lhmk5vjzruly2mj8usnv7nj7ysz8p8a20ke2hcqqx26lf33mn5ygttgt9jmfk63h462xwjtswnxfm
2026-08-09 20:58:02.633+09:00 [INFO ] [rig0] connected to 127.0.0.1:17110; mining network_id=devnet to misakadev:qgfujsaqay3t82fclwg93vyh3hp5kznmsk6lhmk5vjzruly2mj8usnv7nj7ysz8p8a20ke2hcqqx26lf33mn5ygttgt9jmfk63h462xwjtswnxfm
2026-08-09 20:58:03.963+09:00 [INFO ] [rig0] mined block #1 (nonce=774610, daa_score=168)
2026-08-09 20:58:04.030+09:00 [INFO ] [rig0] mined block #2 (nonce=38039, daa_score=170)
2026-08-09 20:58:04.557+09:00 [INFO ] [rig0] mined block #3 (nonce=306007, daa_score=171)
2026-08-09 20:58:04.640+09:00 [INFO ] [rig0] mined block #4 (nonce=47145, daa_score=172)
2026-08-09 20:58:04.695+09:00 [INFO ] [rig0] mined block #5 (nonce=30163, daa_score=173)
2026-08-09 20:58:04.738+09:00 [INFO ] [rig0] mined block #6 (nonce=23891, daa_score=174)
2026-08-09 20:58:05.115+09:00 [INFO ] [rig0] mined block #7 (nonce=215995, daa_score=175)
2026-08-09 20:58:05.245+09:00 [INFO ] [rig0] mined block #8 (nonce=9223372036854850980, daa_score=177)
2026-08-09 20:58:05.431+09:00 [INFO ] [rig0] mined block #9 (nonce=9223372036854883888, daa_score=178)
2026-08-09 20:58:05.811+09:00 [INFO ] [rig0] mined block #10 (nonce=218631, daa_score=179)
2026-08-09 20:58:05.867+09:00 [INFO ] [rig0] mined block #11 (nonce=9223372036854806897, daa_score=180)
2026-08-09 20:58:06.079+09:00 [INFO ] [rig0] mined block #12 (nonce=9223372036854896565, daa_score=181)
2026-08-09 20:58:06.499+09:00 [INFO ] [rig0] mined block #13 (nonce=9223372036855016240, daa_score=182)
2026-08-09 20:58:06.530+09:00 [INFO ] [rig0] mined block #14 (nonce=9223372036854791932, daa_score=184)
2026-08-09 20:58:06.627+09:00 [INFO ] [rig0] mined block #15 (nonce=54486, daa_score=185)
2026-08-09 20:58:06.635+09:00 [INFO ] [rig0] mined block #16 (nonce=9223372036854778687, daa_score=186)
2026-08-09 20:58:08.038+09:00 [INFO ] [rig0] mined block #17 (nonce=9223372036855546349, daa_score=187)
2026-08-09 20:58:08.151+09:00 [INFO ] [rig0] mined block #18 (nonce=64092, daa_score=189)
2026-08-09 20:58:09.032+09:00 [INFO ] [rig0] mined block #19 (nonce=509510, daa_score=190)
2026-08-09 20:58:09.933+09:00 [INFO ] [rig0] mined block #20 (nonce=520466, daa_score=192)
2026-08-09 20:58:11.324+09:00 [INFO ] [rig0] mined block #21 (nonce=9223372036855563446, daa_score=193)
2026-08-09 20:58:11.712+09:00 [INFO ] [rig0] mined block #22 (nonce=220359, daa_score=194)
2026-08-09 20:58:11.715+09:00 [INFO ] [rig0] mined block #23 (nonce=102, daa_score=196)
2026-08-09 20:58:11.740+09:00 [INFO ] [rig0] mined block #24 (nonce=9223372036854789050, daa_score=197)
2026-08-09 20:58:11.780+09:00 [INFO ] [rig0] mined block #25 (nonce=9223372036854798000, daa_score=198)
2026-08-09 20:58:12.308+09:00 [INFO ] [rig0] mined block #26 (nonce=9223372036855081715, daa_score=199)
2026-08-09 20:58:13.247+09:00 [INFO ] [rig0] mined block #27 (nonce=534676, daa_score=200)
2026-08-09 20:58:13.512+09:00 [INFO ] [rig0] mined block #28 (nonce=146850, daa_score=202)
2026-08-09 20:58:13.813+09:00 [INFO ] [rig0] mined block #29 (nonce=173153, daa_score=203)
2026-08-09 20:58:14.407+09:00 [INFO ] [rig0] mined block #30 (nonce=9223372036855116506, daa_score=204)
2026-08-09 20:58:14.441+09:00 [INFO ] [rig0] mined block #31 (nonce=5086, daa_score=206)
2026-08-09 20:58:15.602+09:00 [INFO ] [rig0] mined block #32 (nonce=9223372036855427057, daa_score=207)
2026-08-09 20:58:16.236+09:00 [INFO ] [rig0] mined block #33 (nonce=364551, daa_score=208)
2026-08-09 20:58:16.280+09:00 [INFO ] [rig0] mined block #34 (nonce=9223372036854799660, daa_score=210)
2026-08-09 20:58:16.837+09:00 [INFO ] [rig0] mined block #35 (nonce=321620, daa_score=211)
2026-08-09 20:58:16.881+09:00 [INFO ] [rig0] mined block #36 (nonce=9223372036854799728, daa_score=212)
2026-08-09 20:58:17.796+09:00 [INFO ] [rig0] mined block #37 (nonce=9223372036855304549, daa_score=213)
2026-08-09 20:58:17.969+09:00 [INFO ] [rig0] mined block #38 (nonce=9223372036854873431, daa_score=215)
2026-08-09 20:58:18.471+09:00 [INFO ] [rig0] mined block #39 (nonce=9223372036855058442, daa_score=216)
2026-08-09 20:58:18.913+09:00 [INFO ] [rig0] mined block #40 (nonce=251302, daa_score=218)
2026-08-09 20:58:18.913+09:00 [INFO ] done: mined 40 blocks

  misaminer v1.0.0  —  MISAKA (kaspa-pq) Layer-0 CPU miner
  ---------------------------------------------------------
  pool/node : 127.0.0.1:17110
  network   : devnet
  worker    : rig0
  threads   : 2

2026-08-09 20:58:18.919+09:00 [INFO ] payout wallet: misakadev:qfr0e7gsl2mrxsvr5r8nrq60fn3eufxs46u3r6qaufcp45xfmv42hygmljcc33yt2mespxrrcscvkx3e600erk4tvudsq674tvzzykqf9ss06hgm
2026-08-09 20:58:18.920+09:00 [INFO ] [rig0] connected to 127.0.0.1:17110; mining network_id=devnet to misakadev:qfr0e7gsl2mrxsvr5r8nrq60fn3eufxs46u3r6qaufcp45xfmv42hygmljcc33yt2mespxrrcscvkx3e600erk4tvudsq674tvzzykqf9ss06hgm
2026-08-09 20:58:19.122+09:00 [INFO ] [rig0] mined block #1 (nonce=9223372036854891292, daa_score=219)
2026-08-09 20:58:20.212+09:00 [INFO ] [rig0] mined block #2 (nonce=9223372036855408204, daa_score=220)
2026-08-09 20:58:20.338+09:00 [INFO ] [rig0] mined block #3 (nonce=71513, daa_score=222)
2026-08-09 20:58:20.680+09:00 [INFO ] [rig0] mined block #4 (nonce=194631, daa_score=223)
2026-08-09 20:58:21.014+09:00 [INFO ] [rig0] mined block #5 (nonce=9223372036854963337, daa_score=224)
2026-08-09 20:58:21.693+09:00 [INFO ] [rig0] mined block #6 (nonce=9223372036855163687, daa_score=225)
2026-08-09 20:58:21.716+09:00 [INFO ] [rig0] mined block #7 (nonce=11328, daa_score=227)
2026-08-09 20:58:21.735+09:00 [INFO ] [rig0] mined block #8 (nonce=9240, daa_score=228)
2026-08-09 20:58:21.749+09:00 [INFO ] [rig0] mined block #9 (nonce=9223372036854782075, daa_score=229)
2026-08-09 20:58:22.194+09:00 [INFO ] [rig0] mined block #10 (nonce=254981, daa_score=230)
2026-08-09 20:58:22.273+09:00 [INFO ] [rig0] mined block #11 (nonce=43913, daa_score=231)
2026-08-09 20:58:22.933+09:00 [INFO ] [rig0] mined block #12 (nonce=376907, daa_score=232)
2026-08-09 20:58:23.095+09:00 [INFO ] [rig0] mined block #13 (nonce=9223372036854867419, daa_score=234)
2026-08-09 20:58:23.399+09:00 [INFO ] [rig0] mined block #14 (nonce=9223372036854949098, daa_score=235)
2026-08-09 20:58:23.619+09:00 [INFO ] [rig0] mined block #15 (nonce=125024, daa_score=236)
2026-08-09 20:58:23.806+09:00 [INFO ] [rig0] mined block #16 (nonce=105020, daa_score=237)
2026-08-09 20:58:24.234+09:00 [INFO ] [rig0] mined block #17 (nonce=239028, daa_score=238)
2026-08-09 20:58:24.334+09:00 [INFO ] [rig0] mined block #18 (nonce=50432, daa_score=240)
2026-08-09 20:58:25.322+09:00 [INFO ] [rig0] mined block #19 (nonce=569913, daa_score=241)
2026-08-09 20:58:25.644+09:00 [INFO ] [rig0] mined block #20 (nonce=9223372036854961542, daa_score=243)
2026-08-09 20:58:25.886+09:00 [INFO ] [rig0] mined block #21 (nonce=138347, daa_score=244)
2026-08-09 20:58:26.233+09:00 [INFO ] [rig0] mined block #22 (nonce=9223372036854972092, daa_score=245)
2026-08-09 20:58:26.282+09:00 [INFO ] [rig0] mined block #23 (nonce=12557, daa_score=246)
2026-08-09 20:58:26.365+09:00 [INFO ] [rig0] mined block #24 (nonce=9223372036854818235, daa_score=247)
2026-08-09 20:58:26.921+09:00 [INFO ] [rig0] mined block #25 (nonce=301185, daa_score=248)
2026-08-09 20:58:26.976+09:00 [INFO ] [rig0] mined block #26 (nonce=9223372036854805364, daa_score=250)
2026-08-09 20:58:27.191+09:00 [INFO ] [rig0] mined block #27 (nonce=9223372036854898655, daa_score=251)
2026-08-09 20:58:27.495+09:00 [INFO ] [rig0] mined block #28 (nonce=9223372036854948545, daa_score=252)
2026-08-09 20:58:27.620+09:00 [INFO ] [rig0] mined block #29 (nonce=70471, daa_score=253)
2026-08-09 20:58:27.926+09:00 [INFO ] [rig0] mined block #30 (nonce=171979, daa_score=254)
2026-08-09 20:58:28.029+09:00 [INFO ] [rig0] mined block #31 (nonce=56564, daa_score=255)
2026-08-09 20:58:28.033+09:00 [INFO ] [rig0] mined block #32 (nonce=9223372036854776232, daa_score=256)
2026-08-09 20:58:28.764+09:00 [INFO ] [rig0] mined block #33 (nonce=418069, daa_score=257)
2026-08-09 20:58:29.005+09:00 [INFO ] [rig0] mined block #34 (nonce=137561, daa_score=258)
2026-08-09 20:58:29.432+09:00 [INFO ] [rig0] mined block #35 (nonce=9223372036855020902, daa_score=260)
2026-08-09 20:58:30.048+09:00 [INFO ] [rig0] mined block #36 (nonce=354693, daa_score=261)
2026-08-09 20:58:30.486+09:00 [INFO ] [rig0] mined block #37 (nonce=251368, daa_score=262)
2026-08-09 20:58:31.010+09:00 [INFO ] [rig0] mined block #38 (nonce=301185, daa_score=264)
2026-08-09 20:58:31.233+09:00 [INFO ] [rig0] mined block #39 (nonce=9223372036854903224, daa_score=265)
2026-08-09 20:58:32.512+09:00 [INFO ] [rig0] mined block #40 (nonce=739870, daa_score=266)
2026-08-09 20:58:32.512+09:00 [INFO ] done: mined 40 blocks

  misaminer v1.0.0  —  MISAKA (kaspa-pq) Layer-0 CPU miner
  ---------------------------------------------------------
  pool/node : 127.0.0.1:17110
  network   : devnet
  worker    : rig0
  threads   : 2

2026-08-09 20:58:32.542+09:00 [WARN ] --allow-burn: mining to an UNSPENDABLE placeholder (rewards are lost) — PoW smoke test only.
2026-08-09 20:58:32.543+09:00 [INFO ] [rig0] connected to 127.0.0.1:17110; mining network_id=devnet to misakadev:qgqqqqqqqqqqqqqqqqqqqqqqqqqqqqqqqqqqqqqqqqqqqqqqqqqqqqqqqqqqqqqqqqqqqqqqqqqqqqqqqqqqqqqqqqqqqqqqqqqqqqqqets69efd
2026-08-09 20:58:33.340+09:00 [INFO ] [rig0] mined block #1 (nonce=460518, daa_score=268)
2026-08-09 20:58:33.362+09:00 [INFO ] [rig0] mined block #2 (nonce=11231, daa_score=269)
2026-08-09 20:58:33.638+09:00 [INFO ] [rig0] mined block #3 (nonce=9223372036854933344, daa_score=270)
2026-08-09 20:58:34.869+09:00 [INFO ] [rig0] mined block #4 (nonce=9223372036855488051, daa_score=271)
2026-08-09 20:58:35.098+09:00 [INFO ] [rig0] mined block #5 (nonce=130927, daa_score=272)
2026-08-09 20:58:35.425+09:00 [INFO ] [rig0] mined block #6 (nonce=9223372036854964099, daa_score=273)
2026-08-09 20:58:37.822+09:00 [INFO ] [rig0] mined block #7 (nonce=1392746, daa_score=274)
2026-08-09 20:58:38.266+09:00 [INFO ] [rig0] mined block #8 (nonce=254223, daa_score=276)
2026-08-09 20:58:38.275+09:00 [INFO ] [rig0] mined block #9 (nonce=3477, daa_score=277)
2026-08-09 20:58:38.306+09:00 [INFO ] [rig0] mined block #10 (nonce=9223372036854791375, daa_score=278)
2026-08-09 20:58:39.664+09:00 [INFO ] [rig0] mined block #11 (nonce=9223372036855564250, daa_score=279)
2026-08-09 20:58:39.697+09:00 [INFO ] [rig0] mined block #12 (nonce=9223372036854792857, daa_score=281)
2026-08-09 20:58:39.996+09:00 [INFO ] [rig0] mined block #13 (nonce=172671, daa_score=282)
2026-08-09 20:58:40.827+09:00 [INFO ] [rig0] mined block #14 (nonce=472798, daa_score=283)
2026-08-09 20:58:41.268+09:00 [INFO ] [rig0] mined block #15 (nonce=9223372036855030528, daa_score=284)
2026-08-09 20:58:41.965+09:00 [INFO ] [rig0] mined block #16 (nonce=9223372036855175725, daa_score=285)
2026-08-09 20:58:43.055+09:00 [INFO ] [rig0] mined block #17 (nonce=627692, daa_score=286)
2026-08-09 20:58:43.186+09:00 [INFO ] [rig0] mined block #18 (nonce=9223372036854845905, daa_score=287)
2026-08-09 20:58:43.474+09:00 [INFO ] [rig0] mined block #19 (nonce=164217, daa_score=288)
2026-08-09 20:58:43.532+09:00 [INFO ] [rig0] mined block #20 (nonce=9223372036854807937, daa_score=289)
2026-08-09 20:58:43.546+09:00 [INFO ] [rig0] mined block #21 (nonce=6624, daa_score=290)
2026-08-09 20:58:43.658+09:00 [INFO ] [rig0] mined block #22 (nonce=9223372036854839884, daa_score=291)
2026-08-09 20:58:43.899+09:00 [INFO ] [rig0] mined block #23 (nonce=9223372036854915140, daa_score=292)
2026-08-09 20:58:45.009+09:00 [INFO ] [rig0] mined block #24 (nonce=636526, daa_score=293)
2026-08-09 20:58:45.780+09:00 [INFO ] [rig0] mined block #25 (nonce=445920, daa_score=294)
2026-08-09 20:58:45.866+09:00 [INFO ] [rig0] mined block #26 (nonce=48882, daa_score=295)
2026-08-09 20:58:45.922+09:00 [INFO ] [rig0] mined block #27 (nonce=30210, daa_score=296)
2026-08-09 20:58:46.401+09:00 [INFO ] [rig0] mined block #28 (nonce=274512, daa_score=297)
2026-08-09 20:58:46.664+09:00 [INFO ] [rig0] mined block #29 (nonce=9223372036854925466, daa_score=298)
2026-08-09 20:58:47.014+09:00 [INFO ] [rig0] mined block #30 (nonce=9223372036854976130, daa_score=299)
2026-08-09 20:58:48.069+09:00 [INFO ] [rig0] mined block #31 (nonce=9223372036855387482, daa_score=300)
2026-08-09 20:58:48.353+09:00 [INFO ] [rig0] mined block #32 (nonce=161638, daa_score=301)
2026-08-09 20:58:48.411+09:00 [INFO ] [rig0] mined block #33 (nonce=29988, daa_score=302)
2026-08-09 20:58:48.683+09:00 [INFO ] [rig0] mined block #34 (nonce=154372, daa_score=303)
2026-08-09 20:58:50.402+09:00 [INFO ] [rig0] mined block #35 (nonce=991626, daa_score=304)
2026-08-09 20:58:50.916+09:00 [INFO ] [rig0] mined block #36 (nonce=299520, daa_score=306)
2026-08-09 20:58:51.031+09:00 [INFO ] [rig0] mined block #37 (nonce=60880, daa_score=307)
2026-08-09 20:58:52.628+09:00 [INFO ] [rig0] mined block #38 (nonce=926099, daa_score=308)
2026-08-09 20:58:53.923+09:00 [INFO ] [rig0] mined block #39 (nonce=9223372036855519617, daa_score=309)
2026-08-09 20:58:53.978+09:00 [INFO ] [rig0] mined block #40 (nonce=9223372036854805833, daa_score=311)
2026-08-09 20:58:54.079+09:00 [INFO ] [rig0] mined block #41 (nonce=55921, daa_score=312)
2026-08-09 20:58:55.095+09:00 [INFO ] [rig0] mined block #42 (nonce=579432, daa_score=313)
2026-08-09 20:58:55.385+09:00 [INFO ] [rig0] mined block #43 (nonce=138866, daa_score=314)
2026-08-09 20:58:55.479+09:00 [INFO ] [rig0] mined block #44 (nonce=9223372036854828005, daa_score=315)
2026-08-09 20:58:56.081+09:00 [INFO ] [rig0] mined block #45 (nonce=9223372036855123899, daa_score=316)
2026-08-09 20:58:56.250+09:00 [INFO ] [rig0] mined block #46 (nonce=94900, daa_score=317)
2026-08-09 20:58:56.634+09:00 [INFO ] [rig0] mined block #47 (nonce=220774, daa_score=318)
2026-08-09 20:58:56.786+09:00 [INFO ] [rig0] mined block #48 (nonce=86079, daa_score=319)
2026-08-09 20:58:57.008+09:00 [INFO ] [rig0] mined block #49 (nonce=126285, daa_score=320)
2026-08-09 20:58:57.511+09:00 [INFO ] [rig0] mined block #50 (nonce=287699, daa_score=321)
2026-08-09 20:58:57.539+09:00 [INFO ] [rig0] mined block #51 (nonce=9223372036854789615, daa_score=322)
2026-08-09 20:58:57.596+09:00 [INFO ] [rig0] mined block #52 (nonce=9223372036854806061, daa_score=323)
2026-08-09 20:58:59.225+09:00 [INFO ] [rig0] mined block #53 (nonce=9223372036855710177, daa_score=324)
2026-08-09 20:59:00.422+09:00 [INFO ] [rig0] mined block #54 (nonce=9223372036855463651, daa_score=325)
2026-08-09 20:59:00.852+09:00 [INFO ] [rig0] mined block #55 (nonce=244696, daa_score=327)
2026-08-09 20:59:00.916+09:00 [INFO ] [rig0] mined block #56 (nonce=34732, daa_score=328)
2026-08-09 20:59:00.989+09:00 [INFO ] [rig0] mined block #57 (nonce=9223372036854815514, daa_score=329)
2026-08-09 20:59:01.309+09:00 [INFO ] [rig0] mined block #58 (nonce=182723, daa_score=330)
2026-08-09 20:59:01.635+09:00 [INFO ] [rig0] mined block #59 (nonce=9223372036854963129, daa_score=331)
2026-08-09 20:59:01.774+09:00 [INFO ] [rig0] mined block #60 (nonce=9223372036854854499, daa_score=332)
2026-08-09 20:59:02.018+09:00 [INFO ] [rig0] mined block #61 (nonce=9223372036854914374, daa_score=333)
2026-08-09 20:59:02.860+09:00 [INFO ] [rig0] mined block #62 (nonce=9223372036855257873, daa_score=334)
2026-08-09 20:59:02.929+09:00 [INFO ] [rig0] mined block #63 (nonce=38044, daa_score=335)
2026-08-09 20:59:03.330+09:00 [INFO ] [rig0] mined block #64 (nonce=9223372036855006288, daa_score=336)
2026-08-09 20:59:03.565+09:00 [INFO ] [rig0] mined block #65 (nonce=134236, daa_score=337)
2026-08-09 20:59:04.145+09:00 [INFO ] [rig0] mined block #66 (nonce=333802, daa_score=338)
2026-08-09 20:59:04.364+09:00 [INFO ] [rig0] mined block #67 (nonce=9223372036854899524, daa_score=339)
2026-08-09 20:59:04.838+09:00 [INFO ] [rig0] mined block #68 (nonce=9223372036855042676, daa_score=340)
2026-08-09 20:59:05.005+09:00 [INFO ] [rig0] mined block #69 (nonce=92778, daa_score=341)
2026-08-09 20:59:05.741+09:00 [INFO ] [rig0] mined block #70 (nonce=422942, daa_score=342)
2026-08-09 20:59:07.744+09:00 [INFO ] [rig0] mined block #71 (nonce=1142193, daa_score=343)
2026-08-09 20:59:09.116+09:00 [INFO ] [rig0] mined block #72 (nonce=772398, daa_score=344)
2026-08-09 20:59:09.242+09:00 [INFO ] [rig0] mined block #73 (nonce=70498, daa_score=345)
2026-08-09 20:59:09.821+09:00 [INFO ] [rig0] mined block #74 (nonce=327517, daa_score=347)
2026-08-09 20:59:09.931+09:00 [INFO ] [rig0] mined block #75 (nonce=9223372036854837224, daa_score=348)
2026-08-09 20:59:10.796+09:00 [INFO ] [rig0] mined block #76 (nonce=9223372036855187722, daa_score=349)
2026-08-09 20:59:11.107+09:00 [INFO ] [rig0] mined block #77 (nonce=116662, daa_score=350)
2026-08-09 20:59:11.277+09:00 [INFO ] [rig0] mined block #78 (nonce=9223372036854867053, daa_score=351)
2026-08-09 20:59:11.341+09:00 [INFO ] [rig0] mined block #79 (nonce=9223372036854809942, daa_score=352)
2026-08-09 20:59:11.345+09:00 [INFO ] [rig0] mined block #80 (nonce=9223372036854776073, daa_score=353)
2026-08-09 20:59:12.101+09:00 [INFO ] [rig0] mined block #81 (nonce=426143, daa_score=354)
2026-08-09 20:59:12.414+09:00 [INFO ] [rig0] mined block #82 (nonce=171518, daa_score=355)
2026-08-09 20:59:12.483+09:00 [INFO ] [rig0] mined block #83 (nonce=9223372036854798630, daa_score=356)
2026-08-09 20:59:13.071+09:00 [INFO ] [rig0] mined block #84 (nonce=9223372036855066166, daa_score=357)
2026-08-09 20:59:13.775+09:00 [INFO ] [rig0] mined block #85 (nonce=401249, daa_score=358)
2026-08-09 20:59:14.017+09:00 [INFO ] [rig0] mined block #86 (nonce=135691, daa_score=359)
2026-08-09 20:59:14.638+09:00 [INFO ] [rig0] mined block #87 (nonce=354574, daa_score=360)
2026-08-09 20:59:15.265+09:00 [INFO ] [rig0] mined block #88 (nonce=357004, daa_score=361)
2026-08-09 20:59:15.603+09:00 [INFO ] [rig0] mined block #89 (nonce=189370, daa_score=362)
2026-08-09 20:59:15.806+09:00 [INFO ] [rig0] mined block #90 (nonce=104992, daa_score=363)
2026-08-09 20:59:18.459+09:00 [INFO ] [rig0] mined block #91 (nonce=9223372036856217857, daa_score=364)
2026-08-09 20:59:18.809+09:00 [INFO ] [rig0] mined block #92 (nonce=9223372036854977089, daa_score=366)
2026-08-09 20:59:18.986+09:00 [INFO ] [rig0] mined block #93 (nonce=9223372036854877130, daa_score=367)
2026-08-09 20:59:19.014+09:00 [INFO ] [rig0] mined block #94 (nonce=14280, daa_score=368)
2026-08-09 20:59:19.331+09:00 [INFO ] [rig0] mined block #95 (nonce=9223372036854959328, daa_score=369)
2026-08-09 20:59:19.456+09:00 [INFO ] [rig0] mined block #96 (nonce=71079, daa_score=370)
2026-08-09 20:59:19.674+09:00 [INFO ] [rig0] mined block #97 (nonce=9223372036854901011, daa_score=371)
2026-08-09 20:59:19.778+09:00 [INFO ] [rig0] mined block #98 (nonce=9223372036854834728, daa_score=372)
2026-08-09 20:59:19.881+09:00 [INFO ] [rig0] mined block #99 (nonce=58358, daa_score=373)
2026-08-09 20:59:20.120+09:00 [INFO ] [rig0] mined block #100 (nonce=138551, daa_score=374)
2026-08-09 20:59:20.452+09:00 [INFO ] [rig0] mined block #101 (nonce=189188, daa_score=375)
2026-08-09 20:59:20.750+09:00 [INFO ] [rig0] mined block #102 (nonce=164363, daa_score=376)
2026-08-09 20:59:21.159+09:00 [INFO ] [rig0] mined block #103 (nonce=235394, daa_score=377)
2026-08-09 20:59:21.253+09:00 [INFO ] [rig0] mined block #104 (nonce=9223372036854828325, daa_score=378)
2026-08-09 20:59:21.311+09:00 [INFO ] [rig0] mined block #105 (nonce=31691, daa_score=379)
2026-08-09 20:59:21.815+09:00 [INFO ] [rig0] mined block #106 (nonce=9223372036855064370, daa_score=380)
2026-08-09 20:59:21.827+09:00 [INFO ] [rig0] mined block #107 (nonce=9223372036854780630, daa_score=381)
2026-08-09 20:59:21.876+09:00 [INFO ] [rig0] mined block #108 (nonce=26064, daa_score=382)
2026-08-09 20:59:22.203+09:00 [INFO ] [rig0] mined block #109 (nonce=186948, daa_score=383)
2026-08-09 20:59:22.537+09:00 [INFO ] [rig0] mined block #110 (nonce=193034, daa_score=384)
2026-08-09 20:59:22.562+09:00 [INFO ] [rig0] mined block #111 (nonce=12929, daa_score=385)
2026-08-09 20:59:22.790+09:00 [INFO ] [rig0] mined block #112 (nonce=9223372036854902848, daa_score=386)
2026-08-09 20:59:23.461+09:00 [INFO ] [rig0] mined block #113 (nonce=9223372036855159994, daa_score=387)
2026-08-09 20:59:23.634+09:00 [INFO ] [rig0] mined block #114 (nonce=9223372036854872816, daa_score=388)
2026-08-09 20:59:23.936+09:00 [INFO ] [rig0] mined block #115 (nonce=9223372036854951461, daa_score=389)
2026-08-09 20:59:24.277+09:00 [INFO ] [rig0] mined block #116 (nonce=9223372036854973911, daa_score=390)
2026-08-09 20:59:24.523+09:00 [INFO ] [rig0] mined block #117 (nonce=9223372036854915262, daa_score=391)
2026-08-09 20:59:24.660+09:00 [INFO ] [rig0] mined block #118 (nonce=76948, daa_score=392)
2026-08-09 20:59:24.957+09:00 [INFO ] [rig0] mined block #119 (nonce=9223372036854947335, daa_score=393)
2026-08-09 20:59:26.051+09:00 [INFO ] [rig0] mined block #120 (nonce=9223372036855398764, daa_score=394)
2026-08-09 20:59:26.165+09:00 [INFO ] [rig0] mined block #121 (nonce=9223372036854839063, daa_score=395)
2026-08-09 20:59:26.393+09:00 [INFO ] [rig0] mined block #122 (nonce=129260, daa_score=396)
2026-08-09 20:59:26.501+09:00 [INFO ] [rig0] mined block #123 (nonce=59495, daa_score=397)
2026-08-09 20:59:26.850+09:00 [INFO ] [rig0] mined block #124 (nonce=9223372036854967583, daa_score=398)
2026-08-09 20:59:27.020+09:00 [INFO ] [rig0] mined block #125 (nonce=96159, daa_score=399)
2026-08-09 20:59:27.741+09:00 [INFO ] [rig0] mined block #126 (nonce=418179, daa_score=400)
2026-08-09 20:59:28.057+09:00 [INFO ] [rig0] mined block #127 (nonce=9223372036854955439, daa_score=401)
2026-08-09 20:59:28.225+09:00 [INFO ] [rig0] mined block #128 (nonce=96290, daa_score=402)
2026-08-09 20:59:28.289+09:00 [INFO ] [rig0] mined block #129 (nonce=35773, daa_score=403)
2026-08-09 20:59:28.505+09:00 [INFO ] [rig0] mined block #130 (nonce=123980, daa_score=404)
2026-08-09 20:59:28.589+09:00 [INFO ] [rig0] mined block #131 (nonce=9223372036854823110, daa_score=405)
2026-08-09 20:59:28.856+09:00 [INFO ] [rig0] mined block #132 (nonce=153283, daa_score=406)
2026-08-09 20:59:29.418+09:00 [INFO ] [rig0] mined block #133 (nonce=324034, daa_score=407)
2026-08-09 20:59:29.630+09:00 [INFO ] [rig0] mined block #134 (nonce=118547, daa_score=408)
2026-08-09 20:59:29.753+09:00 [INFO ] [rig0] mined block #135 (nonce=68587, daa_score=409)
2026-08-09 20:59:30.177+09:00 [INFO ] [rig0] mined block #136 (nonce=9223372036855019043, daa_score=410)
2026-08-09 20:59:30.203+09:00 [INFO ] [rig0] mined block #137 (nonce=9223372036854788843, daa_score=411)
2026-08-09 20:59:30.343+09:00 [INFO ] [rig0] mined block #138 (nonce=9223372036854854022, daa_score=412)
2026-08-09 20:59:30.436+09:00 [INFO ] [rig0] mined block #139 (nonce=9223372036854826090, daa_score=413)
2026-08-09 20:59:30.574+09:00 [INFO ] [rig0] mined block #140 (nonce=74527, daa_score=414)
2026-08-09 20:59:31.489+09:00 [INFO ] [rig0] mined block #141 (nonce=522785, daa_score=415)
2026-08-09 20:59:31.703+09:00 [INFO ] [rig0] mined block #142 (nonce=9223372036854896051, daa_score=416)
2026-08-09 20:59:32.296+09:00 [INFO ] [rig0] mined block #143 (nonce=9223372036855116427, daa_score=417)
2026-08-09 20:59:32.404+09:00 [INFO ] [rig0] mined block #144 (nonce=55006, daa_score=418)
2026-08-09 20:59:32.803+09:00 [INFO ] [rig0] mined block #145 (nonce=9223372036855002145, daa_score=419)
2026-08-09 20:59:32.821+09:00 [INFO ] [rig0] mined block #146 (nonce=9223372036854783185, daa_score=420)
2026-08-09 20:59:32.976+09:00 [INFO ] [rig0] mined block #147 (nonce=9223372036854862718, daa_score=421)
2026-08-09 20:59:33.415+09:00 [INFO ] [rig0] mined block #148 (nonce=249346, daa_score=422)
2026-08-09 20:59:33.483+09:00 [INFO ] [rig0] mined block #149 (nonce=9223372036854813142, daa_score=423)
2026-08-09 20:59:33.612+09:00 [INFO ] [rig0] mined block #150 (nonce=9223372036854847601, daa_score=424)
2026-08-09 20:59:33.738+09:00 [INFO ] [rig0] mined block #151 (nonce=9223372036854847222, daa_score=425)
2026-08-09 20:59:35.064+09:00 [INFO ] [rig0] mined block #152 (nonce=767722, daa_score=426)
2026-08-09 20:59:35.510+09:00 [INFO ] [rig0] mined block #153 (nonce=256633, daa_score=427)
2026-08-09 20:59:36.349+09:00 [INFO ] [rig0] mined block #154 (nonce=485660, daa_score=428)
2026-08-09 20:59:36.711+09:00 [INFO ] [rig0] mined block #155 (nonce=191171, daa_score=429)
2026-08-09 20:59:36.900+09:00 [INFO ] [rig0] mined block #156 (nonce=9223372036854882668, daa_score=430)
2026-08-09 20:59:37.778+09:00 [INFO ] [rig0] mined block #157 (nonce=505163, daa_score=431)
2026-08-09 20:59:39.673+09:00 [INFO ] [rig0] mined block #158 (nonce=1097146, daa_score=432)
2026-08-09 20:59:39.702+09:00 [INFO ] [rig0] mined block #159 (nonce=9223372036854790123, daa_score=433)
2026-08-09 20:59:39.945+09:00 [INFO ] [rig0] mined block #160 (nonce=9223372036854914031, daa_score=434)
2026-08-09 20:59:40.233+09:00 [INFO ] [rig0] mined block #161 (nonce=9223372036854941014, daa_score=435)
2026-08-09 20:59:40.592+09:00 [INFO ] [rig0] mined block #162 (nonce=207743, daa_score=436)
2026-08-09 20:59:41.395+09:00 [INFO ] [rig0] mined block #163 (nonce=464569, daa_score=437)
2026-08-09 20:59:41.537+09:00 [INFO ] [rig0] mined block #164 (nonce=9223372036854855477, daa_score=438)
2026-08-09 20:59:41.582+09:00 [INFO ] [rig0] mined block #165 (nonce=9223372036854799446, daa_score=439)
2026-08-09 20:59:41.661+09:00 [INFO ] [rig0] mined block #166 (nonce=9223372036854819457, daa_score=440)
2026-08-09 20:59:43.045+09:00 [INFO ] [rig0] mined block #167 (nonce=805458, daa_score=441)
2026-08-09 20:59:43.137+09:00 [INFO ] [rig0] mined block #168 (nonce=9223372036854825891, daa_score=442)
2026-08-09 20:59:43.159+09:00 [INFO ] [rig0] mined block #169 (nonce=9223372036854786343, daa_score=443)
2026-08-09 20:59:44.400+09:00 [INFO ] [rig0] mined block #170 (nonce=719816, daa_score=444)
2026-08-09 20:59:44.565+09:00 [INFO ] [rig0] mined block #171 (nonce=9223372036854869640, daa_score=446)
2026-08-09 20:59:44.998+09:00 [INFO ] [rig0] mined block #172 (nonce=241194, daa_score=447)
2026-08-09 20:59:46.085+09:00 [INFO ] [rig0] mined block #173 (nonce=625362, daa_score=448)
2026-08-09 20:59:46.684+09:00 [INFO ] [rig0] mined block #174 (nonce=9223372036855119591, daa_score=449)
2026-08-09 20:59:47.829+09:00 [INFO ] [rig0] mined block #175 (nonce=668626, daa_score=450)
2026-08-09 20:59:48.488+09:00 [INFO ] [rig0] mined block #176 (nonce=381250, daa_score=452)
2026-08-09 20:59:49.308+09:00 [INFO ] [rig0] mined block #177 (nonce=463425, daa_score=453)
2026-08-09 20:59:49.431+09:00 [INFO ] [rig0] mined block #178 (nonce=9223372036854842247, daa_score=454)
2026-08-09 20:59:49.488+09:00 [INFO ] [rig0] mined block #179 (nonce=29407, daa_score=455)
2026-08-09 20:59:49.561+09:00 [INFO ] [rig0] mined block #180 (nonce=9223372036854814475, daa_score=456)
2026-08-09 20:59:49.808+09:00 [INFO ] [rig0] mined block #181 (nonce=9223372036854916819, daa_score=457)
2026-08-09 20:59:50.100+09:00 [INFO ] [rig0] mined block #182 (nonce=167193, daa_score=458)
2026-08-09 20:59:50.531+09:00 [INFO ] [rig0] mined block #183 (nonce=9223372036855021899, daa_score=459)
2026-08-09 20:59:50.804+09:00 [INFO ] [rig0] mined block #184 (nonce=155122, daa_score=460)
2026-08-09 20:59:50.961+09:00 [INFO ] [rig0] mined block #185 (nonce=88203, daa_score=461)
2026-08-09 20:59:51.702+09:00 [INFO ] [rig0] mined block #186 (nonce=9223372036855201391, daa_score=462)
2026-08-09 20:59:52.408+09:00 [INFO ] [rig0] mined block #187 (nonce=9223372036855160579, daa_score=463)
2026-08-09 20:59:52.598+09:00 [INFO ] [rig0] mined block #188 (nonce=9223372036854881478, daa_score=464)
2026-08-09 20:59:52.732+09:00 [INFO ] [rig0] mined block #189 (nonce=9223372036854851750, daa_score=465)
2026-08-09 20:59:53.127+09:00 [INFO ] [rig0] mined block #190 (nonce=9223372036855003259, daa_score=466)
2026-08-09 20:59:53.252+09:00 [INFO ] [rig0] mined block #191 (nonce=70414, daa_score=467)
2026-08-09 20:59:53.583+09:00 [INFO ] [rig0] mined block #192 (nonce=190414, daa_score=468)
2026-08-09 20:59:53.892+09:00 [INFO ] [rig0] mined block #193 (nonce=170408, daa_score=469)
2026-08-09 20:59:54.499+09:00 [INFO ] [rig0] mined block #194 (nonce=350417, daa_score=470)
2026-08-09 20:59:54.840+09:00 [INFO ] [rig0] mined block #195 (nonce=195174, daa_score=471)
2026-08-09 20:59:56.540+09:00 [INFO ] [rig0] mined block #196 (nonce=9223372036855750570, daa_score=472)
2026-08-09 20:59:56.925+09:00 [INFO ] [rig0] mined block #197 (nonce=220149, daa_score=473)
2026-08-09 20:59:57.531+09:00 [INFO ] [rig0] mined block #198 (nonce=348497, daa_score=474)
2026-08-09 20:59:57.903+09:00 [INFO ] [rig0] mined block #199 (nonce=212354, daa_score=475)
2026-08-09 20:59:58.465+09:00 [INFO ] [rig0] mined block #200 (nonce=9223372036855096862, daa_score=476)
2026-08-09 20:59:58.465+09:00 [INFO ] done: mined 200 blocks

  misaminer v1.0.0  —  MISAKA (kaspa-pq) Layer-0 CPU miner
  ---------------------------------------------------------
  pool/node : 127.0.0.1:17110
  network   : devnet
  worker    : rig0
  threads   : 2

2026-08-09 20:59:58.489+09:00 [WARN ] --allow-burn: mining to an UNSPENDABLE placeholder (rewards are lost) — PoW smoke test only.
2026-08-09 20:59:58.490+09:00 [INFO ] [rig0] connected to 127.0.0.1:17110; mining network_id=devnet to misakadev:qgqqqqqqqqqqqqqqqqqqqqqqqqqqqqqqqqqqqqqqqqqqqqqqqqqqqqqqqqqqqqqqqqqqqqqqqqqqqqqqqqqqqqqqqqqqqqqqqqqqqqqqets69efd
2026-08-09 20:59:58.837+09:00 [INFO ] [rig0] mined block #1 (nonce=9223372036854972367, daa_score=477)
2026-08-09 20:59:59.673+09:00 [INFO ] [rig0] mined block #2 (nonce=477840, daa_score=478)
2026-08-09 21:00:00.908+09:00 [INFO ] [rig0] mined block #3 (nonce=694123, daa_score=479)
2026-08-09 21:00:01.544+09:00 [INFO ] [rig0] mined block #4 (nonce=9223372036855133861, daa_score=480)
2026-08-09 21:00:03.242+09:00 [INFO ] [rig0] mined block #5 (nonce=943174, daa_score=482)
2026-08-09 21:00:04.278+09:00 [INFO ] [rig0] mined block #6 (nonce=9223372036855352387, daa_score=483)
2026-08-09 21:00:04.776+09:00 [INFO ] [rig0] mined block #7 (nonce=9223372036855062352, daa_score=484)
2026-08-09 21:00:05.402+09:00 [INFO ] [rig0] mined block #8 (nonce=9223372036855128324, daa_score=485)
2026-08-09 21:00:05.526+09:00 [INFO ] [rig0] mined block #9 (nonce=66665, daa_score=486)
2026-08-09 21:00:05.539+09:00 [INFO ] [rig0] mined block #10 (nonce=3672, daa_score=487)
2026-08-09 21:00:05.550+09:00 [INFO ] [rig0] mined block #11 (nonce=9223372036854778228, daa_score=488)
2026-08-09 21:00:05.841+09:00 [INFO ] [rig0] mined block #12 (nonce=165408, daa_score=489)
2026-08-09 21:00:06.425+09:00 [INFO ] [rig0] mined block #13 (nonce=9223372036855112376, daa_score=490)
2026-08-09 21:00:06.468+09:00 [INFO ] [rig0] mined block #14 (nonce=21621, daa_score=491)
2026-08-09 21:00:06.909+09:00 [INFO ] [rig0] mined block #15 (nonce=9223372036855017195, daa_score=492)
2026-08-09 21:00:07.176+09:00 [INFO ] [rig0] mined block #16 (nonce=141687, daa_score=493)
2026-08-09 21:00:07.735+09:00 [INFO ] [rig0] mined block #17 (nonce=9223372036855087324, daa_score=494)
2026-08-09 21:00:08.124+09:00 [INFO ] [rig0] mined block #18 (nonce=9223372036854991019, daa_score=495)
2026-08-09 21:00:08.558+09:00 [INFO ] [rig0] mined block #19 (nonce=9223372036855009028, daa_score=496)
2026-08-09 21:00:09.091+09:00 [INFO ] [rig0] mined block #20 (nonce=9223372036855078086, daa_score=497)
2026-08-09 21:00:09.256+09:00 [INFO ] [rig0] mined block #21 (nonce=9223372036854866999, daa_score=498)
2026-08-09 21:00:09.554+09:00 [INFO ] [rig0] mined block #22 (nonce=9223372036854941751, daa_score=499)
2026-08-09 21:00:10.444+09:00 [INFO ] [rig0] mined block #23 (nonce=513464, daa_score=500)
2026-08-09 21:00:10.543+09:00 [INFO ] [rig0] mined block #24 (nonce=9223372036854829576, daa_score=501)
2026-08-09 21:00:13.277+09:00 [INFO ] [rig0] mined block #25 (nonce=9223372036856348961, daa_score=502)
2026-08-09 21:00:13.383+09:00 [INFO ] [rig0] mined block #26 (nonce=58387, daa_score=503)
2026-08-09 21:00:14.033+09:00 [INFO ] [rig0] mined block #27 (nonce=362965, daa_score=504)
2026-08-09 21:00:14.383+09:00 [INFO ] [rig0] mined block #28 (nonce=186718, daa_score=505)
2026-08-09 21:00:14.854+09:00 [INFO ] [rig0] mined block #29 (nonce=261443, daa_score=506)
2026-08-09 21:00:15.478+09:00 [INFO ] [rig0] mined block #30 (nonce=9223372036855124677, daa_score=507)
2026-08-09 21:00:15.895+09:00 [INFO ] [rig0] mined block #31 (nonce=9223372036855015423, daa_score=508)
2026-08-09 21:00:16.180+09:00 [INFO ] [rig0] mined block #32 (nonce=159993, daa_score=509)
2026-08-09 21:00:16.290+09:00 [INFO ] [rig0] mined block #33 (nonce=59936, daa_score=510)
2026-08-09 21:00:16.913+09:00 [INFO ] [rig0] mined block #34 (nonce=9223372036855130893, daa_score=511)
2026-08-09 21:00:17.032+09:00 [INFO ] [rig0] mined block #35 (nonce=9223372036854842340, daa_score=512)
2026-08-09 21:00:17.085+09:00 [INFO ] [rig0] mined block #36 (nonce=9223372036854803735, daa_score=513)
2026-08-09 21:00:17.229+09:00 [INFO ] [rig0] mined block #37 (nonce=9223372036854857439, daa_score=514)
2026-08-09 21:00:18.909+09:00 [INFO ] [rig0] mined block #38 (nonce=937460, daa_score=515)
2026-08-09 21:00:19.198+09:00 [INFO ] [rig0] mined block #39 (nonce=9223372036854941503, daa_score=516)
2026-08-09 21:00:19.271+09:00 [INFO ] [rig0] mined block #40 (nonce=39461, daa_score=517)
2026-08-09 21:00:19.929+09:00 [INFO ] [rig0] mined block #41 (nonce=9223372036855151702, daa_score=518)
2026-08-09 21:00:20.147+09:00 [INFO ] [rig0] mined block #42 (nonce=123369, daa_score=519)
2026-08-09 21:00:20.355+09:00 [INFO ] [rig0] mined block #43 (nonce=116314, daa_score=520)
2026-08-09 21:00:20.793+09:00 [INFO ] [rig0] mined block #44 (nonce=253081, daa_score=521)
2026-08-09 21:00:21.277+09:00 [INFO ] [rig0] mined block #45 (nonce=277505, daa_score=522)
2026-08-09 21:00:21.309+09:00 [INFO ] [rig0] mined block #46 (nonce=9223372036854792194, daa_score=523)
2026-08-09 21:00:21.866+09:00 [INFO ] [rig0] mined block #47 (nonce=9223372036855096715, daa_score=524)
2026-08-09 21:00:22.189+09:00 [INFO ] [rig0] mined block #48 (nonce=178293, daa_score=525)
2026-08-09 21:00:22.223+09:00 [INFO ] [rig0] mined block #49 (nonce=9223372036854793423, daa_score=526)
2026-08-09 21:00:22.562+09:00 [INFO ] [rig0] mined block #50 (nonce=9223372036854970830, daa_score=527)
2026-08-09 21:00:24.564+09:00 [INFO ] [rig0] mined block #51 (nonce=9223372036855929333, daa_score=528)
2026-08-09 21:00:25.177+09:00 [INFO ] [rig0] mined block #52 (nonce=346899, daa_score=529)
2026-08-09 21:00:25.706+09:00 [INFO ] [rig0] mined block #53 (nonce=299678, daa_score=530)
2026-08-09 21:00:26.105+09:00 [INFO ] [rig0] mined block #54 (nonce=228153, daa_score=531)
2026-08-09 21:00:26.329+09:00 [INFO ] [rig0] mined block #55 (nonce=9223372036854902576, daa_score=532)
2026-08-09 21:00:26.687+09:00 [INFO ] [rig0] mined block #56 (nonce=205645, daa_score=533)
2026-08-09 21:00:26.806+09:00 [INFO ] [rig0] mined block #57 (nonce=67915, daa_score=534)
2026-08-09 21:00:27.017+09:00 [INFO ] [rig0] mined block #58 (nonce=9223372036854896889, daa_score=535)
2026-08-09 21:00:27.642+09:00 [INFO ] [rig0] mined block #59 (nonce=9223372036855138523, daa_score=536)
2026-08-09 21:00:27.806+09:00 [INFO ] [rig0] mined block #60 (nonce=91068, daa_score=537)
2026-08-09 21:00:27.893+09:00 [INFO ] [rig0] mined block #61 (nonce=9223372036854822915, daa_score=538)
2026-08-09 21:00:29.130+09:00 [INFO ] [rig0] mined block #62 (nonce=715153, daa_score=539)
2026-08-09 21:00:29.548+09:00 [INFO ] [rig0] mined block #63 (nonce=9223372036855013879, daa_score=540)
2026-08-09 21:00:29.573+09:00 [INFO ] [rig0] mined block #64 (nonce=11736, daa_score=541)
2026-08-09 21:00:30.290+09:00 [INFO ] [rig0] mined block #65 (nonce=9223372036855187525, daa_score=542)
2026-08-09 21:00:30.508+09:00 [INFO ] [rig0] mined block #66 (nonce=9223372036854891135, daa_score=544)
2026-08-09 21:00:30.676+09:00 [INFO ] [rig0] mined block #67 (nonce=9223372036854866648, daa_score=545)
2026-08-09 21:00:31.212+09:00 [INFO ] [rig0] mined block #68 (nonce=302549, daa_score=546)
2026-08-09 21:00:31.730+09:00 [INFO ] [rig0] mined block #69 (nonce=295053, daa_score=547)
2026-08-09 21:00:32.070+09:00 [INFO ] [rig0] mined block #70 (nonce=191499, daa_score=548)
2026-08-09 21:00:32.252+09:00 [INFO ] [rig0] mined block #71 (nonce=9223372036854878476, daa_score=549)
2026-08-09 21:00:32.384+09:00 [INFO ] [rig0] mined block #72 (nonce=9223372036854848493, daa_score=550)
2026-08-09 21:00:33.168+09:00 [INFO ] [rig0] mined block #73 (nonce=450802, daa_score=551)
2026-08-09 21:00:33.918+09:00 [INFO ] [rig0] mined block #74 (nonce=9223372036855208265, daa_score=552)
2026-08-09 21:00:34.296+09:00 [INFO ] [rig0] mined block #75 (nonce=214388, daa_score=553)
2026-08-09 21:00:34.727+09:00 [INFO ] [rig0] mined block #76 (nonce=243021, daa_score=554)
2026-08-09 21:00:34.755+09:00 [INFO ] [rig0] mined block #77 (nonce=13886, daa_score=555)
2026-08-09 21:00:35.218+09:00 [INFO ] [rig0] mined block #78 (nonce=266844, daa_score=556)
2026-08-09 21:00:36.144+09:00 [INFO ] [rig0] mined block #79 (nonce=9223372036855274496, daa_score=557)
2026-08-09 21:00:36.351+09:00 [INFO ] [rig0] mined block #80 (nonce=115891, daa_score=558)
2026-08-09 21:00:36.880+09:00 [INFO ] [rig0] mined block #81 (nonce=302915, daa_score=559)
2026-08-09 21:00:37.223+09:00 [INFO ] [rig0] mined block #82 (nonce=195637, daa_score=560)
2026-08-09 21:00:38.185+09:00 [INFO ] [rig0] mined block #83 (nonce=544236, daa_score=561)
2026-08-09 21:00:38.936+09:00 [INFO ] [rig0] mined block #84 (nonce=426678, daa_score=562)
2026-08-09 21:00:39.765+09:00 [INFO ] [rig0] mined block #85 (nonce=9223372036855247904, daa_score=563)
2026-08-09 21:00:41.380+09:00 [INFO ] [rig0] mined block #86 (nonce=9223372036855703588, daa_score=564)
2026-08-09 21:00:41.453+09:00 [INFO ] [rig0] mined block #87 (nonce=9223372036854815002, daa_score=566)
2026-08-09 21:00:41.494+09:00 [INFO ] [rig0] mined block #88 (nonce=9223372036854795926, daa_score=567)
2026-08-09 21:00:41.570+09:00 [INFO ] [rig0] mined block #89 (nonce=41284, daa_score=568)
2026-08-09 21:00:41.586+09:00 [INFO ] [rig0] mined block #90 (nonce=6271, daa_score=569)
2026-08-09 21:00:43.922+09:00 [INFO ] [rig0] mined block #91 (nonce=9223372036856100066, daa_score=570)
2026-08-09 21:00:46.057+09:00 [INFO ] [rig0] mined block #92 (nonce=1203018, daa_score=571)
2026-08-09 21:00:46.276+09:00 [INFO ] [rig0] mined block #93 (nonce=9223372036854900025, daa_score=573)
2026-08-09 21:00:46.890+09:00 [INFO ] [rig0] mined block #94 (nonce=9223372036855128775, daa_score=574)
2026-08-09 21:00:47.195+09:00 [INFO ] [rig0] mined block #95 (nonce=9223372036854949726, daa_score=575)
2026-08-09 21:00:48.239+09:00 [INFO ] [rig0] mined block #96 (nonce=9223372036855379308, daa_score=576)
2026-08-09 21:00:50.892+09:00 [INFO ] [rig0] mined block #97 (nonce=1528549, daa_score=577)
2026-08-09 21:00:51.247+09:00 [INFO ] [rig0] mined block #98 (nonce=204797, daa_score=578)
2026-08-09 21:00:51.700+09:00 [INFO ] [rig0] mined block #99 (nonce=9223372036855037953, daa_score=579)
2026-08-09 21:00:52.032+09:00 [INFO ] [rig0] mined block #100 (nonce=189851, daa_score=580)
2026-08-09 21:00:53.943+09:00 [INFO ] [rig0] mined block #101 (nonce=1100139, daa_score=581)
2026-08-09 21:00:54.188+09:00 [INFO ] [rig0] mined block #102 (nonce=9223372036854915308, daa_score=583)
2026-08-09 21:00:54.930+09:00 [INFO ] [rig0] mined block #103 (nonce=9223372036855190167, daa_score=584)
2026-08-09 21:00:55.047+09:00 [INFO ] [rig0] mined block #104 (nonce=9223372036854836980, daa_score=585)
2026-08-09 21:00:55.262+09:00 [INFO ] [rig0] mined block #105 (nonce=9223372036854894098, daa_score=586)
2026-08-09 21:00:55.789+09:00 [INFO ] [rig0] mined block #106 (nonce=291810, daa_score=587)
2026-08-09 21:00:57.445+09:00 [INFO ] [rig0] mined block #107 (nonce=9223372036855715514, daa_score=588)
2026-08-09 21:00:58.419+09:00 [INFO ] [rig0] mined block #108 (nonce=539915, daa_score=589)
2026-08-09 21:00:58.818+09:00 [INFO ] [rig0] mined block #109 (nonce=9223372036855003107, daa_score=590)
2026-08-09 21:00:59.187+09:00 [INFO ] [rig0] mined block #110 (nonce=9223372036854988718, daa_score=591)
2026-08-09 21:00:59.214+09:00 [INFO ] [rig0] mined block #111 (nonce=9223372036854788767, daa_score=592)
2026-08-09 21:00:59.258+09:00 [INFO ] [rig0] mined block #112 (nonce=9223372036854798820, daa_score=593)
2026-08-09 21:00:59.440+09:00 [INFO ] [rig0] mined block #113 (nonce=9223372036854876418, daa_score=594)
2026-08-09 21:00:59.541+09:00 [INFO ] [rig0] mined block #114 (nonce=55732, daa_score=595)
2026-08-09 21:01:00.196+09:00 [INFO ] [rig0] mined block #115 (nonce=9223372036855152879, daa_score=596)
2026-08-09 21:01:00.253+09:00 [INFO ] [rig0] mined block #116 (nonce=9223372036854805742, daa_score=597)
2026-08-09 21:01:00.515+09:00 [INFO ] [rig0] mined block #117 (nonce=9223372036854921941, daa_score=598)
2026-08-09 21:01:00.535+09:00 [INFO ] [rig0] mined block #118 (nonce=9223372036854784540, daa_score=599)
2026-08-09 21:01:02.085+09:00 [INFO ] [rig0] mined block #119 (nonce=9223372036855660275, daa_score=600)
2026-08-09 21:01:02.310+09:00 [INFO ] [rig0] mined block #120 (nonce=125660, daa_score=601)
2026-08-09 21:01:03.265+09:00 [INFO ] [rig0] mined block #121 (nonce=541986, daa_score=602)
2026-08-09 21:01:03.385+09:00 [INFO ] [rig0] mined block #122 (nonce=9223372036854842044, daa_score=603)
2026-08-09 21:01:03.586+09:00 [INFO ] [rig0] mined block #123 (nonce=9223372036854889979, daa_score=604)
2026-08-09 21:01:03.906+09:00 [INFO ] [rig0] mined block #124 (nonce=9223372036854954687, daa_score=605)
2026-08-09 21:01:04.023+09:00 [INFO ] [rig0] mined block #125 (nonce=9223372036854838825, daa_score=606)
2026-08-09 21:01:04.387+09:00 [INFO ] [rig0] mined block #126 (nonce=205064, daa_score=607)
2026-08-09 21:01:06.547+09:00 [INFO ] [rig0] mined block #127 (nonce=9223372036855992553, daa_score=608)
2026-08-09 21:01:07.117+09:00 [INFO ] [rig0] mined block #128 (nonce=321537, daa_score=609)
2026-08-09 21:01:07.465+09:00 [INFO ] [rig0] mined block #129 (nonce=9223372036854952677, daa_score=610)
2026-08-09 21:01:07.786+09:00 [INFO ] [rig0] mined block #130 (nonce=9223372036854943670, daa_score=611)
2026-08-09 21:01:08.433+09:00 [INFO ] [rig0] mined block #131 (nonce=289910, daa_score=612)
2026-08-09 21:01:08.988+09:00 [INFO ] [rig0] mined block #132 (nonce=288596, daa_score=613)
2026-08-09 21:01:09.024+09:00 [INFO ] [rig0] mined block #133 (nonce=9223372036854792930, daa_score=614)
2026-08-09 21:01:09.177+09:00 [INFO ] [rig0] mined block #134 (nonce=9223372036854860441, daa_score=615)
2026-08-09 21:01:09.782+09:00 [INFO ] [rig0] mined block #135 (nonce=348527, daa_score=616)
2026-08-09 21:01:10.713+09:00 [INFO ] [rig0] mined block #136 (nonce=9223372036855310691, daa_score=617)
2026-08-09 21:01:11.301+09:00 [INFO ] [rig0] mined block #137 (nonce=9223372036855109380, daa_score=618)
2026-08-09 21:01:11.749+09:00 [INFO ] [rig0] mined block #138 (nonce=250976, daa_score=619)
2026-08-09 21:01:12.328+09:00 [INFO ] [rig0] mined block #139 (nonce=331284, daa_score=620)
2026-08-09 21:01:12.447+09:00 [INFO ] [rig0] mined block #140 (nonce=9223372036854841506, daa_score=621)
2026-08-09 21:01:12.541+09:00 [INFO ] [rig0] mined block #141 (nonce=51150, daa_score=622)
2026-08-09 21:01:12.662+09:00 [INFO ] [rig0] mined block #142 (nonce=66803, daa_score=623)
2026-08-09 21:01:13.387+09:00 [INFO ] [rig0] mined block #143 (nonce=415083, daa_score=624)
2026-08-09 21:01:13.974+09:00 [INFO ] [rig0] mined block #144 (nonce=333978, daa_score=625)
2026-08-09 21:01:14.065+09:00 [INFO ] [rig0] mined block #145 (nonce=49768, daa_score=626)
2026-08-09 21:01:14.212+09:00 [INFO ] [rig0] mined block #146 (nonce=81068, daa_score=627)
2026-08-09 21:01:14.899+09:00 [INFO ] [rig0] mined block #147 (nonce=9223372036855166645, daa_score=628)
2026-08-09 21:01:15.786+09:00 [INFO ] [rig0] mined block #148 (nonce=9223372036855286005, daa_score=629)
2026-08-09 21:01:15.927+09:00 [INFO ] [rig0] mined block #149 (nonce=78242, daa_score=630)
2026-08-09 21:01:17.388+09:00 [INFO ] [rig0] mined block #150 (nonce=9223372036855617769, daa_score=631)
2026-08-09 21:01:17.877+09:00 [INFO ] [rig0] mined block #151 (nonce=9223372036855056236, daa_score=632)
2026-08-09 21:01:18.251+09:00 [INFO ] [rig0] mined block #152 (nonce=199464, daa_score=633)
2026-08-09 21:01:19.342+09:00 [INFO ] [rig0] mined block #153 (nonce=612719, daa_score=634)
2026-08-09 21:01:19.458+09:00 [INFO ] [rig0] mined block #154 (nonce=63230, daa_score=635)
2026-08-09 21:01:20.880+09:00 [INFO ] [rig0] mined block #155 (nonce=9223372036855593524, daa_score=636)
2026-08-09 21:01:21.327+09:00 [INFO ] [rig0] mined block #156 (nonce=237124, daa_score=638)
2026-08-09 21:01:21.656+09:00 [INFO ] [rig0] mined block #157 (nonce=184328, daa_score=639)
2026-08-09 21:01:21.713+09:00 [INFO ] [rig0] mined block #158 (nonce=30155, daa_score=640)
2026-08-09 21:01:21.900+09:00 [INFO ] [rig0] mined block #159 (nonce=9223372036854880544, daa_score=641)
2026-08-09 21:01:22.259+09:00 [INFO ] [rig0] mined block #160 (nonce=9223372036854959811, daa_score=642)
2026-08-09 21:01:22.511+09:00 [INFO ] [rig0] mined block #161 (nonce=9223372036854920410, daa_score=643)
2026-08-09 21:01:22.523+09:00 [INFO ] [rig0] mined block #162 (nonce=9223372036854779401, daa_score=644)
2026-08-09 21:01:23.201+09:00 [INFO ] [rig0] mined block #163 (nonce=391575, daa_score=645)
2026-08-09 21:01:23.384+09:00 [INFO ] [rig0] mined block #164 (nonce=102927, daa_score=646)
2026-08-09 21:01:23.506+09:00 [INFO ] [rig0] mined block #165 (nonce=9223372036854844393, daa_score=647)
2026-08-09 21:01:24.662+09:00 [INFO ] [rig0] mined block #166 (nonce=671516, daa_score=648)
2026-08-09 21:01:24.696+09:00 [INFO ] [rig0] mined block #167 (nonce=9223372036854792723, daa_score=649)
2026-08-09 21:01:25.436+09:00 [INFO ] [rig0] mined block #168 (nonce=9223372036855192773, daa_score=650)
2026-08-09 21:01:26.178+09:00 [INFO ] [rig0] mined block #169 (nonce=425828, daa_score=651)
2026-08-09 21:01:26.998+09:00 [INFO ] [rig0] mined block #170 (nonce=471931, daa_score=652)
2026-08-09 21:01:27.509+09:00 [INFO ] [rig0] mined block #171 (nonce=292510, daa_score=653)
2026-08-09 21:01:27.775+09:00 [INFO ] [rig0] mined block #172 (nonce=9223372036854921217, daa_score=654)
2026-08-09 21:01:27.953+09:00 [INFO ] [rig0] mined block #173 (nonce=9223372036854872404, daa_score=655)
2026-08-09 21:01:28.671+09:00 [INFO ] [rig0] mined block #174 (nonce=407135, daa_score=656)
2026-08-09 21:01:29.148+09:00 [INFO ] [rig0] mined block #175 (nonce=271584, daa_score=657)
2026-08-09 21:01:29.175+09:00 [INFO ] [rig0] mined block #176 (nonce=12404, daa_score=658)
2026-08-09 21:01:29.214+09:00 [INFO ] [rig0] mined block #177 (nonce=19807, daa_score=659)
2026-08-09 21:01:29.529+09:00 [INFO ] [rig0] mined block #178 (nonce=176945, daa_score=660)
2026-08-09 21:01:29.651+09:00 [INFO ] [rig0] mined block #179 (nonce=66535, daa_score=661)
2026-08-09 21:01:29.761+09:00 [INFO ] [rig0] mined block #180 (nonce=9223372036854835748, daa_score=662)
2026-08-09 21:01:29.776+09:00 [INFO ] [rig0] mined block #181 (nonce=9223372036854781580, daa_score=663)
2026-08-09 21:01:30.086+09:00 [INFO ] [rig0] mined block #182 (nonce=169216, daa_score=664)
2026-08-09 21:01:30.297+09:00 [INFO ] [rig0] mined block #183 (nonce=9223372036854893767, daa_score=665)
2026-08-09 21:01:30.595+09:00 [INFO ] [rig0] mined block #184 (nonce=9223372036854944950, daa_score=666)
2026-08-09 21:01:31.041+09:00 [INFO ] [rig0] mined block #185 (nonce=254664, daa_score=667)
2026-08-09 21:01:31.854+09:00 [INFO ] [rig0] mined block #186 (nonce=9223372036855231380, daa_score=668)
2026-08-09 21:01:32.154+09:00 [INFO ] [rig0] mined block #187 (nonce=9223372036854945810, daa_score=669)
2026-08-09 21:01:32.224+09:00 [INFO ] [rig0] mined block #188 (nonce=9223372036854814087, daa_score=670)
2026-08-09 21:01:32.492+09:00 [INFO ] [rig0] mined block #189 (nonce=152739, daa_score=671)
2026-08-09 21:01:32.544+09:00 [INFO ] [rig0] mined block #190 (nonce=9223372036854803237, daa_score=672)
2026-08-09 21:01:32.911+09:00 [INFO ] [rig0] mined block #191 (nonce=9223372036854986176, daa_score=673)
2026-08-09 21:01:33.307+09:00 [INFO ] [rig0] mined block #192 (nonce=9223372036855002950, daa_score=674)
2026-08-09 21:01:33.855+09:00 [INFO ] [rig0] mined block #193 (nonce=9223372036855090757, daa_score=675)
2026-08-09 21:01:34.162+09:00 [INFO ] [rig0] mined block #194 (nonce=9223372036854949581, daa_score=676)
2026-08-09 21:01:34.329+09:00 [INFO ] [rig0] mined block #195 (nonce=94789, daa_score=677)
2026-08-09 21:01:35.005+09:00 [INFO ] [rig0] mined block #196 (nonce=9223372036855164584, daa_score=678)
2026-08-09 21:01:35.891+09:00 [INFO ] [rig0] mined block #197 (nonce=9223372036855291517, daa_score=679)
2026-08-09 21:01:36.303+09:00 [INFO ] [rig0] mined block #198 (nonce=9223372036855012301, daa_score=680)
2026-08-09 21:01:37.526+09:00 [INFO ] [rig0] mined block #199 (nonce=9223372036855475313, daa_score=681)
2026-08-09 21:01:37.952+09:00 [INFO ] [rig0] mined block #200 (nonce=9223372036855016605, daa_score=682)
2026-08-09 21:01:37.952+09:00 [INFO ] done: mined 200 blocks

  misaminer v1.0.0  —  MISAKA (kaspa-pq) Layer-0 CPU miner
  ---------------------------------------------------------
  pool/node : 127.0.0.1:17110
  network   : devnet
  worker    : rig0
  threads   : 2

2026-08-09 21:01:37.976+09:00 [WARN ] --allow-burn: mining to an UNSPENDABLE placeholder (rewards are lost) — PoW smoke test only.
2026-08-09 21:01:37.977+09:00 [INFO ] [rig0] connected to 127.0.0.1:17110; mining network_id=devnet to misakadev:qgqqqqqqqqqqqqqqqqqqqqqqqqqqqqqqqqqqqqqqqqqqqqqqqqqqqqqqqqqqqqqqqqqqqqqqqqqqqqqqqqqqqqqqqqqqqqqqqqqqqqqqets69efd
2026-08-09 21:01:39.392+09:00 [INFO ] [rig0] mined block #1 (nonce=9223372036855582036, daa_score=683)
2026-08-09 21:01:40.103+09:00 [INFO ] [rig0] mined block #2 (nonce=9223372036855183556, daa_score=685)
2026-08-09 21:01:40.452+09:00 [INFO ] [rig0] mined block #3 (nonce=198704, daa_score=686)
2026-08-09 21:01:40.542+09:00 [INFO ] [rig0] mined block #4 (nonce=48806, daa_score=687)
2026-08-09 21:01:40.723+09:00 [INFO ] [rig0] mined block #5 (nonce=100828, daa_score=688)
2026-08-09 21:01:40.836+09:00 [INFO ] [rig0] mined block #6 (nonce=9223372036854837823, daa_score=689)
2026-08-09 21:01:41.941+09:00 [INFO ] [rig0] mined block #7 (nonce=599116, daa_score=690)
2026-08-09 21:01:42.259+09:00 [INFO ] [rig0] mined block #8 (nonce=179856, daa_score=691)
2026-08-09 21:01:42.866+09:00 [INFO ] [rig0] mined block #9 (nonce=9223372036855124005, daa_score=692)
2026-08-09 21:01:42.971+09:00 [INFO ] [rig0] mined block #10 (nonce=57444, daa_score=693)
2026-08-09 21:01:43.349+09:00 [INFO ] [rig0] mined block #11 (nonce=213435, daa_score=694)
2026-08-09 21:01:44.022+09:00 [INFO ] [rig0] mined block #12 (nonce=383810, daa_score=695)
2026-08-09 21:01:44.165+09:00 [INFO ] [rig0] mined block #13 (nonce=77761, daa_score=696)
2026-08-09 21:01:44.931+09:00 [INFO ] [rig0] mined block #14 (nonce=436251, daa_score=697)
2026-08-09 21:01:44.941+09:00 [INFO ] [rig0] mined block #15 (nonce=9223372036854778160, daa_score=698)
2026-08-09 21:01:44.953+09:00 [INFO ] [rig0] mined block #16 (nonce=2314, daa_score=699)
2026-08-09 21:01:46.144+09:00 [INFO ] [rig0] mined block #17 (nonce=682218, daa_score=700)
2026-08-09 21:01:46.582+09:00 [INFO ] [rig0] mined block #18 (nonce=9223372036855024592, daa_score=701)
2026-08-09 21:01:46.654+09:00 [INFO ] [rig0] mined block #19 (nonce=9223372036854813943, daa_score=702)
2026-08-09 21:01:47.988+09:00 [INFO ] [rig0] mined block #20 (nonce=765689, daa_score=703)
2026-08-09 21:01:48.005+09:00 [INFO ] [rig0] mined block #21 (nonce=6002, daa_score=704)
2026-08-09 21:01:48.580+09:00 [INFO ] [rig0] mined block #22 (nonce=9223372036855098129, daa_score=705)
2026-08-09 21:01:48.623+09:00 [INFO ] [rig0] mined block #23 (nonce=9223372036854795656, daa_score=706)
2026-08-09 21:01:48.914+09:00 [INFO ] [rig0] mined block #24 (nonce=162020, daa_score=707)
2026-08-09 21:01:48.987+09:00 [INFO ] [rig0] mined block #25 (nonce=9223372036854814380, daa_score=708)
2026-08-09 21:01:49.215+09:00 [INFO ] [rig0] mined block #26 (nonce=128080, daa_score=709)
2026-08-09 21:01:49.381+09:00 [INFO ] [rig0] mined block #27 (nonce=9223372036854868414, daa_score=710)
2026-08-09 21:01:49.535+09:00 [INFO ] [rig0] mined block #28 (nonce=84486, daa_score=711)
2026-08-09 21:01:49.997+09:00 [INFO ] [rig0] mined block #29 (nonce=9223372036855042344, daa_score=712)
2026-08-09 21:01:50.884+09:00 [INFO ] [rig0] mined block #30 (nonce=507487, daa_score=713)
2026-08-09 21:01:51.695+09:00 [INFO ] [rig0] mined block #31 (nonce=9223372036855239722, daa_score=714)
2026-08-09 21:01:51.902+09:00 [INFO ] [rig0] mined block #32 (nonce=116097, daa_score=715)
2026-08-09 21:01:52.137+09:00 [INFO ] [rig0] mined block #33 (nonce=9223372036854907997, daa_score=716)
2026-08-09 21:01:52.398+09:00 [INFO ] [rig0] mined block #34 (nonce=147381, daa_score=717)
2026-08-09 21:01:52.416+09:00 [INFO ] [rig0] mined block #35 (nonce=9223372036854782855, daa_score=718)
2026-08-09 21:01:52.835+09:00 [INFO ] [rig0] mined block #36 (nonce=238766, daa_score=719)
2026-08-09 21:01:53.321+09:00 [INFO ] [rig0] mined block #37 (nonce=278478, daa_score=720)
2026-08-09 21:01:54.377+09:00 [INFO ] [rig0] mined block #38 (nonce=603367, daa_score=721)
2026-08-09 21:01:54.411+09:00 [INFO ] [rig0] mined block #39 (nonce=16463, daa_score=722)
2026-08-09 21:01:54.673+09:00 [INFO ] [rig0] mined block #40 (nonce=148482, daa_score=723)
2026-08-09 21:01:55.136+09:00 [INFO ] [rig0] mined block #41 (nonce=9223372036855040525, daa_score=724)
2026-08-09 21:01:56.540+09:00 [INFO ] [rig0] mined block #42 (nonce=9223372036855580676, daa_score=725)
2026-08-09 21:01:56.845+09:00 [INFO ] [rig0] mined block #43 (nonce=9223372036854946009, daa_score=726)
2026-08-09 21:01:57.246+09:00 [INFO ] [rig0] mined block #44 (nonce=228064, daa_score=727)
2026-08-09 21:01:57.641+09:00 [INFO ] [rig0] mined block #45 (nonce=226483, daa_score=728)
2026-08-09 21:01:57.729+09:00 [INFO ] [rig0] mined block #46 (nonce=9223372036854823576, daa_score=729)
2026-08-09 21:01:58.407+09:00 [INFO ] [rig0] mined block #47 (nonce=386404, daa_score=730)
2026-08-09 21:01:58.526+09:00 [INFO ] [rig0] mined block #48 (nonce=9223372036854840532, daa_score=731)
2026-08-09 21:01:58.784+09:00 [INFO ] [rig0] mined block #49 (nonce=9223372036854921795, daa_score=732)
2026-08-09 21:01:58.796+09:00 [INFO ] [rig0] mined block #50 (nonce=9223372036854779094, daa_score=733)
2026-08-09 21:01:59.207+09:00 [INFO ] [rig0] mined block #51 (nonce=234829, daa_score=734)
2026-08-09 21:01:59.332+09:00 [INFO ] [rig0] mined block #52 (nonce=69762, daa_score=735)
2026-08-09 21:02:00.017+09:00 [INFO ] [rig0] mined block #53 (nonce=389978, daa_score=736)
2026-08-09 21:02:00.035+09:00 [INFO ] [rig0] mined block #54 (nonce=9223372036854782379, daa_score=737)
2026-08-09 21:02:00.704+09:00 [INFO ] [rig0] mined block #55 (nonce=383069, daa_score=738)
2026-08-09 21:02:00.987+09:00 [INFO ] [rig0] mined block #56 (nonce=9223372036854936090, daa_score=739)
2026-08-09 21:02:01.250+09:00 [INFO ] [rig0] mined block #57 (nonce=9223372036854924345, daa_score=740)
2026-08-09 21:02:01.837+09:00 [INFO ] [rig0] mined block #58 (nonce=9223372036855111763, daa_score=741)
2026-08-09 21:02:01.973+09:00 [INFO ] [rig0] mined block #59 (nonce=9223372036854849779, daa_score=742)
2026-08-09 21:02:02.627+09:00 [INFO ] [rig0] mined block #60 (nonce=9223372036855148044, daa_score=743)
2026-08-09 21:02:02.735+09:00 [INFO ] [rig0] mined block #61 (nonce=59047, daa_score=744)
2026-08-09 21:02:03.376+09:00 [INFO ] [rig0] mined block #62 (nonce=367361, daa_score=745)
2026-08-09 21:02:04.014+09:00 [INFO ] [rig0] mined block #63 (nonce=9223372036855140913, daa_score=746)
2026-08-09 21:02:04.157+09:00 [INFO ] [rig0] mined block #64 (nonce=79300, daa_score=747)
2026-08-09 21:02:04.459+09:00 [INFO ] [rig0] mined block #65 (nonce=9223372036854947561, daa_score=748)
2026-08-09 21:02:06.492+09:00 [INFO ] [rig0] mined block #66 (nonce=1166227, daa_score=749)
2026-08-09 21:02:07.726+09:00 [INFO ] [rig0] mined block #67 (nonce=707674, daa_score=750)
2026-08-09 21:02:07.883+09:00 [INFO ] [rig0] mined block #68 (nonce=9223372036854861781, daa_score=751)
2026-08-09 21:02:08.256+09:00 [INFO ] [rig0] mined block #69 (nonce=9223372036854987622, daa_score=752)
2026-08-09 21:02:08.901+09:00 [INFO ] [rig0] mined block #70 (nonce=9223372036855142642, daa_score=753)
2026-08-09 21:02:09.456+09:00 [INFO ] [rig0] mined block #71 (nonce=9223372036855092072, daa_score=754)
2026-08-09 21:02:09.476+09:00 [INFO ] [rig0] mined block #72 (nonce=7735, daa_score=755)
2026-08-09 21:02:09.537+09:00 [INFO ] [rig0] mined block #73 (nonce=31694, daa_score=756)
2026-08-09 21:02:10.851+09:00 [INFO ] [rig0] mined block #74 (nonce=752548, daa_score=757)
2026-08-09 21:02:11.409+09:00 [INFO ] [rig0] mined block #75 (nonce=318131, daa_score=758)
2026-08-09 21:02:11.459+09:00 [INFO ] [rig0] mined block #76 (nonce=9223372036854801104, daa_score=760)
2026-08-09 21:02:11.664+09:00 [INFO ] [rig0] mined block #77 (nonce=115228, daa_score=761)
2026-08-09 21:02:12.940+09:00 [INFO ] [rig0] mined block #78 (nonce=9223372036855486976, daa_score=762)
2026-08-09 21:02:14.186+09:00 [INFO ] [rig0] mined block #79 (nonce=714392, daa_score=763)
2026-08-09 21:02:15.144+09:00 [INFO ] [rig0] mined block #80 (nonce=549700, daa_score=764)
2026-08-09 21:02:15.686+09:00 [INFO ] [rig0] mined block #81 (nonce=9223372036855083160, daa_score=765)
2026-08-09 21:02:16.109+09:00 [INFO ] [rig0] mined block #82 (nonce=243070, daa_score=766)
2026-08-09 21:02:16.289+09:00 [INFO ] [rig0] mined block #83 (nonce=100943, daa_score=767)
2026-08-09 21:02:16.411+09:00 [INFO ] [rig0] mined block #84 (nonce=66392, daa_score=768)
2026-08-09 21:02:16.706+09:00 [INFO ] [rig0] mined block #85 (nonce=9223372036854941629, daa_score=769)
2026-08-09 21:02:17.255+09:00 [INFO ] [rig0] mined block #86 (nonce=314008, daa_score=770)
2026-08-09 21:02:17.749+09:00 [INFO ] [rig0] mined block #87 (nonce=282839, daa_score=771)
2026-08-09 21:02:18.072+09:00 [INFO ] [rig0] mined block #88 (nonce=182319, daa_score=772)
2026-08-09 21:02:18.623+09:00 [INFO ] [rig0] mined block #89 (nonce=314563, daa_score=773)
2026-08-09 21:02:19.047+09:00 [INFO ] [rig0] mined block #90 (nonce=240603, daa_score=774)
2026-08-09 21:02:19.716+09:00 [INFO ] [rig0] mined block #91 (nonce=378631, daa_score=775)
2026-08-09 21:02:19.826+09:00 [INFO ] [rig0] mined block #92 (nonce=58788, daa_score=776)
2026-08-09 21:02:20.087+09:00 [INFO ] [rig0] mined block #93 (nonce=9223372036854922875, daa_score=777)
2026-08-09 21:02:20.104+09:00 [INFO ] [rig0] mined block #94 (nonce=5898, daa_score=778)
2026-08-09 21:02:20.277+09:00 [INFO ] [rig0] mined block #95 (nonce=94061, daa_score=779)
2026-08-09 21:02:21.151+09:00 [INFO ] [rig0] mined block #96 (nonce=494235, daa_score=780)
2026-08-09 21:02:21.304+09:00 [INFO ] [rig0] mined block #97 (nonce=9223372036854859479, daa_score=781)
2026-08-09 21:02:22.872+09:00 [INFO ] [rig0] mined block #98 (nonce=903426, daa_score=782)
2026-08-09 21:02:23.096+09:00 [INFO ] [rig0] mined block #99 (nonce=9223372036854902337, daa_score=784)
2026-08-09 21:02:23.647+09:00 [INFO ] [rig0] mined block #100 (nonce=9223372036855089102, daa_score=785)
2026-08-09 21:02:24.661+09:00 [INFO ] [rig0] mined block #101 (nonce=9223372036855355053, daa_score=786)
2026-08-09 21:02:26.995+09:00 [INFO ] [rig0] mined block #102 (nonce=9223372036856114414, daa_score=787)
2026-08-09 21:02:27.052+09:00 [INFO ] [rig0] mined block #103 (nonce=9223372036854804485, daa_score=788)
2026-08-09 21:02:27.255+09:00 [INFO ] [rig0] mined block #104 (nonce=9223372036854889702, daa_score=789)
2026-08-09 21:02:28.158+09:00 [INFO ] [rig0] mined block #105 (nonce=9223372036855294372, daa_score=790)
2026-08-09 21:02:28.333+09:00 [INFO ] [rig0] mined block #106 (nonce=98025, daa_score=791)
2026-08-09 21:02:28.975+09:00 [INFO ] [rig0] mined block #107 (nonce=365423, daa_score=792)
2026-08-09 21:02:29.498+09:00 [INFO ] [rig0] mined block #108 (nonce=9223372036855034966, daa_score=793)
2026-08-09 21:02:30.007+09:00 [INFO ] [rig0] mined block #109 (nonce=290747, daa_score=794)
2026-08-09 21:02:30.033+09:00 [INFO ] [rig0] mined block #110 (nonce=9223372036854786674, daa_score=795)
2026-08-09 21:02:30.260+09:00 [INFO ] [rig0] mined block #111 (nonce=127848, daa_score=796)
2026-08-09 21:02:30.528+09:00 [INFO ] [rig0] mined block #112 (nonce=125133, daa_score=797)
2026-08-09 21:02:30.718+09:00 [INFO ] [rig0] mined block #113 (nonce=107264, daa_score=798)
2026-08-09 21:02:30.777+09:00 [INFO ] [rig0] mined block #114 (nonce=9223372036854805493, daa_score=799)
2026-08-09 21:02:31.209+09:00 [INFO ] [rig0] mined block #115 (nonce=249312, daa_score=800)
2026-08-09 21:02:31.672+09:00 [INFO ] [rig0] mined block #116 (nonce=9223372036855041656, daa_score=801)
2026-08-09 21:02:31.778+09:00 [INFO ] [rig0] mined block #117 (nonce=9223372036854831497, daa_score=802)
2026-08-09 21:02:31.907+09:00 [INFO ] [rig0] mined block #118 (nonce=9223372036854845636, daa_score=803)
2026-08-09 21:02:32.189+09:00 [INFO ] [rig0] mined block #119 (nonce=9223372036854908566, daa_score=804)
2026-08-09 21:02:32.316+09:00 [INFO ] [rig0] mined block #120 (nonce=9223372036854822763, daa_score=805)
2026-08-09 21:02:33.910+09:00 [INFO ] [rig0] mined block #121 (nonce=9223372036855695394, daa_score=806)
2026-08-09 21:02:33.939+09:00 [INFO ] [rig0] mined block #122 (nonce=9223372036854787750, daa_score=807)
2026-08-09 21:02:34.098+09:00 [INFO ] [rig0] mined block #123 (nonce=87040, daa_score=808)
2026-08-09 21:02:34.277+09:00 [INFO ] [rig0] mined block #124 (nonce=9223372036854874867, daa_score=809)
2026-08-09 21:02:34.595+09:00 [INFO ] [rig0] mined block #125 (nonce=9223372036854954591, daa_score=810)
2026-08-09 21:02:34.962+09:00 [INFO ] [rig0] mined block #126 (nonce=9223372036854985196, daa_score=811)
2026-08-09 21:02:35.144+09:00 [INFO ] [rig0] mined block #127 (nonce=101766, daa_score=812)
2026-08-09 21:02:35.326+09:00 [INFO ] [rig0] mined block #128 (nonce=9223372036854876202, daa_score=813)
2026-08-09 21:02:35.875+09:00 [INFO ] [rig0] mined block #129 (nonce=9223372036855089536, daa_score=814)
2026-08-09 21:02:36.024+09:00 [INFO ] [rig0] mined block #130 (nonce=9223372036854857802, daa_score=815)
2026-08-09 21:02:36.058+09:00 [INFO ] [rig0] mined block #131 (nonce=15048, daa_score=816)
2026-08-09 21:02:36.444+09:00 [INFO ] [rig0] mined block #132 (nonce=220807, daa_score=817)
2026-08-09 21:02:37.129+09:00 [INFO ] [rig0] mined block #133 (nonce=372951, daa_score=818)
2026-08-09 21:02:37.501+09:00 [INFO ] [rig0] mined block #134 (nonce=211955, daa_score=819)
2026-08-09 21:02:37.699+09:00 [INFO ] [rig0] mined block #135 (nonce=110328, daa_score=820)
2026-08-09 21:02:38.225+09:00 [INFO ] [rig0] mined block #136 (nonce=9223372036855076567, daa_score=821)
2026-08-09 21:02:38.248+09:00 [INFO ] [rig0] mined block #137 (nonce=8771, daa_score=822)
2026-08-09 21:02:38.263+09:00 [INFO ] [rig0] mined block #138 (nonce=3692, daa_score=823)
2026-08-09 21:02:38.346+09:00 [INFO ] [rig0] mined block #139 (nonce=9223372036854818595, daa_score=824)
2026-08-09 21:02:38.422+09:00 [INFO ] [rig0] mined block #140 (nonce=39555, daa_score=825)
2026-08-09 21:02:39.022+09:00 [INFO ] [rig0] mined block #141 (nonce=9223372036855117975, daa_score=826)
2026-08-09 21:02:40.159+09:00 [INFO ] [rig0] mined block #142 (nonce=9223372036855428022, daa_score=827)
2026-08-09 21:02:40.295+09:00 [INFO ] [rig0] mined block #143 (nonce=74470, daa_score=828)
2026-08-09 21:02:40.590+09:00 [INFO ] [rig0] mined block #144 (nonce=9223372036854941953, daa_score=829)
2026-08-09 21:02:40.991+09:00 [INFO ] [rig0] mined block #145 (nonce=9223372036855005354, daa_score=830)
2026-08-09 21:02:43.118+09:00 [INFO ] [rig0] mined block #146 (nonce=9223372036855971360, daa_score=831)
2026-08-09 21:02:43.273+09:00 [INFO ] [rig0] mined block #147 (nonce=9223372036854860793, daa_score=832)
2026-08-09 21:02:43.436+09:00 [INFO ] [rig0] mined block #148 (nonce=88700, daa_score=833)
2026-08-09 21:02:43.724+09:00 [INFO ] [rig0] mined block #149 (nonce=160716, daa_score=834)
2026-08-09 21:02:44.273+09:00 [INFO ] [rig0] mined block #150 (nonce=315262, daa_score=835)
2026-08-09 21:02:44.789+09:00 [INFO ] [rig0] mined block #151 (nonce=294464, daa_score=836)
2026-08-09 21:02:44.821+09:00 [INFO ] [rig0] mined block #152 (nonce=9223372036854789512, daa_score=837)
2026-08-09 21:02:45.289+09:00 [INFO ] [rig0] mined block #153 (nonce=264439, daa_score=838)
2026-08-09 21:02:45.684+09:00 [INFO ] [rig0] mined block #154 (nonce=9223372036854999854, daa_score=839)
2026-08-09 21:02:45.759+09:00 [INFO ] [rig0] mined block #155 (nonce=39385, daa_score=840)
2026-08-09 21:02:46.122+09:00 [INFO ] [rig0] mined block #156 (nonce=203683, daa_score=841)
2026-08-09 21:02:47.325+09:00 [INFO ] [rig0] mined block #157 (nonce=688623, daa_score=842)
2026-08-09 21:02:48.380+09:00 [INFO ] [rig0] mined block #158 (nonce=9223372036855381100, daa_score=843)
2026-08-09 21:02:49.374+09:00 [INFO ] [rig0] mined block #159 (nonce=9223372036855345287, daa_score=844)
2026-08-09 21:02:49.459+09:00 [INFO ] [rig0] mined block #160 (nonce=41440, daa_score=845)
2026-08-09 21:02:49.682+09:00 [INFO ] [rig0] mined block #161 (nonce=124718, daa_score=846)
2026-08-09 21:02:50.294+09:00 [INFO ] [rig0] mined block #162 (nonce=9223372036855124443, daa_score=847)
2026-08-09 21:02:50.395+09:00 [INFO ] [rig0] mined block #163 (nonce=9223372036854830117, daa_score=848)
2026-08-09 21:02:50.560+09:00 [INFO ] [rig0] mined block #164 (nonce=91408, daa_score=849)
2026-08-09 21:02:50.796+09:00 [INFO ] [rig0] mined block #165 (nonce=133521, daa_score=850)
2026-08-09 21:02:51.858+09:00 [INFO ] [rig0] mined block #166 (nonce=616159, daa_score=851)
2026-08-09 21:02:51.895+09:00 [INFO ] [rig0] mined block #167 (nonce=17404, daa_score=852)
2026-08-09 21:02:51.991+09:00 [INFO ] [rig0] mined block #168 (nonce=9223372036854826351, daa_score=853)
2026-08-09 21:02:52.775+09:00 [INFO ] [rig0] mined block #169 (nonce=450488, daa_score=854)
2026-08-09 21:02:53.064+09:00 [INFO ] [rig0] mined block #170 (nonce=166400, daa_score=855)
2026-08-09 21:02:53.172+09:00 [INFO ] [rig0] mined block #171 (nonce=58295, daa_score=856)
2026-08-09 21:02:53.860+09:00 [INFO ] [rig0] mined block #172 (nonce=9223372036855171763, daa_score=857)
2026-08-09 21:02:53.940+09:00 [INFO ] [rig0] mined block #173 (nonce=9223372036854816876, daa_score=858)
2026-08-09 21:02:54.192+09:00 [INFO ] [rig0] mined block #174 (nonce=9223372036854916960, daa_score=859)
2026-08-09 21:02:54.206+09:00 [INFO ] [rig0] mined block #175 (nonce=9223372036854779640, daa_score=860)
2026-08-09 21:02:55.067+09:00 [INFO ] [rig0] mined block #176 (nonce=492448, daa_score=861)
2026-08-09 21:02:55.268+09:00 [INFO ] [rig0] mined block #177 (nonce=9223372036854887314, daa_score=862)
2026-08-09 21:02:55.510+09:00 [INFO ] [rig0] mined block #178 (nonce=9223372036854911929, daa_score=863)
2026-08-09 21:02:55.564+09:00 [INFO ] [rig0] mined block #179 (nonce=9223372036854802201, daa_score=864)
2026-08-09 21:02:56.619+09:00 [INFO ] [rig0] mined block #180 (nonce=9223372036855385423, daa_score=865)
2026-08-09 21:02:57.366+09:00 [INFO ] [rig0] mined block #181 (nonce=425242, daa_score=866)
2026-08-09 21:02:57.880+09:00 [INFO ] [rig0] mined block #182 (nonce=296496, daa_score=867)
2026-08-09 21:02:57.980+09:00 [INFO ] [rig0] mined block #183 (nonce=54269, daa_score=868)
2026-08-09 21:03:00.413+09:00 [INFO ] [rig0] mined block #184 (nonce=9223372036856150526, daa_score=869)
2026-08-09 21:03:00.474+09:00 [INFO ] [rig0] mined block #185 (nonce=9223372036854803764, daa_score=870)
2026-08-09 21:03:00.678+09:00 [INFO ] [rig0] mined block #186 (nonce=96067, daa_score=871)
2026-08-09 21:03:01.170+09:00 [INFO ] [rig0] mined block #187 (nonce=9223372036855049244, daa_score=872)
2026-08-09 21:03:01.284+09:00 [INFO ] [rig0] mined block #188 (nonce=61346, daa_score=873)
2026-08-09 21:03:01.639+09:00 [INFO ] [rig0] mined block #189 (nonce=200451, daa_score=874)
2026-08-09 21:03:02.196+09:00 [INFO ] [rig0] mined block #190 (nonce=9223372036855069375, daa_score=875)
2026-08-09 21:03:02.290+09:00 [INFO ] [rig0] mined block #191 (nonce=50203, daa_score=876)
2026-08-09 21:03:02.756+09:00 [INFO ] [rig0] mined block #192 (nonce=9223372036855034867, daa_score=877)
2026-08-09 21:03:03.076+09:00 [INFO ] [rig0] mined block #193 (nonce=9223372036854956517, daa_score=878)
2026-08-09 21:03:03.462+09:00 [INFO ] [rig0] mined block #194 (nonce=9223372036854950415, daa_score=879)
2026-08-09 21:03:03.492+09:00 [INFO ] [rig0] mined block #195 (nonce=9223372036854777952, daa_score=880)
2026-08-09 21:03:03.645+09:00 [INFO ] [rig0] mined block #196 (nonce=80951, daa_score=881)
2026-08-09 21:03:05.775+09:00 [INFO ] [rig0] mined block #197 (nonce=9223372036855994603, daa_score=882)
2026-08-09 21:03:06.372+09:00 [INFO ] [rig0] mined block #198 (nonce=332334, daa_score=884)
2026-08-09 21:03:06.438+09:00 [INFO ] [rig0] mined block #199 (nonce=33608, daa_score=885)
2026-08-09 21:03:06.610+09:00 [INFO ] [rig0] mined block #200 (nonce=94001, daa_score=886)
2026-08-09 21:03:06.610+09:00 [INFO ] done: mined 200 blocks

  misaminer v1.0.0  —  MISAKA (kaspa-pq) Layer-0 CPU miner
  ---------------------------------------------------------
  pool/node : 127.0.0.1:17110
  network   : devnet
  worker    : rig0
  threads   : 2

2026-08-09 21:03:06.622+09:00 [WARN ] --allow-burn: mining to an UNSPENDABLE placeholder (rewards are lost) — PoW smoke test only.
2026-08-09 21:03:06.623+09:00 [INFO ] [rig0] connected to 127.0.0.1:17110; mining network_id=devnet to misakadev:qgqqqqqqqqqqqqqqqqqqqqqqqqqqqqqqqqqqqqqqqqqqqqqqqqqqqqqqqqqqqqqqqqqqqqqqqqqqqqqqqqqqqqqqqqqqqqqqqqqqqqqqets69efd
2026-08-09 21:03:06.834+09:00 [INFO ] [rig0] mined block #1 (nonce=9223372036854893102, daa_score=887)
2026-08-09 21:03:07.000+09:00 [INFO ] [rig0] mined block #2 (nonce=92098, daa_score=888)
2026-08-09 21:03:07.720+09:00 [INFO ] [rig0] mined block #3 (nonce=9223372036855190711, daa_score=889)
2026-08-09 21:03:07.924+09:00 [INFO ] [rig0] mined block #4 (nonce=112247, daa_score=890)
2026-08-09 21:03:08.251+09:00 [INFO ] [rig0] mined block #5 (nonce=184380, daa_score=891)
2026-08-09 21:03:08.493+09:00 [INFO ] [rig0] mined block #6 (nonce=9223372036854910809, daa_score=892)
2026-08-09 21:03:08.778+09:00 [INFO ] [rig0] mined block #7 (nonce=160530, daa_score=893)
2026-08-09 21:03:09.087+09:00 [INFO ] [rig0] mined block #8 (nonce=173210, daa_score=894)
2026-08-09 21:03:10.530+09:00 [INFO ] [rig0] mined block #9 (nonce=9223372036855581213, daa_score=895)
2026-08-09 21:03:11.832+09:00 [INFO ] [rig0] mined block #10 (nonce=750170, daa_score=896)
2026-08-09 21:03:12.911+09:00 [INFO ] [rig0] mined block #11 (nonce=594310, daa_score=898)
2026-08-09 21:03:13.211+09:00 [INFO ] [rig0] mined block #12 (nonce=163423, daa_score=899)
2026-08-09 21:03:13.357+09:00 [INFO ] [rig0] mined block #13 (nonce=9223372036854854958, daa_score=900)
2026-08-09 21:03:13.476+09:00 [INFO ] [rig0] mined block #14 (nonce=63858, daa_score=901)
2026-08-09 21:03:13.807+09:00 [INFO ] [rig0] mined block #15 (nonce=9223372036854962135, daa_score=902)
2026-08-09 21:03:14.703+09:00 [INFO ] [rig0] mined block #16 (nonce=9223372036855285413, daa_score=903)
2026-08-09 21:03:14.821+09:00 [INFO ] [rig0] mined block #17 (nonce=62693, daa_score=904)
2026-08-09 21:03:15.140+09:00 [INFO ] [rig0] mined block #18 (nonce=177920, daa_score=905)
2026-08-09 21:03:15.618+09:00 [INFO ] [rig0] mined block #19 (nonce=274698, daa_score=906)
2026-08-09 21:03:15.674+09:00 [INFO ] [rig0] mined block #20 (nonce=9223372036854803846, daa_score=907)
2026-08-09 21:03:16.058+09:00 [INFO ] [rig0] mined block #21 (nonce=9223372036854993381, daa_score=908)
2026-08-09 21:03:16.264+09:00 [INFO ] [rig0] mined block #22 (nonce=9223372036854887734, daa_score=909)
2026-08-09 21:03:16.466+09:00 [INFO ] [rig0] mined block #23 (nonce=109168, daa_score=910)
2026-08-09 21:03:17.881+09:00 [INFO ] [rig0] mined block #24 (nonce=9223372036855553775, daa_score=911)
2026-08-09 21:03:17.932+09:00 [INFO ] [rig0] mined block #25 (nonce=9223372036854793069, daa_score=912)
2026-08-09 21:03:18.008+09:00 [INFO ] [rig0] mined block #26 (nonce=9223372036854811660, daa_score=913)
2026-08-09 21:03:19.618+09:00 [INFO ] [rig0] mined block #27 (nonce=925601, daa_score=914)
2026-08-09 21:03:20.044+09:00 [INFO ] [rig0] mined block #28 (nonce=9223372036855017057, daa_score=915)
2026-08-09 21:03:20.414+09:00 [INFO ] [rig0] mined block #29 (nonce=9223372036854984053, daa_score=916)
2026-08-09 21:03:21.702+09:00 [INFO ] [rig0] mined block #30 (nonce=9223372036855509481, daa_score=917)
2026-08-09 21:03:22.108+09:00 [INFO ] [rig0] mined block #31 (nonce=229479, daa_score=918)
2026-08-09 21:03:22.390+09:00 [INFO ] [rig0] mined block #32 (nonce=157777, daa_score=919)
2026-08-09 21:03:22.670+09:00 [INFO ] [rig0] mined block #33 (nonce=9223372036854932993, daa_score=920)
2026-08-09 21:03:23.292+09:00 [INFO ] [rig0] mined block #34 (nonce=356941, daa_score=921)
2026-08-09 21:03:23.414+09:00 [INFO ] [rig0] mined block #35 (nonce=66043, daa_score=922)
2026-08-09 21:03:24.531+09:00 [INFO ] [rig0] mined block #36 (nonce=9223372036855414159, daa_score=923)
2026-08-09 21:03:24.607+09:00 [INFO ] [rig0] mined block #37 (nonce=9223372036854815105, daa_score=924)
2026-08-09 21:03:24.857+09:00 [INFO ] [rig0] mined block #38 (nonce=9223372036854916573, daa_score=925)
2026-08-09 21:03:24.978+09:00 [INFO ] [rig0] mined block #39 (nonce=9223372036854842067, daa_score=926)
2026-08-09 21:03:25.187+09:00 [INFO ] [rig0] mined block #40 (nonce=9223372036854890863, daa_score=927)
2026-08-09 21:03:25.774+09:00 [INFO ] [rig0] mined block #41 (nonce=9223372036855110847, daa_score=928)
2026-08-09 21:03:25.941+09:00 [INFO ] [rig0] mined block #42 (nonce=9223372036854867776, daa_score=929)
2026-08-09 21:03:26.196+09:00 [INFO ] [rig0] mined block #43 (nonce=9223372036854918275, daa_score=930)
2026-08-09 21:03:26.295+09:00 [INFO ] [rig0] mined block #44 (nonce=9223372036854829003, daa_score=931)
2026-08-09 21:03:26.730+09:00 [INFO ] [rig0] mined block #45 (nonce=9223372036855024847, daa_score=932)
2026-08-09 21:03:27.387+09:00 [INFO ] [rig0] mined block #46 (nonce=377925, daa_score=933)
2026-08-09 21:03:28.475+09:00 [INFO ] [rig0] mined block #47 (nonce=622358, daa_score=934)
2026-08-09 21:03:29.545+09:00 [INFO ] [rig0] mined block #48 (nonce=9223372036855387850, daa_score=935)
2026-08-09 21:03:30.061+09:00 [INFO ] [rig0] mined block #49 (nonce=292310, daa_score=936)
2026-08-09 21:03:30.110+09:00 [INFO ] [rig0] mined block #50 (nonce=9223372036854799126, daa_score=937)
2026-08-09 21:03:32.219+09:00 [INFO ] [rig0] mined block #51 (nonce=9223372036855969736, daa_score=938)
2026-08-09 21:03:33.307+09:00 [INFO ] [rig0] mined block #52 (nonce=9223372036855392820, daa_score=939)
2026-08-09 21:03:33.337+09:00 [INFO ] [rig0] mined block #53 (nonce=12899, daa_score=940)
2026-08-09 21:03:33.496+09:00 [INFO ] [rig0] mined block #54 (nonce=9223372036854863881, daa_score=941)
2026-08-09 21:03:33.876+09:00 [INFO ] [rig0] mined block #55 (nonce=9223372036854993541, daa_score=942)
2026-08-09 21:03:34.186+09:00 [INFO ] [rig0] mined block #56 (nonce=9223372036854951690, daa_score=943)
2026-08-09 21:03:34.430+09:00 [INFO ] [rig0] mined block #57 (nonce=136751, daa_score=944)
2026-08-09 21:03:34.562+09:00 [INFO ] [rig0] mined block #58 (nonce=72274, daa_score=945)
2026-08-09 21:03:34.939+09:00 [INFO ] [rig0] mined block #59 (nonce=9223372036854991430, daa_score=946)
2026-08-09 21:03:35.217+09:00 [INFO ] [rig0] mined block #60 (nonce=9223372036854932374, daa_score=947)
2026-08-09 21:03:35.276+09:00 [INFO ] [rig0] mined block #61 (nonce=29413, daa_score=948)
2026-08-09 21:03:36.217+09:00 [INFO ] [rig0] mined block #62 (nonce=9223372036855313429, daa_score=949)
2026-08-09 21:03:36.717+09:00 [INFO ] [rig0] mined block #63 (nonce=283149, daa_score=950)
2026-08-09 21:03:37.183+09:00 [INFO ] [rig0] mined block #64 (nonce=9223372036855039281, daa_score=951)
2026-08-09 21:03:37.221+09:00 [INFO ] [rig0] mined block #65 (nonce=17965, daa_score=952)
2026-08-09 21:03:37.426+09:00 [INFO ] [rig0] mined block #66 (nonce=113327, daa_score=953)
2026-08-09 21:03:38.367+09:00 [INFO ] [rig0] mined block #67 (nonce=9223372036855313264, daa_score=954)
2026-08-09 21:03:38.758+09:00 [INFO ] [rig0] mined block #68 (nonce=9223372036854996507, daa_score=955)
2026-08-09 21:03:39.028+09:00 [INFO ] [rig0] mined block #69 (nonce=9223372036854928099, daa_score=956)
2026-08-09 21:03:40.743+09:00 [INFO ] [rig0] mined block #70 (nonce=9223372036855765044, daa_score=957)
2026-08-09 21:03:41.470+09:00 [INFO ] [rig0] mined block #71 (nonce=9223372036855187562, daa_score=958)
2026-08-09 21:03:42.427+09:00 [INFO ] [rig0] mined block #72 (nonce=9223372036855322291, daa_score=959)
2026-08-09 21:03:42.994+09:00 [INFO ] [rig0] mined block #73 (nonce=321931, daa_score=960)
2026-08-09 21:03:43.948+09:00 [INFO ] [rig0] mined block #74 (nonce=9223372036855322949, daa_score=961)
2026-08-09 21:03:43.999+09:00 [INFO ] [rig0] mined block #75 (nonce=24540, daa_score=962)
2026-08-09 21:03:44.650+09:00 [INFO ] [rig0] mined block #76 (nonce=346481, daa_score=963)
2026-08-09 21:03:44.805+09:00 [INFO ] [rig0] mined block #77 (nonce=9223372036854853901, daa_score=964)
2026-08-09 21:03:44.975+09:00 [INFO ] [rig0] mined block #78 (nonce=76306, daa_score=965)
2026-08-09 21:03:45.224+09:00 [INFO ] [rig0] mined block #79 (nonce=9223372036854881723, daa_score=966)
2026-08-09 21:03:45.354+09:00 [INFO ] [rig0] mined block #80 (nonce=9223372036854843004, daa_score=967)
2026-08-09 21:03:45.776+09:00 [INFO ] [rig0] mined block #81 (nonce=9223372036855010803, daa_score=968)
2026-08-09 21:03:46.159+09:00 [INFO ] [rig0] mined block #82 (nonce=9223372036854987625, daa_score=969)
2026-08-09 21:03:46.168+09:00 [INFO ] [rig0] mined block #83 (nonce=9223372036854776213, daa_score=970)
2026-08-09 21:03:46.201+09:00 [INFO ] [rig0] mined block #84 (nonce=9223372036854790101, daa_score=971)
2026-08-09 21:03:46.808+09:00 [INFO ] [rig0] mined block #85 (nonce=9223372036855114567, daa_score=972)
2026-08-09 21:03:46.938+09:00 [INFO ] [rig0] mined block #86 (nonce=70031, daa_score=973)
2026-08-09 21:03:47.369+09:00 [INFO ] [rig0] mined block #87 (nonce=245381, daa_score=974)
2026-08-09 21:03:48.156+09:00 [INFO ] [rig0] mined block #88 (nonce=9223372036855230551, daa_score=975)
2026-08-09 21:03:48.278+09:00 [INFO ] [rig0] mined block #89 (nonce=9223372036854843062, daa_score=976)
2026-08-09 21:03:48.570+09:00 [INFO ] [rig0] mined block #90 (nonce=164448, daa_score=977)
2026-08-09 21:03:49.673+09:00 [INFO ] [rig0] mined block #91 (nonce=626745, daa_score=978)
2026-08-09 21:03:49.879+09:00 [INFO ] [rig0] mined block #92 (nonce=9223372036854891414, daa_score=979)
2026-08-09 21:03:50.027+09:00 [INFO ] [rig0] mined block #93 (nonce=82706, daa_score=980)
2026-08-09 21:03:50.424+09:00 [INFO ] [rig0] mined block #94 (nonce=225170, daa_score=981)
2026-08-09 21:03:51.216+09:00 [INFO ] [rig0] mined block #95 (nonce=9223372036855230493, daa_score=982)
2026-08-09 21:03:51.271+09:00 [INFO ] [rig0] mined block #96 (nonce=27430, daa_score=983)
2026-08-09 21:03:51.497+09:00 [INFO ] [rig0] mined block #97 (nonce=9223372036854901692, daa_score=984)
2026-08-09 21:03:52.250+09:00 [INFO ] [rig0] mined block #98 (nonce=434927, daa_score=985)
2026-08-09 21:03:52.543+09:00 [INFO ] [rig0] mined block #99 (nonce=165514, daa_score=986)
2026-08-09 21:03:52.709+09:00 [INFO ] [rig0] mined block #100 (nonce=79390, daa_score=987)
2026-08-09 21:03:52.999+09:00 [INFO ] [rig0] mined block #101 (nonce=9223372036854938639, daa_score=988)
2026-08-09 21:03:53.259+09:00 [INFO ] [rig0] mined block #102 (nonce=145965, daa_score=989)
2026-08-09 21:03:53.443+09:00 [INFO ] [rig0] mined block #103 (nonce=101161, daa_score=990)
2026-08-09 21:03:53.842+09:00 [INFO ] [rig0] mined block #104 (nonce=227490, daa_score=991)
2026-08-09 21:03:54.222+09:00 [INFO ] [rig0] mined block #105 (nonce=211823, daa_score=992)
2026-08-09 21:03:54.709+09:00 [INFO ] [rig0] mined block #106 (nonce=9223372036855054817, daa_score=993)
2026-08-09 21:03:54.804+09:00 [INFO ] [rig0] mined block #107 (nonce=9223372036854826840, daa_score=994)
2026-08-09 21:03:55.011+09:00 [INFO ] [rig0] mined block #108 (nonce=9223372036854890127, daa_score=995)
2026-08-09 21:03:55.692+09:00 [INFO ] [rig0] mined block #109 (nonce=384496, daa_score=996)
2026-08-09 21:03:55.987+09:00 [INFO ] [rig0] mined block #110 (nonce=164688, daa_score=997)
2026-08-09 21:03:56.170+09:00 [INFO ] [rig0] mined block #111 (nonce=9223372036854877829, daa_score=998)
2026-08-09 21:03:56.399+09:00 [INFO ] [rig0] mined block #112 (nonce=126391, daa_score=999)
2026-08-09 21:03:57.164+09:00 [INFO ] [rig0] mined block #113 (nonce=9223372036855214591, daa_score=1000)
2026-08-09 21:03:57.245+09:00 [INFO ] [rig0] mined block #114 (nonce=41721, daa_score=1001)
2026-08-09 21:03:57.976+09:00 [INFO ] [rig0] mined block #115 (nonce=9223372036855193952, daa_score=1002)
2026-08-09 21:03:59.076+09:00 [INFO ] [rig0] mined block #116 (nonce=629106, daa_score=1003)
2026-08-09 21:03:59.260+09:00 [INFO ] [rig0] mined block #117 (nonce=100025, daa_score=1004)
2026-08-09 21:03:59.659+09:00 [INFO ] [rig0] mined block #118 (nonce=224757, daa_score=1005)
2026-08-09 21:04:00.777+09:00 [INFO ] [rig0] mined block #119 (nonce=616631, daa_score=1006)
2026-08-09 21:04:01.088+09:00 [INFO ] [rig0] mined block #120 (nonce=174582, daa_score=1007)
2026-08-09 21:04:01.138+09:00 [INFO ] [rig0] mined block #121 (nonce=9223372036854799898, daa_score=1008)
2026-08-09 21:04:01.194+09:00 [INFO ] [rig0] mined block #122 (nonce=26899, daa_score=1009)
2026-08-09 21:04:01.703+09:00 [INFO ] [rig0] mined block #123 (nonce=286449, daa_score=1010)
2026-08-09 21:04:01.721+09:00 [INFO ] [rig0] mined block #124 (nonce=9223372036854779993, daa_score=1012)
2026-08-09 21:04:01.938+09:00 [INFO ] [rig0] mined block #125 (nonce=121427, daa_score=1013)
2026-08-09 21:04:02.050+09:00 [INFO ] [rig0] mined block #126 (nonce=59940, daa_score=1014)
2026-08-09 21:04:02.636+09:00 [INFO ] [rig0] mined block #127 (nonce=9223372036855108906, daa_score=1015)
2026-08-09 21:04:03.309+09:00 [INFO ] [rig0] mined block #128 (nonce=382172, daa_score=1016)
2026-08-09 21:04:03.677+09:00 [INFO ] [rig0] mined block #129 (nonce=9223372036854984043, daa_score=1017)
2026-08-09 21:04:03.933+09:00 [INFO ] [rig0] mined block #130 (nonce=143786, daa_score=1018)
2026-08-09 21:04:04.831+09:00 [INFO ] [rig0] mined block #131 (nonce=9223372036855290403, daa_score=1019)
2026-08-09 21:04:05.902+09:00 [INFO ] [rig0] mined block #132 (nonce=9223372036855387615, daa_score=1020)
2026-08-09 21:04:05.994+09:00 [INFO ] [rig0] mined block #133 (nonce=48134, daa_score=1021)
2026-08-09 21:04:06.213+09:00 [INFO ] [rig0] mined block #134 (nonce=9223372036854897197, daa_score=1022)
2026-08-09 21:04:06.479+09:00 [INFO ] [rig0] mined block #135 (nonce=9223372036854925764, daa_score=1023)
2026-08-09 21:04:06.528+09:00 [INFO ] [rig0] mined block #136 (nonce=9223372036854799553, daa_score=1024)
2026-08-09 21:04:06.552+09:00 [INFO ] [rig0] mined block #137 (nonce=9223372036854784858, daa_score=1025)
2026-08-09 21:04:06.800+09:00 [INFO ] [rig0] mined block #138 (nonce=137594, daa_score=1026)
2026-08-09 21:04:06.843+09:00 [INFO ] [rig0] mined block #139 (nonce=9223372036854795788, daa_score=1027)
2026-08-09 21:04:07.500+09:00 [INFO ] [rig0] mined block #140 (nonce=9223372036855150153, daa_score=1028)
2026-08-09 21:04:08.014+09:00 [INFO ] [rig0] mined block #141 (nonce=290761, daa_score=1029)
2026-08-09 21:04:08.493+09:00 [INFO ] [rig0] mined block #142 (nonce=272077, daa_score=1030)
2026-08-09 21:04:09.065+09:00 [INFO ] [rig0] mined block #143 (nonce=9223372036855101132, daa_score=1031)
2026-08-09 21:04:09.189+09:00 [INFO ] [rig0] mined block #144 (nonce=66546, daa_score=1032)
2026-08-09 21:04:09.501+09:00 [INFO ] [rig0] mined block #145 (nonce=175473, daa_score=1033)
2026-08-09 21:04:09.543+09:00 [INFO ] [rig0] mined block #146 (nonce=9223372036854795618, daa_score=1034)
2026-08-09 21:04:10.617+09:00 [INFO ] [rig0] mined block #147 (nonce=9223372036855390543, daa_score=1035)
2026-08-09 21:04:11.508+09:00 [INFO ] [rig0] mined block #148 (nonce=9223372036855284439, daa_score=1036)
2026-08-09 21:04:11.546+09:00 [INFO ] [rig0] mined block #149 (nonce=16090, daa_score=1037)
2026-08-09 21:04:11.577+09:00 [INFO ] [rig0] mined block #150 (nonce=12869, daa_score=1038)
2026-08-09 21:04:12.330+09:00 [INFO ] [rig0] mined block #151 (nonce=9223372036855208398, daa_score=1039)
2026-08-09 21:04:12.529+09:00 [INFO ] [rig0] mined block #152 (nonce=9223372036854885723, daa_score=1040)
2026-08-09 21:04:12.669+09:00 [INFO ] [rig0] mined block #153 (nonce=75921, daa_score=1041)
2026-08-09 21:04:12.857+09:00 [INFO ] [rig0] mined block #154 (nonce=104621, daa_score=1042)
2026-08-09 21:04:12.986+09:00 [INFO ] [rig0] mined block #155 (nonce=9223372036854846173, daa_score=1043)
2026-08-09 21:04:13.589+09:00 [INFO ] [rig0] mined block #156 (nonce=9223372036855118122, daa_score=1044)
2026-08-09 21:04:13.753+09:00 [INFO ] [rig0] mined block #157 (nonce=9223372036854864353, daa_score=1045)
2026-08-09 21:04:14.298+09:00 [INFO ] [rig0] mined block #158 (nonce=9223372036855083988, daa_score=1046)
2026-08-09 21:04:14.917+09:00 [INFO ] [rig0] mined block #159 (nonce=351791, daa_score=1047)
2026-08-09 21:04:16.479+09:00 [INFO ] [rig0] mined block #160 (nonce=897570, daa_score=1048)
2026-08-09 21:04:17.357+09:00 [INFO ] [rig0] mined block #161 (nonce=501272, daa_score=1049)
2026-08-09 21:04:17.851+09:00 [INFO ] [rig0] mined block #162 (nonce=9223372036855056664, daa_score=1051)
2026-08-09 21:04:18.390+09:00 [INFO ] [rig0] mined block #163 (nonce=9223372036855081363, daa_score=1052)
2026-08-09 21:04:18.727+09:00 [INFO ] [rig0] mined block #164 (nonce=189743, daa_score=1053)
2026-08-09 21:04:18.845+09:00 [INFO ] [rig0] mined block #165 (nonce=62909, daa_score=1054)
2026-08-09 21:04:18.935+09:00 [INFO ] [rig0] mined block #166 (nonce=9223372036854822930, daa_score=1055)
2026-08-09 21:04:19.103+09:00 [INFO ] [rig0] mined block #167 (nonce=92913, daa_score=1056)
2026-08-09 21:04:19.207+09:00 [INFO ] [rig0] mined block #168 (nonce=9223372036854830934, daa_score=1057)
2026-08-09 21:04:19.564+09:00 [INFO ] [rig0] mined block #169 (nonce=199652, daa_score=1058)
2026-08-09 21:04:19.801+09:00 [INFO ] [rig0] mined block #170 (nonce=9223372036854897896, daa_score=1059)
2026-08-09 21:04:20.080+09:00 [INFO ] [rig0] mined block #171 (nonce=9223372036854915356, daa_score=1060)
2026-08-09 21:04:20.220+09:00 [INFO ] [rig0] mined block #172 (nonce=75676, daa_score=1061)
2026-08-09 21:04:20.847+09:00 [INFO ] [rig0] mined block #173 (nonce=9223372036855134720, daa_score=1062)
2026-08-09 21:04:21.005+09:00 [INFO ] [rig0] mined block #174 (nonce=9223372036854861671, daa_score=1063)
2026-08-09 21:04:21.143+09:00 [INFO ] [rig0] mined block #175 (nonce=9223372036854850779, daa_score=1064)
2026-08-09 21:04:21.809+09:00 [INFO ] [rig0] mined block #176 (nonce=378708, daa_score=1065)
2026-08-09 21:04:22.482+09:00 [INFO ] [rig0] mined block #177 (nonce=384668, daa_score=1066)
2026-08-09 21:04:22.898+09:00 [INFO ] [rig0] mined block #178 (nonce=9223372036855010168, daa_score=1067)
2026-08-09 21:04:23.511+09:00 [INFO ] [rig0] mined block #179 (nonce=349056, daa_score=1068)
2026-08-09 21:04:23.843+09:00 [INFO ] [rig0] mined block #180 (nonce=186001, daa_score=1069)
2026-08-09 21:04:24.959+09:00 [INFO ] [rig0] mined block #181 (nonce=624746, daa_score=1070)
2026-08-09 21:04:25.527+09:00 [INFO ] [rig0] mined block #182 (nonce=9223372036855096644, daa_score=1071)
2026-08-09 21:04:25.584+09:00 [INFO ] [rig0] mined block #183 (nonce=28485, daa_score=1072)
2026-08-09 21:04:25.685+09:00 [INFO ] [rig0] mined block #184 (nonce=9223372036854830273, daa_score=1073)
2026-08-09 21:04:26.109+09:00 [INFO ] [rig0] mined block #185 (nonce=238346, daa_score=1074)
2026-08-09 21:04:26.424+09:00 [INFO ] [rig0] mined block #186 (nonce=9223372036854951598, daa_score=1075)
2026-08-09 21:04:26.575+09:00 [INFO ] [rig0] mined block #187 (nonce=81203, daa_score=1076)
2026-08-09 21:04:27.136+09:00 [INFO ] [rig0] mined block #188 (nonce=323548, daa_score=1077)
2026-08-09 21:04:27.534+09:00 [INFO ] [rig0] mined block #189 (nonce=226090, daa_score=1078)
2026-08-09 21:04:28.002+09:00 [INFO ] [rig0] mined block #190 (nonce=265941, daa_score=1079)
2026-08-09 21:04:28.891+09:00 [INFO ] [rig0] mined block #191 (nonce=9223372036855289851, daa_score=1080)
2026-08-09 21:04:29.183+09:00 [INFO ] [rig0] mined block #192 (nonce=162498, daa_score=1081)
2026-08-09 21:04:29.311+09:00 [INFO ] [rig0] mined block #193 (nonce=9223372036854844864, daa_score=1082)
2026-08-09 21:04:29.357+09:00 [INFO ] [rig0] mined block #194 (nonce=9223372036854797663, daa_score=1083)
2026-08-09 21:04:30.403+09:00 [INFO ] [rig0] mined block #195 (nonce=9223372036855377276, daa_score=1084)
2026-08-09 21:04:30.576+09:00 [INFO ] [rig0] mined block #196 (nonce=88310, daa_score=1085)
2026-08-09 21:04:31.182+09:00 [INFO ] [rig0] mined block #197 (nonce=342222, daa_score=1086)
2026-08-09 21:04:31.635+09:00 [INFO ] [rig0] mined block #198 (nonce=259025, daa_score=1087)
2026-08-09 21:04:32.561+09:00 [INFO ] [rig0] mined block #199 (nonce=9223372036855304974, daa_score=1088)
2026-08-09 21:04:32.753+09:00 [INFO ] [rig0] mined block #200 (nonce=104773, daa_score=1089)
2026-08-09 21:04:32.753+09:00 [INFO ] done: mined 200 blocks

  misaminer v1.0.0  —  MISAKA (kaspa-pq) Layer-0 CPU miner
  ---------------------------------------------------------
  pool/node : 127.0.0.1:17110
  network   : devnet
  worker    : rig0
  threads   : 2

2026-08-09 21:04:32.819+09:00 [WARN ] --allow-burn: mining to an UNSPENDABLE placeholder (rewards are lost) — PoW smoke test only.
2026-08-09 21:04:32.819+09:00 [INFO ] [rig0] connected to 127.0.0.1:17110; mining network_id=devnet to misakadev:qgqqqqqqqqqqqqqqqqqqqqqqqqqqqqqqqqqqqqqqqqqqqqqqqqqqqqqqqqqqqqqqqqqqqqqqqqqqqqqqqqqqqqqqqqqqqqqqqqqqqqqqets69efd
2026-08-09 21:04:35.103+09:00 [INFO ] [rig0] mined block #1 (nonce=1314053, daa_score=1090)
2026-08-09 21:04:35.247+09:00 [INFO ] [rig0] mined block #2 (nonce=9223372036854851668, daa_score=1092)
2026-08-09 21:04:36.014+09:00 [INFO ] [rig0] mined block #3 (nonce=9223372036855216592, daa_score=1093)
2026-08-09 21:04:37.586+09:00 [INFO ] [rig0] mined block #4 (nonce=9223372036855685853, daa_score=1094)
2026-08-09 21:04:37.823+09:00 [INFO ] [rig0] mined block #5 (nonce=132709, daa_score=1096)
2026-08-09 21:04:37.960+09:00 [INFO ] [rig0] mined block #6 (nonce=74578, daa_score=1097)
2026-08-09 21:04:39.302+09:00 [INFO ] [rig0] mined block #7 (nonce=9223372036855523885, daa_score=1098)
2026-08-09 21:04:40.054+09:00 [INFO ] [rig0] mined block #8 (nonce=9223372036855206407, daa_score=1099)
2026-08-09 21:04:40.618+09:00 [INFO ] [rig0] mined block #9 (nonce=318795, daa_score=1100)
2026-08-09 21:04:40.762+09:00 [INFO ] [rig0] mined block #10 (nonce=76943, daa_score=1101)
2026-08-09 21:04:40.825+09:00 [INFO ] [rig0] mined block #11 (nonce=9223372036854807190, daa_score=1102)
2026-08-09 21:04:41.381+09:00 [INFO ] [rig0] mined block #12 (nonce=9223372036855094610, daa_score=1103)
2026-08-09 21:04:44.684+09:00 [INFO ] [rig0] mined block #13 (nonce=1899404, daa_score=1104)
2026-08-09 21:04:44.941+09:00 [INFO ] [rig0] mined block #14 (nonce=9223372036854918737, daa_score=1105)
2026-08-09 21:04:45.197+09:00 [INFO ] [rig0] mined block #15 (nonce=9223372036854918411, daa_score=1106)
2026-08-09 21:04:46.270+09:00 [INFO ] [rig0] mined block #16 (nonce=615187, daa_score=1107)
2026-08-09 21:04:48.253+09:00 [INFO ] [rig0] mined block #17 (nonce=1140239, daa_score=1108)
2026-08-09 21:04:48.315+09:00 [INFO ] [rig0] mined block #18 (nonce=27377, daa_score=1109)
2026-08-09 21:04:48.330+09:00 [INFO ] [rig0] mined block #19 (nonce=2140, daa_score=1110)
2026-08-09 21:04:49.190+09:00 [INFO ] [rig0] mined block #20 (nonce=491859, daa_score=1111)
2026-08-09 21:04:50.658+09:00 [INFO ] [rig0] mined block #21 (nonce=9223372036855620878, daa_score=1113)
2026-08-09 21:04:50.849+09:00 [INFO ] [rig0] mined block #22 (nonce=9223372036854881020, daa_score=1114)
2026-08-09 21:04:51.133+09:00 [INFO ] [rig0] mined block #23 (nonce=158809, daa_score=1115)
2026-08-09 21:04:51.177+09:00 [INFO ] [rig0] mined block #24 (nonce=9223372036854795814, daa_score=1116)
2026-08-09 21:04:51.187+09:00 [INFO ] [rig0] mined block #25 (nonce=93, daa_score=1117)
2026-08-09 21:04:51.599+09:00 [INFO ] [rig0] mined block #26 (nonce=9223372036855009118, daa_score=1118)
2026-08-09 21:04:51.910+09:00 [INFO ] [rig0] mined block #27 (nonce=174468, daa_score=1119)
2026-08-09 21:04:52.352+09:00 [INFO ] [rig0] mined block #28 (nonce=251308, daa_score=1120)
2026-08-09 21:04:52.394+09:00 [INFO ] [rig0] mined block #29 (nonce=9223372036854794337, daa_score=1121)
2026-08-09 21:04:52.584+09:00 [INFO ] [rig0] mined block #30 (nonce=9223372036854879670, daa_score=1122)
2026-08-09 21:04:52.761+09:00 [INFO ] [rig0] mined block #31 (nonce=97607, daa_score=1123)
2026-08-09 21:04:53.077+09:00 [INFO ] [rig0] mined block #32 (nonce=178409, daa_score=1124)
2026-08-09 21:04:53.778+09:00 [INFO ] [rig0] mined block #33 (nonce=9223372036855175541, daa_score=1125)
2026-08-09 21:04:53.811+09:00 [INFO ] [rig0] mined block #34 (nonce=9223372036854789240, daa_score=1126)
2026-08-09 21:04:54.421+09:00 [INFO ] [rig0] mined block #35 (nonce=9223372036855123854, daa_score=1127)
2026-08-09 21:04:54.545+09:00 [INFO ] [rig0] mined block #36 (nonce=66302, daa_score=1128)
2026-08-09 21:04:54.671+09:00 [INFO ] [rig0] mined block #37 (nonce=67868, daa_score=1129)
2026-08-09 21:04:54.916+09:00 [INFO ] [rig0] mined block #38 (nonce=9223372036854912931, daa_score=1130)
2026-08-09 21:04:55.118+09:00 [INFO ] [rig0] mined block #39 (nonce=112356, daa_score=1131)
2026-08-09 21:04:55.392+09:00 [INFO ] [rig0] mined block #40 (nonce=9223372036854929529, daa_score=1132)
2026-08-09 21:04:56.371+09:00 [INFO ] [rig0] mined block #41 (nonce=564322, daa_score=1133)
2026-08-09 21:04:56.473+09:00 [INFO ] [rig0] mined block #42 (nonce=9223372036854828978, daa_score=1134)
2026-08-09 21:04:57.035+09:00 [INFO ] [rig0] mined block #43 (nonce=9223372036855095990, daa_score=1135)
2026-08-09 21:04:57.054+09:00 [INFO ] [rig0] mined block #44 (nonce=5152, daa_score=1136)
2026-08-09 21:04:57.913+09:00 [INFO ] [rig0] mined block #45 (nonce=490793, daa_score=1137)
2026-08-09 21:04:58.410+09:00 [INFO ] [rig0] mined block #46 (nonce=9223372036855056229, daa_score=1138)
2026-08-09 21:04:58.485+09:00 [INFO ] [rig0] mined block #47 (nonce=37811, daa_score=1139)
2026-08-09 21:04:59.197+09:00 [INFO ] [rig0] mined block #48 (nonce=404837, daa_score=1140)
2026-08-09 21:04:59.788+09:00 [INFO ] [rig0] mined block #49 (nonce=9223372036855113483, daa_score=1141)
2026-08-09 21:04:59.801+09:00 [INFO ] [rig0] mined block #50 (nonce=9223372036854777281, daa_score=1142)
2026-08-09 21:05:00.579+09:00 [INFO ] [rig0] mined block #51 (nonce=9223372036855222223, daa_score=1143)
2026-08-09 21:05:00.891+09:00 [INFO ] [rig0] mined block #52 (nonce=9223372036854951794, daa_score=1144)
2026-08-09 21:05:01.116+09:00 [INFO ] [rig0] mined block #53 (nonce=124513, daa_score=1145)
2026-08-09 21:05:01.457+09:00 [INFO ] [rig0] mined block #54 (nonce=190774, daa_score=1146)
2026-08-09 21:05:02.021+09:00 [INFO ] [rig0] mined block #55 (nonce=321911, daa_score=1147)
2026-08-09 21:05:03.545+09:00 [INFO ] [rig0] mined block #56 (nonce=9223372036855650127, daa_score=1148)
2026-08-09 21:05:04.886+09:00 [INFO ] [rig0] mined block #57 (nonce=747188, daa_score=1149)
2026-08-09 21:05:05.224+09:00 [INFO ] [rig0] mined block #58 (nonce=189851, daa_score=1150)
2026-08-09 21:05:05.501+09:00 [INFO ] [rig0] mined block #59 (nonce=155271, daa_score=1151)
2026-08-09 21:05:05.583+09:00 [INFO ] [rig0] mined block #60 (nonce=42606, daa_score=1152)
2026-08-09 21:05:06.337+09:00 [INFO ] [rig0] mined block #61 (nonce=432436, daa_score=1153)
2026-08-09 21:05:06.775+09:00 [INFO ] [rig0] mined block #62 (nonce=9223372036855023030, daa_score=1154)
2026-08-09 21:05:07.026+09:00 [INFO ] [rig0] mined block #63 (nonce=140875, daa_score=1155)
2026-08-09 21:05:07.173+09:00 [INFO ] [rig0] mined block #64 (nonce=79353, daa_score=1156)
2026-08-09 21:05:08.005+09:00 [INFO ] [rig0] mined block #65 (nonce=476629, daa_score=1157)
2026-08-09 21:05:08.049+09:00 [INFO ] [rig0] mined block #66 (nonce=9223372036854795173, daa_score=1158)
2026-08-09 21:05:08.155+09:00 [INFO ] [rig0] mined block #67 (nonce=9223372036854831398, daa_score=1159)
2026-08-09 21:05:08.673+09:00 [INFO ] [rig0] mined block #68 (nonce=9223372036855070018, daa_score=1160)
2026-08-09 21:05:08.794+09:00 [INFO ] [rig0] mined block #69 (nonce=65247, daa_score=1161)
2026-08-09 21:05:08.813+09:00 [INFO ] [rig0] mined block #70 (nonce=5414, daa_score=1162)
2026-08-09 21:05:08.869+09:00 [INFO ] [rig0] mined block #71 (nonce=9223372036854802767, daa_score=1163)
2026-08-09 21:05:09.086+09:00 [INFO ] [rig0] mined block #72 (nonce=9223372036854896894, daa_score=1164)
2026-08-09 21:05:10.591+09:00 [INFO ] [rig0] mined block #73 (nonce=866336, daa_score=1165)
2026-08-09 21:05:10.634+09:00 [INFO ] [rig0] mined block #74 (nonce=18637, daa_score=1166)
2026-08-09 21:05:10.874+09:00 [INFO ] [rig0] mined block #75 (nonce=133172, daa_score=1167)
2026-08-09 21:05:11.058+09:00 [INFO ] [rig0] mined block #76 (nonce=9223372036854877076, daa_score=1168)
2026-08-09 21:05:11.793+09:00 [INFO ] [rig0] mined block #77 (nonce=419831, daa_score=1169)
2026-08-09 21:05:11.816+09:00 [INFO ] [rig0] mined block #78 (nonce=7408, daa_score=1170)
2026-08-09 21:05:11.888+09:00 [INFO ] [rig0] mined block #79 (nonce=35670, daa_score=1171)
2026-08-09 21:05:12.058+09:00 [INFO ] [rig0] mined block #80 (nonce=9223372036854868226, daa_score=1172)
2026-08-09 21:05:12.690+09:00 [INFO ] [rig0] mined block #81 (nonce=360304, daa_score=1173)
2026-08-09 21:05:12.983+09:00 [INFO ] [rig0] mined block #82 (nonce=164768, daa_score=1174)
2026-08-09 21:05:13.042+09:00 [INFO ] [rig0] mined block #83 (nonce=9223372036854805391, daa_score=1175)
2026-08-09 21:05:13.226+09:00 [INFO ] [rig0] mined block #84 (nonce=9223372036854877224, daa_score=1176)
2026-08-09 21:05:13.338+09:00 [INFO ] [rig0] mined block #85 (nonce=9223372036854835378, daa_score=1177)
2026-08-09 21:05:13.552+09:00 [INFO ] [rig0] mined block #86 (nonce=9223372036854894896, daa_score=1178)
2026-08-09 21:05:13.864+09:00 [INFO ] [rig0] mined block #87 (nonce=9223372036854950737, daa_score=1179)
2026-08-09 21:05:14.669+09:00 [INFO ] [rig0] mined block #88 (nonce=9223372036855238226, daa_score=1180)
2026-08-09 21:05:15.416+09:00 [INFO ] [rig0] mined block #89 (nonce=424344, daa_score=1181)
2026-08-09 21:05:15.509+09:00 [INFO ] [rig0] mined block #90 (nonce=9223372036854823830, daa_score=1182)
2026-08-09 21:05:15.624+09:00 [INFO ] [rig0] mined block #91 (nonce=60740, daa_score=1183)
2026-08-09 21:05:16.541+09:00 [INFO ] [rig0] mined block #92 (nonce=9223372036855300875, daa_score=1184)
2026-08-09 21:05:16.640+09:00 [INFO ] [rig0] mined block #93 (nonce=51199, daa_score=1185)
2026-08-09 21:05:16.921+09:00 [INFO ] [rig0] mined block #94 (nonce=156565, daa_score=1186)
2026-08-09 21:05:17.342+09:00 [INFO ] [rig0] mined block #95 (nonce=9223372036855015018, daa_score=1187)
2026-08-09 21:05:17.408+09:00 [INFO ] [rig0] mined block #96 (nonce=9223372036854808590, daa_score=1188)
2026-08-09 21:05:17.488+09:00 [INFO ] [rig0] mined block #97 (nonce=9223372036854816309, daa_score=1189)
2026-08-09 21:05:17.969+09:00 [INFO ] [rig0] mined block #98 (nonce=9223372036855048736, daa_score=1190)
2026-08-09 21:05:18.064+09:00 [INFO ] [rig0] mined block #99 (nonce=48539, daa_score=1191)
2026-08-09 21:05:18.350+09:00 [INFO ] [rig0] mined block #100 (nonce=9223372036854934697, daa_score=1192)
2026-08-09 21:05:18.402+09:00 [INFO ] [rig0] mined block #101 (nonce=9223372036854799918, daa_score=1193)
2026-08-09 21:05:18.668+09:00 [INFO ] [rig0] mined block #102 (nonce=150133, daa_score=1194)
2026-08-09 21:05:18.970+09:00 [INFO ] [rig0] mined block #103 (nonce=9223372036854945755, daa_score=1195)
2026-08-09 21:05:19.128+09:00 [INFO ] [rig0] mined block #104 (nonce=86813, daa_score=1196)
2026-08-09 21:05:19.760+09:00 [INFO ] [rig0] mined block #105 (nonce=357554, daa_score=1197)
2026-08-09 21:05:20.293+09:00 [INFO ] [rig0] mined block #106 (nonce=305347, daa_score=1198)
2026-08-09 21:05:20.619+09:00 [INFO ] [rig0] mined block #107 (nonce=9223372036854959439, daa_score=1199)
2026-08-09 21:05:20.816+09:00 [INFO ] [rig0] mined block #108 (nonce=9223372036854883820, daa_score=1200)
2026-08-09 21:05:22.637+09:00 [INFO ] [rig0] mined block #109 (nonce=9223372036855827926, daa_score=1201)
2026-08-09 21:05:24.655+09:00 [INFO ] [rig0] mined block #110 (nonce=1164794, daa_score=1203)
2026-08-09 21:05:25.001+09:00 [INFO ] [rig0] mined block #111 (nonce=193878, daa_score=1204)
2026-08-09 21:05:25.019+09:00 [INFO ] [rig0] mined block #112 (nonce=9223372036854780606, daa_score=1205)
2026-08-09 21:05:25.665+09:00 [INFO ] [rig0] mined block #113 (nonce=9223372036855145604, daa_score=1206)
2026-08-09 21:05:26.662+09:00 [INFO ] [rig0] mined block #114 (nonce=573603, daa_score=1207)
2026-08-09 21:05:26.705+09:00 [INFO ] [rig0] mined block #115 (nonce=19056, daa_score=1208)
2026-08-09 21:05:27.141+09:00 [INFO ] [rig0] mined block #116 (nonce=246073, daa_score=1209)
2026-08-09 21:05:28.256+09:00 [INFO ] [rig0] mined block #117 (nonce=639896, daa_score=1210)
2026-08-09 21:05:28.278+09:00 [INFO ] [rig0] mined block #118 (nonce=6609, daa_score=1211)
2026-08-09 21:05:29.582+09:00 [INFO ] [rig0] mined block #119 (nonce=9223372036855525040, daa_score=1212)
2026-08-09 21:05:30.249+09:00 [INFO ] [rig0] mined block #120 (nonce=381210, daa_score=1213)
2026-08-09 21:05:30.729+09:00 [INFO ] [rig0] mined block #121 (nonce=9223372036855049250, daa_score=1214)
2026-08-09 21:05:31.118+09:00 [INFO ] [rig0] mined block #122 (nonce=218757, daa_score=1215)
2026-08-09 21:05:31.836+09:00 [INFO ] [rig0] mined block #123 (nonce=410422, daa_score=1216)
2026-08-09 21:05:32.268+09:00 [INFO ] [rig0] mined block #124 (nonce=9223372036855020637, daa_score=1217)
2026-08-09 21:05:32.309+09:00 [INFO ] [rig0] mined block #125 (nonce=17370, daa_score=1218)
2026-08-09 21:05:32.647+09:00 [INFO ] [rig0] mined block #126 (nonce=9223372036854965773, daa_score=1219)
2026-08-09 21:05:33.203+09:00 [INFO ] [rig0] mined block #127 (nonce=9223372036855092455, daa_score=1220)
2026-08-09 21:05:33.481+09:00 [INFO ] [rig0] mined block #128 (nonce=9223372036854931824, daa_score=1221)
2026-08-09 21:05:33.593+09:00 [INFO ] [rig0] mined block #129 (nonce=9223372036854834915, daa_score=1222)
2026-08-09 21:05:33.683+09:00 [INFO ] [rig0] mined block #130 (nonce=45915, daa_score=1223)
2026-08-09 21:05:33.857+09:00 [INFO ] [rig0] mined block #131 (nonce=95178, daa_score=1224)
2026-08-09 21:05:33.895+09:00 [INFO ] [rig0] mined block #132 (nonce=9223372036854791311, daa_score=1225)
2026-08-09 21:05:34.078+09:00 [INFO ] [rig0] mined block #133 (nonce=100817, daa_score=1226)
2026-08-09 21:05:34.325+09:00 [INFO ] [rig0] mined block #134 (nonce=9223372036854914169, daa_score=1227)
2026-08-09 21:05:34.466+09:00 [INFO ] [rig0] mined block #135 (nonce=9223372036854852180, daa_score=1228)
2026-08-09 21:05:34.773+09:00 [INFO ] [rig0] mined block #136 (nonce=9223372036854948405, daa_score=1229)
2026-08-09 21:05:35.245+09:00 [INFO ] [rig0] mined block #137 (nonce=9223372036855015179, daa_score=1230)
2026-08-09 21:05:35.748+09:00 [INFO ] [rig0] mined block #138 (nonce=285993, daa_score=1231)
2026-08-09 21:05:35.838+09:00 [INFO ] [rig0] mined block #139 (nonce=9223372036854821236, daa_score=1232)
2026-08-09 21:05:36.318+09:00 [INFO ] [rig0] mined block #140 (nonce=9223372036855047461, daa_score=1233)
2026-08-09 21:05:37.373+09:00 [INFO ] [rig0] mined block #141 (nonce=605430, daa_score=1234)
2026-08-09 21:05:37.409+09:00 [INFO ] [rig0] mined block #142 (nonce=9223372036854790248, daa_score=1235)
2026-08-09 21:05:37.470+09:00 [INFO ] [rig0] mined block #143 (nonce=29382, daa_score=1236)
2026-08-09 21:05:37.499+09:00 [INFO ] [rig0] mined block #144 (nonce=10430, daa_score=1237)
2026-08-09 21:05:37.980+09:00 [INFO ] [rig0] mined block #145 (nonce=272252, daa_score=1238)
2026-08-09 21:05:38.372+09:00 [INFO ] [rig0] mined block #146 (nonce=223038, daa_score=1239)
2026-08-09 21:05:38.945+09:00 [INFO ] [rig0] mined block #147 (nonce=327028, daa_score=1240)
2026-08-09 21:05:39.657+09:00 [INFO ] [rig0] mined block #148 (nonce=9223372036855181785, daa_score=1241)
2026-08-09 21:05:40.591+09:00 [INFO ] [rig0] mined block #149 (nonce=534088, daa_score=1242)
2026-08-09 21:05:41.103+09:00 [INFO ] [rig0] mined block #150 (nonce=9223372036855065818, daa_score=1243)
2026-08-09 21:05:41.433+09:00 [INFO ] [rig0] mined block #151 (nonce=186399, daa_score=1244)
2026-08-09 21:05:42.248+09:00 [INFO ] [rig0] mined block #152 (nonce=466502, daa_score=1245)
2026-08-09 21:05:42.678+09:00 [INFO ] [rig0] mined block #153 (nonce=243267, daa_score=1246)
2026-08-09 21:05:43.067+09:00 [INFO ] [rig0] mined block #154 (nonce=219351, daa_score=1247)
2026-08-09 21:05:43.534+09:00 [INFO ] [rig0] mined block #155 (nonce=265286, daa_score=1248)
2026-08-09 21:05:43.690+09:00 [INFO ] [rig0] mined block #156 (nonce=83865, daa_score=1249)
2026-08-09 21:05:43.724+09:00 [INFO ] [rig0] mined block #157 (nonce=9223372036854789975, daa_score=1250)
2026-08-09 21:05:44.018+09:00 [INFO ] [rig0] mined block #158 (nonce=164703, daa_score=1251)
2026-08-09 21:05:44.046+09:00 [INFO ] [rig0] mined block #159 (nonce=9223372036854785501, daa_score=1252)
2026-08-09 21:05:44.398+09:00 [INFO ] [rig0] mined block #160 (nonce=9223372036854972242, daa_score=1253)
2026-08-09 21:05:44.577+09:00 [INFO ] [rig0] mined block #161 (nonce=9223372036854873587, daa_score=1254)
2026-08-09 21:05:47.119+09:00 [INFO ] [rig0] mined block #162 (nonce=1449268, daa_score=1255)
2026-08-09 21:05:47.224+09:00 [INFO ] [rig0] mined block #163 (nonce=54110, daa_score=1256)
2026-08-09 21:05:48.179+09:00 [INFO ] [rig0] mined block #164 (nonce=9223372036855299711, daa_score=1257)
2026-08-09 21:05:49.108+09:00 [INFO ] [rig0] mined block #165 (nonce=472794, daa_score=1258)
2026-08-09 21:05:49.290+09:00 [INFO ] [rig0] mined block #166 (nonce=94051, daa_score=1259)
2026-08-09 21:05:49.720+09:00 [INFO ] [rig0] mined block #167 (nonce=9223372036854997152, daa_score=1260)
2026-08-09 21:05:49.801+09:00 [INFO ] [rig0] mined block #168 (nonce=9223372036854816062, daa_score=1261)
2026-08-09 21:05:51.078+09:00 [INFO ] [rig0] mined block #169 (nonce=731576, daa_score=1262)
2026-08-09 21:05:51.917+09:00 [INFO ] [rig0] mined block #170 (nonce=457495, daa_score=1263)
2026-08-09 21:05:52.845+09:00 [INFO ] [rig0] mined block #171 (nonce=9223372036855308839, daa_score=1264)
2026-08-09 21:05:55.275+09:00 [INFO ] [rig0] mined block #172 (nonce=9223372036856161795, daa_score=1265)
2026-08-09 21:05:55.887+09:00 [INFO ] [rig0] mined block #173 (nonce=9223372036855122923, daa_score=1266)
2026-08-09 21:05:56.233+09:00 [INFO ] [rig0] mined block #174 (nonce=9223372036854972497, daa_score=1267)
2026-08-09 21:05:56.325+09:00 [INFO ] [rig0] mined block #175 (nonce=9223372036854824440, daa_score=1268)
2026-08-09 21:05:56.445+09:00 [INFO ] [rig0] mined block #176 (nonce=65199, daa_score=1269)
2026-08-09 21:05:56.907+09:00 [INFO ] [rig0] mined block #177 (nonce=9223372036855035817, daa_score=1270)
2026-08-09 21:05:56.922+09:00 [INFO ] [rig0] mined block #178 (nonce=9223372036854778752, daa_score=1271)
2026-08-09 21:05:58.014+09:00 [INFO ] [rig0] mined block #179 (nonce=631687, daa_score=1272)
2026-08-09 21:05:58.436+09:00 [INFO ] [rig0] mined block #180 (nonce=226859, daa_score=1273)
2026-08-09 21:06:00.322+09:00 [INFO ] [rig0] mined block #181 (nonce=9223372036855828860, daa_score=1275)
2026-08-09 21:06:01.554+09:00 [INFO ] [rig0] mined block #182 (nonce=9223372036855476746, daa_score=1276)
2026-08-09 21:06:01.617+09:00 [INFO ] [rig0] mined block #183 (nonce=9223372036854806906, daa_score=1277)
2026-08-09 21:06:02.862+09:00 [INFO ] [rig0] mined block #184 (nonce=711093, daa_score=1278)
2026-08-09 21:06:03.120+09:00 [INFO ] [rig0] mined block #185 (nonce=137959, daa_score=1279)
2026-08-09 21:06:04.672+09:00 [INFO ] [rig0] mined block #186 (nonce=9223372036855665297, daa_score=1280)
2026-08-09 21:06:04.769+09:00 [INFO ] [rig0] mined block #187 (nonce=9223372036854824519, daa_score=1281)
2026-08-09 21:06:05.007+09:00 [INFO ] [rig0] mined block #188 (nonce=131276, daa_score=1282)
2026-08-09 21:06:05.024+09:00 [INFO ] [rig0] mined block #189 (nonce=3712, daa_score=1283)
2026-08-09 21:06:07.093+09:00 [INFO ] [rig0] mined block #190 (nonce=1187589, daa_score=1284)
2026-08-09 21:06:07.302+09:00 [INFO ] [rig0] mined block #191 (nonce=113880, daa_score=1286)
2026-08-09 21:06:07.352+09:00 [INFO ] [rig0] mined block #192 (nonce=22225, daa_score=1287)
2026-08-09 21:06:08.185+09:00 [INFO ] [rig0] mined block #193 (nonce=9223372036855249762, daa_score=1288)
2026-08-09 21:06:08.240+09:00 [INFO ] [rig0] mined block #194 (nonce=24449, daa_score=1289)
2026-08-09 21:06:09.315+09:00 [INFO ] [rig0] mined block #195 (nonce=9223372036855391375, daa_score=1290)
2026-08-09 21:06:09.434+09:00 [INFO ] [rig0] mined block #196 (nonce=62914, daa_score=1291)
2026-08-09 21:06:09.453+09:00 [INFO ] [rig0] mined block #197 (nonce=9223372036854780882, daa_score=1292)
2026-08-09 21:06:09.768+09:00 [INFO ] [rig0] mined block #198 (nonce=9223372036854952925, daa_score=1293)
2026-08-09 21:06:10.121+09:00 [INFO ] [rig0] mined block #199 (nonce=9223372036854976205, daa_score=1295)
2026-08-09 21:06:10.625+09:00 [INFO ] [rig0] mined block #200 (nonce=9223372036855063689, daa_score=1296)
2026-08-09 21:06:10.625+09:00 [INFO ] done: mined 200 blocks

  misaminer v1.0.0  —  MISAKA (kaspa-pq) Layer-0 CPU miner
  ---------------------------------------------------------
  pool/node : 127.0.0.1:17110
  network   : devnet
  worker    : rig0
  threads   : 2

2026-08-09 21:06:10.689+09:00 [WARN ] --allow-burn: mining to an UNSPENDABLE placeholder (rewards are lost) — PoW smoke test only.
2026-08-09 21:06:10.689+09:00 [INFO ] [rig0] connected to 127.0.0.1:17110; mining network_id=devnet to misakadev:qgqqqqqqqqqqqqqqqqqqqqqqqqqqqqqqqqqqqqqqqqqqqqqqqqqqqqqqqqqqqqqqqqqqqqqqqqqqqqqqqqqqqqqqqqqqqqqqqqqqqqqqets69efd
2026-08-09 21:06:11.011+09:00 [INFO ] [rig0] mined block #1 (nonce=179657, daa_score=1297)
2026-08-09 21:06:13.008+09:00 [INFO ] [rig0] mined block #2 (nonce=9223372036855924512, daa_score=1298)
2026-08-09 21:06:13.213+09:00 [INFO ] [rig0] mined block #3 (nonce=110021, daa_score=1299)
2026-08-09 21:06:13.441+09:00 [INFO ] [rig0] mined block #4 (nonce=121848, daa_score=1300)
2026-08-09 21:06:13.893+09:00 [INFO ] [rig0] mined block #5 (nonce=251700, daa_score=1301)
2026-08-09 21:06:14.150+09:00 [INFO ] [rig0] mined block #6 (nonce=9223372036854915351, daa_score=1302)
2026-08-09 21:06:14.312+09:00 [INFO ] [rig0] mined block #7 (nonce=9223372036854864509, daa_score=1303)
2026-08-09 21:06:14.473+09:00 [INFO ] [rig0] mined block #8 (nonce=87098, daa_score=1304)
2026-08-09 21:06:15.088+09:00 [INFO ] [rig0] mined block #9 (nonce=351889, daa_score=1305)
2026-08-09 21:06:16.044+09:00 [INFO ] [rig0] mined block #10 (nonce=547323, daa_score=1306)
2026-08-09 21:06:16.508+09:00 [INFO ] [rig0] mined block #11 (nonce=9223372036855039165, daa_score=1307)
2026-08-09 21:06:16.740+09:00 [INFO ] [rig0] mined block #12 (nonce=9223372036854903806, daa_score=1308)
2026-08-09 21:06:18.190+09:00 [INFO ] [rig0] mined block #13 (nonce=9223372036855583824, daa_score=1309)
2026-08-09 21:06:18.439+09:00 [INFO ] [rig0] mined block #14 (nonce=136799, daa_score=1310)
2026-08-09 21:06:18.963+09:00 [INFO ] [rig0] mined block #15 (nonce=273954, daa_score=1311)
2026-08-09 21:06:19.226+09:00 [INFO ] [rig0] mined block #16 (nonce=9223372036854917187, daa_score=1312)
2026-08-09 21:06:19.467+09:00 [INFO ] [rig0] mined block #17 (nonce=133109, daa_score=1314)
2026-08-09 21:06:20.310+09:00 [INFO ] [rig0] mined block #18 (nonce=480060, daa_score=1315)
2026-08-09 21:06:20.409+09:00 [INFO ] [rig0] mined block #19 (nonce=50818, daa_score=1316)
2026-08-09 21:06:20.739+09:00 [INFO ] [rig0] mined block #20 (nonce=182818, daa_score=1317)
2026-08-09 21:06:21.351+09:00 [INFO ] [rig0] mined block #21 (nonce=9223372036855119796, daa_score=1318)
2026-08-09 21:06:21.598+09:00 [INFO ] [rig0] mined block #22 (nonce=9223372036854911035, daa_score=1319)
2026-08-09 21:06:21.987+09:00 [INFO ] [rig0] mined block #23 (nonce=219385, daa_score=1320)
2026-08-09 21:06:23.875+09:00 [INFO ] [rig0] mined block #24 (nonce=1087890, daa_score=1321)
2026-08-09 21:06:24.056+09:00 [INFO ] [rig0] mined block #25 (nonce=99286, daa_score=1323)
2026-08-09 21:06:24.473+09:00 [INFO ] [rig0] mined block #26 (nonce=237265, daa_score=1324)
2026-08-09 21:06:24.520+09:00 [INFO ] [rig0] mined block #27 (nonce=21258, daa_score=1325)
2026-08-09 21:06:24.565+09:00 [INFO ] [rig0] mined block #28 (nonce=20247, daa_score=1326)
2026-08-09 21:06:25.197+09:00 [INFO ] [rig0] mined block #29 (nonce=360516, daa_score=1327)
2026-08-09 21:06:25.369+09:00 [INFO ] [rig0] mined block #30 (nonce=94797, daa_score=1328)
2026-08-09 21:06:25.369+09:00 [INFO ] done: mined 30 blocks
