2026-08-09 20:56:44.611+09:00 [INFO ] kaspad v1.1.0-4f8794e
2026-08-09 20:56:44.611+09:00 [INFO ] Application directory: /Users/wata/Downloads/MISAKA-testnet/.misaka-vlt-devnet-2/node-1
2026-08-09 20:56:44.611+09:00 [INFO ] Data directory: /Users/wata/Downloads/MISAKA-testnet/.misaka-vlt-devnet-2/node-1/misaka-devnet/datadir
2026-08-09 20:56:44.611+09:00 [INFO ] Logs directory: /Users/wata/Downloads/MISAKA-testnet/.misaka-vlt-devnet-2/node-1/misaka-devnet/logs
2026-08-09 20:56:44.611+09:00 [INFO ] Utxoindex Data directory /Users/wata/Downloads/MISAKA-testnet/.misaka-vlt-devnet-2/node-1/misaka-devnet/datadir/utxoindex
2026-08-09 20:56:44.617+09:00 [INFO ] P2P bootstrap: DNS seed disabled (--nodnsseed) — using explicit peers + the address manager
2026-08-09 20:56:44.624+09:00 [WARN ] [vlt-state] none -> pre_shadow at daa=0
2026-08-09 20:56:44.625+09:00 [INFO ] Importing the UTXO set of the pruning point c31bfae8fc7a45010d6aab0e38ebdcce1e87b1444eb9aac6ed2d00de7f286aa6785eb88416b7e7b3c4b46750c2ae9e17bfa6e9f0312a4db82eb5652f17674f12
2026-08-09 20:56:44.629+09:00 [INFO ] Resyncing the utxoindex...
2026-08-09 20:56:44.630+09:00 [INFO ] [UPnP] Attempting to register upnp... (to disable run the node with --disable-upnp)
2026-08-09 20:56:54.631+09:00 [WARN ] [UPnP] Error adding port mapping: IO error: Resource temporarily unavailable (os error 35)
2026-08-09 20:56:54.631+09:00 [INFO ] [validator-service] loaded validator signing key from /Users/wata/Downloads/MISAKA-testnet/.misaka-vlt-devnet-2/node-1/validator.key (validator_id=efc895024da64a059563fe77bddd079e504902bdc878d344f4b114f29d123a467051b6b52ab53453a53b5448a290138c9d1049cdf7189d91fd6e6b0cd7121ad2)
2026-08-09 20:56:54.631+09:00 [INFO ] [validator-service] funding address: misakadev:qgg5frdhrgzrrj7rqmpu84ju5mdmkkj62uq89degd80nwekq8z7ut3x9xgy3zaasyxmy0w95sczcns7z89wmprtkyzqdmgrqkaj5v4m7hjmsx3kl — send UTXOs here to fund attestation-shard submission
2026-08-09 20:56:54.632+09:00 [WARN ] [validator-compute] --enable-compute without --compute-worker: using the DEVNET VLT FIXTURE runtime.                      Deterministic, not a model — valid only where the fixture profile is registered.
2026-08-09 20:56:54.632+09:00 [INFO ] [validator-compute] executor job input: /Users/wata/Downloads/MISAKA-testnet/.misaka-vlt-devnet-2/node-1/compute-prompt.txt (41 bytes)
2026-08-09 20:56:54.632+09:00 [INFO ] [validator-compute] devnet fixture: max_tokens pinned to the fixed job shape (15 = 10 prefill + 5 decode, 50 VLT/job); --compute-max-tokens=512 ignored
2026-08-09 20:56:54.632+09:00 [INFO ] [validator-compute] enabled: runtime=7ee20f6e853b2fb413bbbef94f7a6fc8951e82d55efec7c739f2c5267fea6eae7d68b9bf9f29566505ec539068b0677e7a16f833ad18d106f54556d3a6ecce7d class=8d416f720772b533f43006c4cbdc1effa7fc5d1e3fb7974dfecaa9589f1e2865a6144ef5d8d996e456d64429d6d42d9b32cc2fe98a97c5f08704d43c420c89ed max_tokens=15 auto_challenge=false
2026-08-09 20:56:54.632+09:00 [INFO ] [validator-compute] fixture quota: 0/1 job(s) certified, 0 slot(s) claimed (plan 7ee20f6e853b2fb413bbbef94f7a6fc8951e82d55efec7c739f2c5267fea6eae7d68b9bf9f29566505ec539068b0677e7a16f833ad18d106f54556d3a6ecce7d:1:15:41)
2026-08-09 20:56:54.632+09:00 [INFO ] MISAKA node endpoints (network devnet):
2026-08-09 20:56:54.632+09:00 [INFO ]   P2P:             127.0.0.1:17121   node-to-node only (not RPC)
2026-08-09 20:56:54.632+09:00 [INFO ]   node-grpc:       127.0.0.1:17120   miner / low-level node RPC
2026-08-09 20:56:54.632+09:00 [INFO ]   node-wrpc-borsh: 127.0.0.1:17122   validator / wallet / operator
2026-08-09 20:56:54.632+09:00 [INFO ]   node-wrpc-json:  disabled   explorer / browser
2026-08-09 20:56:54.632+09:00 [INFO ]   evm-rpc-http:    disabled   Ethereum JSON-RPC (EVM lane)
2026-08-09 20:56:54.634+09:00 [INFO ] Startup pruning recovery deferred (consensus transitional or catching up); the pruning worker will retry on its first message
2026-08-09 20:56:54.634+09:00 [INFO ] GRPC Server starting on: 127.0.0.1:17120
2026-08-09 20:56:54.634+09:00 [INFO ] P2P Server starting on: 127.0.0.1:17121
2026-08-09 20:56:54.635+09:00 [INFO ] [validator-service] starting (mode=active, validator_id=efc895024da64a059563fe77bddd079e504902bdc878d344f4b114f29d123a467051b6b52ab53453a53b5448a290138c9d1049cdf7189d91fd6e6b0cd7121ad2, stake-bond=none)
2026-08-09 20:56:54.635+09:00 [INFO ] WRPC Server starting on: 127.0.0.1:17122
2026-08-09 20:56:54.638+09:00 [INFO ] Registering p2p flows for peer 127.0.0.1:17111 for protocol version 102
2026-08-09 20:56:54.638+09:00 [INFO ] Registering p2p flows for peer 127.0.0.1:58851 for protocol version 102
2026-08-09 20:56:54.639+09:00 [INFO ] P2P Connected to incoming peer 127.0.0.1:58851 (inbound: 1)
2026-08-09 20:56:54.639+09:00 [WARN ] P2P, handshake failed for inbound peer 127.0.0.1:58850: peer connection is closed
2026-08-09 20:56:54.639+09:00 [INFO ] P2P Connected to outgoing peer 127.0.0.1:17111 (outbound: 1)
2026-08-09 20:56:54.639+09:00 [INFO ] Registering p2p flows for peer 127.0.0.1:58854 for protocol version 102
2026-08-09 20:56:54.640+09:00 [INFO ] P2P Connected to incoming peer 127.0.0.1:58854 (inbound: 2)
2026-08-09 20:56:54.640+09:00 [INFO ] Registering p2p flows for peer 127.0.0.1:58858 for protocol version 102
2026-08-09 20:56:54.640+09:00 [INFO ] P2P Connected to incoming peer 127.0.0.1:58858 (inbound: 3)
2026-08-09 20:56:56.222+09:00 [INFO ] Accepted block 2e9f359e9b89e68fa578adfc22376dcd4a6795ad2e1c063729473a78cc0db297646a0da0968f3662eb5768d5543184c5d3dff72683bdb780f873366ed4c7307f via relay
2026-08-09 20:56:57.754+09:00 [INFO ] Accepted block d51198303ec57e8115858f37afb30f41422434bd43befde24932ed93e35cafd778aa4f84ba869fa14625ed104dbeaa69880d765e117bfb74298060d08a2a4d7a via relay
2026-08-09 20:56:58.773+09:00 [INFO ] Accepted block 49b1ae6fd8df53b33787be31c3397364906db876c4c05d283b8ac875b9a392aa879e773313d5cc17ecd8aba2dd2dd8a91e0e187a8317cb3c762ce4ea4b310c0b via relay
2026-08-09 20:57:00.712+09:00 [INFO ] Accepted block 81f6fab0943203f7d3f4faa407a834605f1fb829219e3708a40919c340c9baa47b2df21a425e588e277cbb01027816e16d1616eca786b0479db7bed623cce220 via relay
2026-08-09 20:57:01.943+09:00 [INFO ] Accepted block 76299f34700b8b453684cfc8e1c1ee35ef23546b252e471f079ebd7229a0dcda833655d860bbbbdc7d6248f5aa7dbc0804ef1948a6d5f6f9464203ed2429d807 via relay
2026-08-09 20:57:03.061+09:00 [INFO ] Accepted block 11832091564fb9e27cd88a13f005fd037e14443ce457dcab244393d907af28731b3bff652a44823e8f485991e35b33cf02868d9c4c023883106434962496b0aa via relay
2026-08-09 20:57:04.636+09:00 [INFO ] Processed 7 blocks and 7 headers in the last 10.00s (7 transactions; 7 UTXO-validated blocks; 1.00 parents; 1.00 mergeset; 1.00 TPB; 0.0 mass)
2026-08-09 20:57:04.636+09:00 [INFO ] [ibd-perf] 7 hdrs avg: validate(A,parallelizable) 82.0us | commit(serial) 62.2us [add_block 11.1 + db.write 19.5; held-lock 39.2] | f_serial=0.431 f_reach=0.077 | parallelize-ceiling 2.32x
2026-08-09 20:57:04.689+09:00 [INFO ] Accepted block c89d8900fbf5ac30420d14811d98f76a2738c4f9eee614107aeb30433f3ea42f9dda32f96ebf944dd4574516359e90b3bda6c5e499f1493e79eb9f420c409cde via relay
2026-08-09 20:57:06.204+09:00 [INFO ] Accepted block 834866f0b2c1ecf39360e5c50164cb0cab4db1c2a16401dacff86424192299fdfce156d0f57b2b96edd2265f2a5631188e1f58fbbf4438a0449bc6d919b392d7 via relay
2026-08-09 20:57:07.298+09:00 [INFO ] Accepted block 9777b94321839802e38fb1e421b09fed53792dcca31f1a630c479e990d240350e00f6344d3f7b29dd70ba5ee54060f36fd90a57a0c8c7cfd93e89073016f82d2 via relay
2026-08-09 20:57:08.700+09:00 [INFO ] Accepted block 3b67f603f7e23320f810acdb8abcd8c90010da3177cab3e1fde9bf041db460cfc826294eaf44f50020c9200640c2967e41b11c0a6ee01469c6180807c24612de via relay
2026-08-09 20:57:10.641+09:00 [INFO ] Accepted 6 blocks ...ecddfe3f9209ab8c350965653a7c304ba4fddc449b9771e142e50277aa8f8736d6d3594ba193f37c5fa66c78bfef6e6990fc2ca13e39361f36088c39a350d1f9 via relay
2026-08-09 20:57:11.889+09:00 [INFO ] Accepted 8 blocks ...2be7be2d9330fa1fe1c19d0b08fda20450610b8b93e0a69a977acfea4f747ad84ae2a734703f6c4e439df8640b5efa7aadb14e1dc17ecd6d6e47a5a985131a01 via relay
2026-08-09 20:57:13.059+09:00 [INFO ] Accepted 5 blocks ...a4bb225f0d56f318714dc36c074fd4de4e1f1b20697aa7961b4bca760ee60799a42c5afa4c7d18aa2117311cb821050c749a314db8ac820f4e50d569e4c36a3b via relay
2026-08-09 20:57:14.639+09:00 [INFO ] Processed 23 blocks and 23 headers in the last 10.00s (23 transactions; 20 UTXO-validated blocks; 1.13 parents; 1.13 mergeset; 1.00 TPB; 0.0 mass)
2026-08-09 20:57:14.639+09:00 [INFO ] [ibd-perf] 23 hdrs avg: validate(A,parallelizable) 77.3us | commit(serial) 56.5us [add_block 10.2 + db.write 18.6; held-lock 37.9] | f_serial=0.422 f_reach=0.076 | parallelize-ceiling 2.37x
2026-08-09 20:57:14.869+09:00 [INFO ] Accepted block e71132d2072fe27a80a5c1003c2f7920175e2bd9d154c89f088fe4599f55780fb16d0fa2e84ecb3db108c0b9c43f5d268befa3c1acb2ad866c0a3b74fc4ae4b3 via relay
2026-08-09 20:57:15.887+09:00 [INFO ] Accepted 2 blocks ...80779483683456a955616bdfbc20a6763d2b8a4e023611c19bd0cf0ee446242c27a63f1a2b591865123f803a12763958790f358257c454e08ef7995c8883f918 via relay
2026-08-09 20:57:16.938+09:00 [INFO ] Accepted 4 blocks ...b5c91d87af6543565ac12fb8cdb6666ec6d4f50d62d56f3fcdd2aad95dd5523aea0b4119550de3be6e65a2fc3126b34940e486618c008df544f8e0c53f782190 via relay
2026-08-09 20:57:17.961+09:00 [INFO ] Accepted 3 blocks ...5eb43fef0ee455c6192794a24963d4d2a1508074fa8d0c47d6754be47fdbad444547ccc68064a7094d40999f8b3f01f394e3d6939cf4c0ba40ac6a9362f5604c via relay
2026-08-09 20:57:19.043+09:00 [INFO ] Accepted 3 blocks ...adc92849260c9b288a4c482dbc879cdb4989af2dec79f16ee7d2915d6b6328b3cc3589308cbcfc71511c296cf5ca0059e680577565454a2a6d4be465b7d27df8 via relay
2026-08-09 20:57:20.135+09:00 [INFO ] Accepted 4 blocks ...cdea1e81ec884864233078ca6ef2eb996cd96a1b4f4eac9dc2a6a6fd239db16958b6125b71228eaf91244ae6754c113a49173bdcc3879bf47d863e6172f7d96b via relay
2026-08-09 20:57:21.218+09:00 [INFO ] Accepted 3 blocks ...a3c4d2c3daba2202e301fdb6d8fd260bda3e85ad6f703a3f2740e5c6e852c164544847ff9b12abd234c87bb2a8fcef16f4af0b2eb3b1988817be710151b117d5 via relay
2026-08-09 20:57:22.329+09:00 [INFO ] Accepted 2 blocks ...53ce53a6f85769a8d403a086628859dfa363dc7c788c68bb62d68704ca2c7b1aeda1518a855b01392e062723651e556af8e88d08f184371d52bfa970e4b2c488 via relay
2026-08-09 20:57:24.001+09:00 [INFO ] Accepted 3 blocks ...6d684583ea0cdc10a1cf87b1845358d022c1655d424182156040f59ab0ce05321e8af87b12b810961f6893156acd1cd98e2c820b17bbc5b6fe3baf8b61cfc67d via relay
2026-08-09 20:57:24.637+09:00 [INFO ] [validator-service] heartbeat: mode=active sink_daa=54 bond=unconfigured active_set=[epoch=0 is_active_validator=false (active_validators=0)] dns_overlay=configured (stage=Bootstrap, dns_confirmed=false)
2026-08-09 20:57:24.640+09:00 [INFO ] Processed 26 blocks and 26 headers in the last 10.00s (26 transactions; 21 UTXO-validated blocks; 1.35 parents; 1.35 mergeset; 1.00 TPB; 0.0 mass)
2026-08-09 20:57:24.640+09:00 [INFO ] [ibd-perf] 26 hdrs avg: validate(A,parallelizable) 91.5us | commit(serial) 57.3us [add_block 9.3 + db.write 20.8; held-lock 39.3] | f_serial=0.385 f_reach=0.062 | parallelize-ceiling 2.60x
2026-08-09 20:57:25.135+09:00 [INFO ] Accepted 3 blocks ...f78168f4d301470499d611c9324ffe3bf1cc74879d5571d5df5fc8259f065c7e5b1d3837ef4ea154aff3b1de5125d66dee9e3cf161c4c2f378d4cad7852d6de7 via relay
2026-08-09 20:57:26.247+09:00 [INFO ] Accepted 6 blocks ...f523baf8f94aa2ce14b3479aa7fab732edb5d75227fcce2d59b750cd6aefcb36be9a284737aa2c81afa3dea53f3338f5b55d2480bf37420b520c7a4182648c7a via relay
2026-08-09 20:57:27.628+09:00 [INFO ] Accepted 7 blocks ...d5675758e76e067a6935eef36778c15f56adc3f2d90342320c5352bceacf75086497f726ad3a68ecdae31504232e20456e88a8ca49831ef206c3ec867168cccd via relay
2026-08-09 20:57:28.640+09:00 [INFO ] Accepted 3 blocks ...17dce857cd6a99e13bcb18728982e8fbdfd0b25a5f1463f80e0ec8e43dc6b275960ba74198710dc1b5ec02e0d6d3cf4531657ff7d40de8d77b9c26e426bb85e9 via relay
2026-08-09 20:57:29.701+09:00 [INFO ] Accepted 6 blocks ...4e2988368ef7fae9c7239f8daec5e44d3f01b435fe180dd73930be1a8cde1ebc97bbebd67fee36733028ddb5a67a3b4ab53d05a6090d35fc0e776fc071fc5a7a via relay
2026-08-09 20:57:30.795+09:00 [INFO ] Accepted 4 blocks ...231ecc2c1dc9a26c3cf431b1eebf2fc3ed6b74de930e5834623a9771d5a0b72029667a48e45dacf1d27022cc126fea1a9081bf1b62ad5640399e9511cc756535 via relay
2026-08-09 20:57:31.950+09:00 [INFO ] Accepted 4 blocks ...09fb8f1d8f83a8f38bddeab3d0a94b799bcebbd532da0b065dd71fb2fc356db84417c8e54fb655e4522a5b0a5c6be5d1acf946f30ae246e644bb877a575b82f7 via relay
2026-08-09 20:57:33.491+09:00 [INFO ] Accepted 3 blocks ...2b30c8ff31b374b15186757729210bc1d0cdf77930ee57cc452a18bdf5af9c1fb7f79bc71e4c90ac5c8c3c7230ccfc2d76e515a9bffbb1aebe97c8a883051916 via relay
2026-08-09 20:57:34.641+09:00 [INFO ] Processed 36 blocks and 36 headers in the last 10.00s (36 transactions; 31 UTXO-validated blocks; 1.22 parents; 1.22 mergeset; 1.00 TPB; 0.0 mass)
2026-08-09 20:57:34.641+09:00 [INFO ] [ibd-perf] 36 hdrs avg: validate(A,parallelizable) 76.4us | commit(serial) 59.6us [add_block 10.1 + db.write 22.9; held-lock 42.2] | f_serial=0.438 f_reach=0.074 | parallelize-ceiling 2.28x
2026-08-09 20:57:35.460+09:00 [INFO ] Accepted 3 blocks ...764159638d892b518dc6689d7eb73d8115bd8c647054fa2eb8978d8fe28c64754d0dab66cfd498f5d1ebb5f50adba9d319f65d3bb1a62f4ade149ff96beb9141 via relay
2026-08-09 20:57:36.488+09:00 [INFO ] Accepted 5 blocks ...107505fd8393fdf9a1b54dfd3b25ed05fe5c0a95d756fb2e7bf70099cae537a1215063988ade8d71f40ac84d97250ac6eaada4ebff187e442a48fc067f6ab60c via relay
2026-08-09 20:57:37.717+09:00 [INFO ] Accepted 7 blocks ...7ed5eddef11d29fdb090d4b08061808e444851bcebf728665ea736a421757e92aa4e4f2c8da031ebb576a06213d94000581a5298ea69995db733610f555ad4cc via relay
2026-08-09 20:57:40.407+09:00 [INFO ] Accepted 2 blocks ...6f8d38da1ea17c190b3d0e10cc44c356a4a4763740127c7e2943960a8e0d8c5013e4c25c9ca4fe409a8de6c269a702780eecba053533294483bf765434d7e4b1 via relay
2026-08-09 20:57:43.524+09:00 [INFO ] Accepted 2 blocks ...dca9cdc1049718adf7d156ce9bcb5f2a39a7bf604a3c84a6f8bd519dbdf0106d879a4ba2d0a87157333a3d2d466d63705f0079f6704ba35259d6bd36b80a4eb5 via relay
2026-08-09 20:57:44.643+09:00 [INFO ] Processed 20 blocks and 20 headers in the last 10.00s (20 transactions; 17 UTXO-validated blocks; 1.40 parents; 1.40 mergeset; 1.00 TPB; 0.0 mass)
2026-08-09 20:57:44.643+09:00 [INFO ] [ibd-perf] 20 hdrs avg: validate(A,parallelizable) 83.6us | commit(serial) 67.2us [add_block 15.1 + db.write 23.0; held-lock 48.9] | f_serial=0.446 f_reach=0.100 | parallelize-ceiling 2.24x
2026-08-09 20:57:44.917+09:00 [INFO ] Accepted 4 blocks ...89d310f0a96ad473138628aa0fc82a9a5326b1aae3334773d51818a7581489aeeb354cfc9b4cb70f944779c10dbfecb10690fea5ea195d41938a399c6b8ae4e9 via relay
2026-08-09 20:57:46.211+09:00 [INFO ] Accepted block 38f0868683d177b39c0b5134fb94c25acbc01bcc377da5ac52c5bdca496b177168006ab8d6b1b8014710b21eeb384ed5222247652ba018ef94aea0b855b9c402 via relay
2026-08-09 20:57:47.534+09:00 [INFO ] Accepted 6 blocks ...3cb16ed695502376be741681159b709b9f948f47d47b9c094cd608e24f32c3ccda7068ac270c46b40c68002584760cbd3e9e8a097f4b639b1d265e75fc621985 via relay
2026-08-09 20:57:48.761+09:00 [INFO ] Accepted 5 blocks ...b33c66713de468a3dc12e0e9c8c61dbf1e1469937fc11c2adcd9d99ad2d774402ffe97704871075c31a5785bdcf51521a73f1898cd21b1b7cdf86932bad3c17a via relay
2026-08-09 20:57:49.988+09:00 [INFO ] Accepted 3 blocks ...a569d3ab1e3a4dc24e7814153000aa93e266c95ce4a513bb54bad9dae6da7615f9575e8c02c9c758fe6d43c6fb1d86bc269d88f7e373291e86b1dbdf6732bf05 via relay
2026-08-09 20:57:51.467+09:00 [INFO ] Accepted block 417292f8736e20ecb615f6d4a808bfa063ed7d6b3d2f6c06fe9727ea1de40e78cc288d468ca33d563db228d0748a4d6a74e78af3dc26fc40b0177190826424c6 via relay
2026-08-09 20:57:52.489+09:00 [INFO ] Accepted 4 blocks ...c5027d49bd65d00cc71d351e3d8432de35179e5ed4495e514a44b9aba64c5b6088fc0177c5f5b0ee43b003f60fcb81183646782e7d14e01e96fe72f40c45307b via relay
2026-08-09 20:57:53.866+09:00 [INFO ] Accepted 3 blocks ...17d1b864b07b9e83594c2dbef0800455bdd382e6d54018047f0135d4be826e3eac28272e51c84b22f8883f1baa715996e68c2ce8e4647d3511809facaf93669e via relay
2026-08-09 20:57:54.637+09:00 [INFO ] [validator-service] heartbeat: mode=active sink_daa=138 bond=unconfigured active_set=[epoch=1 is_active_validator=false (active_validators=0)] dns_overlay=configured (stage=Bootstrap, dns_confirmed=false)
2026-08-09 20:57:54.644+09:00 [INFO ] Processed 27 blocks and 27 headers in the last 10.00s (27 transactions; 22 UTXO-validated blocks; 1.33 parents; 1.33 mergeset; 1.00 TPB; 0.0 mass)
2026-08-09 20:57:54.644+09:00 [INFO ] [ibd-perf] 27 hdrs avg: validate(A,parallelizable) 86.5us | commit(serial) 104.6us [add_block 10.1 + db.write 40.1; held-lock 87.4] | f_serial=0.547 f_reach=0.053 | parallelize-ceiling 1.83x
2026-08-09 20:57:54.931+09:00 [INFO ] Accepted 5 blocks ...e9e158601eb066e5ed5757094a15fde0258f636b7344aee298fd5babe871fd5d29f12efe00784aaefd501c7d9f0f617b76b1abf8076886acfe690f3d08d593e8 via relay
2026-08-09 20:57:56.127+09:00 [INFO ] Accepted 7 blocks ...e11a7b53e26794d0b6ea46c1bc82f6f5626d3fd293f0a3c21177a30f39587e18d303944b4eeded095161ab6c4fa4e4005ae5a191188884a379ae5528ee6e1b1f via relay
2026-08-09 20:57:57.269+09:00 [INFO ] Accepted 4 blocks ...66c861c06cef7203e0dbf64c6cda702cba9b6b6c318a4328fb2be8182344a5e3435fd4c0e6a328c52421192a669c98c67a4fa0538809fdf636580e67c07b9b9b via relay
2026-08-09 20:57:59.121+09:00 [INFO ] Accepted 2 blocks ...238a3459516d4ce4482cad71b46de0828af919a48d84be53507f817f7a2825974eed20de4dcb2ee3067914e092162178233ddffd91aedf1c1a95fe213b367465 via relay
2026-08-09 20:58:00.254+09:00 [INFO ] Accepted 6 blocks ...f7e3a394aba555f5648fd9c91d9160378eaeeb52d36ee01d16f0c6615798edafd49e2e7907389a4a20d86db4064ca2da597a1f25c3ba729027633d0709f6d097 via relay
2026-08-09 20:58:01.513+09:00 [INFO ] Accepted 6 blocks ...eb68c9377f0bf073aa33df1ea2439920f88c12169aa2189f7a6c5c7f22c9779347dbed7cafea68942b68351d5b4af3142b5cc888f16ebe2b11a09e87d3484428 via relay
2026-08-09 20:58:03.558+09:00 [INFO ] Accepted 2 blocks ...8bb7effdcfa3328a336b7ccd65ea8651a312a34332a79857069eca0a563a174a17703b49859c1c5d31ab3283d3b85085949f4ef6c4b01b4b36d930e554a768af via relay
2026-08-09 20:58:04.646+09:00 [INFO ] Processed 34 blocks and 34 headers in the last 10.00s (34 transactions; 30 UTXO-validated blocks; 1.35 parents; 1.35 mergeset; 1.00 TPB; 0.0 mass)
2026-08-09 20:58:04.646+09:00 [INFO ] [ibd-perf] 34 hdrs avg: validate(A,parallelizable) 83.7us | commit(serial) 245.3us [add_block 9.2 + db.write 150.6; held-lock 225.4] | f_serial=0.746 f_reach=0.028 | parallelize-ceiling 1.34x
2026-08-09 20:58:04.787+09:00 [INFO ] Accepted 7 blocks ...75d0175b1bca03b176e1d71e2e3d6bbce73404d0778cd41856328c714252de51f5e940358e5906e95e83944062d8e9dfc209199a7bbc569db6ae26365be72d42 via relay
2026-08-09 20:58:06.015+09:00 [INFO ] Accepted 6 blocks ...a1a8d67b8a94a6f90e458dba2b9e37282f2a7eb2523e234383d1268f5d75b605802efa6db910aaa70a985bc3e69b5be6f4f44b27cbec66179714b7005f4068f9 via relay
2026-08-09 20:58:07.083+09:00 [INFO ] Accepted 6 blocks ...f849d13afb432b61cd65d67347a109679dfdbd500f89df334c5a74fbbeb7a0cc668f9c7fd383f708df2cb761a800847d80d47e06287bbcba358d2d86a23ad6da via relay
2026-08-09 20:58:08.517+09:00 [INFO ] Accepted 3 blocks ...e1b674683d49b6ae1d41bbefa26917ad1d12e9e9214d36bc965e7c52db022385054a134e1a7412051abc303d8b988607adb1f297a3aec3cb145eb3c132996450 via relay
2026-08-09 20:58:09.794+09:00 [INFO ] Accepted 2 blocks ...b1eb8831b75e132b71be1f5fa17546ea7d03fbcf0848fa30132c7ac6d2258b91b82496ce56435cf4021cc2e6fe20345001275cc73265cb23dbc905bd76bcc36f via relay
2026-08-09 20:58:10.936+09:00 [INFO ] Accepted block 9b9bc247a52f028113800eba134f3becb02930547f71f3fe7296f2e28ed693418f5e343bdef3728e294f1c8ecb07a66d8875eba179aabf8b14d7308a2c2a3c68 via relay
2026-08-09 20:58:12.326+09:00 [INFO ] Accepted 7 blocks ...407962db9b9840ece8489fc67e6adf1c314a2f640f2623c3b55c07147b658149ce217c304550d931a2990bee5246f792c6f2b0898f80e9251dd582ca9efc56eb via relay
2026-08-09 20:58:13.853+09:00 [INFO ] Accepted 4 blocks ...d68f4886ee9f7df2f3f83a8fffd83853ed64eb8d14425117e57807c3039208cc0eac30df415a293315d6226725808fd708bb169f6109e13fa6b7390d9aff8299 via relay
2026-08-09 20:58:14.647+09:00 [INFO ] Processed 34 blocks and 34 headers in the last 10.00s (34 transactions; 31 UTXO-validated blocks; 1.24 parents; 1.24 mergeset; 1.00 TPB; 0.0 mass)
2026-08-09 20:58:14.647+09:00 [INFO ] [ibd-perf] 34 hdrs avg: validate(A,parallelizable) 86.0us | commit(serial) 144.2us [add_block 7.0 + db.write 64.8; held-lock 126.4] | f_serial=0.626 f_reach=0.031 | parallelize-ceiling 1.60x
2026-08-09 20:58:15.266+09:00 [INFO ] Accepted 3 blocks ...11d9c81543a8b9c8a0a524947cd2bdbcb693996e5ab1262df52df327236c5c034f7cf395008d81292112b4f5a4a4673400b1d189abe25ae2affae04c3160f89b via relay
2026-08-09 20:58:16.604+09:00 [INFO ] Accepted 4 blocks ...d5ff16154bbc33c8652fa716bf1f31e3cc4234284cbb8a402e65d5ffcc3fa1f301ecf2202ed201ad4d345a2134bccbaa27c0a631b02501d870d196c03eeabe79 via relay
2026-08-09 20:58:17.838+09:00 [INFO ] Accepted 4 blocks ...a942fee0b3c876fdb7cc3d1163a5094e6b1f8baa3021d4636e318a40e299b8cbd926825e08221d0bce2eca44ba2240aa1a1b6790aead59d2c604ec52c24c27c6 via relay
2026-08-09 20:58:18.972+09:00 [INFO ] Accepted 4 blocks ...709bd6566f0ffd36ee114bd592dde9443797b1fa705cf2596124510a4377c8e4075b550ea29b744b78f26fa55d433012e7a72adf43a2f9ebf26d842302a22a2c via relay
2026-08-09 20:58:20.125+09:00 [INFO ] Accepted 2 blocks ...62bd9f223204b68fb655c302803fc4f376f2a75e4fdf8d46c31ee8ef9463a6a1b8d08a2bff8b1e2300a0c9ac64d69edb8a925f2f3fe664dcf4174fd034d71f9d via relay
2026-08-09 20:58:21.214+09:00 [INFO ] Accepted 5 blocks ...4efbddd812745dbe80a506c72dc78493e25b794ba0da6d8d355e815bb8b75e68177153393889914c9ba93c138cba170ecb69e839e79f7d05f982f4cba9fb3330 via relay
2026-08-09 20:58:22.695+09:00 [INFO ] Accepted 7 blocks ...67d8595f8d3bbc069e85f1019b7bba11219b49f82ca6ec478c37483f7973cb77a02a4d0abe2a5d0294ee25d1da505febc23c4da463768b665d55931354eadd24 via relay
2026-08-09 20:58:23.935+09:00 [INFO ] Accepted 5 blocks ...c72ccba4b56e1eca8fbe8def63ff3c4b857677be84fc8bba6d584c6ed27499d26c8fda177929d896af8ec28ee400720aaaf97ac45c5510ad33b3dd33780fb7b7 via relay
2026-08-09 20:58:24.639+09:00 [INFO ] [validator-service] heartbeat: mode=active sink_daa=240 bond=unconfigured active_set=[epoch=2 is_active_validator=false (active_validators=0)] dns_overlay=configured (stage=Bootstrap, dns_confirmed=false)
2026-08-09 20:58:24.649+09:00 [INFO ] Processed 34 blocks and 34 headers in the last 10.00s (34 transactions; 30 UTXO-validated blocks; 1.21 parents; 1.21 mergeset; 1.00 TPB; 0.0 mass)
2026-08-09 20:58:24.649+09:00 [INFO ] [ibd-perf] 34 hdrs avg: validate(A,parallelizable) 79.5us | commit(serial) 259.1us [add_block 8.8 + db.write 165.8; held-lock 240.1] | f_serial=0.765 f_reach=0.026 | parallelize-ceiling 1.31x
2026-08-09 20:58:25.163+09:00 [INFO ] Accepted 3 blocks ...9cb6de211c73331ee918e4fbdc3f0b07eadd87864f9d22cd5ac1632cf536837da26b3505316114c05b5957a39e1b27b6dbd523a9f4cec03ca43caa03bb41372d via relay
2026-08-09 20:58:26.234+09:00 [INFO ] Accepted 4 blocks ...e004201186720c7c2dd667fbaa23d411a1255ac97f52cad1a9699dac377f705ea5c5cf638113a76ee074fc853fc0bdfeb64743e677e9877cf086a195ed364eb1 via relay
2026-08-09 20:58:27.236+09:00 [INFO ] Accepted 7 blocks ...22ee16db1d10551e1794d7bc1e665f6fbaabae9c3eebe6c93f4346043e6f0d8f48360d0f26457efe9010da7015e29767ad241ce8fea943f506484c2d91d2037a via relay
2026-08-09 20:58:28.496+09:00 [INFO ] Accepted 5 blocks ...a02e30879930b2b45f912cc5766eb6800c4367dac50092e17c628171c5e147eaf8011057ef31138c78ff3eb3f4e9f60b5a668c685967371507b2bfc32eda1789 via relay
2026-08-09 20:58:29.767+09:00 [INFO ] Accepted 4 blocks ...f7b06e0f997d541d29dd7073dc3a730fceed9d93a948e0d2729d3c7c2219f3087d5725b039be5efd9008e36417231752df3976847758c778f7269509741a1bbc via relay
2026-08-09 20:58:31.051+09:00 [INFO ] Accepted 4 blocks ...b514cd92820bee7852b95bd40d9a792f7ebc1705a502d3c9d42e3b8dc086c516a9ed8c9566f3f87753ee3cea7b245345ee3e1af67342390401ecf3f3d0951422 via relay
2026-08-09 20:58:32.236+09:00 [INFO ] Accepted 2 blocks ...3d76ea92134736d503110ff6d610eddcfb31217da1cbd887c7a07878b261bdcb9b876f7762730b21752a9ca04b5e5ab7e932bd0ce61b49e1317ba46d29730ccc via relay
2026-08-09 20:58:33.514+09:00 [INFO ] Accepted 3 blocks ...a37bbdfa37f38b0046b60ebe7570622a0d9256d39e04da423a673fb2267e7ffb8b481635b6e5f1286610ca3f588d2d1dfdd99ce64854e2f6a3759896b65274a6 via relay
2026-08-09 20:58:34.640+09:00 [INFO ] Accepted block 6bb05aa60ba3437d85836faf53080cdf2ea70e679b3e03486edb2f5e27d8d9965f51ec4016ffe1b52db345eb815ee45f62f046b7e89501baa53fc230093f92a0 via relay
2026-08-09 20:58:34.651+09:00 [INFO ] Processed 30 blocks and 30 headers in the last 10.00s (30 transactions; 26 UTXO-validated blocks; 1.17 parents; 1.17 mergeset; 1.00 TPB; 0.0 mass)
2026-08-09 20:58:34.651+09:00 [INFO ] [ibd-perf] 30 hdrs avg: validate(A,parallelizable) 94.2us | commit(serial) 172.6us [add_block 8.9 + db.write 82.7; held-lock 153.2] | f_serial=0.647 f_reach=0.033 | parallelize-ceiling 1.55x
2026-08-09 20:58:35.871+09:00 [INFO ] Accepted 3 blocks ...163cb8700be02c3947652c8c1d4ca7885a6531d4604768c3266ba6f69cd7683aa4265ef8ccb9b0a09f6a31a3a6526527101d14b5f837a9fda6bdb05956d85f77 via relay
2026-08-09 20:58:37.931+09:00 [INFO ] Accepted 2 blocks ...28059435a6afe5ecb39fd684dc492125c8175b83e2822996e6d170ad3273bb936043fc721203258495146b0ff8ca4893c267de6ed96fca2acb7a220062b57ce3 via relay
2026-08-09 20:58:39.269+09:00 [INFO ] Accepted 3 blocks ...1835b61bda556d6a52808831cbe9f694fa8beae863fc2ee639686ae33456942091815a368df667653b762173eebe533086c11c70a2d2ba8239226e9813b7dc62 via relay
2026-08-09 20:58:40.545+09:00 [INFO ] Accepted 4 blocks ...d596c701c22ab151865bd1b6708898b350e2589c7b0f0ea3acaff95bc98c8622aaf725349aa82f137e316905db23d0d2ee8e07df619281f9845f07c63a823f5c via relay
2026-08-09 20:58:41.830+09:00 [INFO ] Accepted 2 blocks ...fda4692509d81b753e929a3b74a6ece9645b39fd901deda2083936b722946291d94fd09b097f56d921240ad9d55b938c4ae2c107d9f36b4487ad434e1c8d1243 via relay
2026-08-09 20:58:42.968+09:00 [INFO ] Accepted block b6e013947f344e17a90729cca38e0113f30dd5d4100cf58b3871c6b7ef1b0394722085d0b0fb6a0720a44b45c9cef2ba2bab7411c51ae49df33715a7cf537c01 via relay
2026-08-09 20:58:43.898+09:00 [INFO ] EVM lane KPI (O9): 256 chain blocks, avg mergeset 1.25, avg accepted-gas utilization 0.00%, 0 deposit-claims applied (cumulative)
2026-08-09 20:58:44.058+09:00 [INFO ] Accepted 7 blocks ...3ce711df8384c3362ab785224aabd2ee1952f58179897144e74ed2f7d94a216eb9da471d80e161ff5b5f85f2c173b31c9d4f31ce2a8cfdd3bcf2ad804f096371 via relay
2026-08-09 20:58:44.652+09:00 [INFO ] Processed 22 blocks and 22 headers in the last 10.00s (22 transactions; 21 UTXO-validated blocks; 1.09 parents; 1.09 mergeset; 1.00 TPB; 0.0 mass)
2026-08-09 20:58:44.652+09:00 [INFO ] [ibd-perf] 22 hdrs avg: validate(A,parallelizable) 81.7us | commit(serial) 163.3us [add_block 7.1 + db.write 77.7; held-lock 144.5] | f_serial=0.666 f_reach=0.029 | parallelize-ceiling 1.50x
2026-08-09 20:58:46.012+09:00 [INFO ] Accepted 4 blocks ...bc0875294cccac30115eaf5b92dee8fb144ec08a97713fa2ef7463e5951bca96484308a68e5c75f08f3c16fbecd69f179dd65ac22c11cc56a550217ea0284ff9 via relay
2026-08-09 20:58:47.014+09:00 [INFO ] [vlt-shadow] sink_daa=299 0 validator(s) with credit; 0/2 epoch(s) would reach quorum; newest epoch Some(1): W(E)=0 signed=0 snapshot_root=df96acf7b93c292a4fbcb7f8b7893e33d91e09a3c6d9bb4e95fe00e3082639cbb4015209885a97eba458522fcabc2cd2bfbf932b1fe0349145fce2a1812b277f — the weight fence is at 18446744073709551615
2026-08-09 20:58:47.014+09:00 [WARN ] [vlt-state] pre_shadow -> shadow at daa=299
2026-08-09 20:58:47.402+09:00 [INFO ] Accepted 3 blocks ...d80852af757de483bba6c6365850e9377ca4433904e02c4279a46854515e915ea5b3dc0c48193912cfb06ce2682634836822952c62c0306c8718ffb7cc449917 via relay
2026-08-09 20:58:49.072+09:00 [INFO ] Accepted 4 blocks ...2c1ae6d79a6905db6b9e48bbcbe7d169f8546c69952bb34b90888a63acf94de3a3b856144f384645d112f94b3db1037dd1570964818a4d669796827b58cd3241 via relay
2026-08-09 20:58:50.957+09:00 [INFO ] Accepted 3 blocks ...68159d4d56103d52471e0c226d0a9f09d63c66ad5d0c1a238ad65a3c55a229d0e05f0a8dcb9d1ec639c5e140ecbc7c235122c83f6af80a5c8673045e2067daeb via relay
2026-08-09 20:58:52.032+09:00 [INFO ] Accepted block fd83247d3a37dbf20f78883e5bb324427f415448e1445e159a7638e64a649eb7b45cfc98680ec93b6a1cbf0d285e6d71c726db246d65438234acbd563696e95b via relay
2026-08-09 20:58:53.631+09:00 [INFO ] Accepted 2 blocks ...8b6ca75c0390ad422712bbcfd3c31d5616d9b6aeab2fc58b60bcc1e372ce83ed7c4c80ddba16a28d36bc5138a1feb9c684a9628448647b17f03f2f4fd1e9d60c via relay
2026-08-09 20:58:54.640+09:00 [INFO ] [validator-service] heartbeat: mode=active sink_daa=312 bond=unconfigured active_set=[epoch=3 is_active_validator=false (active_validators=0)] dns_overlay=configured (stage=Bootstrap, dns_confirmed=false)
2026-08-09 20:58:54.654+09:00 [INFO ] Processed 20 blocks and 20 headers in the last 10.00s (20 transactions; 19 UTXO-validated blocks; 1.10 parents; 1.10 mergeset; 1.00 TPB; 0.0 mass)
2026-08-09 20:58:54.654+09:00 [INFO ] [ibd-perf] 20 hdrs avg: validate(A,parallelizable) 74.5us | commit(serial) 170.0us [add_block 8.7 + db.write 83.3; held-lock 152.1] | f_serial=0.695 f_reach=0.036 | parallelize-ceiling 1.44x
2026-08-09 20:58:54.924+09:00 [INFO ] Accepted 3 blocks ...ff5544cc194da1cf701d8e9f2c27cb2b2979aef7669b47d594d5b60e64aa27c9f39eb1fdbfb2798a4fc12d677f12a677bf70e4965151614cb24a3b1c57321cd0 via relay
2026-08-09 20:58:56.097+09:00 [INFO ] Accepted 4 blocks ...c4bb247fb747c8d1e44b67a15a689ee73e7532ffac3ef7a2eda4346bb98e124b8a512caa8e34aafada2fea78b21176384871da04772d5c858db5c62eae2f1517 via relay
2026-08-09 20:58:57.253+09:00 [INFO ] Accepted 4 blocks ...f94bc45b4fef2b0d447a77b5eb1932693af29a20b36961ff405ce60d976a09b3d6ade39f9ff57c0e9f57a7621c04a479526e87e5e0ec5d472d96d71f0cb6b6df via relay
2026-08-09 20:58:58.514+09:00 [INFO ] Accepted 3 blocks ...c71139cb37d13329e1286b117c94d981352c142ca471857e9b55af34fa2e3f266db6fb53f48087f8c91fdd65f26830b4652e55726df0088e1fc31272a39f11ef via relay
2026-08-09 20:59:00.227+09:00 [INFO ] Accepted 2 blocks ...8ed48ee9574caadb37a5153a1522e4e4ecef050fb0849fa574c16f838f395b92ecfb2c7dba1b1d1fc004f12322f38cf78a70aabe52615af10e8dda32e46e2f79 via relay
2026-08-09 20:59:01.424+09:00 [INFO ] Accepted 5 blocks ...b6d470abace11cb2a838bde18dee75edd1adb47d9a8765cf26518d15c3e78830ce8b4e1e16a680df8d863349c054a95d8f6429f1d8754349042b7312a302aa7a via relay
2026-08-09 20:59:02.637+09:00 [INFO ] Accepted 3 blocks ...8661afc72874e6b9675380681c10b00a290225cd134e46338bdacc19c2853efd79406d380640a157df04a114fce2a301fb73cba3de9c6f0f1339c65318733a36 via relay
2026-08-09 20:59:03.863+09:00 [INFO ] Accepted 4 blocks ...60822eb72d136270a673c0074fc0afeffbfba5e5119936094afe90bbbfa9045c89b1a2b7da6f753e94f8d53790d3d0e041bfe06724cae2ccfac904dd037f09db via relay
2026-08-09 20:59:04.655+09:00 [INFO ] Processed 27 blocks and 27 headers in the last 10.00s (27 transactions; 27 UTXO-validated blocks; 1.04 parents; 1.04 mergeset; 1.00 TPB; 0.0 mass)
2026-08-09 20:59:04.655+09:00 [INFO ] [ibd-perf] 27 hdrs avg: validate(A,parallelizable) 73.3us | commit(serial) 186.5us [add_block 7.9 + db.write 95.9; held-lock 168.1] | f_serial=0.718 f_reach=0.031 | parallelize-ceiling 1.39x
2026-08-09 20:59:05.147+09:00 [INFO ] Accepted 4 blocks ...d782611cf879d6d12eae860146554f27a59c7fa975150982db626c07ed969a61b7f469fac482a4a310f1f3b4ec20032a3a7f8836cc72eed9f1b425c52cd3d5f1 via relay
2026-08-09 20:59:06.743+09:00 [INFO ] Accepted block d39fea1b2fc941cabec77fea425fb55bfa9e536896b85ec2b9d2609034812c98f465c4f98226844b2271b9e417c2ecf0769dd7f4813e46f94aa9ed24bc2a00ea via relay
2026-08-09 20:59:08.747+09:00 [INFO ] Accepted block 28655af36edbb169f1c01186cdd88e29fade9c0a0e0d7692d7fb6f048f897060af9f1b01287956b74bc589cc166b4f0dd8c2da1fb097a729469fa1b121a20523 via relay
2026-08-09 20:59:10.117+09:00 [INFO ] Accepted 5 blocks ...05317228fe7e4a84b8b5bc692c717e459b06a90537b38bdf1db8297f419cbdc9eedb9cf2c9bdd38b4760323b553655854716cfa143c67a2c0f149938161fd396 via relay
2026-08-09 20:59:11.800+09:00 [INFO ] Accepted 5 blocks ...d4f5542525a8473ddfd5790422a41931993a59f78e3140afd8308383b8669c737bb25593d380d8bcc20305380f0bd31c602c5e62552b148dae48cd897be34f76 via relay
2026-08-09 20:59:13.104+09:00 [INFO ] Accepted 4 blocks ...e13e97b7d744b9a54a4c5fc577db802526e71eb855ce8d0288a530c47b18042d9a7ab709bd13e725dec0c3bc639bd35255ab0dfeec07e3f4162828fb1812a6a9 via relay
2026-08-09 20:59:14.657+09:00 [INFO ] Processed 21 blocks and 21 headers in the last 10.00s (21 transactions; 20 UTXO-validated blocks; 1.05 parents; 1.05 mergeset; 1.00 TPB; 0.0 mass)
2026-08-09 20:59:14.657+09:00 [INFO ] [ibd-perf] 21 hdrs avg: validate(A,parallelizable) 100.9us | commit(serial) 229.9us [add_block 11.6 + db.write 117.6; held-lock 204.6] | f_serial=0.695 f_reach=0.035 | parallelize-ceiling 1.44x
2026-08-09 20:59:14.777+09:00 [INFO ] Accepted 3 blocks ...28e08d88aaafe3e202f0264f7167a1d250c58fc9bb4f852651a429d4e4d9b687346b3a0fcbca7ab69d799c49c5f8cfe6e709b62438e06e3a95f92eb10bdc0365 via relay
2026-08-09 20:59:16.267+09:00 [INFO ] Accepted 3 blocks ...9b63f37ed22f4775167a7c863d8ac579d1efe7501ca05ac008ed6428557b686e1c3ab6fb0e69fa894801a4289ad19e593bca2aeb9b5c45a75f3557e595b250ae via relay
2026-08-09 20:59:18.927+09:00 [INFO ] Accepted 3 blocks ...8b1062900c21ad155ac6365409e98fac72e46e525150130aadaa49725e723422812c76bbac0746ab6a5d4855b6c7ee968fd00a6b5204a0af8c83dac00d9db900 via relay
2026-08-09 20:59:19.989+09:00 [INFO ] Accepted 7 blocks ...6ad907b6fc493cbb6f5c76de308ff78bc404760b48aa97f650ec941704429c66214ac13a06494178d41e594baa8b62043ea40611a99e5157f975da1b91b71769 via relay
2026-08-09 20:59:21.122+09:00 [INFO ] Accepted 3 blocks ...39b7b9cd5ef03cf35a8f0252996b912afcbb62ab3e7e675e7343b23c4a0f01c59e7e2742ef09d2ed26e48c069d3c5b9456363e17db2e83b28320c5c5148b03e0 via relay
2026-08-09 20:59:22.160+09:00 [INFO ] Accepted 6 blocks ...8da80c757b19ccede5bcbc90268c30d70993e49332c21bdf88408803c2eedd61aa9fcc2c37ee4b872e8ec95ea615eeae67e8782f13e283aa5274b1cbdd4e1dc6 via relay
2026-08-09 20:59:23.205+09:00 [INFO ] Accepted 4 blocks ...4545d0b603b46bf0b1950885555a7cbc87456e1f37ef5b5796c0e082ea5c94337475ca57ed28f7b79baff03285c6e94cc398bedf7a00e79004efab5b014cc12d via relay
2026-08-09 20:59:24.462+09:00 [INFO ] Accepted 4 blocks ...801ae7ce9fe433d6acfbd4ee9e3cb69640fe025ef225ad9fbb14c7cfbd1b4a80667b90ed0dbe72ec22d4016e5e40e76216b38dbf342729c4fa0749d83b115723 via relay
2026-08-09 20:59:24.641+09:00 [INFO ] [validator-service] heartbeat: mode=active sink_daa=391 bond=unconfigured active_set=[epoch=3 is_active_validator=false (active_validators=0)] dns_overlay=configured (stage=Bootstrap, dns_confirmed=false)
2026-08-09 20:59:24.658+09:00 [INFO ] Processed 31 blocks and 31 headers in the last 10.00s (31 transactions; 31 UTXO-validated blocks; 1.03 parents; 1.03 mergeset; 1.00 TPB; 0.0 mass)
2026-08-09 20:59:24.658+09:00 [INFO ] [ibd-perf] 31 hdrs avg: validate(A,parallelizable) 81.7us | commit(serial) 190.9us [add_block 8.8 + db.write 93.8; held-lock 167.5] | f_serial=0.700 f_reach=0.032 | parallelize-ceiling 1.43x
2026-08-09 20:59:25.525+09:00 [INFO ] Accepted 3 blocks ...2e0306f105969ffb2522721b50a6dde2e0c0adec389f2bd97dfce797ef818b1bc74c61a3a70c6403657e797b6a8c6d2b247b05604587786e63b6e94b151a577a via relay
2026-08-09 20:59:27.020+09:00 [INFO ] [vlt-shadow] sink_daa=399 0 validator(s) with credit; 0/3 epoch(s) would reach quorum; newest epoch Some(2): W(E)=0 signed=0 snapshot_root=b64e5a434923e849d1c2d892427f35a69c78fadd72c66d28319eafbb65f38a8cc1f7f95ed11fa02fa23264a6fad968dc31aa9c025f28d77ab27c0e96abe17490 — the weight fence is at 18446744073709551615
2026-08-09 20:59:27.053+09:00 [INFO ] Accepted 6 blocks ...b484a3450cd6a2fe2a0c5d88145c6f41390dc71cd9f2df47ea511e42a200da49f08ceff8c33c7f5eafd54510d141a4d614a4e68d08a9da1c6a4f229352957446 via relay
2026-08-09 20:59:28.744+09:00 [INFO ] Accepted 6 blocks ...6c1624dd45baddd2a6bda8cd55c9f07c40ddcd6fa143d6cdbdb6568be566d6982ddfa9cacb4b358f4bf2cdde4f2ae739d956415835507c182e5c49b6276fef75 via relay
2026-08-09 20:59:29.858+09:00 [INFO ] Accepted 4 blocks ...ec524b051de0cbfea2b5f0666cbd0e4ff659e6652a7649d3d559d90d8c7970a9b4095b9a11a8d425afcc604349ced7501bddb1072e53952e94541daedfa8662c via relay
2026-08-09 20:59:31.179+09:00 [INFO ] Accepted 5 blocks ...207aefabd991987d75adfebfd3e4a945d4d387f29b041c376a6a5533eb7823d73ec4d2075d3068a5714fbc9a7c6fd00d988988e798a85894de7370cb01921fdf via relay
2026-08-09 20:59:32.491+09:00 [INFO ] Accepted 4 blocks ...f8dd8670bb700fc57bd5977626ffd003a60504ad8c06a43d666753d9920c88157797a0667062279e0692640376254a493beb180b05e9358b6ea75e10ab0eafc9 via relay
2026-08-09 20:59:33.805+09:00 [INFO ] Accepted 7 blocks ...6cf6e92f3a76736c64a610fb75fd3c7f7a2f9959a41e61d28944bcd5c714cfdb4e6dd674a134b0347037ca02ef2ea3390bb92ac52bdb08265bfcb3a16fb6eb66 via relay
2026-08-09 20:59:34.661+09:00 [INFO ] Processed 34 blocks and 34 headers in the last 10.00s (34 transactions; 34 UTXO-validated blocks; 1.00 parents; 1.00 mergeset; 1.00 TPB; 0.0 mass)
2026-08-09 20:59:34.661+09:00 [INFO ] [ibd-perf] 34 hdrs avg: validate(A,parallelizable) 82.3us | commit(serial) 211.0us [add_block 9.7 + db.write 108.5; held-lock 187.4] | f_serial=0.719 f_reach=0.033 | parallelize-ceiling 1.39x
2026-08-09 20:59:36.067+09:00 [INFO ] Accepted 2 blocks ...6ec7016b60ee00803daeb5bd9d34692a4d08c7e4fc2664887e4012502c2e336c6b31b254f85ebfdd7ec1aa4cecb57156927f5a3eb9a3f15c0dca5e6ccd4dff8b via relay
2026-08-09 20:59:37.351+09:00 [INFO ] Accepted 3 blocks ...10e4b091e763595a9fefdc0a997728180992cf6e673ebb4b21e9128ba4d33045f19d1604f2f35b0bf7e187ae9d0237fee587441f7f534c41c62d266c7a95a4b0 via relay
2026-08-09 20:59:38.780+09:00 [INFO ] Accepted block 3cc0c01ae87408d6cc7c0a7881e84fed49b21a86ae49ec252fd747ba9c016cb99dd897c137cf4f30caa51ed70ae217a9d082d913b647601746857cab97172627 via relay
2026-08-09 20:59:40.676+09:00 [INFO ] Accepted 5 blocks ...4b1dccbe45908b94ee355a0ea5ff7834b38dde3b1b5c02e3dab7fd616af184a0539a9c3f985a61cc5c4d6abc4aa5c51380926c65407d8950f03e006c6a2a19ac via relay
2026-08-09 20:59:42.397+09:00 [INFO ] Accepted 4 blocks ...b791e75a06799861560d46257e4637fa5ff0de9d099eefe7ed76252720710e6637f18864e4f19ca2455687589e97d92e178744d8bf376f3650a3005aad99470f via relay
2026-08-09 20:59:44.047+09:00 [INFO ] Accepted 4 blocks ...b4325dfc9f23d723cba5cd322261e486f2a91b077571f1026d5bd8a1351bfcd1efd5a900bae96d89111a7b78475e4649b45450dbba390647810c5ef941a393be via relay
2026-08-09 20:59:44.662+09:00 [INFO ] Processed 21 blocks and 21 headers in the last 10.00s (21 transactions; 20 UTXO-validated blocks; 1.05 parents; 1.05 mergeset; 1.00 TPB; 0.0 mass)
2026-08-09 20:59:44.662+09:00 [INFO ] [ibd-perf] 21 hdrs avg: validate(A,parallelizable) 79.8us | commit(serial) 184.8us [add_block 8.4 + db.write 95.2; held-lock 162.7] | f_serial=0.698 f_reach=0.032 | parallelize-ceiling 1.43x
2026-08-09 20:59:45.403+09:00 [INFO ] Accepted 3 blocks ...6fd5befc9333221bd2b8590f382f0c5456412972d35890dd326577f2e00a26fff034e0732ffa1f527de5e202548129c5d6956e12b92cb3a10d7fdee873694400 via relay
2026-08-09 20:59:47.087+09:00 [INFO ] Accepted 2 blocks ...6b6abfe4562798dcb4dd3b6e5fdd1081c2d012b1374b05c75323ddd5ad6b7be54bf2bdd6a8ed7c59efb3339e43eb253180b51257876aee291d2642c96daa0821 via relay
2026-08-09 20:59:48.773+09:00 [INFO ] Accepted 3 blocks ...8ff0cd0f5f302c02703d8d9509d299d9b6a299b50d125e799c74b5396afd7b9ff33f99d749e1d96dfbc1032da5ec394ca8eeb2a5fd03dc8c651e0c1685957674 via relay
2026-08-09 20:59:50.310+09:00 [INFO ] Accepted 6 blocks ...80185a1367182c21cba6442e10b1747f5e7ff738755b15d8510e4f87c5b6d3f466dff93edafff8dc2fc1eefee51efca86c3f9662bebddac8759d69646e6d0219 via relay
2026-08-09 20:59:51.533+09:00 [INFO ] Accepted 3 blocks ...75371de43da8f01c1bc5c323bd07ca8d1eda6ea8c4e6cb17b202f7772c0bc49e017e11b03fdbb018df786df971bb7a9d7f5f48767ce967cbcfe4663f35db4d5e via relay
2026-08-09 20:59:52.705+09:00 [INFO ] Accepted 3 blocks ...63c3bcd18077876499a670d1ccafd5e7cd5b83394d6b68e04fcb695a9d0edda5da395fd0d6d2c756f8348ec74c50ee8101c14813e48086dae193780bd36375d8 via relay
2026-08-09 20:59:53.734+09:00 [INFO ] Accepted 4 blocks ...86101db685fce244f719646a35a8535ef29e6a2c0592ec15e44887e316ac8c8c4034163d062f5f27f2aeba5a7a36f31e5cde1c189bd891b524d5efea7c211a71 via relay
2026-08-09 20:59:54.642+09:00 [INFO ] [validator-service] heartbeat: mode=active sink_daa=470 bond=unconfigured active_set=[epoch=4 is_active_validator=false (active_validators=0)] dns_overlay=configured (stage=Bootstrap, dns_confirmed=false)
2026-08-09 20:59:54.663+09:00 [INFO ] Processed 24 blocks and 24 headers in the last 10.00s (24 transactions; 23 UTXO-validated blocks; 1.04 parents; 1.04 mergeset; 1.00 TPB; 0.0 mass)
2026-08-09 20:59:54.663+09:00 [INFO ] [ibd-perf] 24 hdrs avg: validate(A,parallelizable) 85.4us | commit(serial) 191.1us [add_block 8.2 + db.write 100.7; held-lock 169.1] | f_serial=0.691 f_reach=0.030 | parallelize-ceiling 1.45x
2026-08-09 20:59:54.895+09:00 [INFO ] Accepted 3 blocks ...df88da1a7555cb30269d2226fb07122dbff1962d71220d4ba9364369a654b544e5c8660da6b342d78de5cae24127f1a679738fe11803a72199daa9c68ec41f61 via relay
2026-08-09 20:59:57.543+09:00 [INFO ] Accepted 3 blocks ...cf94f88a98d347ff5f5d67b812ab8500ee0790016fe289683fc95c982dd3af727862aed98790d90e446873cb6f4abb6e7e6f7cca35460e0cc94cc6153ad131f0 via relay
2026-08-09 20:59:58.907+09:00 [INFO ] Accepted 3 blocks ...0c738c7d1cdf1c77da2e6b2294f6c06aa2265e8662f4786e09c4cf0fe8839a4805667a04b0e8d6fecc852626fea747060810e780d530e333a0c90417ac194df1 via relay
2026-08-09 21:00:00.676+09:00 [INFO ] Accepted block abc6ddb3eec828cbb632b53b3cabf4febd078040fdb7e18a87786563d1683696ad38743e290c89cd37cba1d605397c45377ebc02fcf7e6db8cfdf7e112585a9a via relay
2026-08-09 21:00:01.912+09:00 [INFO ] Accepted 3 blocks ...c184d481af42e8dcc1009bf48ee57ee79222c802d2e210642212302f24046e9f65e07ad239b03a2c0f3a75a8b02a47317da4c9cfd22435c300de84ced1c7114d via relay
2026-08-09 21:00:04.244+09:00 [INFO ] Accepted block 6cbd4f36d73518007886f17bdc5b401388e8766d8609b716006b95b6de8d433b176174f6230f29f24ed8ded2482e9f628b65f835821728bafce98c3b64c1c0ab via relay
2026-08-09 21:00:04.665+09:00 [INFO ] Processed 13 blocks and 13 headers in the last 10.00s (13 transactions; 13 UTXO-validated blocks; 1.08 parents; 1.08 mergeset; 1.00 TPB; 0.0 mass)
2026-08-09 21:00:04.665+09:00 [INFO ] [ibd-perf] 13 hdrs avg: validate(A,parallelizable) 85.0us | commit(serial) 224.8us [add_block 11.4 + db.write 123.2; held-lock 201.3] | f_serial=0.726 f_reach=0.037 | parallelize-ceiling 1.38x
2026-08-09 21:00:05.281+09:00 [INFO ] Accepted 2 blocks ...66b37756c0a418188b37f0f77d78d221d7de846d1cb333653f3b6754f16347e0e5929c9c0d4836faa26317c0c70c0ec9730680d9a94bdea3eb80d8939bd10241 via relay
2026-08-09 21:00:06.404+09:00 [INFO ] Accepted 5 blocks ...ef0cd70f8a040b2ad930fed9cd297e53a0db43c958486b9cccec39575e9557009a4bed88aa206dca4799290acd315f09bc8913dc65dac3ac8fd31f719f034665 via relay
2026-08-09 21:00:07.427+09:00 [INFO ] Accepted 4 blocks ...b0aa6afefa60de396efcea21c1fa076001a95c2ae43eb60d53ad7305a8fe1a9f65aff36434184d574f049e3baa1e584b90f1f4a18b379991a9e72a1b3c05e43c via relay
2026-08-09 21:00:08.739+09:00 [INFO ] Accepted 3 blocks ...455a908fce81370953ee742690edfb090be2f2dfbabf223bfa14095d46e53e8dd7aab3093ccc30a2dc017743ec216f5a86d5abaae6745535bf7472a0c120dfd1 via relay
2026-08-09 21:00:09.554+09:00 [INFO ] [vlt-shadow] sink_daa=499 0 validator(s) with credit; 0/4 epoch(s) would reach quorum; newest epoch Some(3): W(E)=0 signed=0 snapshot_root=8f0f0dbb87272799fba65495ebd4461ac401aa48a9eaabd98ac6c8445f92bcb9d15663311e6274eb64d54475b34b969597da004454fb625ed8183bc91a8b5ef5 — the weight fence is at 18446744073709551615
2026-08-09 21:00:10.094+09:00 [INFO ] Accepted 3 blocks ...b25aacb1f20841baf1671950a2ae57cef716a31a4fc9fa5d03426a265014d5174d787e806a7526519d2f63a3e1dc54676f5ded2b6b45d0a68cc99cbbc69c6d2e via relay
2026-08-09 21:00:11.446+09:00 [INFO ] Accepted 2 blocks ...c10aadb0e36ea127d95693399afad3df37ae0facd550a8349f384bb804811fef70a471a3a6af1c8aa011e508e570cade4e298be1a331ee6a75f7d7b48c915db2 via relay
2026-08-09 21:00:14.281+09:00 [INFO ] Accepted 3 blocks ...ee94c37f2087d676e58463358f6d10ea171e4d4540529c67aff74590c3db432e333a50f8b9033f96e88081a9034a9d1710e12561cd4b81c4e9876a20dd2386d5 via relay
2026-08-09 21:00:14.667+09:00 [INFO ] Processed 22 blocks and 22 headers in the last 10.00s (22 transactions; 22 UTXO-validated blocks; 1.00 parents; 1.00 mergeset; 1.00 TPB; 0.0 mass)
2026-08-09 21:00:14.667+09:00 [INFO ] [ibd-perf] 22 hdrs avg: validate(A,parallelizable) 111.7us | commit(serial) 258.6us [add_block 11.1 + db.write 140.7; held-lock 234.0] | f_serial=0.698 f_reach=0.030 | parallelize-ceiling 1.43x
2026-08-09 21:00:15.386+09:00 [INFO ] Accepted 2 blocks ...55592cf4c38d587334c65155c1873aa80aa38381b308f092cf7d629b1a63c18b1248e130f1f80a541ae971ca9cc6f7533446a3698f129d7d12f9dd48a2b2e7fa via relay
2026-08-09 21:00:16.481+09:00 [INFO ] Accepted 4 blocks ...e1ad40d0dc30ac420505a110a82df4a7c13876ddb9d12000c5b2ecc86337652c8077b9c31dfbcb33b583810e244f9bfd2a865a7f692d4d21e1dfa203fe2ae89d via relay
2026-08-09 21:00:17.915+09:00 [INFO ] Accepted 4 blocks ...ed3d93018571c65b66b5069fa2c88cdc93cc2d7c123eb824601d745b2a57d4d655649b1856167224debb9104fdf6cd9ceee192ded14f8e3440f55809e4b69c27 via relay
2026-08-09 21:00:19.912+09:00 [INFO ] Accepted 3 blocks ...ae9b1db2abed9e534f024bca481442529ac8d3b70a5a465b4b54f5c4ff858690df77ca5601a34513345d1ca5b53f720c822dfcb1da52849e18177b97aa31a785 via relay
2026-08-09 21:00:20.931+09:00 [INFO ] Accepted 4 blocks ...a2a63d02cd508dfa768296f62a12fcdf7c3557c5566aaeff46b7fd61a5cdd96f21f0d5bb6e6315a011445a6e3e323d440e1eb5a1aea145ed8c21898e35732e3b via relay
2026-08-09 21:00:22.279+09:00 [INFO ] Accepted 5 blocks ...aadcf3612abfc3df61bfb073af83c460b342bef2be5960ed07896ef8df2263a074b897eeaebe2cb5e22a417d8538ada1ffb9a754938b6567aab3763e44a64d81 via relay
2026-08-09 21:00:23.564+09:00 [INFO ] Accepted block 8c9bdbc72f0e2f913b23bb094ea657c9316b5e64bf2cf4bed7171b7208fb222cfa8dc4684b11bb3c1124a07c462fe014eb52e3a5e64d379a828a17963faa7054 via relay
2026-08-09 21:00:24.643+09:00 [INFO ] [validator-service] heartbeat: mode=active sink_daa=528 bond=unconfigured active_set=[epoch=5 is_active_validator=false (active_validators=0)] dns_overlay=configured (stage=Bootstrap, dns_confirmed=false)
2026-08-09 21:00:24.669+09:00 [INFO ] Processed 23 blocks and 23 headers in the last 10.00s (23 transactions; 23 UTXO-validated blocks; 1.00 parents; 1.00 mergeset; 1.00 TPB; 0.0 mass)
2026-08-09 21:00:24.669+09:00 [INFO ] [ibd-perf] 23 hdrs avg: validate(A,parallelizable) 83.1us | commit(serial) 198.4us [add_block 8.4 + db.write 106.4; held-lock 177.3] | f_serial=0.705 f_reach=0.030 | parallelize-ceiling 1.42x
2026-08-09 21:00:25.567+09:00 [INFO ] Accepted 2 blocks ...fa37e8207e1671812f1bcc45fe8aa6958d6d4b41615bed30c4d51c7d158d7f3980538eac47fb73cd3550cb0e8d09fdd92285635e693f05599c708f6dec2c18ec via relay
2026-08-09 21:00:26.708+09:00 [INFO ] Accepted 4 blocks ...2b2f1cbf546189b17c5e03c71eaf067c051100e938bce66e7c1cc8636912d5313a5acfd76727b626a60195acafd65261cf7b9de0a459b6e6c3662ec17d760ed6 via relay
2026-08-09 21:00:27.808+09:00 [INFO ] Accepted 4 blocks ...7adf502dfcde78afd35519bae7fe7d3b2fe4d973026ac7a9ba66ce39502a9b6db3ef08eb51e5754e6b3712bb1c853814126a36de2f1e752c1e005a3f464e37fc via relay
2026-08-09 21:00:28.896+09:00 [INFO ] Accepted block 4d30387e6c66f23dbc5459b506285a43f5cae9d3aef134147ce810f391882659244ae69b0d0a2b567997ba0e298b634f716332d22705d664965ca019e402021c via relay
2026-08-09 21:00:30.133+09:00 [INFO ] Accepted 4 blocks ...b7529cc6e965077062d6816d3540d561702302e80fb33045133f987ff2a9d2cb19bd967683c4430e2fb5721a8931dcfe6e3ae7cbfd41be230b82b1c1196c2a81 via relay
2026-08-09 21:00:31.291+09:00 [INFO ] Accepted 4 blocks ...6c043be253b1ed250e171922fcf3694dfb4bb13d4c4732270701d819a9e0a773456b1539166168d4aff2b9f14b9a74380d9c55b00ca22f0e08fcf9af122def76 via relay
2026-08-09 21:00:32.732+09:00 [INFO ] Accepted 4 blocks ...c71f06f41d5b6aabbe82e0315cbdbeeb21ff72b955bbc25e6c16663dc1cd144e0d0e0c3855693fc1e01a59df84ef69309e25263936d46654fb984e24c7358f1f via relay
2026-08-09 21:00:34.171+09:00 [INFO ] Accepted 2 blocks ...96113cd6c881f6f291caa5f25f81bc4acbe78580eb804b63b7b88009f7935c709ba9ac41ae8510f1ad22b4ad5b64d021d10ce1139e4701b9d617054179be5086 via relay
2026-08-09 21:00:34.294+09:00 [INFO ] EVM lane KPI (O9): 512 chain blocks, avg mergeset 1.14, avg accepted-gas utilization 0.00%, 0 deposit-claims applied (cumulative)
2026-08-09 21:00:34.671+09:00 [INFO ] Processed 25 blocks and 25 headers in the last 10.00s (25 transactions; 24 UTXO-validated blocks; 1.04 parents; 1.04 mergeset; 1.00 TPB; 0.0 mass)
2026-08-09 21:00:34.671+09:00 [INFO ] [ibd-perf] 25 hdrs avg: validate(A,parallelizable) 96.8us | commit(serial) 216.7us [add_block 10.0 + db.write 111.1; held-lock 193.4] | f_serial=0.691 f_reach=0.032 | parallelize-ceiling 1.45x
2026-08-09 21:00:35.297+09:00 [INFO ] Accepted 4 blocks ...fa2d8b831cd677f4aa1c9d609a584cdccbb1777c644c23ab7ea39aa7b20ebd2c857bf4829a6ae3d6345b5d7348e8157b543444bb8bd25a61b2f5c57d83b721c0 via relay
2026-08-09 21:00:37.147+09:00 [INFO ] Accepted 3 blocks ...341c32abb97d1a1db1b1fc01ddc479d3c199d80dae90d7211d057e48e3092286c23c9747dda9d3e43485065ceec8fbdfbf88dfa87eee263431218e247d2ab13e via relay
2026-08-09 21:00:38.227+09:00 [INFO ] Accepted 2 blocks ...1aa1f166c4f287d60d9be512ad3578ab1d8b4a58bf86a2b42f02f7d72437bd8b084e340e7c7d7912f881939c039c58f496626544ccd3bd1b5028e47981966739 via relay
2026-08-09 21:00:39.939+09:00 [INFO ] Accepted 2 blocks ...6fa2cbbb86e174e2b723993680373d17a225e2a3a6a57338ff791b47fa1e0bb2cab942b07eda80a2c705d7dd18aa2eaeac69086c2435e35f7b194caea8f2b9e7 via relay
2026-08-09 21:00:42.254+09:00 [INFO ] Accepted 6 blocks ...02cfb31752fd31fdda7b6329cd967f60d5837fb684b562b3ceb04610190cc1c47cbdc2b3b4b9220b22e603a6ba47479b5d59c9365eedd802b92b764808ecaae0 via relay
2026-08-09 21:00:44.673+09:00 [INFO ] Processed 17 blocks and 17 headers in the last 10.00s (17 transactions; 16 UTXO-validated blocks; 1.06 parents; 1.06 mergeset; 1.00 TPB; 0.0 mass)
2026-08-09 21:00:44.673+09:00 [INFO ] [ibd-perf] 17 hdrs avg: validate(A,parallelizable) 93.5us | commit(serial) 198.1us [add_block 9.3 + db.write 114.2; held-lock 177.4] | f_serial=0.679 f_reach=0.032 | parallelize-ceiling 1.47x
2026-08-09 21:00:44.925+09:00 [INFO ] Accepted block 5caf751cdb1c6ab31eee85ebf5334f5e219f7c3281c37e33f1beb399b0632d9438b2ff87fcbb4ec2deb34ce27a959f88573c99f7395f00f588785735f751fdeb via relay
2026-08-09 21:00:46.628+09:00 [INFO ] Accepted 3 blocks ...6f782693accff917a2e849a1c0862c67f9e143e78f0bee7c6df42220f1066ec60ca8ab78df0447d08f558ed594812c605838c12f7b9cf5416aedd808d1ef9818 via relay
2026-08-09 21:00:47.893+09:00 [INFO ] Accepted 2 blocks ...81a9dc3112ee19962282ec0781236aa262e13b53ebc0bf685e1e7b4b9364af1c6bebb007a9013aa4d1277304ffe339a82e6da4b6d1066418c9d3fe706f60e7ac via relay
2026-08-09 21:00:49.242+09:00 [INFO ] Accepted block e77b0dcdaab2420fb46c22a4a3e1a32fb43b2ae427f5fd71c2d9bd58bd69696b4d18af6bdfd87e9785521de741261d53bba716857e1abb813e09fac1aa4289dd via relay
2026-08-09 21:00:51.895+09:00 [INFO ] Accepted 3 blocks ...1c1e4262833b12009be183369543c049a1e5a2c65d6b7e6ccaadb67668a7f2958daa7b90a0e8f701cd569c90fe36c92aecfa891e24199b5e1f15979e471579ab via relay
2026-08-09 21:00:53.034+09:00 [INFO ] Accepted block 026f090320b4a7ab892a7dfafaacf136b8c0ea49a754d51aeb4f52aa66f686fd849de6137488f0c9856e1ac479ef80fd4507337ff7b8b191fcc70a54cf72a42c via relay
2026-08-09 21:00:54.644+09:00 [INFO ] [validator-service] heartbeat: mode=active sink_daa=583 bond=unconfigured active_set=[epoch=5 is_active_validator=false (active_validators=0)] dns_overlay=configured (stage=Bootstrap, dns_confirmed=false)
2026-08-09 21:00:54.675+09:00 [INFO ] Processed 13 blocks and 13 headers in the last 10.00s (13 transactions; 12 UTXO-validated blocks; 1.15 parents; 1.15 mergeset; 1.00 TPB; 0.0 mass)
2026-08-09 21:00:54.675+09:00 [INFO ] [ibd-perf] 13 hdrs avg: validate(A,parallelizable) 90.5us | commit(serial) 218.3us [add_block 11.3 + db.write 110.7; held-lock 195.1] | f_serial=0.707 f_reach=0.037 | parallelize-ceiling 1.41x
2026-08-09 21:00:54.801+09:00 [INFO ] Accepted 3 blocks ...a9a5aaa9b50ca8ff8bed137d9202f1f163e1cd92c3029ca56bdd28c186d1960be4a6bd2dde6872d27e93c92bd0829d55bd23e9c2e8e094bc18913c414b4f1a4e via relay
2026-08-09 21:00:55.931+09:00 [INFO ] Accepted 4 blocks ...6d7428ecbe53f1c2fceb119e209968e823b92fdb360458b2725c4c8d961890b8e2680dc6075e5ca65814d3a610307e8e0b801bc12521275ed1502f2c2bbeae53 via relay
2026-08-09 21:00:58.446+09:00 [INFO ] Accepted 2 blocks ...a484d891c97afb201bfb4475286021826e589c7c0c7c02e4dde241bcfa3cfd25fdc7aa7b9008598aa5582851dec6e9c58686d3756c684e595cab485f7e966c0f via relay
2026-08-09 21:00:59.820+09:00 [INFO ] Accepted 6 blocks ...6c4f44e0c4a3ffa3700af3e11a7d8afe667349c16bab7fb1b42b8b8fbb67aef06dcaaeefbcadb7a53e35d3a50a1410c2f40e00b499576261a9c6ee03e3035c98 via relay
2026-08-09 21:01:00.536+09:00 [INFO ] [vlt-shadow] sink_daa=599 0 validator(s) with credit; 0/5 epoch(s) would reach quorum; newest epoch Some(4): W(E)=0 signed=0 snapshot_root=d545e10a0f02de4c92907f2438c1b35ad7cdd00a1a8a34063387823a9f437f76f986b7e9895ed65104be339ea4d27b0bb1a7b25eb7289479fea7997363d830b9 — the weight fence is at 18446744073709551615
2026-08-09 21:01:01.198+09:00 [INFO ] Accepted 4 blocks ...b151aba3cf0adc1a67fe99366e1a497b0ff0fe6417081bd70bd08baca1cd9c99ab4a6abaa21bbb9ad93b3a84bafb61a44c5868beecd37a1f385c7d7180f25001 via relay
2026-08-09 21:01:03.088+09:00 [INFO ] Accepted 2 blocks ...b000e4c5a5cbb4c8b4fd8c0dabc0d21b1aeefc92842f7343633fb3445e0582e2019497c1e690203ae3f8d8076f55b0d34b198a2d732cf95bacfe2e2e797d910f via relay
2026-08-09 21:01:04.269+09:00 [INFO ] Accepted 5 blocks ...0efd1df46815880b868f310b60597824918827401dbe9ea92186b4c8a5cc85b3d6cc65f8b3068f2b462d6ec659a738f1adff77ca93096c0db9d9fe18ce3e590b via relay
2026-08-09 21:01:04.677+09:00 [INFO ] Processed 24 blocks and 24 headers in the last 10.00s (24 transactions; 24 UTXO-validated blocks; 1.00 parents; 1.00 mergeset; 1.00 TPB; 0.0 mass)
2026-08-09 21:01:04.677+09:00 [INFO ] [ibd-perf] 24 hdrs avg: validate(A,parallelizable) 85.9us | commit(serial) 213.4us [add_block 9.0 + db.write 120.8; held-lock 191.3] | f_serial=0.713 f_reach=0.030 | parallelize-ceiling 1.40x
2026-08-09 21:01:05.391+09:00 [INFO ] Accepted block 993b62e71933583baaeb0f59943e5361f34c346d48c1d188c1fd9ba7350f2ff02384c9215b7b16a7fcb9c48180716296da209f92b72a62f6292e26fcfae920b1 via relay
2026-08-09 21:01:07.549+09:00 [INFO ] Accepted 3 blocks ...2c5047b3da71bc01147eb5f3c596c54c25a271fbd896669ceeabce8c6e52772d47e0305963cf5628a5793ef5134643c942877a271990475e2a24911c154ebf2c via relay
2026-08-09 21:01:08.789+09:00 [INFO ] Accepted 2 blocks ...4caa9c3cb54f002318c19701645eb05ddeea936e80bf512f3aed0a3e8eee4145495a4a40ee46d69f3d42156fcffd5c916c7edefd0b988e6eadff1568fa6b01f5 via relay
2026-08-09 21:01:09.991+09:00 [INFO ] Accepted 4 blocks ...a3576db0179f6b051a2369814249be84d086993991fadb01498365c2fdc2600641f1c5262b9d8948f9627a17f87902187f229b8fd2e9f410a66a51c3801d1db8 via relay
2026-08-09 21:01:11.717+09:00 [INFO ] Accepted 2 blocks ...fae4570cd7d4c48ea1ad6bf908f53485f5d52ab9c1df521e4db50a7309b0408e131eca6bccae79c698961a95a64e8b2adb38ac4ca38da3e2cc57103409991465 via relay
2026-08-09 21:01:12.751+09:00 [INFO ] Accepted 5 blocks ...014d7dc3f46abd7260bc5b9c5e6f5ef7af3cff1aabf06c0cbf2dc7d3e6f1754b33eb1892476afecc795fc46b909f17e84375f67e04e2552cdd3ecca595175f06 via relay
2026-08-09 21:01:14.389+09:00 [INFO ] Accepted 4 blocks ...442fa23e401995605c60956019f44a9bf9cf6af9ea05eb02e2facb48fbd8dc333d97dfea1827357863b7944b32f70c0de70869e61ddf9af139f0beaec7e8bdfa via relay
2026-08-09 21:01:14.679+09:00 [INFO ] Processed 20 blocks and 20 headers in the last 10.00s (20 transactions; 20 UTXO-validated blocks; 1.00 parents; 1.00 mergeset; 1.00 TPB; 0.0 mass)
2026-08-09 21:01:14.679+09:00 [INFO ] [ibd-perf] 20 hdrs avg: validate(A,parallelizable) 109.4us | commit(serial) 241.0us [add_block 9.9 + db.write 133.8; held-lock 214.1] | f_serial=0.688 f_reach=0.028 | parallelize-ceiling 1.45x
2026-08-09 21:01:15.902+09:00 [INFO ] Accepted 2 blocks ...47945065a2127b9b64b265da5058db2de395853cf42517004e642ca9bc90f6784ff5ba75cc15af4a0c51a3b3df4728759ad671c380d5b910c890dbaa6f1435ed via relay
2026-08-09 21:01:16.930+09:00 [INFO ] Accepted block 35a0e0f486e885898ecbdc5516df18a38cc285ae951c3690bc756f5edbcc175987758bf95df69bf077c738114ba0051c8f264c61f7ce8672b008b57f8fbaa791 via relay
2026-08-09 21:01:18.392+09:00 [INFO ] Accepted 3 blocks ...36368ce4e8bf355f09a8b16bc51a4a268d06e76c13ca87533b6e9849bb5e45fde635fcb85263739fdd14fcbf0c98946cff68698ee730fd467791944ccfcd26c7 via relay
2026-08-09 21:01:20.344+09:00 [INFO ] Accepted 2 blocks ...c398f9d93fe24a10c15a9c12d1895bdbef845ecea351e058d3777340cce9c28bd20c354f7df0e14afff57c43d7f254f41309c2a6d43911f1194fc8195932b1e7 via relay
2026-08-09 21:01:21.690+09:00 [INFO ] Accepted 4 blocks ...bb50cbb75086b9abbd9916124205b16f3bf479c8b85739f68b409734b206606f61b6aa4d3a89e5449e71a6d708f1024f4d099146b939aa4172c2e120a0f93f2d via relay
2026-08-09 21:01:22.715+09:00 [INFO ] Accepted 5 blocks ...82a5715c2ffda7758da5eac6d567beca20bb24d8294adcf649f3cecb70ba742384fd5fb6ecbe940e882001fd4d86a60a7e451a767efefc10c6ebab31614a3bad via relay
2026-08-09 21:01:24.204+09:00 [INFO ] Accepted 3 blocks ...aff4c82c0ec6076ce032f14929cc962d26b4101b5192ebaaa8e50e79d21b3dd91c2dbd60283a710e9080c3a89dad9b59b2e6431f4f24ae768ce5b06a2be0b76d via relay
2026-08-09 21:01:24.645+09:00 [INFO ] [validator-service] heartbeat: mode=active sink_daa=647 bond=unconfigured active_set=[epoch=6 is_active_validator=false (active_validators=0)] dns_overlay=configured (stage=Bootstrap, dns_confirmed=false)
2026-08-09 21:01:24.681+09:00 [INFO ] Processed 21 blocks and 21 headers in the last 10.00s (21 transactions; 21 UTXO-validated blocks; 1.05 parents; 1.05 mergeset; 1.00 TPB; 0.0 mass)
2026-08-09 21:01:24.681+09:00 [INFO ] [ibd-perf] 21 hdrs avg: validate(A,parallelizable) 90.3us | commit(serial) 197.0us [add_block 8.6 + db.write 109.1; held-lock 174.8] | f_serial=0.686 f_reach=0.030 | parallelize-ceiling 1.46x
2026-08-09 21:01:25.665+09:00 [INFO ] Accepted 3 blocks ...5cc87da155f7b1fc83b291f71b2bc1f197f4394022151a7fa768f21b558e551d08b0e3fc829c9c86e621c040c264a7b6294ebac59ac8e52c0d9b0b19af8b99e7 via relay
2026-08-09 21:01:27.181+09:00 [INFO ] Accepted 2 blocks ...d1e1b0706dfac585659efb718ab278da4c40f62c22a912f4b6c957d18e85dd98fb37754d80fea4de23b9047000500c0bb43a466d239f1e77948f9eb003580489 via relay
2026-08-09 21:01:28.511+09:00 [INFO ] Accepted 3 blocks ...d6bb795d920577abec159024f622eb4e714482f25f3c6a35eed5f61b9a192b942a3f6f49edd133a43fc1cc053372a423d066dec517759095c6859d34af431520 via relay
2026-08-09 21:01:29.674+09:00 [INFO ] Accepted 6 blocks ...84c13f571bfe074e48c48ade81072ffa5ced811c329a14fff79485bae418dd1653ccde7feff4ee9879ec8ace3a00be9205dbe844ac050d4e6b80cd7ed9b49086 via relay
2026-08-09 21:01:30.764+09:00 [INFO ] Accepted 5 blocks ...d00fbf44fc3d225b61114597d24e2ccae8d76798ca29019221bc43a0d55b39ccdf0268f106337ebfe2f991a2d24690b04d97cc2637e5cb61b563b614a627347f via relay
2026-08-09 21:01:32.045+09:00 [INFO ] Accepted 2 blocks ...23db15fcda8f73d7c483627b4df886aba7c97234b2973451b2226fef9f0a292d1603844a81f5901e108e50f62bd73d1e7798627c111c1a287c109740e94a7ba9 via relay
2026-08-09 21:01:33.157+09:00 [INFO ] Accepted 5 blocks ...97e3b96d218bd17cbcdec5e9fb720363949debac7e93e3c205d4e3bd8feb218933a05cf710484a61f53728f3d83848960dfdfa5335c1590e28eb6bffb82ce27f via relay
2026-08-09 21:01:34.309+09:00 [INFO ] Accepted 3 blocks ...9c0e1c256861901b9c05d7882d061a55074a2415bde11fa6af328096d2572cbeeee6a94612681679534eb89bead7cc6673b6063b17230571e312453e7f7131d9 via relay
2026-08-09 21:01:34.683+09:00 [INFO ] Processed 29 blocks and 29 headers in the last 10.00s (29 transactions; 29 UTXO-validated blocks; 1.00 parents; 1.00 mergeset; 1.00 TPB; 0.0 mass)
2026-08-09 21:01:34.683+09:00 [INFO ] [ibd-perf] 29 hdrs avg: validate(A,parallelizable) 86.4us | commit(serial) 201.4us [add_block 8.5 + db.write 113.0; held-lock 180.1] | f_serial=0.700 f_reach=0.029 | parallelize-ceiling 1.43x
2026-08-09 21:01:35.331+09:00 [INFO ] Accepted 2 blocks ...1ba1bd1d7c879064615824a2ec2864783f624905b87191cf336319a23a5179be520dbac53750e8f93b8215466a0b1b0d958e55544a21f63c30cd6bb2f32990ba via relay
2026-08-09 21:01:36.893+09:00 [INFO ] Accepted 2 blocks ...7fc099168dfa4bdeecb188e1c0f4ea2628664bc3053a3f5b3ef05439ab7e49b9365647a4c4afbff028be1f987a3eeb8ae4a5c26a819fbc94d4a4c544c1a2c50f via relay
2026-08-09 21:01:38.528+09:00 [INFO ] Accepted 2 blocks ...d62591023f5b3c9140b9febe61a888dff73728e3bf20685758e38b1e9ad7aa18930f3c0cb34efdb1ff4e892b88283c4448a363d105c976edba5f429dea4bbe1d via relay
2026-08-09 21:01:40.288+09:00 [INFO ] Accepted 3 blocks ...193e739750cd526c34f67c02966c30294972e00cdf56a92c79cb7ff3ec2c9c83707c9425412b7395158350dda68d251f6a08c6bce257f8b6d77d1295e5741b98 via relay
2026-08-09 21:01:41.455+09:00 [INFO ] Accepted 4 blocks ...cfcd397e4a3831eb6f818e6579999ba424ab48d7e857c94fc634c472b33cb0d510baad72f47bcdc8fbadf1dcc763d513dcc8487f126f45459b1db70381191d9e via relay
2026-08-09 21:01:42.943+09:00 [INFO ] Accepted 3 blocks ...8479f51d926f0289b8768aae51ecbcb03a3d16eb59f06724d39986130c0d19248b9a2173e1d81e01eb825bf4f687dae42e17dade6335d7dcebe2a0cc9ef53471 via relay
2026-08-09 21:01:43.973+09:00 [INFO ] Accepted 2 blocks ...70d7dc1683bf1bf176009b99ffeec7086c96b6dbd6ad9702f36ac998bb99edb226d93118357f28633a77ad057ce6d4464c8f3946e33c397ba261cfabfaec4d7c via relay
2026-08-09 21:01:44.684+09:00 [INFO ] Processed 19 blocks and 19 headers in the last 10.00s (19 transactions; 19 UTXO-validated blocks; 1.05 parents; 1.05 mergeset; 1.00 TPB; 0.0 mass)
2026-08-09 21:01:44.684+09:00 [INFO ] [ibd-perf] 19 hdrs avg: validate(A,parallelizable) 88.6us | commit(serial) 142.5us [add_block 9.8 + db.write 54.9; held-lock 118.9] | f_serial=0.616 f_reach=0.043 | parallelize-ceiling 1.62x
2026-08-09 21:01:44.953+09:00 [INFO ] [vlt-shadow] sink_daa=699 0 validator(s) with credit; 0/6 epoch(s) would reach quorum; newest epoch Some(5): W(E)=0 signed=0 snapshot_root=342f3b9227839037c0a60363441debb0c17d733f34d43d889e81bb10155b607f5eac9e1f152fac542d0b9e6a3f499a99430fc1e499ff6b5a0e552bc28e583d6f — the weight fence is at 18446744073709551615
2026-08-09 21:01:45.024+09:00 [INFO ] Accepted 5 blocks ...ed4efbc43536df178a087c2c13777d382eea9f5f973549b5cfec7b9656bb00aadbb04da08c5ddf1fb9544bedc5e72dcdbe04d06b0733e0dad6a811b3e1bbb431 via relay
2026-08-09 21:01:47.147+09:00 [INFO ] Accepted 3 blocks ...42bf63118b8227529fdcca30428389896c382b53952d828f32b74db7cf3d6f2a7fc553cacd2987dee7d586acbedf2a8c1cb370bf44b90e3c4ed6921278e11c91 via relay
2026-08-09 21:01:48.991+09:00 [INFO ] Accepted 6 blocks ...acd8f505e1d7fdd554e2401fbb42e05e8cf4fc1a011debc0b54e312257fa71ac7e5c9ba15acd85695922d2732653f18359fa0c48ad1d13ca313367659b75a2c2 via relay
2026-08-09 21:01:50.218+09:00 [INFO ] Accepted 4 blocks ...b6c0a3c3295b9005dd1705aabb46e79f69270f453f3ea9b85de803ef6df7ea600ae1d3a8d2164aa9e07d20da503c8c51ddcad899ea4f50371e9235bab66380a7 via relay
2026-08-09 21:01:51.887+09:00 [INFO ] Accepted 2 blocks ...232da22a6d14373455da205fec8a17385aa1cf0aee208d951dccb10c97af6484489c1608d562369329f01db2572cffd05e9c6399d37789fa366834ba214d21e2 via relay
2026-08-09 21:01:52.905+09:00 [INFO ] Accepted 5 blocks ...0d49cfc7faf8e92696d1a3481c9fa9854f0235e53617bca7c71ed5c2e57ad9188ca0ee1f3aa4b30a4fd0b648ac6b67237cf2989fb50ff1f554a49e17428c5948 via relay
2026-08-09 21:01:54.324+09:00 [INFO ] Accepted block e3216fa8170933c6d86b164d7fd0d8c57cfc0541f0b92cd3732b0e68feb3cf00233b89f75965cbaff047035b5fbdb2ce676cd0d46d454e40401cfeed8bcb5d43 via relay
2026-08-09 21:01:54.647+09:00 [INFO ] [validator-service] heartbeat: mode=active sink_daa=722 bond=unconfigured active_set=[epoch=7 is_active_validator=false (active_validators=0)] dns_overlay=configured (stage=Bootstrap, dns_confirmed=false)
2026-08-09 21:01:54.685+09:00 [INFO ] Processed 27 blocks and 27 headers in the last 10.00s (27 transactions; 27 UTXO-validated blocks; 1.00 parents; 1.00 mergeset; 1.00 TPB; 0.0 mass)
2026-08-09 21:01:54.685+09:00 [INFO ] [ibd-perf] 27 hdrs avg: validate(A,parallelizable) 86.5us | commit(serial) 154.9us [add_block 11.3 + db.write 52.8; held-lock 129.7] | f_serial=0.642 f_reach=0.047 | parallelize-ceiling 1.56x
2026-08-09 21:01:55.380+09:00 [INFO ] Accepted 4 blocks ...9838c7a1049bd35ffed36e9f8700e9f79dc9ff01b10d70013624f8ec6dad6b582cae0265e581c257ac59dc956f1db2fae9dbd389f034c2335e80c4d01d7b2662 via relay
2026-08-09 21:01:57.544+09:00 [INFO ] Accepted 3 blocks ...a99b989a9b9d4a4241db4ffa7bf3e7d54613081b972a6f5bb447e9508edf3b17e11d45d99d7acfdf443894a5c7831cac2a41e822dd57cfe18837acbb62853dad via relay
2026-08-09 21:01:58.644+09:00 [INFO ] Accepted 4 blocks ...25aca3ea69c29f2418377d2f06916834df2b8e356fc7d856c70d165dd3a2679e354e73038ef67d6843ef3becc590d3dd2dfb6cc508ba9efd393721751ec871eb via relay
2026-08-09 21:01:59.786+09:00 [INFO ] Accepted 4 blocks ...75ea48dab7c8ab9a94deeec530527357892d16415ebf90ee96f982b0f55bec99ce51602b0a6960a0e6dbad4b5e0a5abf802a09720fbff184fb0d144cf99cfa4a via relay
2026-08-09 21:02:01.021+09:00 [INFO ] Accepted 4 blocks ...a74acba48025913759a542dc6f69ea9b11c9ec9cb7f91e2a28f9ccccd7b3afef23d17e0d955170121a7e5e11f98e988b708bb77ef1197b99dc5b149d3e5fab11 via relay
2026-08-09 21:02:02.253+09:00 [INFO ] Accepted 3 blocks ...bd65fad36c7055e8cedb70d9420c4f148a3bcee534e1508e0fc14833481e34b024dad91ddf20058a98a56b97d6163ee2f47f6e383ec7ce68a59634b8c558d4fd via relay
2026-08-09 21:02:03.629+09:00 [INFO ] Accepted 3 blocks ...eb89533f99a1c28482075368bebaa8c7b75eafcb2daf0ff1b5686bc1db31662c3684c3323aa881c4ffd3cde246a887ec1d46106e271e79f69b00de46baf102b7 via relay
2026-08-09 21:02:04.688+09:00 [INFO ] Processed 25 blocks and 25 headers in the last 10.00s (25 transactions; 25 UTXO-validated blocks; 1.00 parents; 1.00 mergeset; 1.00 TPB; 0.0 mass)
2026-08-09 21:02:04.688+09:00 [INFO ] [ibd-perf] 25 hdrs avg: validate(A,parallelizable) 81.5us | commit(serial) 149.4us [add_block 10.3 + db.write 58.4; held-lock 124.3] | f_serial=0.647 f_reach=0.045 | parallelize-ceiling 1.55x
2026-08-09 21:02:05.016+09:00 [INFO ] Accepted 3 blocks ...819adf9eb2436d4f74a78981be434336746f0a9b3f469cc98b8cfa05966a5b55923869be8543cde5af903cc565a9a4ea0bec7e0be56d32c34931021418be0f6e via relay
2026-08-09 21:02:07.495+09:00 [INFO ] Accepted block 62cd65987e17eaa4c9c98d4f954fa242315d598cb9faf987f39b9d14ef76ea85616331e8083b1674fd07308b3f44f9b99c341569a4f3a7cb8ed83349d428a7c2 via relay
2026-08-09 21:02:08.729+09:00 [INFO ] Accepted 3 blocks ...652dd05b5aab29479951ba35e42fcca30462b6a8ebc05249d177214682f26767cfc2237e8062cbdf3edcf1d2ae89d617d3d97f3073ae98cf0c6f1cd3653c7f2e via relay
2026-08-09 21:02:09.903+09:00 [INFO ] Accepted 4 blocks ...bc9c856490fa554489a34f46980f9969c995d62ce8e2bf7456a55db18bac421d47920e82e8dd1dd853b44b0ab16d1bcb1c245ef690ccdbb7ba7bc6e2441686cd via relay
2026-08-09 21:02:11.854+09:00 [INFO ] Accepted 5 blocks ...65848520664453b4ac54e8390a3abad3e626186b71270ae62c4957038744233b0bd655af8fc20fb40b9ceba7412fe93ec27193e6b8d0d2a50bc2bf61ccc2d986 via relay
2026-08-09 21:02:13.944+09:00 [INFO ] Accepted block c2f343a983e2d4f61c17e8958bfd0c5b91ddda284760aea99cdbdae4286a3295ee51b0777de73b477797e908a444e34f018a1047865c5a545e03385c41547c7a via relay
2026-08-09 21:02:14.689+09:00 [INFO ] Processed 15 blocks and 15 headers in the last 10.00s (15 transactions; 14 UTXO-validated blocks; 1.07 parents; 1.07 mergeset; 1.00 TPB; 0.0 mass)
2026-08-09 21:02:14.689+09:00 [INFO ] [ibd-perf] 15 hdrs avg: validate(A,parallelizable) 82.0us | commit(serial) 154.3us [add_block 12.2 + db.write 63.4; held-lock 130.1] | f_serial=0.653 f_reach=0.052 | parallelize-ceiling 1.53x
2026-08-09 21:02:15.188+09:00 [INFO ] Accepted 2 blocks ...635659fd21b5036c7c3898db775446b972faacff6a1886ac41913771d5bedcdca0099c7ce284440b4fb415e6305c10947448372c987d533bc1d8f9512a85f62a via relay
2026-08-09 21:02:16.688+09:00 [INFO ] Accepted 4 blocks ...a3fc2cde3b2325130c5c826d802b029f7b4ef2338f65fef58f442523710314842ae29b84fbbc0f9a82f1fada84d54d26e8844a4cf3ee76fec7d974dc3b063451 via relay
2026-08-09 21:02:17.708+09:00 [INFO ] Accepted 2 blocks ...33d61e332a76540066338648ccbca81086796a77929eec0dc55811499f99586abea28f8785497a974aa7fe2980cbc07cc7a073b221bb2c65f1da575446b5e2f9 via relay
2026-08-09 21:02:18.751+09:00 [INFO ] Accepted 3 blocks ...334d03a04d907e232c13f1b30a7f97704e1b9cb370b7279889d2386094457c683562cfccf00a36bd2fe5b0c058434b46395080908ffdbab3424356fe66390549 via relay
2026-08-09 21:02:20.049+09:00 [INFO ] Accepted 3 blocks ...605778e963a07654cfa05e9f8729f55d5aacc3dd7bed495e188a87dfb4460e9f1ebccd1da187625969484bec55e3729cd073f1ea6fd903fd188eb2841bd4d06a via relay
2026-08-09 21:02:21.090+09:00 [INFO ] Accepted 3 blocks ...554f48751c103a4acb2c3878bdb61b2e9ac234f61683a1017f1bef9dbf9442ac6b56e3bb07531baa789871745a43aa6b3b6a0bdf353c97b456a9b412789787d4 via relay
2026-08-09 21:02:22.155+09:00 [INFO ] Accepted 2 blocks ...fc9d2a6bfeba41ed22d53d0754d78d0f8ae3e796e53458735b991d387d8f4e5a7fcc82d4931bea4cfdc15d6de97855daef663a6c0cf033ce4ac7ac9f8b074175 via relay
2026-08-09 21:02:23.644+09:00 [INFO ] Accepted 3 blocks ...e76b6ed58a9ce623c0c760a422b9465140ec3252b31d267debba950ffc0637e4ea7d53b08f30073b93cc6d75dd5c3af6ba6983d75846313a5871e6402020507a via relay
2026-08-09 21:02:24.649+09:00 [INFO ] Accepted block 973563eb9fd1e64eadcc525dfa8648feecb25164b984a496d3a22751bf3a113a5ccd001f37f7501e0dfe90c9dd96756525e70d7a6c17e58cb8a5fd9aacdfe635 via relay
2026-08-09 21:02:24.649+09:00 [INFO ] [validator-service] heartbeat: mode=active sink_daa=785 bond=unconfigured active_set=[epoch=7 is_active_validator=false (active_validators=0)] dns_overlay=configured (stage=Bootstrap, dns_confirmed=false)
2026-08-09 21:02:24.691+09:00 [INFO ] Processed 23 blocks and 23 headers in the last 10.00s (23 transactions; 22 UTXO-validated blocks; 1.04 parents; 1.04 mergeset; 1.00 TPB; 0.0 mass)
2026-08-09 21:02:24.691+09:00 [INFO ] [ibd-perf] 23 hdrs avg: validate(A,parallelizable) 84.7us | commit(serial) 162.1us [add_block 11.4 + db.write 66.2; held-lock 134.2] | f_serial=0.657 f_reach=0.046 | parallelize-ceiling 1.52x
2026-08-09 21:02:25.663+09:00 [INFO ] Accepted block ee293896c85ced0c04cf005b5e32c890ea6e66562e9a0bf5d51e18518635c4d27d19b62f82d98c2963d80d58461cae4a9b41951533904a6b97c3db5f38fbc2e6 via relay
2026-08-09 21:02:27.998+09:00 [INFO ] Accepted 3 blocks ...5b63b807f4f7e7c43aec2d1f7d33dc408148334533816bf6f1dd37cd733a8de7844bb80fccd94fe3ea67c2c034415c9ac104f1f3011ce6bca33b3167c648df71 via relay
2026-08-09 21:02:29.159+09:00 [INFO ] Accepted 3 blocks ...5b5d7d1b23cb20756cb5fab8166f66c7f6a3c86ba95d9ed49f59f21017b2d9e253d39c24958cad60f0b84919d853b9d40c7dcd2f388d871fd64db01ac84d2782 via relay
2026-08-09 21:02:30.500+09:00 [INFO ] Accepted 4 blocks ...264c01af1cb26c6e6c45b6c11136ad2c1e8a0622d69085b117459d42af66c789dfbd876ae6a23f1a7e6d37b5a067154ae8aaaa96eb47b3845bca967d3bf5120e via relay
2026-08-09 21:02:30.777+09:00 [INFO ] [vlt-shadow] sink_daa=799 0 validator(s) with credit; 0/7 epoch(s) would reach quorum; newest epoch Some(6): W(E)=0 signed=0 snapshot_root=6e727212fee446c1d3900a6bfba3cbe4fcc8d9fa6f7c81218af6a05b50add07245d0831c1da438973eb37682cb2670f2dcfa4e1fe10c29c6d2cc3ff167b16718 — the weight fence is at 18446744073709551615
2026-08-09 21:02:31.530+09:00 [INFO ] Accepted 4 blocks ...e2a0a9a3d1e993f3b5b4ac87f787891a06c2bb58589759b7248599300bd2776e01e0ac4f5ecf38c19b016eb61d6c274c388c18197d73e673e1eb0e677ee7844c via relay
2026-08-09 21:02:32.676+09:00 [INFO ] Accepted 5 blocks ...9358e88c92b6860d2455bf3d801c9a857244d29a4a85a5585c1881b3d26e2cb8e787f1894e91aa3bbc2a199949fc3bbc4dcd794e89677eb166c639af5e91c85d via relay
2026-08-09 21:02:34.693+09:00 [INFO ] Processed 24 blocks and 24 headers in the last 10.00s (24 transactions; 24 UTXO-validated blocks; 1.00 parents; 1.00 mergeset; 1.00 TPB; 0.0 mass)
2026-08-09 21:02:34.693+09:00 [INFO ] [ibd-perf] 24 hdrs avg: validate(A,parallelizable) 104.2us | commit(serial) 194.3us [add_block 13.7 + db.write 80.7; held-lock 162.6] | f_serial=0.651 f_reach=0.046 | parallelize-ceiling 1.54x
2026-08-09 21:02:34.912+09:00 [INFO ] Accepted 5 blocks ...0556c9b4ad7e2244a300b0825520be1c95abb8f9d3b179fd66e6567cf70b63ffb242d3535af2ca9c04ce73d75a023bb2408d361b3e888b05f47533536480beb0 via relay
2026-08-09 21:02:35.323+09:00 [INFO ] EVM lane KPI (O9): 768 chain blocks, avg mergeset 1.10, avg accepted-gas utilization 0.00%, 0 deposit-claims applied (cumulative)
2026-08-09 21:02:35.965+09:00 [INFO ] Accepted 4 blocks ...c6dbb430c3afa89b450bef23d2731623dde352883ba5f5c8f44a6b36d9121331113b2d05d67d9561b67832b7a511bb6e6a96ce2ab9e0d668823d39a1fb63b27f via relay
2026-08-09 21:02:37.027+09:00 [INFO ] Accepted 3 blocks ...b6ec381cd7e97e27642c1d8203088f68a3c88596bf1e2a677d5867994534631cae68cdb555b3978d7ab6c3958d4d69516ee62f2383d003734d8938ff2dc6be92 via relay
2026-08-09 21:02:38.133+09:00 [INFO ] Accepted 3 blocks ...5ce271aaade8234e141584b886773bde0a3de64c54788eb56053cb0f5b219cd869aea1c90967ecc9ded02d50c713b833a71dfb48251ceb58060f34320931b936 via relay
2026-08-09 21:02:39.228+09:00 [INFO ] Accepted 6 blocks ...15685359af3d7c517a5c73795e4a7fd62bc76af6088128a41e059f07b38d511f2720c0b1125bb3356cadf192c0c4a31c4df66d0ac21b3333d9aac0517b8c7560 via relay
2026-08-09 21:02:41.162+09:00 [INFO ] Accepted 4 blocks ...174f3d512acab2eccfa7226d3a88975a07669616800f7ab8d3fba6d102a1c11223385779c6fa3cfddd33de2fbcbc8dce87e434d42ecec1be3dc29044d1492e60 via relay
2026-08-09 21:02:44.121+09:00 [INFO ] Accepted 4 blocks ...07562620ab2333226636590a6397d1c80ece3748d15b960b0e5cc5c9dac89a3c15e8a6effa26989d1b017aa9526ab9a9a4c90c01d3aabcfc073e6ad5cc6ee053 via relay
2026-08-09 21:02:44.695+09:00 [INFO ] Processed 25 blocks and 25 headers in the last 10.00s (25 transactions; 25 UTXO-validated blocks; 1.00 parents; 1.00 mergeset; 1.00 TPB; 0.0 mass)
2026-08-09 21:02:44.695+09:00 [INFO ] [ibd-perf] 25 hdrs avg: validate(A,parallelizable) 98.5us | commit(serial) 203.8us [add_block 14.0 + db.write 84.8; held-lock 170.6] | f_serial=0.674 f_reach=0.046 | parallelize-ceiling 1.48x
2026-08-09 21:02:45.277+09:00 [INFO ] Accepted 3 blocks ...cc2bc384d277bbe50c442488d68d05e411f659a6fcec440791fbb0217fedfee416af97ad0b98742f6abac7c652a8b388eccbc7303abb58974879a067abb3d11a via relay
2026-08-09 21:02:46.292+09:00 [INFO ] Accepted 4 blocks ...d0aa8d7191e853309435d22fd410e39d322e9966a50391184ac4e921f6aa12d1c372b2093a007e0abfe2f11d7256b7bf27edfa1bfb4b20b6bfa99802ccb846a0 via relay
2026-08-09 21:02:48.328+09:00 [INFO ] Accepted block c6b5ec0b5f77a0d50dca7e55c2c757dab195a85c7e9dfcee80b9ee798f31389c42ca9b793c8201dbae1c0d1805b9dd94d4cd66327dd9a79886c59bfa1bb18311 via relay
2026-08-09 21:02:49.383+09:00 [INFO ] Accepted 2 blocks ...6250cb373681ae3d5b450ce0095fd363d68730f53178414fa20295306a7d2ac7ad23279db55cc89a23456d7ab8ba57f2ce752d9c73f496164f82ce2530818e98 via relay
2026-08-09 21:02:50.462+09:00 [INFO ] Accepted 4 blocks ...25ae67fd0cc032d236faeb070653a3166ee91c5ebb6df559533b25417d50ed5b75dfad09d4489903c576def32a883929c9e83d53a55dd10ec118b2f978b92190 via relay
2026-08-09 21:02:51.562+09:00 [INFO ] Accepted 2 blocks ...dae3c7904f1aab905395d65ab62ea656b6440dcd583412ec0970c970ddde8de98666f74e8da622d5762c4656d31bc6ff4d79e5966c63295d46b040f0a4457a6f via relay
2026-08-09 21:02:52.862+09:00 [INFO ] Accepted 4 blocks ...d02bfb708d52246af4d067b92c68cfc75f31470bf5254a6ad516ef73e14b6b2dd1002ecb5a244386b93277b85c278ffb927875bf4906873502d0477eb67383b0 via relay
2026-08-09 21:02:54.068+09:00 [INFO ] Accepted 4 blocks ...9a50f1f6e61c30cb4a0fbf9c018861a147078f6ce33e0acb8f8e4f51d64b423e632e1ec4756172824cb55ab341be8129541aec590259c52e22668b9e5e3078cd via relay
2026-08-09 21:02:54.652+09:00 [INFO ] [validator-service] heartbeat: mode=active sink_daa=860 bond=unconfigured active_set=[epoch=8 is_active_validator=false (active_validators=0)] dns_overlay=configured (stage=Bootstrap, dns_confirmed=false)
2026-08-09 21:02:54.696+09:00 [INFO ] Processed 25 blocks and 25 headers in the last 10.00s (25 transactions; 25 UTXO-validated blocks; 1.00 parents; 1.00 mergeset; 1.00 TPB; 0.0 mass)
2026-08-09 21:02:54.696+09:00 [INFO ] [ibd-perf] 25 hdrs avg: validate(A,parallelizable) 87.8us | commit(serial) 178.9us [add_block 11.8 + db.write 78.9; held-lock 151.7] | f_serial=0.671 f_reach=0.044 | parallelize-ceiling 1.49x
2026-08-09 21:02:55.198+09:00 [INFO ] Accepted 3 blocks ...d2686f28a5fe19ce5ca8e491556bd16d6c3e07e37f7f4cd5b3df5cdcc3ef3a0e190162dea9d683a9bf66a3749bc67a7cf4d21861edadfd2aa38a493e4ec9845f via relay
2026-08-09 21:02:56.271+09:00 [INFO ] Accepted 3 blocks ...9078dc9c34c599f64abb38b4ae08ab70a299136308d341c3670d0da7ab3d8782b6fcfc441860ef5bf1408e91e156f6c44aea680df37d3832d6f8ce9e7bd807bf via relay
2026-08-09 21:02:57.622+09:00 [INFO ] Accepted 2 blocks ...a86a800056d2293533899a8a9789700ef83b26788e0ed22e14e0999fcfb28a310c218cafbbcdebe6acbcb1b578995367da94847e5d35ab77b318a867939d66e6 via relay
2026-08-09 21:02:58.884+09:00 [INFO ] Accepted 2 blocks ...44c23a47fd1e639f6a21f07d7e340eb74717df0657a2a70eb747b3792399bac18c47879cec459c21ff3003315858ab859ec9a109df33eb2642dd76e77cce1846 via relay
2026-08-09 21:03:01.416+09:00 [INFO ] Accepted 5 blocks ...46b16e85be2f77953d9646d4369156757d1fba76aaa9cc684ce745b3b8de04d3f6b804400d8518f2e0e1b82059b610c4e099bd0145a65a2518bb17f12c5c926e via relay
2026-08-09 21:03:02.641+09:00 [INFO ] Accepted 3 blocks ...ea2794171ac00fe04e6f1e4d24cd715f4f3d692c23028411f69d43a5c3d5e4d97f59515552202d18aa1d7a421070bc26ab724a030543b50a26110d7c22ed5c70 via relay
2026-08-09 21:03:03.760+09:00 [INFO ] Accepted 5 blocks ...d15b34fc82bd68bb00a399f75bed50556f16a4a743615e37e6e0c7b2ead9e3675da2467df45309983ac0548f31c3bb4a6c6f82b867d5ddce85cad0e4f18fcd74 via relay
2026-08-09 21:03:04.698+09:00 [INFO ] Processed 21 blocks and 21 headers in the last 10.00s (21 transactions; 21 UTXO-validated blocks; 1.00 parents; 1.00 mergeset; 1.00 TPB; 0.0 mass)
2026-08-09 21:03:04.698+09:00 [INFO ] [ibd-perf] 21 hdrs avg: validate(A,parallelizable) 107.1us | commit(serial) 268.6us [add_block 28.3 + db.write 110.7; held-lock 234.5] | f_serial=0.715 f_reach=0.075 | parallelize-ceiling 1.40x
2026-08-09 21:03:06.695+09:00 [INFO ] Accepted 5 blocks ...6d20bc06fe07d5697f6f044a2b5aad2f3efb7c3ea1e1b11b0daa6ccc5ac399335e1463de6ec06090e2777a954c8de36bcea120ee3adb3e8831cb71e423bbcef7 via relay
2026-08-09 21:03:07.836+09:00 [INFO ] Accepted 3 blocks ...3194c43a2281ec017fd12f98d6c2f3268c894cbe4a6d5a023f1f1b90b5034f1f8b45b49d18b3b3a3fa06058f214f1fc12cd1b0a6cf1b19b19fdca045728c2889 via relay
2026-08-09 21:03:08.927+09:00 [INFO ] Accepted 4 blocks ...2326e802be10a9b6a2d2afe10b86e3541210482eb543dd0cbcbb42101e1ea836b7d27db5397d1678b1d1ae0b91b3482fc5e521b6bb98912a69692bf2606349d4 via relay
2026-08-09 21:03:10.090+09:00 [INFO ] Accepted block 3f9aff909db1e451a2d2183909d229bd0e36e770eb708dbcdc474361904c7ebcb77a36cb10e63681763cbd851b9e567a03b1fe5d6ec521697cd01461b921caf1 via relay
2026-08-09 21:03:11.532+09:00 [INFO ] Accepted block d8777dfbc9ecb04b26b0df8bbcc8446d3044fa4248d5f00a1e6ebb29269e100d73d5887c12cca4a1fbb96a4b29311d41371dd4d9cca18619539cb6ce20438183 via relay
2026-08-09 21:03:12.811+09:00 [INFO ] Accepted 2 blocks ...fc5d130973023dafc6643b88e231288f26e8ae957d328373d158e22439dd62a2d18ef61ca61019f359bad14b257c6cc4569b468886aaeafcdfb876b961e31aa3 via relay
2026-08-09 21:03:13.211+09:00 [INFO ] [vlt-shadow] sink_daa=899 0 validator(s) with credit; 0/8 epoch(s) would reach quorum; newest epoch Some(7): W(E)=0 signed=0 snapshot_root=75d131746d26a1827ce96649c8a82b99fdbd5d8f5d33bd50846c4f501f915be30eebcf2417cfb0d66bd8944979104dd9025da7be645dafc90a346bf311292381 — the weight fence is at 18446744073709551615
2026-08-09 21:03:13.914+09:00 [INFO ] Accepted 5 blocks ...2bd640bda97a4173fd55831b6663a68ae2d5d24e8299019b0befb587004bb3eb94b735a20f1e0f6c81a6928da53644c0453273f768a47c68162637d7d49ece20 via relay
2026-08-09 21:03:14.699+09:00 [INFO ] Processed 21 blocks and 21 headers in the last 10.00s (21 transactions; 21 UTXO-validated blocks; 1.10 parents; 1.10 mergeset; 1.00 TPB; 0.0 mass)
2026-08-09 21:03:14.699+09:00 [INFO ] [ibd-perf] 21 hdrs avg: validate(A,parallelizable) 107.2us | commit(serial) 198.6us [add_block 14.7 + db.write 88.1; held-lock 166.6] | f_serial=0.649 f_reach=0.048 | parallelize-ceiling 1.54x
2026-08-09 21:03:15.706+09:00 [INFO ] Accepted 5 blocks ...df658c9bd60cb2e8691a1f8dee61864a25551da881eaf437924fad3bd98241c9fd5e1a8d891aa3e124d0cb4c78434a13a306221853ac955d35e400be518381d1 via relay
2026-08-09 21:03:17.061+09:00 [INFO ] Accepted 3 blocks ...2619fc0585fb1e4f16781112357f185c718895c80c0a48b20a7f29813cec0f3e11e27f9bf494ca584cb2e403732f65a01d8fab4d61dc7c8be71d57c69ee8e157 via relay
2026-08-09 21:03:18.884+09:00 [INFO ] Accepted 3 blocks ...9c919cec1573d8b339e96d4abcc221e435bc40d518c5850cd4662114d2d6834b20f53166e84a739fc6c72b640aff05ac548ad0f5b40bb3310ae409d0be112b34 via relay
2026-08-09 21:03:20.620+09:00 [INFO ] Accepted 3 blocks ...8c0e985e6503c8943a740e10827a0c599545523630335910fc5e08c1a722b647d7e2e8b7175521749743a4b11f5ec6321876f75e5742397db1c996d3126406e2 via relay
2026-08-09 21:03:22.705+09:00 [INFO ] Accepted 4 blocks ...fac5185e515eb8e78ba2e18dd13db6b3bcd3d7da7a5c3ffd66cb73fd4f3f2cb3eb0649fa16219be951901618d4c30c3635756ed8b142145984ea78108701980b via relay
2026-08-09 21:03:24.294+09:00 [INFO ] Accepted 2 blocks ...fa402acd0111391737ec433247c1ac808259b25b3ec14fa32ce12ebed2114023c4f32be98b27d91004446ebe7e5778b46adff25693e6a2fb1d0013e794a82c86 via relay
2026-08-09 21:03:24.653+09:00 [INFO ] [validator-service] heartbeat: mode=active sink_daa=924 bond=unconfigured active_set=[epoch=9 is_active_validator=false (active_validators=0)] dns_overlay=configured (stage=Bootstrap, dns_confirmed=false)
2026-08-09 21:03:24.700+09:00 [INFO ] Processed 22 blocks and 22 headers in the last 10.00s (22 transactions; 22 UTXO-validated blocks; 1.00 parents; 1.00 mergeset; 1.00 TPB; 0.0 mass)
2026-08-09 21:03:24.700+09:00 [INFO ] [ibd-perf] 22 hdrs avg: validate(A,parallelizable) 82.2us | commit(serial) 188.8us [add_block 12.0 + db.write 84.1; held-lock 161.9] | f_serial=0.697 f_reach=0.044 | parallelize-ceiling 1.44x
2026-08-09 21:03:25.534+09:00 [INFO ] Accepted 5 blocks ...34f1cf927ddebce8f5b88bfe845d2531cc3613d3a2a47bf70ac6898287ef28efaa92bf524ff795f1d19b024ff044f52ec318c8cad7814470a6e618ac071fc278 via relay
2026-08-09 21:03:26.777+09:00 [INFO ] Accepted 5 blocks ...3d0301924c44b07f2c27b0ad40153e3bb54fd80c90136e8319d674a6e83af9ec18be39544f888a602548a6f24212c983940e160500819578be5849c34eb5f6ed via relay
2026-08-09 21:03:28.391+09:00 [INFO ] Accepted block d191c1bd97c9156aba0211d193cbef68eb9d37cbb6fd5dd97e9a308cc9a9bdece8582b97d6979b4ad7bc29d33d34c6e1bec0916b58285ecf181bfa5dac833244 via relay
2026-08-09 21:03:29.477+09:00 [INFO ] Accepted block 5645f42325ca478fa35438df3cb158904214256e2ec1169df9efe6171db17a9d6c9da1810513637e9b6ec4fbc24ddef980bd468e34bfa18268db1b5f211a08c6 via relay
2026-08-09 21:03:30.548+09:00 [INFO ] Accepted 3 blocks ...319196e44ccf25a7680bee0fcfb8200e0243f1f913f0ffb0e1e04286700c4a1c2fb45055dc6308db1125b83ccc7b13813f51e682870d6e51b150c27ce9cf333b via relay
2026-08-09 21:03:33.223+09:00 [INFO ] Accepted block b66d3265ce53ec95b2eda9e4d8ee5f655d032dc3d254bf4cce9f18453b7472e11073a7366d975aca203bf14d394a5315906d7928ec2969f0602e6f345aae8bc0 via relay
2026-08-09 21:03:34.311+09:00 [INFO ] Accepted 5 blocks ...43fef1155bd558bf0cde4b0262993b67129e33f12078ccfb62f0c90a130be99ec1026cf53180f649e936e772a314a182faa61abfec47ff7e823ff6f214f69fe7 via relay
2026-08-09 21:03:34.702+09:00 [INFO ] Processed 21 blocks and 21 headers in the last 10.00s (21 transactions; 21 UTXO-validated blocks; 1.00 parents; 1.00 mergeset; 1.00 TPB; 0.0 mass)
2026-08-09 21:03:34.703+09:00 [INFO ] [ibd-perf] 21 hdrs avg: validate(A,parallelizable) 91.3us | commit(serial) 205.6us [add_block 12.7 + db.write 98.6; held-lock 175.8] | f_serial=0.692 f_reach=0.043 | parallelize-ceiling 1.44x
2026-08-09 21:03:35.433+09:00 [INFO ] Accepted 5 blocks ...c04d6250ae574c67adc054cc38c2ceb6c2e3349e7b35aedc0859bcfc5a820b5a8bd99baeaa6c9ae80ddc665637f1378cb3ea191f47470d5d68fe0943634a6590 via relay
2026-08-09 21:03:37.219+09:00 [INFO ] Accepted 3 blocks ...cea5648fe8eee0f8bcc7502481390e13ee0ee64b54587bb5f742ed4f6c458f754a3fdd39bade21f7174502b4deae6f0f368cf045da55632018869317fa9ca17b via relay
2026-08-09 21:03:38.224+09:00 [INFO ] Accepted 2 blocks ...8120244007119d118e3118865983f5b144fa1988c16c1a3c51794c2d35f95d1ab33a621e8f07fd89f18e3921409bbf63f584bee3b05d2f16cdd032c9a7ae5f83 via relay
2026-08-09 21:03:39.370+09:00 [INFO ] Accepted 3 blocks ...e2282705ea7f8847332a45adc289ca8ede47845b38dd85d07df14e8ecbd9158b8048ff3a7641f43a44b33886716222f92fcbffcd9323aca895802eeb894c69b5 via relay
2026-08-09 21:03:41.746+09:00 [INFO ] Accepted 2 blocks ...a3e5933614b6998636a9b0f6b82205feeae66258db270ba45d0b743ebfbccaf66dff9023b288a0c2386f2c0297733db68eaa155f3ca83df20c9e17d888fe7b29 via relay
2026-08-09 21:03:43.430+09:00 [INFO ] Accepted 2 blocks ...c1ef382f0880a4cd4f3225856041fb8a96e6e6e5c9bf8e86939a3e409e431b74c630218f197654ea1bb2ad02f95261b9eea6c8424daad0e0ca55495e6bd88c05 via relay
2026-08-09 21:03:44.705+09:00 [INFO ] Processed 18 blocks and 18 headers in the last 10.00s (18 transactions; 18 UTXO-validated blocks; 1.00 parents; 1.00 mergeset; 1.00 TPB; 0.0 mass)
2026-08-09 21:03:44.705+09:00 [INFO ] [ibd-perf] 18 hdrs avg: validate(A,parallelizable) 81.8us | commit(serial) 185.5us [add_block 11.1 + db.write 84.8; held-lock 159.1] | f_serial=0.694 f_reach=0.042 | parallelize-ceiling 1.44x
2026-08-09 21:03:44.951+09:00 [INFO ] Accepted 4 blocks ...1f9794f9d3281f62fa323dd84c846e52c6bf196132a84af391993655705dbe661d4f7ab100a0ca5c80cb7eb0530ba3634989107c7057c2560434619b61a01651 via relay
2026-08-09 21:03:45.978+09:00 [INFO ] Accepted 4 blocks ...353566121d1d495571cfaa9d32850f235f4bf34e42b96ec274f750c3f3c64445bb4a0899b26fe0fa97ea58ace94220d34a169f2a0552df792bf8aa96b7b54ae0 via relay
2026-08-09 21:03:47.162+09:00 [INFO ] Accepted 5 blocks ...49af9cb8808cfc842b7c9e6e3ada4fcc1f113aaa9999c7e0206c139d844f69dff5545cc3c86e07301c26e48ac642a340126f44804689e113cc8bbad35644fcaf via relay
2026-08-09 21:03:48.372+09:00 [INFO ] Accepted 3 blocks ...ba6b4c55f27b5ddea00ce0d9dd174b005a99387c6120ff4c7ac11c33016b466c061fc9a93dd9642bc9b328d2439cfc3f38440eaa80e179b72d18e47ede3aeb5f via relay
2026-08-09 21:03:49.574+09:00 [INFO ] Accepted block c65c34ff466d758e50c0400ebcf8c2376f7f36292616b44803452290747c3dd82624542682b179641fbbc4663d16e89fd1a69d67be50645ddf885d9f84b7e3c7 via relay
2026-08-09 21:03:50.676+09:00 [INFO ] Accepted 4 blocks ...764eaae9834c45fdfe8a895036d7786f63a7b4bd85cd139a36cda8425ff52985730f72a2e6e54a369dad7b4f1f92de139d5d509880fdfb61abd8a7f3242b77c2 via relay
2026-08-09 21:03:52.218+09:00 [INFO ] Accepted 3 blocks ...3201de41a04bd23628cb327796ad13983429cbe0e35f949f9dca8b2b7697e3a365c824716098db7c374e561559c69ea426717bfb7d9ec2f372e5ecba2262e0d6 via relay
2026-08-09 21:03:53.253+09:00 [INFO ] Accepted 4 blocks ...f349ee9722641f92862e186941a188f4e8bf782647e6c16b94f182cb485c2ece0fd7ea1022a9aa79258623cb2f526505a0801971dcfc2d025994627d8abcd97e via relay
2026-08-09 21:03:54.263+09:00 [INFO ] Accepted 4 blocks ...0c7d9f5d1f6a2513eb7c0ba595b179b47f0ca4848aefed10a8aec0580955866a5b32594e17b6b579a6245adc8a6dde44792afe3cacdb4c5cff1327655ba1d802 via relay
2026-08-09 21:03:54.656+09:00 [INFO ] [validator-service] heartbeat: mode=active sink_daa=992 bond=unconfigured active_set=[epoch=9 is_active_validator=false (active_validators=0)] dns_overlay=configured (stage=Bootstrap, dns_confirmed=false)
2026-08-09 21:03:54.705+09:00 [INFO ] Processed 30 blocks and 30 headers in the last 10.00s (30 transactions; 29 UTXO-validated blocks; 1.00 parents; 1.00 mergeset; 1.00 TPB; 0.0 mass)
2026-08-09 21:03:54.705+09:00 [INFO ] [ibd-perf] 30 hdrs avg: validate(A,parallelizable) 85.7us | commit(serial) 216.4us [add_block 11.7 + db.write 103.7; held-lock 184.2] | f_serial=0.716 f_reach=0.039 | parallelize-ceiling 1.40x
2026-08-09 21:03:55.713+09:00 [INFO ] Accepted 4 blocks ...afa57da177a5a6e1aab4c2cb021dd272598348b879d6379b0004a37fc9c1dd7f1bc8f5d69f23b4e4fc8828e0011c2220073b6e134461463b2dbebf239138da1b via relay
2026-08-09 21:03:56.399+09:00 [INFO ] [vlt-shadow] sink_daa=999 0 validator(s) with credit; 0/9 epoch(s) would reach quorum; newest epoch Some(8): W(E)=0 signed=0 snapshot_root=d7de579ad4fb81ab8d68479c6ed04eae904d0d26a4b17bc934486107b0fb19074c56fa7c20654a7ce8dd3f0aedfcb4133c7d1ba4a44bdfd2d89ee3f4aff6c0f3 — the weight fence is at 18446744073709551615
2026-08-09 21:03:56.990+09:00 [INFO ] Accepted 3 blocks ...4d42ac95e72ee8bf08ba42b4e7613f53b1835887fe988feb7d936004eaba15c3c5378a0f0f53c3de60ca1e4cffdfd42db1d3d9c9c4da3b1480952535143dd21a via relay
2026-08-09 21:03:58.167+09:00 [INFO ] Accepted 3 blocks ...36fe3db6d62ed459c829c68795014b7a8c7655c8b5bc94bb489b2de4f5bfcc3051d37d25849dd8a066848d69cc27cceca5e872ff2951c392cbf297f9af2a2dc4 via relay
2026-08-09 21:04:00.080+09:00 [INFO ] Accepted 3 blocks ...d495de7a0c527a6957299fddba8744a2f9a5d25d403995b4b0404ecb17d84a0d007253b16f583b4fe34db8c73d1061650329e1465ce653acd5da8ffd4fbb5997 via relay
2026-08-09 21:04:01.781+09:00 [INFO ] Accepted 7 blocks ...c75bfd9ccf95c20beff0665cf312a2e9761b060329044d40239fa00b2db98e643dc11f270985800d835eb4ab135680a2789bda508c6e72daf7aae94035616053 via relay
2026-08-09 21:04:02.942+09:00 [INFO ] Accepted 3 blocks ...01dca5b55adc4fd24869f610e296efefd6725bc8c95e0ac88ab25571aaf5ac12cdc0a2e656ad5811aa760d9e1621b71490d24bc26c2d831974e524e18fa3312f via relay
2026-08-09 21:04:04.311+09:00 [INFO ] Accepted 3 blocks ...6094d6f5a928316c00e131581ff8f5b0e0d11ed5f2ecf9e3c0556b24cee862a093141be5b089ed5fee79ed6bfe82c94026272b0168a516fea2d89343f37812b8 via relay
2026-08-09 21:04:04.707+09:00 [INFO ] Processed 25 blocks and 25 headers in the last 10.00s (25 transactions; 25 UTXO-validated blocks; 1.04 parents; 1.04 mergeset; 1.00 TPB; 0.0 mass)
2026-08-09 21:04:04.707+09:00 [INFO ] [ibd-perf] 25 hdrs avg: validate(A,parallelizable) 107.4us | commit(serial) 202.2us [add_block 13.7 + db.write 95.5; held-lock 171.7] | f_serial=0.653 f_reach=0.044 | parallelize-ceiling 1.53x
2026-08-09 21:04:05.834+09:00 [INFO ] Accepted block de8c49ee9a90a3bb92461d58c6902d581a509a0355211f6031038733f7c4eb2315d7d03705994bf24b057e083c64b2d601495fbb8d75818926e3ae9d585c0f89 via relay
2026-08-09 21:04:06.906+09:00 [INFO ] Accepted 8 blocks ...765c43aa7b43a00589f4a3a603184b31da19a1b75b17f86433a38f27c464f658fef23f905decef3a7749103b47f460082a74b9e3c5d752901b90a706612a0b1a via relay
2026-08-09 21:04:08.502+09:00 [INFO ] Accepted 3 blocks ...1c773e0fc02eb9c962a0e7ab1b1c3f00ecaef0858b5abf7b9d6ad53492bcaca01e16de8a5a496afee37fb4491ab894360c5b4b0f23b3be747febe4eb07882883 via relay
2026-08-09 21:04:10.067+09:00 [INFO ] Accepted 4 blocks ...35ee9ccc865d55eef8a9ecba8b8d69f8eb0296676be18f8e1c292a1e14bf2bdb3fa2eb2e8970a20f43f0eee1ba704893fea109dd6f74b6bf7fb92cf8f16986d0 via relay
2026-08-09 21:04:11.621+09:00 [INFO ] Accepted 4 blocks ...123ff85564f1fadbcd1ba1ec4f6158d330f8ae5591760ca0f418410dec76b27bcb68cc621460ca5f874e73f860d393ec617719ad9507765121f31318513b1612 via relay
2026-08-09 21:04:13.333+09:00 [INFO ] Accepted 5 blocks ...f0a8d536928a08b571204a7b503f43621ec4de5fecc030a596f8b4acf93c0a6aaef2fb59a6beacf6a918d8bb3f175a013cf501ddf267565ab4a940559f67e4dc via relay
2026-08-09 21:04:14.593+09:00 [INFO ] Accepted 3 blocks ...cc80e49aed164c9ebd9135edcdb59b91c2c72b9ec5c95ddffd60f2d9af7dba0bdb43ec6556b9b39f0cb69a7ffd3fbf605eb77aacc7ce3c2b0a0a9a194544c9c7 via relay
2026-08-09 21:04:14.709+09:00 [INFO ] Processed 28 blocks and 28 headers in the last 10.00s (28 transactions; 28 UTXO-validated blocks; 1.00 parents; 1.00 mergeset; 1.00 TPB; 0.0 mass)
2026-08-09 21:04:14.709+09:00 [INFO ] [ibd-perf] 28 hdrs avg: validate(A,parallelizable) 86.6us | commit(serial) 207.1us [add_block 13.1 + db.write 97.8; held-lock 175.2] | f_serial=0.705 f_reach=0.045 | parallelize-ceiling 1.42x
2026-08-09 21:04:15.920+09:00 [INFO ] Accepted block 2d139091062b9ebfc8fb362a2b9f844291cec2e53ecb8755f9e0814e9236205f49b56a3bd2f848430e7edf2eba8b85e37e9fcef6b59291338b6a0d5c6c9dbf6c via relay
2026-08-09 21:04:17.482+09:00 [INFO ] Accepted 3 blocks ...40bb56938338cd0b441593783b11663ae6fde0cd8a658e3465b8d3b9817e1bfe7ec0d35b65de6339316966db76d6738e5ccecba2333e0e4a911af0dfbb297bd4 via relay
2026-08-09 21:04:18.853+09:00 [INFO ] Accepted 4 blocks ...1cdb8d14a8bc5e1cca82b9f3b7aaa62acd28ab6345400508aa020e32a6f40d2fd4217b5b7ce1d3a3f95418be7fbec5391d3105d743e1c082ec1455a56dde5f3a via relay
2026-08-09 21:04:19.938+09:00 [INFO ] Accepted 5 blocks ...51cb058b4137aa1417fe09150b8b33d808fbf94461b782ca49a16e5f4b43d6914728d96b5052cc6a3cc2aa4e5c82a127b590cd4995225e1df7a945a92e9fa6f5 via relay
2026-08-09 21:04:21.082+09:00 [INFO ] Accepted 4 blocks ...0ba81eda857588013079befbb9449d6c4e819096a6cd0a0b10f862188c091e5e76c8186a99d8761e772ed65b7bc444a14347d86e3d9f5e69c8fe5a7bd8bf0444 via relay
2026-08-09 21:04:22.146+09:00 [INFO ] Accepted 2 blocks ...74168355dfe6e2d67e50fb84988b6dec65034f1c1aeeb46f4a8d54d717b5a97926e64ee07bd2dbf18d6e24eae4875c3593f55196e3d8c30c5541d6d1af97ab5e via relay
2026-08-09 21:04:23.485+09:00 [INFO ] Accepted 2 blocks ...6a58cc1a465ccfb0164aa26af27da0fbfd69d977b74a98b7bca975a3f737c3e6e96a7ff28a5745ed640f85a4a7b6e07dd9f10b65ddc76d0b7c29e16ed47e1eb5 via relay
2026-08-09 21:04:24.513+09:00 [INFO ] Accepted 2 blocks ...2a17a86eb3c8bd9bb8529a94687cef58942c5f7f47a6c4ad5f2dcfafa8ca0dd0f65143663896ff43c0c3939603313bf78e3724148c4712c121ec379d86b863ec via relay
2026-08-09 21:04:24.657+09:00 [INFO ] [validator-service] heartbeat: mode=active sink_daa=1069 bond=unconfigured active_set=[epoch=10 is_active_validator=false (active_validators=0)] dns_overlay=configured (stage=Bootstrap, dns_confirmed=false)
2026-08-09 21:04:24.711+09:00 [INFO ] Processed 23 blocks and 23 headers in the last 10.00s (23 transactions; 23 UTXO-validated blocks; 1.04 parents; 1.04 mergeset; 1.00 TPB; 0.0 mass)
2026-08-09 21:04:24.711+09:00 [INFO ] [ibd-perf] 23 hdrs avg: validate(A,parallelizable) 89.4us | commit(serial) 200.0us [add_block 12.2 + db.write 94.5; held-lock 170.5] | f_serial=0.691 f_reach=0.042 | parallelize-ceiling 1.45x
2026-08-09 21:04:24.954+09:00 [INFO ] EVM lane KPI (O9): 1024 chain blocks, avg mergeset 1.08, avg accepted-gas utilization 0.00%, 0 deposit-claims applied (cumulative)
2026-08-09 21:04:25.961+09:00 [INFO ] Accepted 4 blocks ...002f3003c2d6df9b2b9778f4b156eece348b73966db2b50c4e2bcea962588d8a50f3dddeb3bcfba3cf727a136db2dd990b7b5931202a8d0af7a8119286080433 via relay
2026-08-09 21:04:27.112+09:00 [INFO ] Accepted 3 blocks ...bbdbe8b3809e0a38b0407b5d6dac40d77fc728643034435209388b9bb24c69226701ca3baa51a30b892e48a747186253b18f57508114281acfabec950ba01d1c via relay
2026-08-09 21:04:28.140+09:00 [INFO ] Accepted 3 blocks ...5760552d0784f52706161ac1066bd23c6409e4d99de59c9e239612c903ad351351cb5597de3e2d226b8fbe0cebb17cbdf900e97bdbc1b3cadf409212a9307dc2 via relay
2026-08-09 21:04:29.895+09:00 [INFO ] Accepted 4 blocks ...656efeb1abe1867fc9f6df9621585b74b4c809475896c93829a928b0a8885d20410623d5236f9109636885f8163283f529087abc44ddcb988d6f164a4878eb88 via relay
2026-08-09 21:04:31.406+09:00 [INFO ] Accepted 3 blocks ...243312d5837da6a9a71cc0f0cb6173b451cbddf3ce75e404e79ae11a80844faa9dd6899dcfc39b6e447e88a0ea49b11b728e15d217fbfc35205cccbf89f52fe2 via relay
2026-08-09 21:04:32.639+09:00 [INFO ] Accepted 2 blocks ...7ca9f736e38e0a57b880c3cd9cd5124231a065b382eec6adb9499f215f88e733c66d3dab66900ebaad477db37d472c25b2360cf831b651ca4130927d15d18fa3 via relay
2026-08-09 21:04:33.756+09:00 [INFO ] Accepted block e19f963247b9ad2339c0dcdc0059573c3733031b57582c0e888d1d7098bb136f50948d07ebe604022dd26ba6e82cd1e67faa94a7f96c26bdfb8e104c5516d463 via relay
2026-08-09 21:04:34.713+09:00 [INFO ] Processed 21 blocks and 21 headers in the last 10.00s (22 transactions; 21 UTXO-validated blocks; 1.00 parents; 1.00 mergeset; 1.05 TPB; 13118.5 mass)
2026-08-09 21:04:34.713+09:00 [INFO ] Tx throughput stats: 0.10 u-tps, 100.00% e-tps (in: 0 via RPC, 2 via P2P, out: 1 via accepted blocks)
2026-08-09 21:04:34.713+09:00 [INFO ] [ibd-perf] 21 hdrs avg: validate(A,parallelizable) 87.5us | commit(serial) 210.2us [add_block 12.9 + db.write 99.3; held-lock 179.6] | f_serial=0.706 f_reach=0.043 | parallelize-ceiling 1.42x
2026-08-09 21:04:35.618+09:00 [INFO ] Accepted 3 blocks ...661600ce50328de4a4de31d13a3b1113ea86c48b2f0a9c362b76c291f055cc60f36382df826a424f3e9be80a9b93387634d835259b15e3295a4e93bafeb30bee via relay
2026-08-09 21:04:37.016+09:00 [INFO ] Accepted block ba64d171a33ab959ecd3934beae9781afc9c3b2ec90494a1044e61672fdba16677e891641fa5753d24f96a76f0f1c5f4166ed9c53b5b24906affbe4777101d80 via relay
2026-08-09 21:04:38.489+09:00 [INFO ] Accepted 4 blocks ...9d6462b6e976f4625cac38fe5b084dd963ab8d8836cf8cb997a26752075c4ba8706c2722e6220fad17d4972f5d29566548f7db5c0f27ec0dfe4771e7b9218082 via relay
2026-08-09 21:04:40.055+09:00 [INFO ] [vlt-shadow] sink_daa=1099 0 validator(s) with credit; 0/10 epoch(s) would reach quorum; newest epoch Some(9): W(E)=0 signed=0 snapshot_root=617bb5c5bab7d0bba4a6d7c06acbe33b89e4f2d5d276761358f392607f14d19e15ecdc77591f6078465fe3d278f944c8d65c985c610b4148586aea0354dc9276 — the weight fence is at 18446744073709551615
2026-08-09 21:04:40.305+09:00 [INFO ] Accepted 2 blocks ...a91fe2f04999b30b8515ad374ed7abafc00b058cad6bad40ab44f135a46e90b68b3caa8958a2e6fd98ce44b92814d9cdb0ed39a18dd50574470b4242562eb53b via relay
2026-08-09 21:04:41.621+09:00 [INFO ] Accepted 4 blocks ...9616de601e374e8fd7b002bc6c52167d5016d88c16907705f06164e88c5f79f3b3fa9ad06672738750fea65f74aeddb53225dc4a3140a594a08996df9e6a6a6d via relay
2026-08-09 21:04:44.715+09:00 [INFO ] Tx throughput stats: 0.10 u-tps, 100.00% e-tps (in: 0 via RPC, 0 via P2P, out: 1 via accepted blocks)
2026-08-09 21:04:44.715+09:00 [INFO ] Processed 14 blocks and 14 headers in the last 10.00s (16 transactions; 12 UTXO-validated blocks; 1.14 parents; 1.14 mergeset; 1.14 TPB; 39355.4 mass)
2026-08-09 21:04:44.715+09:00 [INFO ] [ibd-perf] 14 hdrs avg: validate(A,parallelizable) 85.4us | commit(serial) 192.3us [add_block 14.3 + db.write 92.6; held-lock 164.8] | f_serial=0.693 f_reach=0.051 | parallelize-ceiling 1.44x
2026-08-09 21:04:45.687+09:00 [INFO ] Accepted 3 blocks ...2988d394b40dbbe3507c009ea322598ee0c5df1a6cd00b938f7da2a701db2a16d028b0751bf398f09cd866810decfdc24d11ecda9296dc7bbb42666e4a7da248 via relay
2026-08-09 21:04:47.273+09:00 [INFO ] Accepted block 42c0eb943388cc6842b2b606e1a37c59ff290bcdea3e084b9ae9045b902f62808eff403dcb38f53676069a339f063a2cf31648f5c17004d1e509612a00624e58 via relay
2026-08-09 21:04:49.256+09:00 [INFO ] Accepted 5 blocks ...a93ec96dcca423e28668806d3f6852fc29d57b3764d760c41d0f4d5a3448fe2251b43e5def1508d8d4c6ad81b800963cdb764c9ace74b91078fa9810bb2ef7f2 via relay
2026-08-09 21:04:51.663+09:00 [INFO ] Accepted 6 blocks ...88c338380ed6c4b39b32333b5f2c1b961d3c1611dca6715b1da38736ccc2bd515faf92e46027ba16e357c049d8e3521e15e3885bbea435a33153c9cc920a8e7c via relay
2026-08-09 21:04:52.912+09:00 [INFO ] Accepted 5 blocks ...7853db3296926a58635f6a3fee2281156a8bb585b10844ec316c4905f6b2a48d3c066b43ae45225db8ba459ff5609d0028c539c5e348321d4d5572d66401c559 via relay
2026-08-09 21:04:54.079+09:00 [INFO ] Accepted 3 blocks ...26d862e5f7ddf788825a03e0db92901618797358dcd84850d5278053260507621cf9802fc30f42e71f83d8aecae5857e776a908ebcafc502c6f3d9b750ec1fe8 via relay
2026-08-09 21:04:54.659+09:00 [INFO ] [validator-service] heartbeat: mode=active sink_daa=1128 bond=unconfigured active_set=[epoch=11 is_active_validator=true (active_validators=2)] dns_overlay=configured (stage=Active, dns_confirmed=false)
2026-08-09 21:04:54.716+09:00 [INFO ] Processed 25 blocks and 25 headers in the last 10.00s (25 transactions; 24 UTXO-validated blocks; 1.04 parents; 1.04 mergeset; 1.00 TPB; 0.0 mass)
2026-08-09 21:04:54.717+09:00 [INFO ] [ibd-perf] 25 hdrs avg: validate(A,parallelizable) 81.3us | commit(serial) 201.6us [add_block 11.9 + db.write 98.3; held-lock 173.0] | f_serial=0.713 f_reach=0.042 | parallelize-ceiling 1.40x
2026-08-09 21:04:55.424+09:00 [INFO ] Accepted 6 blocks ...79223faa2e02b4137138b068d308ed871f38451339cebf5198ef47f30631ec36b3f55ffe68c8ec7cc312902dc299e919117387c71a822893e4b168acc6dae172 via relay
2026-08-09 21:04:57.376+09:00 [INFO ] Accepted 4 blocks ...8b26395ff39f2e9ecb22307d8a17eaa514eae4acb9cf58067f5ea1462e1a6ed6b5c69ab51f9e63874f25ddaec133f274324fcbe3cf7dc7ae0e72d09c0345e1f7 via relay
2026-08-09 21:04:58.917+09:00 [INFO ] Accepted 3 blocks ...938557c7305f2ec57abf0bedfbcaece03c6bcbaf1b5d47952e0c5dfff89b674c08a3145c699c81fc18e54484f1e0b07aa94abd80df337468e84308865d20ceb6 via relay
2026-08-09 21:05:00.199+09:00 [INFO ] Accepted 3 blocks ...e8af01f5c7abfaf4b4bd966fa0cf2e422fe40ce3295994d7fc319e1bf5745aca5c10cd8b5d9565baf9b2c60cc428cdbbab0187289a19ddd4c43d4e882c5bbf58 via relay
2026-08-09 21:05:01.582+09:00 [INFO ] Accepted 4 blocks ...40947942369d2448db33fb031e9690047c1d967b4e7f5d47c076b40c32545755d8a15b442e495032529961bd74b197ba499b0ef5ab9ea2b44861392f84bc9111 via relay
2026-08-09 21:05:03.024+09:00 [INFO ] Accepted block 79b87cdf5eee4b328c9657260d3932813ecbd2361ed44fa9db2188f275ce1c153a42163f2cc0f11c2321d74b75285b0fab989175f9a2373f168b330fe3f178d4 via relay
2026-08-09 21:05:04.548+09:00 [INFO ] Accepted block ca55f6515cc0279c302a2c7d0c3a21ab38ddc384b98af57f398158c7ba0fefa075f00ce424fc25001edc684c18c018536e91c3a553b7ef347b477dca58118179 via relay
2026-08-09 21:05:04.718+09:00 [INFO ] Processed 19 blocks and 19 headers in the last 10.00s (19 transactions; 19 UTXO-validated blocks; 1.00 parents; 1.00 mergeset; 1.00 TPB; 0.0 mass)
2026-08-09 21:05:04.718+09:00 [INFO ] [ibd-perf] 19 hdrs avg: validate(A,parallelizable) 94.7us | commit(serial) 214.9us [add_block 12.4 + db.write 108.6; held-lock 185.0] | f_serial=0.694 f_reach=0.040 | parallelize-ceiling 1.44x
2026-08-09 21:05:05.890+09:00 [INFO ] Accepted 4 blocks ...51764beaddaddbebb7fd4401c527be1e643783ab6b85bd1416b7767873947582a5abe4762cc8f2aea87978a3332d1e24fc4c510b28e4e08af4666f1c278b5ab9 via relay
2026-08-09 21:05:07.340+09:00 [INFO ] Accepted 4 blocks ...2bce3c7b07584f80acade12e2266aaa2dbae67e3d17efa5261885b4a1bdb26cac7e39075e42376334833f52cdc664fd7937e8b944c34f878462f8a9635720d1c via relay
2026-08-09 21:05:09.008+09:00 [INFO ] Accepted 7 blocks ...10b0706c5a910b16fd0b260cabc0b1f6c7ead43e7c42b590e7f573b7adf307a9cc501f04d0046abc3f7cb5fd3e2b9615a199f6de4ed7c462cd3c90522f92eab5 via relay
2026-08-09 21:05:10.089+09:00 [INFO ] Accepted block 8ab2aa8c0e66db5e8b9ea516fde9f3f394c10858e2bb19f48ba5423a573fbad6ca6dcd5d93a07cda511c5b4285979057f8c64a0a6d9176dc0d3c58642d37f708 via relay
2026-08-09 21:05:11.594+09:00 [INFO ] Accepted 4 blocks ...4abf3f8cdd9e2343db5f308766a1b2c777bea6606322859b9d545f3c1127b84899f1149a5024d01cf5bfca20f97a2f88e552d79a5c32a87dbc96b85e2c3a7a24 via relay
2026-08-09 21:05:12.797+09:00 [INFO ] Accepted 5 blocks ...59f295e92c8acb5edbc5a7a0c5f5bbe9f063b6d64f8d9d112423b4b47de0404e8a4d4fed8650179aae4a00142436516f277a137b6c0ebc9339e06ccc631f09be via relay
2026-08-09 21:05:13.986+09:00 [INFO ] Accepted 6 blocks ...397e62fdef56a022b4cc1a1a972f78193a1539bf9b0852006d4ed4e4662c3598f1130581867100a8cc292656f1c3d367f54de295cc2842f29e77c1510fc449f6 via relay
2026-08-09 21:05:14.720+09:00 [INFO ] Processed 32 blocks and 32 headers in the last 10.00s (32 transactions; 32 UTXO-validated blocks; 1.00 parents; 1.00 mergeset; 1.00 TPB; 0.0 mass)
2026-08-09 21:05:14.720+09:00 [INFO ] [ibd-perf] 32 hdrs avg: validate(A,parallelizable) 94.8us | commit(serial) 202.9us [add_block 11.9 + db.write 98.1; held-lock 173.0] | f_serial=0.682 f_reach=0.040 | parallelize-ceiling 1.47x
2026-08-09 21:05:15.673+09:00 [INFO ] Accepted 4 blocks ...d8d740aa5a105df60a1aa45c2a9036c9a74cca18b932869482a416a1c347a5b7974653548703ef3926c14e0ef46899f4eaf337899d66d18ec64037cd31c9cab0 via relay
2026-08-09 21:05:17.543+09:00 [INFO ] Accepted 6 blocks ...8e43a5b8e54897c98e05f4547266db9743a062b3f7c6ffd17a02a6f758c44ec04e688cca635b7f955cb65d921bd590203890576b278845bf00231dd522f1d372 via relay
2026-08-09 21:05:18.972+09:00 [INFO ] Accepted 6 blocks ...5febcf26d25f7ec048e25081703c67fe374b2d8f432d86e66b207847fea62f125ae503d829a1234bb6757c0475410ab4170dbc86d72fcb96802ee00a270d3568 via relay
2026-08-09 21:05:20.131+09:00 [INFO ] Accepted 2 blocks ...e86e4a0b3b6e16a321bc8ef9e4922dac9a9928daded91af1a2b4213827e290065226297bb2d547b072b64276754a0bcd718083af1b4b9216b6c0fda273dbeb02 via relay
2026-08-09 21:05:20.620+09:00 [INFO ] [vlt-shadow] sink_daa=1199 0 validator(s) with credit; 0/11 epoch(s) would reach quorum; newest epoch Some(10): W(E)=0 signed=0 snapshot_root=576ff092801b6cffb20d80c6d852c817782be5e9757195eec35d186d5db50d050198773d79bb6e92e320990d4c324c6da4e2b6a428343c4c53daf95432128787 — the weight fence is at 18446744073709551615
2026-08-09 21:05:21.296+09:00 [INFO ] Accepted 3 blocks ...6b2dd58e8e46816485d7553e5d56e55e76f0217bf5b4ca1f633c446723efe63c779434f0578d9bdeb86a1bccc6902f6450829d1b7a53c466aa58452321c847c2 via relay
2026-08-09 21:05:23.380+09:00 [INFO ] Accepted 2 blocks ...853cc17ff8a46099895bf6b0409cbf5f662bbd8465ba71d60f0491aca67937331f23a4935f550ade58e3aeed16b7ec1cbc121fd16efee5ee8fe2398e59710480 via relay
2026-08-09 21:05:24.661+09:00 [INFO ] [validator-service] heartbeat: mode=active sink_daa=1203 bond=unconfigured active_set=[epoch=12 is_active_validator=true (active_validators=2)] dns_overlay=configured (stage=Active, dns_confirmed=false)
2026-08-09 21:05:24.722+09:00 [INFO ] Processed 23 blocks and 23 headers in the last 10.00s (23 transactions; 23 UTXO-validated blocks; 1.04 parents; 1.04 mergeset; 1.00 TPB; 0.0 mass)
2026-08-09 21:05:24.722+09:00 [INFO ] [ibd-perf] 23 hdrs avg: validate(A,parallelizable) 89.9us | commit(serial) 210.5us [add_block 11.9 + db.write 95.1; held-lock 178.9] | f_serial=0.701 f_reach=0.040 | parallelize-ceiling 1.43x
2026-08-09 21:05:25.659+09:00 [INFO ] Accepted 3 blocks ...85a77e8b5679a92d175912f8fa5d7421cde46757d782555117c3ea6a0f448f8768409b0abbd0ad76955111327a0f5d78458ed409e30803552b4f951bbf96a277 via relay
2026-08-09 21:05:26.667+09:00 [INFO ] Accepted 2 blocks ...093b1a34095857c9957905b96bcce085ceeb81b752e493aebadc508d9afeb8fe42f14e220d65e79fff34e32c9f3a19def54b1ae4cfb70497a9247cd7ef57d321 via relay
2026-08-09 21:05:27.709+09:00 [INFO ] Accepted 2 blocks ...8c8f99b65f96a4c0e9569e42848b6c140d8193924bb8cb45f9f3d6859859ca8e54b0fdaa2483b3caef825b3e2656162d5103969519a640dac083dcf7f2235b8c via relay
2026-08-09 21:05:29.258+09:00 [INFO ] Accepted 2 blocks ...dfc9b570ee239020752391c4f8bb2d6a7ba6b0b4bf90a2bacdee3fc0bbc55b75cabd63b9d90c393d6cd76a3f9f7c3b861949a66cd7961b5864585906cd19d2b6 via relay
2026-08-09 21:05:30.585+09:00 [INFO ] Accepted 2 blocks ...ad389f97a4190182d415d05f422f0a6f52ec675715c374f0d58db4d55ad436840114101797ed70d0890b5a4a9776223636ce828f31dac6dfa593207dffa9c5dc via relay
2026-08-09 21:05:31.732+09:00 [INFO ] Accepted 2 blocks ...a43a53f35317d3a5ab27b38a238e9e997fd7f148e4523af4d00f1fc3eac31444a4a98957d8b41d178221382bb7b7b2b02fdec3c041067b607f519664956bbb3a via relay
2026-08-09 21:05:32.838+09:00 [INFO ] Accepted 4 blocks ...5771e0b915c9d41311d4a00d22af5230c6692dc676427dbc007c6b8afaf19662f48913f4bcfb901a69f72a01bfcd23e36be94b1fb9a65c7f32c733ec692a5c5e via relay
2026-08-09 21:05:34.206+09:00 [INFO ] Accepted 7 blocks ...de2e1f64bc210a4625de02b1836d88419ef37845d9b82243f1e23202d3cbee8a474348ff628c423574711a8a894e12ef8c8e482d5539b410d6c44607e94a4d4e via relay
2026-08-09 21:05:34.724+09:00 [INFO ] Processed 25 blocks and 25 headers in the last 10.00s (25 transactions; 25 UTXO-validated blocks; 1.00 parents; 1.00 mergeset; 1.00 TPB; 0.0 mass)
2026-08-09 21:05:34.724+09:00 [INFO ] [ibd-perf] 25 hdrs avg: validate(A,parallelizable) 88.5us | commit(serial) 201.2us [add_block 11.9 + db.write 95.4; held-lock 171.8] | f_serial=0.694 f_reach=0.041 | parallelize-ceiling 1.44x
2026-08-09 21:05:35.329+09:00 [INFO ] Accepted 4 blocks ...482b2959e447e27bf5fd7c138d7815308d98074b38165b4fd1b62256727e2f559be70f481852cea21aa0f7fc26bab454e5617e7865d8bcfa699dfe82f20c7e8f via relay
2026-08-09 21:05:36.752+09:00 [INFO ] Accepted 3 blocks ...74864ffe7f7a231944402b810eb9e4284f49c5194125e0e896f21ae5c6b75a1be4f8172cac7c41f55632be0b007ef7300e7feb30f73ecec8a46c5a4b45b7316b via relay
2026-08-09 21:05:38.375+09:00 [INFO ] Accepted 6 blocks ...823c25eb8774a4c4211b03d780a7970b9b294ea1be6414d4df4894e9bdc6e3c34b09818b08e8c74ccbc25ad17415ff522c215b0698271a7c4fe5ec6ed3e005c2 via relay
2026-08-09 21:05:39.949+09:00 [INFO ] Accepted 2 blocks ...cf6734924e4e701c405cf2bf2442cb7ea077d7787e6eff881520e9639463d6b0fdb937f63e2bd9d13b10493e8790a4ea788740620b9fcd5a46f9e88c74f62676 via relay
2026-08-09 21:05:41.593+09:00 [INFO ] Accepted 3 blocks ...193f64d7e5daa9c213147b7699a2e797c2b373eb6ff82f1bd27d8036c26c6a0d5447c921fb8e0f0351d12b74fe45482c5bddeed73655e92b1841d228301ad4aa via relay
2026-08-09 21:05:43.251+09:00 [INFO ] Accepted 3 blocks ...b181db073e2f57da74ae2d66271b71b7a8ca919cf0f2fcb17f69e896b1f31f475ad9084f73bd7d9148260dbf06474b1323734ac28af54b3e32cae967bddfa11d via relay
2026-08-09 21:05:44.537+09:00 [INFO ] Accepted 6 blocks ...5c1856efa13bf40ceaf7e9facbfb90a06b70fa9aca8e233d67c0297fccee99c7af5e4888d3aaf2c3a3000d9afbe6b0b37802d1490869605a0acaa3146636d865 via relay
2026-08-09 21:05:44.726+09:00 [INFO ] Processed 26 blocks and 26 headers in the last 10.00s (26 transactions; 26 UTXO-validated blocks; 1.00 parents; 1.00 mergeset; 1.00 TPB; 0.0 mass)
2026-08-09 21:05:44.726+09:00 [INFO ] [ibd-perf] 26 hdrs avg: validate(A,parallelizable) 87.9us | commit(serial) 201.5us [add_block 13.4 + db.write 94.9; held-lock 171.5] | f_serial=0.696 f_reach=0.046 | parallelize-ceiling 1.44x
2026-08-09 21:05:45.579+09:00 [INFO ] Accepted block 305b985ba2d0bcf8a197e681bcef0cb5433e42b6e280523d48eb6dd4e9c6c253c8478ddfd42b0794e8d2514a60300fcab76068ac0df5eaf6aa16739b7ba20b38 via relay
2026-08-09 21:05:48.122+09:00 [INFO ] Accepted 2 blocks ...84ffb55e5dc457ec6f9b7d064b960c9e9c9c8b03c42e257131d2ce1eab09e61a2a074c1b9b683b356b9e20da2b01f07cc60bb38a621f96737e27a40671e505f5 via relay
2026-08-09 21:05:49.182+09:00 [INFO ] Accepted 2 blocks ...a6ef041a7df71f512e8be6b8f2831ca6c5a740b2a0184cb7d1542c76343bb6cc3f5eb8f03d46dfd002419893cb2450da584e4181ad5065b8305794f7deb72108 via relay
2026-08-09 21:05:50.294+09:00 [INFO ] Accepted 3 blocks ...2ad1a10720f4871f147150b691638b20749685d2b86de351be7ad66c63032e4ff56f9632111717effff19c82fe7134f705221cc3b37f399468336d9dee1ab664 via relay
2026-08-09 21:05:52.087+09:00 [INFO ] Accepted 2 blocks ...1dc286bc0fbf69c1885f1fdb001cd1c9140e67be046a00f7fddcc31e190a7af4d3cad999885bbc2ffb8686a984e420601c68030bf29199b3c817dec6f909df7f via relay
2026-08-09 21:05:53.848+09:00 [INFO ] Accepted block 6fb3401a7c99b7234baf603803000549d7c989e764f50897dac018086262c0935ba60ec885c3294d977c2df5bc2eb86086b05abf7f417c037394c86b2b122f4e via relay
2026-08-09 21:05:54.662+09:00 [INFO ] [validator-service] heartbeat: mode=active sink_daa=1264 bond=unconfigured active_set=[epoch=12 is_active_validator=true (active_validators=2)] dns_overlay=configured (stage=Active, dns_confirmed=false)
2026-08-09 21:05:54.726+09:00 [INFO ] Processed 10 blocks and 10 headers in the last 10.00s (10 transactions; 10 UTXO-validated blocks; 1.00 parents; 1.00 mergeset; 1.00 TPB; 0.0 mass)
2026-08-09 21:05:54.726+09:00 [INFO ] [ibd-perf] 10 hdrs avg: validate(A,parallelizable) 138.4us | commit(serial) 248.4us [add_block 16.1 + db.write 119.9; held-lock 210.7] | f_serial=0.642 f_reach=0.042 | parallelize-ceiling 1.56x
2026-08-09 21:05:56.278+09:00 [INFO ] Accepted 3 blocks ...d99117ccf7d4ccc9c889c6de8aeb2ffeedced21b08330bcf784b37fc19ed5e11b6aeeba5627bb08b6ab4db84df50e48d62b36653f5a4b6304b3de5e78da125ab via relay
2026-08-09 21:05:57.329+09:00 [INFO ] Accepted 4 blocks ...c98639312f2fc98028f7a8775e47346362dbecf2af1a64e7230b82b1ad9164a2250148152605da215477e0f84aac2a42d452d80232d6591e1fa52d065b44f08d via relay
2026-08-09 21:05:59.018+09:00 [INFO ] Accepted 3 blocks ...13e5ff7124ea15c2e81432d608594dbd5c9fcf6cf6cd84fa4c027554c332c0127698969c193d627d3ae02f9c8a56466c9c49fd89c6f4a5ba377ae6b8577c8d77 via relay
2026-08-09 21:06:01.326+09:00 [INFO ] Accepted block edda8ff179018d2cfdea4bd1c340262aaacb16f2edd02c72d05a38ff11e4d7909006804f6f0a62620afc2bbef4d1a418aa10243f8c2cecb983caadb1f7bb8457 via relay
2026-08-09 21:06:02.559+09:00 [INFO ] Accepted 2 blocks ...5b8e0a7e7a99f83fc78b7c9de734163cfb5ace5e69fb22c61a9096d817ae50830f1891e2429f99d9e6e3257f6f3636d83f56bdaa2b289b570bd6a1ae8dfb5194 via relay
2026-08-09 21:06:03.868+09:00 [INFO ] Accepted 2 blocks ...171887c37d43c3776c546bfe3c3ee53a4461c35925a823241facca64830afcc03228b1f85de683903f6b0fdea22a49c821d21d19506caf51e16e9b7617eb1a14 via relay
2026-08-09 21:06:04.728+09:00 [INFO ] Processed 16 blocks and 16 headers in the last 10.00s (16 transactions; 16 UTXO-validated blocks; 1.06 parents; 1.06 mergeset; 1.00 TPB; 0.0 mass)
2026-08-09 21:06:04.728+09:00 [INFO ] [ibd-perf] 16 hdrs avg: validate(A,parallelizable) 95.6us | commit(serial) 215.4us [add_block 13.0 + db.write 105.8; held-lock 183.8] | f_serial=0.693 f_reach=0.042 | parallelize-ceiling 1.44x
2026-08-09 21:06:05.676+09:00 [INFO ] Accepted 5 blocks ...468ad9df5e477e81d8877a1eb93a2e65f0896166a082bec67b5a9cf47f8b87d5b87c1a2605c74ba23b6a429764b372fecbf98bf6cc7358219d3010bf75394cfc via relay
2026-08-09 21:06:08.096+09:00 [INFO ] Accepted 3 blocks ...44958d8b1c3562106ada3d18fedaf0ef7c2465a968621d877e23b09b8c827b59ca6a377ad96a0ec26f80b1e7bb3429956da65a260ef4d096670217659290e765 via relay
2026-08-09 21:06:09.189+09:00 [INFO ] Accepted 2 blocks ...47bb2fe6d1604fd19ebc20f88df19ecbfd8071f263ef723f517928d6d468817b8794e02699b9508d4bea22576fbfce2ec311c2cddcd7c5cbddf664cd985dc387 via relay
2026-08-09 21:06:10.319+09:00 [INFO ] Accepted 6 blocks ...14d6a4511c6cfde58a372970a7e069f1568d02c8b6c3b581ef626e8bc44c35699fc46b2ff356fc33f572ad66192a4691816ade0b4ed6d290c5a038f1ea9655c2 via relay
2026-08-09 21:06:11.629+09:00 [INFO ] Accepted 2 blocks ...ec0197c4600cb2626792aa5bf16bfd5fd827c24f6c33adf6ae8c30b04637da29984acd22417dc36318ee052c823d7703a460bfee547d493a6fdb1354548320f1 via relay
2026-08-09 21:06:13.215+09:00 [INFO ] [vlt-shadow] sink_daa=1299 0 validator(s) with credit; 0/12 epoch(s) would reach quorum; newest epoch Some(11): W(E)=0 signed=0 snapshot_root=e8c59adaac9e2e1706e83d3a0051a74b023f22f2254e731ec3ae57a3a5a6f14a0d43d429abec9ace9303377bdb9fd8cd40525c663672602f2774c3be944d94be — the weight fence is at 18446744073709551615
2026-08-09 21:06:14.018+09:00 [INFO ] Accepted 4 blocks ...57e8dd78bfc072055304f3db1d1193d2f63795627bad417ddefc1bc2ff44cd8684ff9d1d22cc8cb598ce69b96b287a095eba827a9ec412bb31a5187f31f83ef6 via relay
2026-08-09 21:06:14.730+09:00 [INFO ] Processed 24 blocks and 24 headers in the last 10.00s (27 transactions; 22 UTXO-validated blocks; 1.12 parents; 1.12 mergeset; 1.12 TPB; 34436.0 mass)
2026-08-09 21:06:14.730+09:00 [INFO ] Tx throughput stats: 0.30 u-tps, 100.00% e-tps (in: 0 via RPC, 3 via P2P, out: 3 via accepted blocks)
2026-08-09 21:06:14.730+09:00 [INFO ] [ibd-perf] 24 hdrs avg: validate(A,parallelizable) 95.2us | commit(serial) 205.9us [add_block 12.9 + db.write 99.4; held-lock 172.2] | f_serial=0.684 f_reach=0.043 | parallelize-ceiling 1.46x
2026-08-09 21:06:15.153+09:00 [INFO ] Accepted 4 blocks ...146d1916177137d4049844fc726d3191af6db03dae5c27447459612a7ff929ee0035d0e415e3e250413c5e850eb97abda62c1474bd6dc9b8151e343cbf24008b via relay
2026-08-09 21:06:17.047+09:00 [INFO ] Accepted 3 blocks ...f6b90ff221da0b59458f921152e71d9ca5334eff2cef08189160990d1c8e92cdf29111956dcba1481a301ce16b1d8675f98cce26934a28988fe32bc4319f1d95 via relay
2026-08-09 21:06:19.193+09:00 [INFO ] Accepted 4 blocks ...55a845fc7e5dd16e24f2a21cb08a4009f6d2e5f6dce5113d49a24f9a9ea8eb82d031e18bbe106f426ec3df8028c7ebd9a78bcc4bd1fe94d77a5e658ebec54910 via relay
2026-08-09 21:06:20.230+09:00 [INFO ] Accepted 2 blocks ...57ca2f584e5b954007b7eff76525a2e19c06028368442c66cd6a5c7e01db5f25123dd9adbc1dc547cce2cadd7c003da3803e04053ca3b6b62baf1d9aa9202074 via relay
2026-08-09 21:06:21.312+09:00 [INFO ] Accepted 3 blocks ...818a3c9b6e0e37b5ea57c9e15d118505a203b8ca6af40cdab1a0f2f0b20b0eab2b893082c63269aaa754328a8e4e8c6ed6cde5c11e5b9ebafc733c72a523a5a4 via relay
2026-08-09 21:06:22.353+09:00 [INFO ] Accepted 3 blocks ...f50413c8341c5e6295a2cc05eaf97c2f9b03eb9211c95bdd56475a3fe76ddbb830c57a3b6424de7a26bc31e195a7d7667a7c2c24334a388c27fe1ec8c8b5c53f via relay
2026-08-09 21:06:24.409+09:00 [INFO ] Accepted 3 blocks ...3b64008dfe46f49cfe98f4f17fd5f04637ce64da27f2c6541d07542f3334302c07edb207850bc82971f58f6cf7da392f3d9dd563e67e3472a4f62b452ef3c049 via relay
2026-08-09 21:06:24.664+09:00 [INFO ] [validator-service] heartbeat: mode=active sink_daa=1326 bond=unconfigured active_set=[epoch=13 is_active_validator=true (active_validators=5)] dns_overlay=configured (stage=Active, dns_confirmed=false)
2026-08-09 21:06:24.732+09:00 [INFO ] Processed 22 blocks and 22 headers in the last 10.00s (22 transactions; 20 UTXO-validated blocks; 1.09 parents; 1.09 mergeset; 1.00 TPB; 0.0 mass)
2026-08-09 21:06:24.732+09:00 [INFO ] [ibd-perf] 22 hdrs avg: validate(A,parallelizable) 100.7us | commit(serial) 161.8us [add_block 15.8 + db.write 42.4; held-lock 126.9] | f_serial=0.616 f_reach=0.060 | parallelize-ceiling 1.62x
2026-08-09 21:06:25.375+09:00 [INFO ] P2P, incoming stream ended from peer 127.0.0.1:17111
2026-08-09 21:06:25.376+09:00 [INFO ] WRPC Server stopped on: 127.0.0.1:17122
2026-08-09 21:06:25.377+09:00 [INFO ] GRPC Server stopped on: 127.0.0.1:17120
2026-08-09 21:06:25.377+09:00 [INFO ] P2P Server stopped: 127.0.0.1:17121
2026-08-09 21:06:25.474+09:00 [INFO ] Accepted 5 blocks ...72c9238c05984ac5d2225151fd7dfbdf41efcfe3766a3ad8c8e9400f697c76e8aa1be2a9acf25dd8610f6e2019e14e7520264d2bb8c6d96049079fbe49880a33 via relay
2026-08-09 21:06:25.887+09:00 [INFO ] Kaspad has stopped...
2026-08-09 21:06:30.415+09:00 [INFO ] kaspad v1.1.0-4f8794e
2026-08-09 21:06:30.415+09:00 [INFO ] Application directory: /Users/wata/Downloads/MISAKA-testnet/.misaka-vlt-devnet-2/node-1
2026-08-09 21:06:30.415+09:00 [INFO ] Data directory: /Users/wata/Downloads/MISAKA-testnet/.misaka-vlt-devnet-2/node-1/misaka-devnet/datadir
2026-08-09 21:06:30.415+09:00 [INFO ] Logs directory: /Users/wata/Downloads/MISAKA-testnet/.misaka-vlt-devnet-2/node-1/misaka-devnet/logs
2026-08-09 21:06:30.415+09:00 [INFO ] Utxoindex Data directory /Users/wata/Downloads/MISAKA-testnet/.misaka-vlt-devnet-2/node-1/misaka-devnet/datadir/utxoindex
2026-08-09 21:06:30.424+09:00 [INFO ] P2P bootstrap: DNS seed disabled (--nodnsseed) — using explicit peers + the address manager
2026-08-09 21:06:30.436+09:00 [INFO ] [UPnP] Attempting to register upnp... (to disable run the node with --disable-upnp)
2026-08-09 21:06:40.437+09:00 [WARN ] [UPnP] Error adding port mapping: IO error: Resource temporarily unavailable (os error 35)
2026-08-09 21:06:40.437+09:00 [INFO ] [validator-service] loaded validator signing key from /Users/wata/Downloads/MISAKA-testnet/.misaka-vlt-devnet-2/node-1/validator.key (validator_id=efc895024da64a059563fe77bddd079e504902bdc878d344f4b114f29d123a467051b6b52ab53453a53b5448a290138c9d1049cdf7189d91fd6e6b0cd7121ad2)
2026-08-09 21:06:40.437+09:00 [INFO ] [validator-service] funding address: misakadev:qgg5frdhrgzrrj7rqmpu84ju5mdmkkj62uq89degd80nwekq8z7ut3x9xgy3zaasyxmy0w95sczcns7z89wmprtkyzqdmgrqkaj5v4m7hjmsx3kl — send UTXOs here to fund attestation-shard submission
2026-08-09 21:06:40.437+09:00 [INFO ] [validator-service] equivocation-safety log /Users/wata/Downloads/MISAKA-testnet/.misaka-vlt-devnet-2/node-1/misaka-devnet/validator-state.json (0 prior epoch(s))
2026-08-09 21:06:40.437+09:00 [WARN ] [validator-compute] --enable-compute without --compute-worker: using the DEVNET VLT FIXTURE runtime.                      Deterministic, not a model — valid only where the fixture profile is registered.
2026-08-09 21:06:40.437+09:00 [INFO ] [validator-compute] executor job input: /Users/wata/Downloads/MISAKA-testnet/.misaka-vlt-devnet-2/node-1/compute-prompt.txt (41 bytes)
2026-08-09 21:06:40.437+09:00 [INFO ] [validator-compute] devnet fixture: max_tokens pinned to the fixed job shape (15 = 10 prefill + 5 decode, 50 VLT/job); --compute-max-tokens=512 ignored
2026-08-09 21:06:40.437+09:00 [INFO ] [validator-compute] enabled: runtime=7ee20f6e853b2fb413bbbef94f7a6fc8951e82d55efec7c739f2c5267fea6eae7d68b9bf9f29566505ec539068b0677e7a16f833ad18d106f54556d3a6ecce7d class=8d416f720772b533f43006c4cbdc1effa7fc5d1e3fb7974dfecaa9589f1e2865a6144ef5d8d996e456d64429d6d42d9b32cc2fe98a97c5f08704d43c420c89ed max_tokens=15 auto_challenge=false
2026-08-09 21:06:40.437+09:00 [INFO ] [validator-compute] fixture quota: 0/1 job(s) certified, 0 slot(s) claimed (plan 7ee20f6e853b2fb413bbbef94f7a6fc8951e82d55efec7c739f2c5267fea6eae7d68b9bf9f29566505ec539068b0677e7a16f833ad18d106f54556d3a6ecce7d:1:15:41)
2026-08-09 21:06:40.438+09:00 [INFO ] MISAKA node endpoints (network devnet):
2026-08-09 21:06:40.438+09:00 [INFO ]   P2P:             127.0.0.1:17121   node-to-node only (not RPC)
2026-08-09 21:06:40.438+09:00 [INFO ]   node-grpc:       127.0.0.1:17120   miner / low-level node RPC
2026-08-09 21:06:40.438+09:00 [INFO ]   node-wrpc-borsh: 127.0.0.1:17122   validator / wallet / operator
2026-08-09 21:06:40.438+09:00 [INFO ]   node-wrpc-json:  disabled   explorer / browser
2026-08-09 21:06:40.438+09:00 [INFO ]   evm-rpc-http:    disabled   Ethereum JSON-RPC (EVM lane)
2026-08-09 21:06:40.439+09:00 [INFO ] Startup pruning recovery deferred (consensus transitional or catching up); the pruning worker will retry on its first message
2026-08-09 21:06:40.439+09:00 [INFO ] GRPC Server starting on: 127.0.0.1:17120
2026-08-09 21:06:40.439+09:00 [INFO ] P2P Server starting on: 127.0.0.1:17121
2026-08-09 21:06:40.439+09:00 [INFO ] WRPC Server starting on: 127.0.0.1:17122
2026-08-09 21:06:40.439+09:00 [INFO ] [validator-service] starting (mode=active, validator_id=efc895024da64a059563fe77bddd079e504902bdc878d344f4b114f29d123a467051b6b52ab53453a53b5448a290138c9d1049cdf7189d91fd6e6b0cd7121ad2, stake-bond=d8c1e9aa11047d3045845cfd7b01db60ffa7ee6600a4cee2be063df78ac1cfa5fe36e128f6a4bcc9e014bb2430ab1bb626194691ed99af043a3e76299fe06e87:0)
2026-08-09 21:06:40.440+09:00 [INFO ] Registering p2p flows for peer 127.0.0.1:17111 for protocol version 102
2026-08-09 21:06:40.440+09:00 [INFO ] Registering p2p flows for peer 127.0.0.1:59344 for protocol version 102
2026-08-09 21:06:40.440+09:00 [INFO ] P2P Connected to incoming peer 127.0.0.1:59344 (inbound: 1)
2026-08-09 21:06:40.441+09:00 [INFO ] P2P Connected to outgoing peer 127.0.0.1:17111 (outbound: 1)
2026-08-09 21:06:40.441+09:00 [WARN ] P2P, Hub event loop, removing peer with duplicate key: ba40984e-21ea-4e13-9bc4-8998a0287b20+127.0.0.1
2026-08-09 21:06:40.441+09:00 [INFO ] P2P, incoming stream ended from peer 127.0.0.1:17111
2026-08-09 21:06:40.442+09:00 [INFO ] Registering p2p flows for peer 127.0.0.1:17111 for protocol version 102
2026-08-09 21:06:40.442+09:00 [INFO ] Registering p2p flows for peer 127.0.0.1:59350 for protocol version 102
2026-08-09 21:06:40.442+09:00 [INFO ] P2P Connected to incoming peer 127.0.0.1:59350 (inbound: 1)
2026-08-09 21:06:40.442+09:00 [INFO ] P2P Connected to outgoing peer 127.0.0.1:17111 (outbound: 1)
2026-08-09 21:06:40.442+09:00 [WARN ] P2P, Hub event loop, removing peer with duplicate key: ba40984e-21ea-4e13-9bc4-8998a0287b20+127.0.0.1
2026-08-09 21:06:40.442+09:00 [INFO ] P2P, incoming stream ended from peer 127.0.0.1:17111
2026-08-09 21:06:40.445+09:00 [INFO ] Registering p2p flows for peer 127.0.0.1:59355 for protocol version 102
2026-08-09 21:06:40.445+09:00 [INFO ] P2P Connected to incoming peer 127.0.0.1:59355 (inbound: 1)
2026-08-09 21:06:40.450+09:00 [INFO ] Registering p2p flows for peer 127.0.0.1:59360 for protocol version 102
2026-08-09 21:06:40.450+09:00 [INFO ] P2P Connected to incoming peer 127.0.0.1:59360 (inbound: 2)
2026-08-09 21:06:40.455+09:00 [INFO ] Registering p2p flows for peer 127.0.0.1:59367 for protocol version 102
2026-08-09 21:06:40.455+09:00 [INFO ] P2P Connected to incoming peer 127.0.0.1:59367 (inbound: 3)
2026-08-09 21:06:43.133+09:00 [INFO ] Accepted block 7e75ebf24b523b4ad687ac8ab2db0670762f0a015164609d7800318298be7c5802f9ff3ac53ac5bbb96803e2c1e9b76f24b8b59b9e63cb75e6002a0b5ed98ecf via relay
2026-08-09 21:06:44.605+09:00 [INFO ] Accepted block 9c1cc503b598dab12dbbb69d8b4391cd4b93286a47268baf794a726683c2d99f4a19785ab14f790732afb89143da032364085c526379869865a5e0904bf41239 via relay
2026-08-09 21:06:45.654+09:00 [INFO ] Accepted block e9e4de1fa20a8e8586de1e9e07678f848077d8f65671fa46827ac54192391ebc42478dcd855098565d9857d7fcff429d8d43977a533a4abdc0637e686ca44882 via relay
2026-08-09 21:06:46.733+09:00 [INFO ] Accepted block fd4de5ab03e61346b54d6b41166f299cc663f381b8d6337686050f5198d1c9dc7a5f9b5fc28c9b66ab460070d2245926ad0e09a258b44355be661219fd5ca3e6 via relay
2026-08-09 21:06:48.018+09:00 [INFO ] Accepted block 97792e84bd6b8af6e0331089c1d6562b381ebdf23613bd18f852540ad20e8a2c80077ed8779ce01ec9e712cf7b4457cb8ff94a26ca8c25c859a6526a5102f926 via relay
2026-08-09 21:06:50.351+09:00 [INFO ] Accepted block 93d5a83cd93c078913917d3e60aabb0a0b3e5e5560bdae73c10a455d05f767c08dda803a6fa5c5c995d2bea4b39761dfae622028a22d40a75a438bbcabcb68c4 via relay
2026-08-09 21:06:50.441+09:00 [INFO ] Processed 6 blocks and 6 headers in the last 10.00s (6 transactions; 6 UTXO-validated blocks; 1.00 parents; 1.00 mergeset; 1.00 TPB; 0.0 mass)
2026-08-09 21:06:50.441+09:00 [INFO ] [ibd-perf] 6 hdrs avg: validate(A,parallelizable) 564.6us | commit(serial) 197.8us [add_block 13.0 + db.write 38.1; held-lock 161.0] | f_serial=0.259 f_reach=0.017 | parallelize-ceiling 3.85x
2026-08-09 21:06:51.488+09:00 [INFO ] Accepted block cd4e294e423c90afb974fb404563c5d1a588626e99f12437807ec226253764b3aa5787acea80d9be0ca3b56646059f66b8b190198b108bec4721bb322d218f88 via relay
2026-08-09 21:06:52.667+09:00 [INFO ] Accepted block 9aeea2fc8abeeea4d8050ae0a6df10278e13afc81e475198dabc75d608edfd9aca9d9939abe95d0b817fcc7a9e74df3b8ee5ffc9319aa583daf2654c609cf2d5 via relay
2026-08-09 21:06:54.177+09:00 [INFO ] Accepted block b6e0e9a36c7580819f31b70ac252800f8379867cf05cb6a8792e4e0d710a9f5b3fecac0619cfa2bcd5eaae6497ced685d536adac84e7aba84b633a75c5236e4a via relay
2026-08-09 21:06:56.074+09:00 [INFO ] Accepted block fcd598f0b2d71d36e07780160f4273c131bbf2f1e639efd7a0cd8e392ea5bced0a845666e9fcb4c56496fe96bad393342bec0abac83ff4ddee2008ba16fe45d8 via relay
2026-08-09 21:06:58.032+09:00 [INFO ] Accepted block df19ecd040e1611eb93d60145625f04f4419d6e188fc3a8f38209f7b6d9c32d9bf021e951dcfeb6cf0a65a5387ac58709db18e601799bad96b7f33aac94206b2 via relay
2026-08-09 21:06:59.263+09:00 [INFO ] Accepted block 083d1b02d10d9d8b370d51439d5078e164ea677382f7412853795abb740b49edae3148c396948feb258090b29dbcc17887bde57f036a6383140f2bfbe7253371 via relay
2026-08-09 21:07:00.443+09:00 [INFO ] Processed 7 blocks and 7 headers in the last 10.00s (7 transactions; 7 UTXO-validated blocks; 1.00 parents; 1.00 mergeset; 1.00 TPB; 0.0 mass)
2026-08-09 21:07:00.443+09:00 [INFO ] [ibd-perf] 7 hdrs avg: validate(A,parallelizable) 110.8us | commit(serial) 161.5us [add_block 16.6 + db.write 44.0; held-lock 115.6] | f_serial=0.593 f_reach=0.061 | parallelize-ceiling 1.69x
2026-08-09 21:07:00.909+09:00 [INFO ] Accepted block 199b96f432cfe20bd9a447e88e3cf2a7078739afde7e6ae34e7219cd66ffec46548af57c5a97d90dcdc54ecc409079ab071d2d272900ee4416211b717ab5a823 via relay
2026-08-09 21:07:01.960+09:00 [INFO ] Accepted block 3956ae0e7c9ca19a64ae6ef7e97119028b8f191d4401ca6d0f9ee43d6afd95308913dbbb9b319892d1a06d6b2475569d4871b5f088b4221aa0f99c871b598251 via relay
2026-08-09 21:07:03.010+09:00 [INFO ] Accepted block bcb9c0c5e439c48fccb81a4ef11f184b1cadc9a6441d68ad5b7c6bb35567b94445e1c29d16506e7f1ca557079307b4aa134c936b9d2a31acb1ca2c02c1586a99 via relay
2026-08-09 21:07:04.996+09:00 [INFO ] Accepted block 0ff7b7e352cbdcf3c8ffc30abf6800fd32302fed14069d82b3960f1432f6006eda1ea08f12762cd8f23ce9ab5c19671509125d03d5c82ee1be78494aed3a1d55 via relay
2026-08-09 21:07:06.260+09:00 [INFO ] Accepted block e6758ed86571b151beda2d61ad4b47540bae4f4865db4f899d2b984d77ed4d1ebea5fdb6e72027abe8892fd5aae2840167d639da44fc703b4ffe4e17d032f948 via relay
2026-08-09 21:07:07.388+09:00 [INFO ] Accepted block 5ef87276762bcef6d829d03770f1883987e3dba6e9347d8c0579d804af977b50dc8ecfc76d1d4da8db038060dfc0544d9796cbadbccddb44f324006cbcad6524 via relay
2026-08-09 21:07:09.108+09:00 [INFO ] Accepted block 92d73fb1644f64b29b9528e078daf75f425b8151903182889c433e2bd5f156def7bac278dc49927bb73a4a137483e9a1fdebdda72280ff2a56e18b47255272fe via relay
2026-08-09 21:07:10.443+09:00 [INFO ] [validator-service] heartbeat: mode=active sink_daa=1348 bond=Active(active=true) active_set=[epoch=13 is_active_validator=true (active_validators=5)] dns_overlay=configured (stage=Active, dns_confirmed=false)
2026-08-09 21:07:10.444+09:00 [INFO ] Processed 7 blocks and 7 headers in the last 10.00s (7 transactions; 7 UTXO-validated blocks; 1.00 parents; 1.00 mergeset; 1.00 TPB; 0.0 mass)
2026-08-09 21:07:10.444+09:00 [INFO ] [ibd-perf] 7 hdrs avg: validate(A,parallelizable) 95.7us | commit(serial) 187.9us [add_block 13.3 + db.write 56.7; held-lock 151.6] | f_serial=0.662 f_reach=0.047 | parallelize-ceiling 1.51x
2026-08-09 21:07:10.457+09:00 [INFO ] [validator-service] submitted attestation shard tx b0c64ecdea8a413876441fc1a1bbed54042e32de3a92273bf2b8c491366012bfd0615c5b9a586da363756f11f92e409340e202ceb9ae4334eb3cb83782434a75 for epoch 11
2026-08-09 21:07:10.459+09:00 [INFO ] [validator-service] compute: declared capability for the registered profile, valid to DAA 865348
2026-08-09 21:07:10.879+09:00 [INFO ] Accepted block 029df42166bac8a33cacca14350d43a97fd7e45802e993dadbc4c524f33f251eeba8df21903a1164e6489d8c812aa17fddbec706bb1c2c7aa9b4c0a05270668f via relay
2026-08-09 21:07:10.988+09:00 [INFO ] Revalidated 1 high priority transactions
2026-08-09 21:07:11.990+09:00 [INFO ] Accepted block 3beea306afc68beaf8a335753f793af93ebee9dee48f35c0f4f4ee28579f499ae67445b943d871d7ac5d9b986bc6b77869f3554dd7aa6017b0a23fd0d87ea180 via relay
2026-08-09 21:07:13.209+09:00 [INFO ] Accepted block 709703fbf9a15f9a59c0bd09241338dc6d81f58436ffee6330985237f09edd586072a75be260afa38256c5f86e1ae7c6110e30aebf6b192f58f6c52299854873 via relay
2026-08-09 21:07:15.077+09:00 [INFO ] Accepted block f99c6d351c73dfe8736901548ec4d37629d029ed0968337ac61d6db8b66d2ddecbca14fcf398047739c491b1ab96ff723832b303f81ecab4b5ca2154f9c1bf48 via relay
2026-08-09 21:07:16.874+09:00 [INFO ] Accepted block 06fd3171258fab4d62445f6b865986213a7105019d3f587039c56b6bd376f00321508fd638a8072b81b1d8b21dd2c319f3f18bde612e6e4e4717cbd8a51c4187 via relay
2026-08-09 21:07:18.034+09:00 [INFO ] Accepted block 116f336ed05f8c78eeda1d21e075f9119123359291ee2ec484e811a7306f1c98b43185137227ba9d1fe31b54d9ad3177faf82b83cf8e557754b1231f90a7b206 via relay
2026-08-09 21:07:19.435+09:00 [INFO ] Accepted block e2e5d46232d40a9b147203913ee32f44f157708e94ba468121b1366e731c4378791c3d3a55054eb2e6e215f61339c6b905b7ea62f29de106f9a0ced1b24792fb via relay
2026-08-09 21:07:20.445+09:00 [INFO ] Tx throughput stats: 0.70 u-tps, 100.00% e-tps (in: 1 via RPC, 5 via P2P, out: 7 via accepted blocks)
2026-08-09 21:07:20.445+09:00 [INFO ] Processed 7 blocks and 7 headers in the last 10.00s (14 transactions; 7 UTXO-validated blocks; 1.00 parents; 1.00 mergeset; 2.00 TPB; 49931.4 mass)
2026-08-09 21:07:20.445+09:00 [INFO ] [ibd-perf] 7 hdrs avg: validate(A,parallelizable) 76.3us | commit(serial) 133.5us [add_block 8.8 + db.write 41.9; held-lock 100.8] | f_serial=0.636 f_reach=0.042 | parallelize-ceiling 1.57x
2026-08-09 21:07:21.308+09:00 [INFO ] Accepted block 0135870de51886d9444a14b0314b435b1b8c4485b73a1de2cf35433293dab2eb31cac53e5dcbd24670735b884c976e7adbf371c680095d1c3e69c6b691d1c392 via relay
2026-08-09 21:07:22.685+09:00 [INFO ] Accepted block 54cca8d83140286aac7ae0138d7136ed4cd8f5f20abfb5405bb67de6f3c27a10d4191a03e61e16d4d89e40b73219516857f85f5a8ea6b0f933346bdf41613e5f via relay
2026-08-09 21:07:24.176+09:00 [INFO ] Accepted block 001e98f40016bd1e43870a718c432b92c622a883754104b1572c75270e195d7de4df7a1e5d23399cc47690985db9a57950a7683805a2c0a7b26eef4cd523e180 via relay
2026-08-09 21:07:25.234+09:00 [INFO ] Accepted block a40b3f734774a7e96d40248b5cca1e295b93dad9226e597f5cf3501c160fddfc9baaf43b4c1344369188afad069e7eef88f7085fa531f057e462d4f1a70d1de2 via relay
2026-08-09 21:07:26.413+09:00 [INFO ] Accepted block 6ea64cc8fe6e40c9dcfce3b6cecabfe9b5553d51c0da8d86330b722461d024406f04a665df5eb4110c2b3f20fd4a643b1f3ca21fe610e34013ce4718152d3575 via relay
2026-08-09 21:07:28.002+09:00 [INFO ] Accepted block 8ed7f20863c94bc8a82163b1350f6e960c2b73226057c2c0920469e300a213c92f0adf4efe54be5c14ead6cd16c793cdb351ef0fbc4a2366b82afbf396412ce2 via relay
2026-08-09 21:07:29.482+09:00 [INFO ] Accepted block 1b117ed80a9bb492bd800344849675a1bb48d2e20a119ac3336d3cb60eac0dcd191708c95e42009baedf7d4025f0a2914a41e0cca1df187b5971a3e18a8086ab via relay
2026-08-09 21:07:30.448+09:00 [INFO ] Processed 7 blocks and 7 headers in the last 10.00s (7 transactions; 7 UTXO-validated blocks; 1.00 parents; 1.00 mergeset; 1.00 TPB; 0.0 mass)
2026-08-09 21:07:30.448+09:00 [INFO ] [ibd-perf] 7 hdrs avg: validate(A,parallelizable) 85.1us | commit(serial) 158.3us [add_block 10.9 + db.write 52.8; held-lock 127.1] | f_serial=0.650 f_reach=0.045 | parallelize-ceiling 1.54x
2026-08-09 21:07:30.654+09:00 [INFO ] Accepted block fccfef411ad9d493468cc0d5b81bbda0ba7ace7b62da92f11d3355f9b0cb5d724aa7a87ac938c6daa7d31cbb950ff25059683387734fea3860f4ebd814eb2f9e via relay
2026-08-09 21:07:32.107+09:00 [INFO ] Accepted block 452d44e4b3e2b1c499ee733465167172dde873d4f8ed7250b0f49f57ceb0104fe12100168f2042baf97fcd1ad3d6a7ce5b9d270466087ea21fd21cfeba6b3a93 via relay
2026-08-09 21:07:33.676+09:00 [INFO ] Accepted block 6c8b99f0483aaf20d5363d782733c03548a15515657f1e0ab4d03aefb8b5003efc043622ef563f2723c9757243c2bcb45b88f7f7bdb54df207fd5504f65d94bd via relay
2026-08-09 21:07:35.240+09:00 [INFO ] Accepted block 6c11aac310a45856628f935e12962f278dad14bba8a0d31b476ff382211ee20359f5be95af4d47862b1fb0e2b30b76a9a97e1df043bd09b71d874fa91e35235e via relay
2026-08-09 21:07:36.328+09:00 [INFO ] Accepted block 04947f7ef87d7a64f59f7e5a600ace51c7dbd2b8d67808222cdb2e2bf83f2911d27b2f731e606c64fc747ef9f025714fac1d0bdc6d6b1f4f634d9eb0f560c120 via relay
2026-08-09 21:07:38.280+09:00 [INFO ] Accepted block cc76edbcf5c616ac194c3fe84e36caa015425fe5b26fbe56a98246376f5a9d99d3c4e6ae06aa985014f247807645ff5f0a4068ac2801f14ea6586f43b71b3677 via relay
2026-08-09 21:07:39.486+09:00 [INFO ] Accepted block f0dee3cb93c890ec158a0aa8e3e2d168631e98c579c8c918198a9b99fb2056d45c65b368294f84b78fd50327d0b7bd319c58f91c88faf058babc91e1f8d85a21 via relay
2026-08-09 21:07:40.440+09:00 [INFO ] Registering p2p flows for peer 127.0.0.1:17111 for protocol version 102
2026-08-09 21:07:40.441+09:00 [INFO ] Registering p2p flows for peer 127.0.0.1:59390 for protocol version 102
2026-08-09 21:07:40.441+09:00 [INFO ] P2P Connected to incoming peer 127.0.0.1:59390 (inbound: 4)
2026-08-09 21:07:40.441+09:00 [INFO ] P2P Connected to outgoing peer 127.0.0.1:17111 (outbound: 1)
2026-08-09 21:07:40.441+09:00 [WARN ] P2P, Hub event loop, removing peer with duplicate key: ba40984e-21ea-4e13-9bc4-8998a0287b20+127.0.0.1
2026-08-09 21:07:40.441+09:00 [INFO ] P2P, incoming stream ended from peer 127.0.0.1:17111
2026-08-09 21:07:40.449+09:00 [INFO ] Processed 7 blocks and 7 headers in the last 10.00s (7 transactions; 7 UTXO-validated blocks; 1.00 parents; 1.00 mergeset; 1.00 TPB; 0.0 mass)
2026-08-09 21:07:40.449+09:00 [INFO ] [ibd-perf] 7 hdrs avg: validate(A,parallelizable) 85.1us | commit(serial) 144.3us [add_block 9.5 + db.write 50.6; held-lock 110.8] | f_serial=0.629 f_reach=0.041 | parallelize-ceiling 1.59x
2026-08-09 21:07:40.463+09:00 [INFO ] [validator-service] heartbeat: mode=active sink_daa=1369 bond=Active(active=true) active_set=[epoch=13 is_active_validator=true (active_validators=5)] dns_overlay=configured (stage=Active, dns_confirmed=false)
2026-08-09 21:07:40.473+09:00 [INFO ] [validator-service] submitted attestation shard tx 35e2d5fd0dddb9b1d95452f0f3f00858869688133c7ed9cb78ebdeef8d7ccb9b02894c5f823154f8abd8340900c9db80648e1f7371f135ac14755b724d10f402 for epoch 12
2026-08-09 21:07:40.476+09:00 [INFO ] [validator-service] compute: committed to job 104f84fb24c5c3f5294eab1e86ca32cdd81de991fb73f92b9a092165a15804226eef18e83b9119ccab988b781db7bdff0492fc66ccbad4d8f9f74eec738b9651 (63 byte input); awaiting the sortition beacon
2026-08-09 21:07:40.777+09:00 [INFO ] Accepted block 885a4b9ae58bcd1b13e0f0d61bdb07f29fa20c21bd37d74d9a64a36c74f642f71cd08c58a58c4043a11ca0b55d2a96226b45c0eefff324ba09dd5e2c10dc7fdb via relay
2026-08-09 21:07:41.997+09:00 [INFO ] Accepted block ac48017d4658fd5c5b91d3454a38eef3b5c6c7d30c293ba9a5007c6cdd0caa657d466a66e554add98aa6f97ebadb881a45aa9efe503733e081ac7ccb4ea784b3 via relay
2026-08-09 21:07:43.318+09:00 [INFO ] Accepted block 96c8a50c5dee77473637c15c319c389d363afcb56a506a58b6584674556829c0389ca36a1861b4e568b3d391b4fa62391ad89e6cc2d4c2fb1b1b219044520040 via relay
2026-08-09 21:07:44.596+09:00 [INFO ] Accepted block da2f0d4427f121a09e0d4675539004eb09c2add049ddb5e8110c39a5b079fa6490b3b302221cf87df140d746be4b735f82b5f3108f9a0bb694766788722d5e85 via relay
2026-08-09 21:07:45.853+09:00 [INFO ] Accepted block 5396597d2c38bf32eb79c181b8c990100709895aabc678cb774675834714150d1f5085c8afd44aa2ffc3c855dab3354d9ab3bb915f0d4f0ea825e0dd7699af1f via relay
2026-08-09 21:07:47.524+09:00 [INFO ] Accepted block bdba597eceae56b49f9462b61ffacb09dc0fe224ee8aef244225a357982e4bef36855b85596979042aa2ddd49826223c03dd096cab4fe27b8b04311e7ecf002c via relay
2026-08-09 21:07:50.225+09:00 [INFO ] Accepted block 770baa3c37191c8b142341b9281b8e88ff6ca9f74508f503ccee5e8064c4b2b6259ce4f39b97ce20b0344e28fb1324a708c1f1475221fcfe0434297f3c3dc61f via relay
2026-08-09 21:07:50.450+09:00 [INFO ] Processed 6 blocks and 6 headers in the last 10.00s (13 transactions; 6 UTXO-validated blocks; 1.00 parents; 1.00 mergeset; 2.17 TPB; 58023.3 mass)
2026-08-09 21:07:50.450+09:00 [INFO ] Tx throughput stats: 0.70 u-tps, 100.00% e-tps (in: 1 via RPC, 4 via P2P, out: 7 via accepted blocks)
2026-08-09 21:07:50.450+09:00 [INFO ] [ibd-perf] 6 hdrs avg: validate(A,parallelizable) 77.4us | commit(serial) 153.1us [add_block 10.1 + db.write 52.5; held-lock 120.6] | f_serial=0.664 f_reach=0.044 | parallelize-ceiling 1.51x
2026-08-09 21:07:52.418+09:00 [INFO ] Accepted block af321bcd19936c3a518203221ffb540e06c933256aa81b51ad59b38cb0e593787241bf55a87412cb67417c42eb0948a31926559d4c64f0923b7c43055e499267 via relay
2026-08-09 21:07:53.988+09:00 [INFO ] Accepted block ee80d0d44b2d29c62b3d452b31d812d36104779407698f344fcf576585be90b938d23820b9c998ac41d86f367446dc9a999abeb2af178d158c9c4a41e6f2e966 via relay
2026-08-09 21:07:55.334+09:00 [INFO ] Accepted block dd5369d2d50103399c15e482282237cf8a68ef25c065bf7adbef2a9f7486e4a392f134ac49f0153a87f7b6dcfbed221063c2b5c3b6206fcaa9c50ae6cf23e02f via relay
2026-08-09 21:07:57.393+09:00 [INFO ] Accepted block bdd0ac3dfbddbe5213903759cbb2dd0768556aef20be5ef51a720a7baa461eca2fd63d8d7f84e4a8a2f0cd70bbee44bf92cb4688359b429f792acf0b1a771ec3 via relay
2026-08-09 21:07:58.605+09:00 [INFO ] Accepted block 950a0c2bcec83aac30b04ae8fc8260da5ecaf126c68d912d2bfa950bf8b48ffbf2bf83f4d128d83a072930ec0d6447a471dc7ea3ed6053cc5904916436549ce1 via relay
2026-08-09 21:07:59.757+09:00 [INFO ] Accepted block 83eaceb44b1c0af72dcb8d1639f76d2c938285d9738cbd8ec94fb1aacdc6e4ea2daf91c985db9a1175491bdacd2fe30d790dda4394278d84ac0d03abd16a6d39 via relay
2026-08-09 21:08:00.452+09:00 [INFO ] Processed 7 blocks and 7 headers in the last 10.00s (7 transactions; 7 UTXO-validated blocks; 1.00 parents; 1.00 mergeset; 1.00 TPB; 0.0 mass)
2026-08-09 21:08:00.452+09:00 [INFO ] [ibd-perf] 7 hdrs avg: validate(A,parallelizable) 114.8us | commit(serial) 247.5us [add_block 12.8 + db.write 130.1; held-lock 210.0] | f_serial=0.683 f_reach=0.035 | parallelize-ceiling 1.46x
2026-08-09 21:08:00.918+09:00 [INFO ] Accepted block 7fe753b0e4ca14382eaa0f0a6dec52260e2bdbc58315fa4f214ed5dc0a674addbd253bf45244115287c378e1bea8f8b5ff6cbc5c383b2294f5ba05dc21a2c7ea via relay
2026-08-09 21:08:02.106+09:00 [INFO ] Accepted block 5d9f89e78401dfffcea183189000a7fbd3f0521e418cc4f3bf5d411ee034487f65c8c0eafc6ba25a9b8ec6913277cce1440138e31896d20a264beaa70e180180 via relay
2026-08-09 21:08:03.209+09:00 [INFO ] Accepted block eebe2c9c1d962aa162226203d589ad73259ddfe4b4da8847571ec07d02963e528a367ee6b536adfd6e0919909a9e143efb3d31ee8d03707b6a6eb566d4fce16c via relay
2026-08-09 21:08:04.263+09:00 [INFO ] Accepted block 02e3e03fb567ab4131952c97f4782bf3cacd3e9efef9037feceb420d43b99cc6f9cbf0555a965d0185370d64fb06a505dc5d6cbff9b0fa5527f672180da3562a via relay
2026-08-09 21:08:05.452+09:00 [INFO ] Accepted block ecaf97a8af1b084edccfd2b2d7f6eaa9f0751b9f2514a8a09f6ae6d64b85486fa4e3125c840e48b42902f17ed43fc1f4c3fcd59c81d0d011b1b9a2ab142f6668 via relay
2026-08-09 21:08:06.482+09:00 [INFO ] Accepted block 2ccf2270f521f93f952602b981fac9e98ba9af12a75a7f7c2644c3ff048d24911c7df8fe0ae33376ecde9c511a5428f7ddbdc42ed2c10cde026c7923ab8ebc2b via relay
2026-08-09 21:08:07.705+09:00 [INFO ] Accepted block 82466fdbf2363457d4203ce2059a7ac437a5f4ad284f7d70e79adc25a2f77a2c43528ba7b8f81b88acdbe4bd3d77e6bc571bd674811dc1d1f0b66b1d3bdadf34 via relay
2026-08-09 21:08:08.758+09:00 [INFO ] Accepted block 9167b14d0d2a08d5b121116104584b7e4d5190ceeadfc153c9a74cb4861c8ae9ae8d9392d87455369ac8ff36a148411535ae93503c2fcf79be5b70089e7c7022 via relay
2026-08-09 21:08:10.157+09:00 [INFO ] Accepted block 326123d776eec060a3e1f6eaa43bef2f3ebe5d62ea90fce838ed1143f651bb5cb0095c595210b3df3fae9065e356856df307c47b407b90a77e9c4fe8f4d6a586 via relay
2026-08-09 21:08:10.441+09:00 [INFO ] Registering p2p flows for peer 127.0.0.1:17111 for protocol version 102
2026-08-09 21:08:10.441+09:00 [INFO ] Registering p2p flows for peer 127.0.0.1:59409 for protocol version 102
2026-08-09 21:08:10.441+09:00 [INFO ] P2P Connected to incoming peer 127.0.0.1:59409 (inbound: 4)
2026-08-09 21:08:10.441+09:00 [INFO ] P2P Connected to outgoing peer 127.0.0.1:17111 (outbound: 1)
2026-08-09 21:08:10.441+09:00 [WARN ] P2P, Hub event loop, removing peer with duplicate key: ba40984e-21ea-4e13-9bc4-8998a0287b20+127.0.0.1
2026-08-09 21:08:10.441+09:00 [INFO ] P2P, incoming stream ended from peer 127.0.0.1:17111
2026-08-09 21:08:10.454+09:00 [INFO ] Processed 8 blocks and 8 headers in the last 10.00s (8 transactions; 8 UTXO-validated blocks; 1.00 parents; 1.00 mergeset; 1.00 TPB; 0.0 mass)
2026-08-09 21:08:10.454+09:00 [INFO ] [ibd-perf] 8 hdrs avg: validate(A,parallelizable) 98.0us | commit(serial) 189.4us [add_block 11.9 + db.write 71.2; held-lock 146.6] | f_serial=0.659 f_reach=0.041 | parallelize-ceiling 1.52x
2026-08-09 21:08:10.478+09:00 [INFO ] [validator-service] heartbeat: mode=active sink_daa=1390 bond=Active(active=true) active_set=[epoch=13 is_active_validator=true (active_validators=5)] dns_overlay=configured (stage=Active, dns_confirmed=false)
2026-08-09 21:08:12.800+09:00 [INFO ] Accepted block c81251eb6a6f16223dbc44a3b6ed41e39e728e9de48c8707b2b1b0cc742d837569325d6a92cb25436b48a89e62dc092236e3537c816f2049e95006a9a6fa7804 via relay
2026-08-09 21:08:15.122+09:00 [INFO ] Accepted block 8f4270a100ebc3f6cd79ccb3a8d0b08a95ea93cc0b1c0052e1c613cac1a598936e6a7c6e073e34a68c9b6536389c893e1494adb7e055fe75c5986fd389520e1d via relay
2026-08-09 21:08:16.755+09:00 [INFO ] Accepted block 3f641b22c4b48edd867a9c8c1671348084c011ae6a32f967a35f3bde5a7403c6a46bdcc514bdf65f1930308f13f582902b719267aed72f0fb7e82e7dbd2c7b97 via relay
2026-08-09 21:08:18.735+09:00 [INFO ] Accepted block 8805aa5bc0203ec2b5dbdefba348422d55496f87e062a06a3205a01cca74afa91d99758989e5c52e5eccbff6106af578294d8950edbcf1e1962181d67881f90c via relay
2026-08-09 21:08:19.977+09:00 [INFO ] Accepted block 09ba000a792ff8f110d8959edba843429b4b6560a8ce0581ba4e9460f04a4aa59d71845c5a53506411ae46cff2f3eb521c0e43483c36fffbbde3c35623a055b2 via relay
2026-08-09 21:08:20.456+09:00 [INFO ] Processed 6 blocks and 6 headers in the last 10.00s (6 transactions; 6 UTXO-validated blocks; 1.00 parents; 1.00 mergeset; 1.00 TPB; 0.0 mass)
2026-08-09 21:08:20.456+09:00 [INFO ] [ibd-perf] 6 hdrs avg: validate(A,parallelizable) 133.5us | commit(serial) 210.3us [add_block 14.6 + db.write 80.5; held-lock 166.1] | f_serial=0.612 f_reach=0.042 | parallelize-ceiling 1.63x
2026-08-09 21:08:21.246+09:00 [INFO ] Accepted block 5c065a3ad9a16046e6d2a235c301cd0196a738337b6831bd6e573c32111ff6e58d44cfcfdcb15e72eb633baebe23dabe1da6d81826dba13431e752de6be09b86 via relay
2026-08-09 21:08:22.714+09:00 [INFO ] Accepted block a519b6184114f75ee689650dde6e9c3a4d043523f7532f09f41f180b982ce816757fb807dfae3a505e8db869dcfcdfc1110d048ba5c0326feb7ac3bf0c45e5ff via relay
2026-08-09 21:08:24.016+09:00 [INFO ] Accepted block db492b918d3cdb62fb42fa1f50a650f5f6705f19ddd0fdae99e5aadb092742235cf92257008ad78fb0e139452a10f3e5c218f469b0dce30b0bca21205ed3041a via relay
2026-08-09 21:08:24.544+09:00 [INFO ] [vlt-shadow] sink_daa=1399 0 validator(s) with credit; 0/13 epoch(s) would reach quorum; newest epoch Some(12): W(E)=0 signed=0 snapshot_root=5adfdcd829928cc56d9e7e8aee89439352c379a3863880261f9cf2e10be41b4995a8be175c4ded8d8339bf490268e146602df2cfc6138449ab1591238defe88f — the weight fence is at 18446744073709551615
2026-08-09 21:08:24.544+09:00 [WARN ] [vlt-state] none -> shadow at daa=1399
2026-08-09 21:08:24.544+09:00 [INFO ] [stake-score] sink=141ae5ef8dbef06d705f90038b5d37a08343221a6e0dce3c6ab11423e69681fd3786ec8743069a0cd7baaa65626c26653434ebebec56942b7f2678903c45c3e7 sink_blue=1400 credited 4 attestation(s) over 13 ready epoch(s) → stake_depth=2000000000 (rollout=Active, health=Active)
2026-08-09 21:08:25.547+09:00 [INFO ] Accepted block 141ae5ef8dbef06d705f90038b5d37a08343221a6e0dce3c6ab11423e69681fd3786ec8743069a0cd7baaa65626c26653434ebebec56942b7f2678903c45c3e7 via relay
2026-08-09 21:08:26.605+09:00 [INFO ] Accepted block 6292b527d8a3b72bc847411a8077eee82de34551738a6b236df86e6a64b7491bb920ad3597a125612198ce8d9e2f0b92f766bc0905dd4619dae11174f01736f4 via relay
2026-08-09 21:08:27.689+09:00 [INFO ] Accepted block b234a9804d51141ce6e199f67272a0b8b5410a68a6f4a6e425e867a92c9aed6476c027e509563c722cbb3680fb96d924b31b66ec5b97a490875c615aa2fdae85 via relay
2026-08-09 21:08:28.851+09:00 [INFO ] Accepted block ba73959c60ee8d7ad259bf1de8fb7e07bee2d9069ae7c27937cf1518fa874f08cf23baa7ed1daa4de1020c3a5a7755f87b1692db48ef9a01f20a94db65b22abb via relay
2026-08-09 21:08:30.041+09:00 [INFO ] Accepted block 7d12c1171b817d25eed539e9c80cc902c1d06eafbf026f55beba20b2c908cb1aa67e4dd6b16482bedc22033421f32ef6057031f448f906e9c2de476e44a343e2 via relay
2026-08-09 21:08:30.458+09:00 [INFO ] Processed 8 blocks and 8 headers in the last 10.00s (8 transactions; 8 UTXO-validated blocks; 1.00 parents; 1.00 mergeset; 1.00 TPB; 0.0 mass)
2026-08-09 21:08:30.458+09:00 [INFO ] [ibd-perf] 8 hdrs avg: validate(A,parallelizable) 140.4us | commit(serial) 205.6us [add_block 12.3 + db.write 82.3; held-lock 156.3] | f_serial=0.594 f_reach=0.036 | parallelize-ceiling 1.68x
2026-08-09 21:08:31.201+09:00 [INFO ] Accepted block 69748f362e93f30817b261a5a72355a07e645906deaa18e99497774b222a34db9d006dfb477cd1e4e94c336f3315ebc8dae16c2b9a1274b1acb11ba615b3c9df via relay
2026-08-09 21:08:32.348+09:00 [INFO ] Accepted block cf5b140e51540d3b4b5aa9f8244e52aad89e308c82f8a348a13439592f4455c7e4546d0fe0729354ae48f99d1fccfd7485fbe2ba1d2f166ca7480207de3898ba via relay
2026-08-09 21:08:33.465+09:00 [INFO ] Accepted block 83d8b1897ad48a0a87b6ed7d9ce1b7f9e787962aa8c2cbf52fa668b97e7934b98aa40bb9fb4f4b9310e0a7f4ac2805353e548a4abdccbd2a64cd3d27b9adeee8 via relay
2026-08-09 21:08:34.829+09:00 [INFO ] Accepted block d34339d42cc5c0409b0236aaa5719da910d5e725ce8c133e8c0eded073beba3d944f469d2a63cc549d0b999c5cbffc3984e90f6fb5221a9dad56fff23f3d4d07 via relay
2026-08-09 21:08:35.929+09:00 [INFO ] Accepted block 6d6b23c75e709f1061abc954dde92c38bc617c301149fc2c905381cf78e370af531c6feed37492140a56e332b4b9bd0ffa9669ca49b62218cd2ac8f93dc2780d via relay
2026-08-09 21:08:36.963+09:00 [INFO ] Accepted block 8282a181d89e2356a0beabe5152596092b31bb8e444f37b359b6520248ab3b684cfcacd2fe31063aa276e7f9d5c00196d08e158cd7e7ba6aff2f7c335f240f1f via relay
2026-08-09 21:08:38.377+09:00 [INFO ] Accepted block 3d6e4d9f18bd7d07b86a2b42cc8d6db8cc97b77bdbfc34fb1bd08b883da3d652b04a4cd541616438c0fc42eacd21bdc26bee20e1af45566478b28523ed717cbd via relay
2026-08-09 21:08:40.337+09:00 [INFO ] Accepted block 6a3a17b1040d1a7059a080fb398d7ccf385ea16e68f5b498ac6ab1e428d163da15099a6323fd0e1fa21347e380e7c1854249c0cb615d89f86cae66310cec35ae via relay
2026-08-09 21:08:40.440+09:00 [INFO ] Registering p2p flows for peer 127.0.0.1:17111 for protocol version 102
2026-08-09 21:08:40.440+09:00 [INFO ] Registering p2p flows for peer 127.0.0.1:59414 for protocol version 102
2026-08-09 21:08:40.440+09:00 [INFO ] P2P Connected to incoming peer 127.0.0.1:59414 (inbound: 4)
2026-08-09 21:08:40.440+09:00 [INFO ] P2P Connected to outgoing peer 127.0.0.1:17111 (outbound: 1)
2026-08-09 21:08:40.440+09:00 [WARN ] P2P, Hub event loop, removing peer with duplicate key: ba40984e-21ea-4e13-9bc4-8998a0287b20+127.0.0.1
2026-08-09 21:08:40.440+09:00 [INFO ] P2P, incoming stream ended from peer 127.0.0.1:17111
2026-08-09 21:08:40.459+09:00 [INFO ] Processed 8 blocks and 8 headers in the last 10.00s (8 transactions; 8 UTXO-validated blocks; 1.00 parents; 1.00 mergeset; 1.00 TPB; 0.0 mass)
2026-08-09 21:08:40.459+09:00 [INFO ] [ibd-perf] 8 hdrs avg: validate(A,parallelizable) 105.3us | commit(serial) 186.4us [add_block 12.0 + db.write 72.0; held-lock 144.8] | f_serial=0.639 f_reach=0.041 | parallelize-ceiling 1.56x
2026-08-09 21:08:40.484+09:00 [INFO ] [validator-service] heartbeat: mode=active sink_daa=1412 bond=Active(active=true) active_set=[epoch=14 is_active_validator=true (active_validators=5)] dns_overlay=configured (stage=Active, dns_confirmed=false)
2026-08-09 21:08:41.389+09:00 [INFO ] Accepted block 5d2fac3e344094f17c6b47952fb70f8b386b4bf47215c2f1f24ac742dc481d814a5e8d9842b552af153c42b56b73807a43ca3513f16e13f8f0be3aeb13fb02bb via relay
2026-08-09 21:08:42.860+09:00 [INFO ] Accepted block 0ff4baea98d8e7f8a379a69b2e92c76ca422a912fd9005629a6d6f5ccfe8ed0d2e4d66abd7afd2984c2d4e02a9f27fcdd2b3b6d4d5556cabe0d1ad6183f62ae9 via relay
2026-08-09 21:08:44.824+09:00 [INFO ] Accepted block 189afa2a9f3c2a987c47d18142872ba0699c679a41bafd936ade79442f2de744ec63a3180e6e04902d4c9b63d72d7534208aa2230c36f56f1e6d65d61fd65551 via relay
2026-08-09 21:08:47.834+09:00 [INFO ] Accepted block e36c355ccdd1a04028e1b93cd4c007a78908297d06129849958323e437b1d197e74c865deba1888b172beb96c0fa88a08f434ed25acc854aa6a0f00b52d1a957 via relay
2026-08-09 21:08:49.575+09:00 [INFO ] Accepted block 3f3d07835b0377b508f08faa41db30903556996b9c7715fa8fdcfaefbf51105a7cbe2cdb74158846d5df701e32ce3551afd745d795b8f04ea09d6f155a08e9fd via relay
2026-08-09 21:08:50.525+09:00 [INFO ] Processed 5 blocks and 5 headers in the last 10.00s (5 transactions; 5 UTXO-validated blocks; 1.00 parents; 1.00 mergeset; 1.00 TPB; 0.0 mass)
2026-08-09 21:08:50.525+09:00 [INFO ] [ibd-perf] 5 hdrs avg: validate(A,parallelizable) 110.3us | commit(serial) 166.9us [add_block 11.4 + db.write 62.2; held-lock 135.2] | f_serial=0.602 f_reach=0.041 | parallelize-ceiling 1.66x
2026-08-09 21:08:51.056+09:00 [INFO ] Accepted block 44ff4e460101f57781da8a5a2a4bcdbd59f6a0974c20b39917156a5e056e0ad1ac95d877d2648b6c1bc8a36844e358a0e55631e825c04f8da539104ef2a13e0f via relay
2026-08-09 21:08:52.695+09:00 [INFO ] Accepted block aefe4cc555bdff3bd04504480079b92691ee65579f3f5f69677bdda2c0324773af86347ca12c27e4379608c9b1635e284ba8e28dda64851a7d9500bfe229d836 via relay
2026-08-09 21:08:53.869+09:00 [INFO ] Accepted block 900f93f950cd96fb3b76cc6614c033ca608d923b694e3a366d9c28a2d869cd62c9a9acde61427aeb37b025a2b7ef57bff615e1f7315065865fac3e40af0eecb4 via relay
2026-08-09 21:08:56.216+09:00 [INFO ] Accepted block 33e8daa742b3fdf5caeaf16bc4eb2e8cbbbaad14ebdb8d5e53ad10ded19d4f4ef73553b654319c360d48926f945ec0cb42ab9cbce497dd8dc9265cae6d44ef39 via relay
2026-08-09 21:08:57.521+09:00 [INFO ] Accepted block a288f74b983ee6b03536abaa8030f628b4361d8a8e9c2a359dd4a607712f71c1eb3ee808051ca4cbaa457d32ba8d73077d9d0a57b72a821dff46148a6fabba96 via relay
2026-08-09 21:08:59.136+09:00 [INFO ] Accepted block 7c5c5b7272e7ea608d087ae137de099fb611972bc5b5afa12a4f7368f0dcd1d6a18519dde52914e03e1bf45906f619bad51178278973268b67c819acf9e7587e via relay
2026-08-09 21:09:00.431+09:00 [INFO ] Accepted block de7a1f34a8dfedd5d52a1a67ec66b3db9cd59272fd4dd9d7dbd84ca342ab7818a297bfdb0188846c47cb8cdf30e1767587375ff978a03b0da306c30174dbe372 via relay
2026-08-09 21:09:00.528+09:00 [INFO ] Processed 6 blocks and 6 headers in the last 10.00s (6 transactions; 6 UTXO-validated blocks; 1.00 parents; 1.00 mergeset; 1.00 TPB; 0.0 mass)
2026-08-09 21:09:00.528+09:00 [INFO ] [ibd-perf] 6 hdrs avg: validate(A,parallelizable) 78.9us | commit(serial) 161.0us [add_block 10.7 + db.write 64.2; held-lock 131.5] | f_serial=0.671 f_reach=0.045 | parallelize-ceiling 1.49x
2026-08-09 21:09:01.700+09:00 [INFO ] Accepted block ebf81e0ff8873e2c42ca24dacf2b2967759599323d5c62d09e16b9cd6e508d82b4695b098210c1b2ace6d33d9c351c62f66a8efbea2379e5980b33af84397135 via relay
2026-08-09 21:09:02.862+09:00 [INFO ] Accepted block 2783943f98c53b4f1248e96fa909ccfea23e4d9ad496c494edcc759b1a832f3e8a7fec0484b8809c430741ca5d754e3c9ca327a96fab58cbd6e77d641ee05c2e via relay
2026-08-09 21:09:04.313+09:00 [INFO ] Accepted block c2650dc6c190dbf0d232a67d8fa1f3caf728f0e7eac3bb37227e4f878b0133a9c05dc26f963f24d8275815054069f1d6a4bb1e8885f53a1af32ac69d7e2a8acc via relay
2026-08-09 21:09:05.570+09:00 [INFO ] Accepted block 4a54ea7287ce30ec88810acc8d3ded9746b78cbcd8b1f3233c63e066b064f80e481c6c58961f68dfae52870803823f78c28d4b7d51ee3bd028733e298853119e via relay
2026-08-09 21:09:07.088+09:00 [INFO ] Accepted block 69fdb3d9fd22c7ea6d00d7d1219bb3e2c21c95c4341043c504bce361b72a0fd24d8613001c9156f10dd694f492e71e4e22c4a5e10139394c394b5be81f5ad4c8 via relay
2026-08-09 21:09:08.189+09:00 [INFO ] Accepted block eced0a3a063a7b827d6ff702e64c9881e2e8fade7094d3f1c2877fe72e39ea8a76a211f73dee086a37b2abe40d16a968ba57b375cba4b2bec7a4b7e140445073 via relay
2026-08-09 21:09:09.209+09:00 [INFO ] Accepted block 019e07093f4947d60076309099806516c5e5c7c369ced165c06a09eda81a226e595d9f882c90384ff00eff3bb01c93ffa5c05be9e65b32ad5f8b7984a0cc0d92 via relay
2026-08-09 21:09:10.426+09:00 [INFO ] Accepted block f2ced1d001e88d6481078fc0b54702391e62ff1583e932df8cbdfaef468370cd1458698acddb1f7c0694d36f9c80725ca0a9a98d85abd75f0f12d6dab3f7ba8d via relay
2026-08-09 21:09:10.504+09:00 [INFO ] Registering p2p flows for peer 127.0.0.1:17111 for protocol version 102
2026-08-09 21:09:10.504+09:00 [INFO ] P2P Connected to outgoing peer 127.0.0.1:17111 (outbound: 1)
2026-08-09 21:09:10.530+09:00 [INFO ] Processed 8 blocks and 8 headers in the last 10.00s (8 transactions; 8 UTXO-validated blocks; 1.00 parents; 1.00 mergeset; 1.00 TPB; 0.0 mass)
2026-08-09 21:09:10.530+09:00 [INFO ] [ibd-perf] 8 hdrs avg: validate(A,parallelizable) 108.0us | commit(serial) 209.8us [add_block 13.6 + db.write 85.8; held-lock 168.9] | f_serial=0.660 f_reach=0.043 | parallelize-ceiling 1.51x
2026-08-09 21:09:10.553+09:00 [INFO ] [validator-service] heartbeat: mode=active sink_daa=1431 bond=Active(active=true) active_set=[epoch=14 is_active_validator=true (active_validators=5)] dns_overlay=configured (stage=Active, dns_confirmed=false)
2026-08-09 21:09:12.601+09:00 [INFO ] Accepted block a68e37a09e2c60ba3e82e696e57a22b50c12656f760bdc8e39cc0fd2d0ff0c9c730eaa2a5fcffae6dd83014b6d9dee81f554e5fb532b0bf4638c29f7f1637843 via relay
2026-08-09 21:09:13.871+09:00 [INFO ] Accepted block 1467e2085fe3af5c6497b9e1e5178f9ac5cd95bfb9f1ddc1a4fb8a0692feec4f8482e529db249c145e5626f807d18f2a33135925c34792e41d139e20e20e6d1e via relay
2026-08-09 21:09:15.367+09:00 [INFO ] Accepted block b8e9458940f1f52a5e4f91a13681af2b5854615a84eba4feefecb4a88b925b6a2e22bb44f8f7b1709cbe22f18905d1d333b0e4e00b50d462eeacfd360782467e via relay
2026-08-09 21:09:16.705+09:00 [INFO ] Accepted block 826fa307c23f908a7bd42db3986a9be0ad8de15b87d56b8ef137da380fc1f06ea4af2dde37eb2aeafb01740c834c15b57746b6eb530ef3952f80f1bdbed7b68d via relay
2026-08-09 21:09:18.713+09:00 [INFO ] Accepted block 5ce9183ebadbf1efd4a580592be6a80c5de98c308887136af884c0f18f5e08d5b41d8752ecc8b814483e1cd6f61433eccc6a278d3c29abdc38244207cb568b83 via relay
2026-08-09 21:09:19.793+09:00 [INFO ] Accepted block 7a10d033b7c19cdd3d5fd50ab6ceb1e2c14a49c752571d99f9527114d88fc0f3ef178562b45f1ed1ce23268d39120ba166bd7a052da783aa299e01402413a4c0 via relay
2026-08-09 21:09:20.532+09:00 [INFO ] Processed 7 blocks and 7 headers in the last 10.00s (7 transactions; 7 UTXO-validated blocks; 1.00 parents; 1.00 mergeset; 1.00 TPB; 0.0 mass)
2026-08-09 21:09:20.532+09:00 [INFO ] [ibd-perf] 7 hdrs avg: validate(A,parallelizable) 114.3us | commit(serial) 236.1us [add_block 17.7 + db.write 83.3; held-lock 185.6] | f_serial=0.674 f_reach=0.051 | parallelize-ceiling 1.48x
2026-08-09 21:09:20.976+09:00 [INFO ] Accepted block 017f2abb6a128db9090493e68107b740319aa9308def1df6d0541c39193f856608e3d9227c096f0d11f6449c4fbedcd3d067cfb73082a77b28dc4feefa6c37f4 via relay
2026-08-09 21:09:22.982+09:00 [INFO ] Accepted block c67c2e19a96127101ef55df4889d05488f133caaf7b80135a8a9ae0199ec2cd651e360326928f188909dc195ffd2514982394380314980da99bbb325d2f81c6c via relay
2026-08-09 21:09:24.093+09:00 [INFO ] Accepted block aa44cdc5e6d2a119eaae4d7dff65892bddf3726b5437b0a5fa1ca86e825f7ae820461138843bb0e70610a2a63585c8c7c91c31b3c723dcec6490a9448ddd2cc9 via relay
2026-08-09 21:09:25.488+09:00 [INFO ] Accepted block b05407efccce9356bc2523c33ef819735b66da9af9a582bfdc6648c0fcf7310cc0bb059e7fa844785a901de36e6a64177d7d72a3d4d60b089f04f0b6cc480e69 via relay
2026-08-09 21:09:26.639+09:00 [INFO ] Accepted block d42cbe4886463c85d999bdef636fb20e47592a602eb4d011af01fc721ef6a866a00dc2b08eaa9d2843f0fb27730ca1a7e58456fc7d70e14996fa387bb5d9d01b via relay
2026-08-09 21:09:27.672+09:00 [INFO ] Accepted block 07d73b5f58b6f92dd5a1efbfa5d0a2fc4cb170a5f1eda26767ac09485bd92b687ecfb142ff9adc0f2145c7f1231a1b49761701e51803116022d84ada6c7645c7 via relay
2026-08-09 21:09:29.516+09:00 [INFO ] Accepted block 98f84d979619b1a99cf709e17da0ced5ba4e7c0a616e258c3cb56f443e5b7f8cd257bf9a73ad3d0ea911074a69ab7c814c69f29700e4c745b8f6d849e1b032c5 via relay
2026-08-09 21:09:30.533+09:00 [INFO ] Processed 6 blocks and 6 headers in the last 10.00s (6 transactions; 6 UTXO-validated blocks; 1.00 parents; 1.00 mergeset; 1.00 TPB; 0.0 mass)
2026-08-09 21:09:30.533+09:00 [INFO ] [ibd-perf] 6 hdrs avg: validate(A,parallelizable) 83.9us | commit(serial) 181.1us [add_block 12.2 + db.write 76.5; held-lock 145.5] | f_serial=0.684 f_reach=0.046 | parallelize-ceiling 1.46x
2026-08-09 21:09:31.571+09:00 [INFO ] Accepted block 27e850acb3ac64bd0c4b49f1ab7d212f290e73d2125535f66cd561cd66e3dd75babffece93fa8cda05c881ed6a47caa53c3ac1fcdfaf97d413a49b49e9e25e13 via relay
2026-08-09 21:09:33.003+09:00 [INFO ] Accepted block 34bc081a1ccb9ad7d58d9d1519fc2dcd007ce62c102f6705975c9e3cb63073b1531211087e13a8fd3287ac1c65d67f8feb884345d6df6b897c7700e7e0c997e3 via relay
2026-08-09 21:09:34.197+09:00 [INFO ] Accepted block 81df9893e8fa88af3e0fd1643f7823a0053232d8046a241aa669cfc22696b37dec5d5696c76d85e0b55ac800eb281c1ce588f5d71354a7d6e2ce03503113b89e via relay
2026-08-09 21:09:35.484+09:00 [INFO ] Accepted block b1f71e47ad55a9c0d9ce68aace5655c1458c2a1ad939bd2ca86f2145872f75539a57b1fb856744bf893712aea2b79ba8fe9bbb597df7b8601b41e2adc5e14ad1 via relay
2026-08-09 21:09:36.825+09:00 [INFO ] Accepted block 837d0cb5c32b17c59d6bacd2a8ae9b8450f5b923ca42b08717adbca217f83320a535190365185c12f563239293aa0c6eab2b71203ea513e30ff6fcfcb2ddcf61 via relay
2026-08-09 21:09:38.885+09:00 [INFO ] Accepted block 8a27f47f34927125af8b97e31ab30692c20d436450d6a2b39d828fcb015181f34371026f5526b9efaeaf4fbcd86962f01bfc5d1b1125e728a7a3107070c87639 via relay
2026-08-09 21:09:40.535+09:00 [INFO ] Processed 7 blocks and 7 headers in the last 10.00s (7 transactions; 7 UTXO-validated blocks; 1.00 parents; 1.00 mergeset; 1.00 TPB; 0.0 mass)
2026-08-09 21:09:40.535+09:00 [INFO ] [ibd-perf] 7 hdrs avg: validate(A,parallelizable) 99.2us | commit(serial) 241.2us [add_block 14.6 + db.write 106.3; held-lock 205.1] | f_serial=0.709 f_reach=0.043 | parallelize-ceiling 1.41x
2026-08-09 21:09:40.560+09:00 [INFO ] [validator-service] heartbeat: mode=active sink_daa=1451 bond=Active(active=true) active_set=[epoch=14 is_active_validator=true (active_validators=5)] dns_overlay=configured (stage=Active, dns_confirmed=false)
2026-08-09 21:09:40.576+09:00 [INFO ] [validator-service] submitted attestation shard tx 09768abf4faeec376cc15085093abcb523f19312ba1618b3533e95443f826097ddfef63e06219b08003bf85d8b3c4a10e917a3ea54e35db41c1d7620e3b7e6ba for epoch 13
2026-08-09 21:09:40.962+09:00 [INFO ] Accepted block 9cad4ba8ac1e0d437014e023799a1a870f7671565ef51b237f1aeef43511de5d2d4ebb7504f8c2893b4d79d189e795d8c8a224dad0618445a5238993d202fb97 via relay
2026-08-09 21:09:42.615+09:00 [INFO ] Accepted block 89fdcde7bb8ff81c131be235bad5c1e3cb8bee290d1b44951eedb2a48fd7e998fd486e0c5e89780bc3b19d3326a58c6dcb2b6035debdb7cffad296d849cdd34e via relay
2026-08-09 21:09:43.731+09:00 [INFO ] Accepted block 037eb7d9d81745fb672e2b38a31d36548096e6b6bb5c32e0369d4a3ef2a376efc73d4727d8549c6ac50ac0ce22942ee7521f77d9d72b8c63c45f45375ff188f6 via relay
2026-08-09 21:09:44.773+09:00 [INFO ] Accepted block ec08ed298e64fc9e323bb104c2ca5ba47ec87da4a182522a01fc05ad7d4baeb46ec785d4eb95d412be3745d2533bf1f05fdbd8e5c1227f81c24239dce64b9ad4 via relay
2026-08-09 21:09:46.280+09:00 [INFO ] Accepted block d05fb694615d670d4db09c8449e0ed1f6e76c8d56eeffb973c601db54e72311d252a2eede6019933ef15ecb62e4fa1639c272115ee4afcf626c99152c62c2991 via relay
2026-08-09 21:09:48.079+09:00 [INFO ] Accepted block 2a59db27a774c1c16feefb82b0bd4ea37a02d273eea785bdad17ffdb8b4c164e2b39a155a192a75a5e70dc930f3c2a77947d2bce1c5dd456d16bac923d872322 via relay
2026-08-09 21:09:49.142+09:00 [INFO ] Accepted block bc118782b879ad8be8e932ddf718a7756b3fb6d08173320df4743300763d818704fddcd9816b9dd2193a7474472123b038d7fa4c372306281fc6640a93de8ab3 via relay
2026-08-09 21:09:50.203+09:00 [INFO ] Accepted block c89091b1d1f8d22893e3ddca735943a79bb5921ba50ffffb487c55438cc11394df926d41ab2bcc01d69d0e5ef000b33485311064608045ba9b6c90adf68472a1 via relay
2026-08-09 21:09:50.537+09:00 [INFO ] Processed 7 blocks and 7 headers in the last 10.00s (12 transactions; 7 UTXO-validated blocks; 1.00 parents; 1.00 mergeset; 1.71 TPB; 35857.1 mass)
2026-08-09 21:09:50.537+09:00 [INFO ] [ibd-perf] 7 hdrs avg: validate(A,parallelizable) 82.2us | commit(serial) 200.6us [add_block 12.7 + db.write 84.1; held-lock 167.4] | f_serial=0.709 f_reach=0.045 | parallelize-ceiling 1.41x
2026-08-09 21:09:50.537+09:00 [INFO ] Tx throughput stats: 0.50 u-tps, 100.00% e-tps (in: 1 via RPC, 3 via P2P, out: 5 via accepted blocks)
2026-08-09 21:09:52.312+09:00 [INFO ] Accepted block d39d26e89b8686764d62edf92bfb4c864ec9de331f24c13b968edd3ace4ab3b21bfb3c6b22235b455b60c2b5b9ffe92f55830a9068d42a62c56e81d8571fd796 via relay
2026-08-09 21:09:53.512+09:00 [INFO ] Accepted block ecd82bd12ec73825a6fdffbc2ee96ec7bab9c046dcd2dbd175849a437c9d0c1c5be20da3ce06f009d02111898c04bf53c0bcbdd5768a8cc237beefb1561cbceb via relay
2026-08-09 21:09:54.650+09:00 [INFO ] Accepted block 1a25d7e794139fbcb0ea2e7c2b54742c164e4cb7fc0785fe57810c893da31812d0eb18483215e5ba4f9e9e961989c98daf09acc201d7adf4d4b97f512a7821e7 via relay
2026-08-09 21:09:55.697+09:00 [INFO ] Accepted block d2e3b4a7443aa6121793ea8c53e0199327d93712af6b30738c04cd4f3302d435aa0058e40a4c1261092a72901c98e2484a8131958fd3e1ae616bf51fc4101799 via relay
2026-08-09 21:09:57.325+09:00 [INFO ] Accepted block 4ea0112d1c73c56dd3dfb6d0605e2b505dac14c3c0167bb0d2db24477dbcaa64209669c8560bc82b32c3eb7f3b40e3024fdf62c9438ab8218a1c5e905061707f via relay
2026-08-09 21:09:58.729+09:00 [INFO ] Accepted block 0ded281a333feffe81e965ed2e5822b824abb7bbe2590cc768979acd2ed4e0ef32041ee8076b7a6d0be41ea35a57495754e939704a31f3d565febe9f22b338c3 via relay
2026-08-09 21:10:00.539+09:00 [INFO ] Processed 6 blocks and 6 headers in the last 10.00s (6 transactions; 6 UTXO-validated blocks; 1.00 parents; 1.00 mergeset; 1.00 TPB; 0.0 mass)
2026-08-09 21:10:00.539+09:00 [INFO ] [ibd-perf] 6 hdrs avg: validate(A,parallelizable) 81.1us | commit(serial) 179.5us [add_block 12.4 + db.write 76.2; held-lock 147.9] | f_serial=0.689 f_reach=0.048 | parallelize-ceiling 1.45x
2026-08-09 21:10:01.608+09:00 [INFO ] Accepted block 27dbf8bbaa2f1baa59a888e4fe470e9c4020e597df594dd88ef3e37ac816ca59d2167f273fb8909bcd323c594bec0be3826fd4a924dcf47049d50ee4ddebbaf1 via relay
2026-08-09 21:10:02.734+09:00 [INFO ] Accepted block 2a8b12907a19c2889513e58e706833a3651758d93c3d666e10b2272a2504a8beceac3a04c748d6ecca3d46c6614bac846520029f1ff40945d2566f47e898d2fc via relay
2026-08-09 21:10:04.401+09:00 [INFO ] Accepted block b930e9bc49e5c8d5154f1ef631d898609b0e62ca1d73287a585bafa746e25a13214a972f7db9f5e4b69e372c61c270e5103a5289e41a5488f3bc5d517f959c3e via relay
2026-08-09 21:10:05.833+09:00 [INFO ] Accepted block 02b276d54baf22419aa8a87057b3cfcb2bc03bb2b359582270806db69c820261de1cd8daebdfb654747e70f7df795e373898cede683cb50ce2bf7beca69239ee via relay
2026-08-09 21:10:07.572+09:00 [INFO ] Accepted block 75da0bf4fadc48b6532b5fb4fc7cc0135c21aabcc7da6b1632a3fadba91b311bf7e908b6220438b926ac0b08a6d935f47b15626cd2c3c75080528a4b83961d21 via relay
2026-08-09 21:10:09.064+09:00 [INFO ] Accepted block 0c61e793dc1793aecb0e81d1847cbb5ce047a9bbb278e0ce4f303df79e6b86a0970a3d39cf970cdd8e1a33d883829c7bd3a8cd0c9be5f9e2243f4b4c289698e4 via relay
2026-08-09 21:10:10.391+09:00 [INFO ] Accepted block 219bf7dbe5584b1137b33a8de3a4650cabce33a2650c6bac0370ee1ba06928aa0eb8d70651bd879e1a5a3e28ca37df2f239bd3d182d13a6679caf05c376fbfcf via relay
2026-08-09 21:10:10.540+09:00 [INFO ] Processed 7 blocks and 7 headers in the last 10.00s (7 transactions; 7 UTXO-validated blocks; 1.00 parents; 1.00 mergeset; 1.00 TPB; 0.0 mass)
2026-08-09 21:10:10.540+09:00 [INFO ] [ibd-perf] 7 hdrs avg: validate(A,parallelizable) 102.5us | commit(serial) 168.0us [add_block 10.1 + db.write 74.3; held-lock 137.9] | f_serial=0.621 f_reach=0.037 | parallelize-ceiling 1.61x
2026-08-09 21:10:10.586+09:00 [INFO ] [validator-service] heartbeat: mode=active sink_daa=1471 bond=Active(active=true) active_set=[epoch=14 is_active_validator=true (active_validators=5)] dns_overlay=configured (stage=Active, dns_confirmed=false)
2026-08-09 21:10:12.010+09:00 [INFO ] Accepted block 413c700e099c5f73d9fe98c60875f1f0cfbd7045b5913894f52a63033bfd7937274dd3629036993992c42df384bd4260c1f1f36f21291295664aafd6f1365f7f via relay
2026-08-09 21:10:13.275+09:00 [INFO ] Accepted block 5aded06747f95c8338d32cebe3e9e04cd77ef2b4c1221dac71a2aac95ff4320dff1359a6b20a46237fd3828864099a84ae32d9f967284083c4c9aeb6ce6d533e via relay
2026-08-09 21:10:15.331+09:00 [INFO ] Accepted block f30926c05e99e299182ec9a16f8148a9b573ce1f3403b86103df80a221a145d43057430aaabe001f59687174a2851b26afaa30d19b7ddebd3ca4b0695ebf66f2 via relay
2026-08-09 21:10:16.498+09:00 [INFO ] Accepted block 8f58d506b49f82e254a002fe2f9fab44b91b28c75fe22055be79361eb8a4790c005c013251606bb6188107330d88a57c2003a273c67941df9d7c0edcf9d7a6e8 via relay
2026-08-09 21:10:17.964+09:00 [INFO ] Accepted block b6777500e322143026dda1b9ffe4a1c772c101b5554a7ab3501ff96090bfb40b77009c8573df262cb5827d9c296d07b3a4fd12f049289685683eb00734b8ea84 via relay
2026-08-09 21:10:19.240+09:00 [INFO ] Accepted block a5df5decd30cb87a12efcb089e1be4c759c44d94e09083de04153596eeb3b1b8802599630a6708655df129a24b2ebe73f96971f859417d735764ff47995847c7 via relay
2026-08-09 21:10:20.542+09:00 [INFO ] Processed 7 blocks and 7 headers in the last 10.00s (7 transactions; 7 UTXO-validated blocks; 1.00 parents; 1.00 mergeset; 1.00 TPB; 0.0 mass)
2026-08-09 21:10:20.542+09:00 [INFO ] [ibd-perf] 7 hdrs avg: validate(A,parallelizable) 90.9us | commit(serial) 217.6us [add_block 12.8 + db.write 101.7; held-lock 182.8] | f_serial=0.705 f_reach=0.042 | parallelize-ceiling 1.42x
2026-08-09 21:10:20.620+09:00 [INFO ] Accepted block dbc00cce17abd52d35dc2c55db7dd64b6fbfec5794ec5a615c2836c7a1ed5a43af2eb2c5a8e863217f8350817000bf380edbcf0d885fe403355c9444b6b8bfb5 via relay
2026-08-09 21:10:23.281+09:00 [INFO ] Accepted block 479fd7a1f3c78f2285a03942ffc11dc2a17020d84ee7e079d04dc72b756a3fff12fc94359c2382c2642c9fdf2f5a480eabd97a26e7b52cd407e92036851dbdb7 via relay
2026-08-09 21:10:24.857+09:00 [INFO ] Accepted block 8f3162c21c61c295fdd651e5fb5e2e2f50f01ed63a54d8af93dc14bfc70776896246273d4bfa66244a9e3c57a4b5d2754bbef271c9a00911f23e297cdf3cb229 via relay
2026-08-09 21:10:25.937+09:00 [INFO ] Accepted block c70f30c022251c5d34d10ea5812b4d0ee3e58ffadfc6b56f60086ae7d4c24feeb539338076fb4f6d2074fc2399f9376e021d62ac354ec02a688c9375b624fd04 via relay
2026-08-09 21:10:27.122+09:00 [INFO ] Accepted block f90f153ba1b8254eaa420bd7875d96f1b25e8e557c5a8fcebc5b7cab4f8741c83311fa874a98d4e41f7f568db4d4d90e9a2239949a8e70152ec3b1ea07cd0dbb via relay
2026-08-09 21:10:28.831+09:00 [INFO ] Accepted block 4dc1cd1415c45dd1bf06e9e8ddb654154481b546c20b1b1147148207a62ff7752bd926f02451a0bbd3c8932b14c03ec4480bd0328f12020cf1563e29dbb5b36a via relay
2026-08-09 21:10:30.492+09:00 [INFO ] Accepted block 95298520fa71ae28207a7ef382386608f3c49cbe5b524140b0b70fa2029e2af90dd18072a74259da0870803025c23b003a5f36fb6dead95de3d490f38f0bc3d3 via relay
2026-08-09 21:10:30.544+09:00 [INFO ] Processed 6 blocks and 6 headers in the last 10.00s (6 transactions; 6 UTXO-validated blocks; 1.00 parents; 1.00 mergeset; 1.00 TPB; 0.0 mass)
2026-08-09 21:10:30.544+09:00 [INFO ] [ibd-perf] 6 hdrs avg: validate(A,parallelizable) 99.5us | commit(serial) 285.5us [add_block 13.0 + db.write 81.2; held-lock 163.7] | f_serial=0.742 f_reach=0.034 | parallelize-ceiling 1.35x
2026-08-09 21:10:31.651+09:00 [INFO ] Accepted block 6ffcd7efea6384b615820d10cafcdd72f6650f20882806a5c7e437fd6d7cb7edc05a616cbb66e1245788320aa0c86304146a56f4e3c5edd3c08c185db400145c via relay
2026-08-09 21:10:32.762+09:00 [INFO ] Accepted block 1fb32771a9730338690607c2b758c0aff7e9448a0b28ed28b97582f3af1bd0c00ccb5f71e3ef73cc9f833c497730d71ee6aaff38d4b567e9964736e68ffa53ba via relay
2026-08-09 21:10:34.761+09:00 [INFO ] Accepted block e6bc1dc0add50cb354968e59b1b87cedaedd201fbfbb58db320c5cb7f5255fb939d7668c9ae3c43f5d3273da317fedeee78a3228e997e9439d5fdc5ae8205db2 via relay
2026-08-09 21:10:35.851+09:00 [INFO ] Accepted block a284e60e0919fea8c870096776a641f948a8ff59720d04ef687162102b0e53d35a4d4f635a174bc0e229bbf73396dfa87497314f237aef0b38eceb461a2e30c0 via relay
2026-08-09 21:10:37.438+09:00 [INFO ] Accepted block f928099d60a618a5d41520eb0285d0ec5f0f41be019daa92852b9b0af6e6d644cd60c1dba6594d76ac570288d29b11f247e45853ecfa8de1fe980d39d704650e via relay
2026-08-09 21:10:39.078+09:00 [INFO ] Accepted block 5bb5dd66be0288ec112e14c6934d008e60d852bf89b67e85efe61598aa19379f5da8c422cc5be8395f9f8b22ade27a1788c4ff834823af1a5d8f9b561c1f6e8c via relay
2026-08-09 21:10:40.545+09:00 [INFO ] Processed 7 blocks and 7 headers in the last 10.00s (7 transactions; 7 UTXO-validated blocks; 1.00 parents; 1.00 mergeset; 1.00 TPB; 0.0 mass)
2026-08-09 21:10:40.545+09:00 [INFO ] [ibd-perf] 7 hdrs avg: validate(A,parallelizable) 107.3us | commit(serial) 254.3us [add_block 10.1 + db.write 106.3; held-lock 172.5] | f_serial=0.703 f_reach=0.028 | parallelize-ceiling 1.42x
2026-08-09 21:10:40.593+09:00 [INFO ] [validator-service] heartbeat: mode=active sink_daa=1491 bond=Active(active=true) active_set=[epoch=14 is_active_validator=true (active_validators=5)] dns_overlay=configured (stage=Active, dns_confirmed=false)
2026-08-09 21:10:40.687+09:00 [INFO ] Accepted block ee221ce31a1b15dea7d8e2f2147f086306871d317fc10881477fbb512ddaeab674e69e65c1c3f0c351c517335a63f3faea24e3467daf28cda07aad3755010a9b via relay
2026-08-09 21:10:41.719+09:00 [INFO ] Accepted block 1959bd80ff09873dcc92088e84c2461c320b48717a668a5789304245f2dc392bd6cde4a2179b1b53eeec00b74d12144856838746d4cb9ee99f571c8e38e2580f via relay
2026-08-09 21:10:42.899+09:00 [INFO ] Accepted block 4540dc50373ef254407e574daeffe3be260d21ab13472ae2311a9c4f0d67b0733acac96de61393eedd517fca5b560c3dd4bd07b3062577244f0af0274eb45c3f via relay
2026-08-09 21:10:48.060+09:00 [INFO ] Accepted block 1d63f648934f516e2d7a00f38b1640354ea15b3a4fed6c93f593ef450a9168552b565abfc33fd28d05e282ff688003b5428459dcb76cbd6c1507be5ff4ff10ab via relay
2026-08-09 21:10:49.888+09:00 [INFO ] Accepted block 3e5e7b99623b7cf42351f7f5e6db710f3cedcf2caa5130c0fbee56ac57e1773caf8ff7f7708b6685e71a435ba1b90bad1847064eb9ba1ea5119292a56bc5ad37 via relay
2026-08-09 21:10:50.547+09:00 [INFO ] Processed 4 blocks and 4 headers in the last 10.00s (4 transactions; 4 UTXO-validated blocks; 1.00 parents; 1.00 mergeset; 1.00 TPB; 0.0 mass)
2026-08-09 21:10:50.547+09:00 [INFO ] [ibd-perf] 4 hdrs avg: validate(A,parallelizable) 167.4us | commit(serial) 284.2us [add_block 15.0 + db.write 103.0; held-lock 184.8] | f_serial=0.629 f_reach=0.033 | parallelize-ceiling 1.59x
2026-08-09 21:10:51.886+09:00 [INFO ] Accepted block a6e68df1cd0d56fccd8ba7614355867b4f0625efe830fcfd38c1cde7600105646344bde920504ef201714fe13c784cdfeb5b8f5062c2b0f0340d1abd128b72d3 via relay
2026-08-09 21:10:52.895+09:00 [INFO ] Accepted block a9de2309b82ab610f9eeeda6625053539108bf20c3b8ff549523b95b6351baa99cf6b9a130b6f670ec25227bb740273a0c09796ae26be25ee17e969d581b6d26 via relay
2026-08-09 21:10:54.136+09:00 [INFO ] Accepted block 3d8a234310f5f5ed311885f3d886ce365391e286f7523a249b7d0408ba70638092f918f826f59db8ca2ff062fa61fad79ed6f6557c605bf51fc1720607790607 via relay
2026-08-09 21:10:54.553+09:00 [INFO ] [vlt-shadow] sink_daa=1499 0 validator(s) with credit; 0/14 epoch(s) would reach quorum; newest epoch Some(13): W(E)=0 signed=0 snapshot_root=83c1af5c4df334f1fc91b924dd14524bda2123f910db8411bd5be850fe22b8b4998fbbb1ffdac75869106b2429b50232d33af433bbaa9c1591f6ddc3d7a98d7d — the weight fence is at 18446744073709551615
2026-08-09 21:10:54.553+09:00 [INFO ] [stake-score] sink=08f0435d1155ee17b17014505fbd06284ecef0f82ba2860b23cd08b25019a75b804da73e36515f3c3ca3b04c72ddb85d5d2cc06cc8e33f7f7eee26ce1c96d2fb sink_blue=1500 credited 9 attestation(s) over 14 ready epoch(s) → stake_depth=3000000000 (rollout=Active, health=Active)
2026-08-09 21:10:55.556+09:00 [INFO ] Accepted block 08f0435d1155ee17b17014505fbd06284ecef0f82ba2860b23cd08b25019a75b804da73e36515f3c3ca3b04c72ddb85d5d2cc06cc8e33f7f7eee26ce1c96d2fb via relay
2026-08-09 21:10:56.613+09:00 [INFO ] Accepted block 7476f464cd6c523de1e55c9fef7fe61dc525dbed1ab218d93914b86c153c6df8289a7c5b73ff45c327e412e5a07c6e28f5ab9fd7c26954c3edefc2561d6d8432 via relay
2026-08-09 21:10:58.574+09:00 [INFO ] Accepted block 93451788f3219345a7a01872278850fbfc80439e3f9ac82f0c7bc7b1d943017220ebc97e93c8ab00a77133f32687ae58c18f51c40c79493473aa4f4dee2f7aa2 via relay
2026-08-09 21:11:00.549+09:00 [INFO ] Processed 6 blocks and 6 headers in the last 10.00s (6 transactions; 6 UTXO-validated blocks; 1.00 parents; 1.00 mergeset; 1.00 TPB; 0.0 mass)
2026-08-09 21:11:00.549+09:00 [INFO ] [ibd-perf] 6 hdrs avg: validate(A,parallelizable) 136.5us | commit(serial) 274.0us [add_block 16.7 + db.write 121.7; held-lock 228.9] | f_serial=0.667 f_reach=0.041 | parallelize-ceiling 1.50x
2026-08-09 21:11:01.736+09:00 [INFO ] Accepted block 75f8044ba5b32fd58770c9f43d2e6b00f570835efa9c5d171abaae9024c2b74e032de582788c22409a8e926d385017b5d13440bc8b661e9cc6974f9e294f1e9d via relay
2026-08-09 21:11:03.736+09:00 [INFO ] Accepted block 8a6a862c99da467616d41b80ace23f99b546357730d28939012fa2c844502f6f27e9fbc3653236a3b410020e840d724680e241245a10fed444e5180a4892138d via relay
2026-08-09 21:11:04.864+09:00 [INFO ] Accepted block 59531e3cc0941b9788614327b024e020308c229d7a3047260e0ddb4113154db08d49c8130e06ead77db2c6d133b9070cbb7ec7d32eb87fa67195f2a9a958014f via relay
2026-08-09 21:11:05.896+09:00 [INFO ] Accepted block 451d599f70d18f00a9806a3a54fb05cd5a06dfb68445967466b02eafd097b029540168d1efb191127971f1dc14451de96eb6822ee12a52722a9395387fd9caf5 via relay
2026-08-09 21:11:07.004+09:00 [INFO ] Accepted block 97b5a8b9b7c0b32515974f4b8b466c0227a6da5d3979fa543fbe0d7931371d6d47de54ec99f58b96d1fe63a2b136353ef02bbdc9fe71a16668d72cc5532fa33a via relay
2026-08-09 21:11:10.468+09:00 [INFO ] Accepted block a6098973d55fd828c37e33a94573c53cf0245a782d2fd0ac6d7035984ae1f4b84708994d791653c118ed783e451e924b4fa51233ee73e0531c6625be73f836c5 via relay
2026-08-09 21:11:10.551+09:00 [INFO ] Processed 7 blocks and 7 headers in the last 10.00s (7 transactions; 7 UTXO-validated blocks; 1.00 parents; 1.00 mergeset; 1.00 TPB; 0.0 mass)
2026-08-09 21:11:10.551+09:00 [INFO ] [ibd-perf] 7 hdrs avg: validate(A,parallelizable) 134.5us | commit(serial) 343.7us [add_block 20.2 + db.write 137.2; held-lock 239.1] | f_serial=0.719 f_reach=0.042 | parallelize-ceiling 1.39x
2026-08-09 21:11:10.602+09:00 [INFO ] [validator-service] heartbeat: mode=active sink_daa=1508 bond=Active(active=true) active_set=[epoch=15 is_active_validator=true (active_validators=5)] dns_overlay=configured (stage=Active, dns_confirmed=false)
2026-08-09 21:11:11.514+09:00 [INFO ] Accepted block c1fb1c10814d17c93581230b72ae632ffaf2380b183163e33caaaf4d6b10e9a772638c00ece86f1fa2708f1c135f583ffac54dc1f0d9321a953fd46085777f96 via relay
2026-08-09 21:11:12.698+09:00 [INFO ] Accepted block a552ef8d2fbace58a984a02e3c890a6127ba788ba1b510a5e65dc269768aead1f91a3b57ec181e0fbeb4798e81491cd538991ec2ae0dbcdf1eb929ea031bbe38 via relay
2026-08-09 21:11:14.474+09:00 [INFO ] Accepted block 3faea94e8db39e2f1617990e506dbf5c558aca3dc6f36487209ad2c4fb5532199428bc513181c32847ccca7c62da332301f0f30045b1140d6bf054ce05b98e79 via relay
2026-08-09 21:11:15.574+09:00 [INFO ] Accepted block 8d686584f3293259dc0d435723aff62ec583d3e4ec88289352b7c64dfcf1cd550cdbb1ad13c821aa1c98930301da1faccd86d2ea18292edb5c8b6f847b119d44 via relay
2026-08-09 21:11:17.190+09:00 [INFO ] Accepted block 00d7b403dd632a68604560ac140b3fec7f63eb426053be25ea0e7c1ae8a6aadc48ad5b8ab608738ea1302d690478ffa1180bc72dc579a66eb00d5ef9792e6422 via relay
2026-08-09 21:11:18.977+09:00 [INFO ] Accepted block 89dfe18a0196abc78ddad2f013e2d63d444f684d4d03799081dd2954fc1edbab3b72091b52c3e40c7ee38944ce74b19639116d79da67d6746d058723f804ae8e via relay
2026-08-09 21:11:20.299+09:00 [INFO ] Accepted block c93d121e2d70ce09d6798961515aa016e56fe60e688b40fccc4e628d7d06ce0ce6981e9f18af0ea4cbb5d4ed3e91d9024b4629bb7775dcfdb72df5ab1ed565bf via relay
2026-08-09 21:11:20.554+09:00 [INFO ] Processed 6 blocks and 6 headers in the last 10.00s (6 transactions; 6 UTXO-validated blocks; 1.00 parents; 1.00 mergeset; 1.00 TPB; 0.0 mass)
2026-08-09 21:11:20.554+09:00 [INFO ] [ibd-perf] 6 hdrs avg: validate(A,parallelizable) 152.2us | commit(serial) 310.6us [add_block 20.9 + db.write 124.8; held-lock 239.1] | f_serial=0.671 f_reach=0.045 | parallelize-ceiling 1.49x
2026-08-09 21:11:22.088+09:00 [INFO ] Accepted block 27e5047f5c180491245df553b44a7197ed80393c8649f4b414e51c53055f9674f0f32dcfcdf9a42c1179f5bb5b3959b5f2a8db3497ef143c1aaf7bca78b993e6 via relay
2026-08-09 21:11:23.437+09:00 [INFO ] Accepted block 90ce84b3f5f1cbd1c4a909f5c29d0127d7f40871e3e91de67d23d84999161b3ea80893e743feac59fe03b02e20daccfab700687ff725fa55d186aaad350f8972 via relay
2026-08-09 21:11:25.573+09:00 [INFO ] Accepted block b3aa40f581ec908f83af4c61f92721ba993b4bbb0a45f38e691dc59719fd27087683d56f19d9e67b19c7be1e6b7ba97b43af1c364fe130287632d629d8db4603 via relay
2026-08-09 21:11:26.693+09:00 [INFO ] Accepted block a1e9ced6aabf1d09af979403409faf15076d35acec0c1d763e9964d577a801d7509b474a16787a2d46f67c697ca70059aa19d02e767058cf5d728ce7491b7ea3 via relay
2026-08-09 21:11:28.601+09:00 [INFO ] Accepted block ae5660220c5c5ab158d748ea444242259b39814a59ceb76a3791818bade3874e84c533c648ec864301584d1b4fd1166d711ad3c6dc919854d14acdb31c15facc via relay
2026-08-09 21:11:29.906+09:00 [INFO ] Accepted block 93b9169b0776d5b835b1a11eba1948fba3250ffdc74a38a99fd7a9d416d2bdae7785a93b185a4e753b45a30b82f84055864978b30b660a8948ee89820fb74583 via relay
2026-08-09 21:11:30.555+09:00 [INFO ] Processed 6 blocks and 6 headers in the last 10.00s (6 transactions; 6 UTXO-validated blocks; 1.00 parents; 1.00 mergeset; 1.00 TPB; 0.0 mass)
2026-08-09 21:11:30.555+09:00 [INFO ] [ibd-perf] 6 hdrs avg: validate(A,parallelizable) 205.8us | commit(serial) 341.3us [add_block 22.0 + db.write 145.1; held-lock 274.5] | f_serial=0.624 f_reach=0.040 | parallelize-ceiling 1.60x
2026-08-09 21:11:33.628+09:00 [INFO ] Accepted block c8a453c15274b90e60e072dac9f62ce66fa82a35b410d1c16dd708e7d20f9280e0e45706e66561af260a1a19a0f8fd3eac17b0ec8d245787afd103ea9a622d3f via relay
2026-08-09 21:11:34.888+09:00 [INFO ] Accepted block e96db144d979738a2553281187daee56c5e765ce08ab25ed23de3303f777c347ea933f1e61727f326ff3091588b21e5a383b2d837117518496e197f4b0dc3f0c via relay
2026-08-09 21:11:36.116+09:00 [INFO ] Accepted block dabccf52b75df0d8278bcd1e7a3a2be923afb4c19599167d3771d61e43055dc01aba3ad655b0fe7488c2ce69b546569b73f9896fa96c18edb786f0e1bce3dbbd via relay
2026-08-09 21:11:37.485+09:00 [INFO ] Accepted block 6352760eb9150b28ce5621c4b6ee28daacea80006fb9169c852da285feee75ce2fb3c2098fe08db631bd4680912bff214a0a03284437da0c5bfaa2b79c40fe2e via relay
2026-08-09 21:11:38.526+09:00 [INFO ] Accepted block d4aacb9712f73ca453188e7155915ec4339dd5abe76bf25e3fe0f9427fb1458af3388df46bce04743014efb504532d0cf848eee2b9262de56ff37b8a57a39851 via relay
2026-08-09 21:11:39.911+09:00 [INFO ] Accepted block f54d28b6c2088bac1411264a28139043385e0cde780b562cb03bf157ef5e9476be7e71ecc8e309f4c9a9ccea4c5fae4d3752c78fc99e3b4e190f05b00883fa7b via relay
2026-08-09 21:11:40.557+09:00 [INFO ] Processed 7 blocks and 7 headers in the last 10.00s (7 transactions; 7 UTXO-validated blocks; 1.00 parents; 1.00 mergeset; 1.00 TPB; 0.0 mass)
2026-08-09 21:11:40.557+09:00 [INFO ] [ibd-perf] 7 hdrs avg: validate(A,parallelizable) 108.7us | commit(serial) 281.9us [add_block 14.2 + db.write 78.1; held-lock 151.9] | f_serial=0.722 f_reach=0.036 | parallelize-ceiling 1.39x
2026-08-09 21:11:40.616+09:00 [INFO ] [validator-service] heartbeat: mode=active sink_daa=1527 bond=Active(active=true) active_set=[epoch=15 is_active_validator=true (active_validators=5)] dns_overlay=configured (stage=Active, dns_confirmed=false)
2026-08-09 21:11:41.075+09:00 [INFO ] Accepted block 38d42631997512ca7dd5e359af64ce00431ce9f90378b50e2048565299e47392f7946ef41774be31f97122752665a67d4f2f65fe8fb0a1fa1c4890c6daf94b1b via relay
2026-08-09 21:11:42.240+09:00 [INFO ] Accepted block c89ed770a12dca0c4053e3b28efb9ec7ce025b65996d1b8f584666de507cc799d358dee667fd24d5685fa79fd47593d7906cd28e13a5813a0bd027b5cd67df2b via relay
2026-08-09 21:11:43.786+09:00 [INFO ] Accepted block e0a6e34e1aa54f2c958b4d124a410018a890a3991b4b2bf6bccdfe8aeec9d8014ce4e1d1b839233ddb826a3c6c4fa49d378b1cb3ab071cc2ae46ecd4203b0243 via relay
2026-08-09 21:11:44.839+09:00 [INFO ] Accepted block ae0fa505eef291490404469ee78ff9fe89d7bfeefdfd6b0e3abdfff0242ed24863b44613b97570ba7c4ec156e108b553737509d8b4fe8f83a7e2175b4e0f239c via relay
2026-08-09 21:11:46.064+09:00 [INFO ] Accepted block 892ff86ef524beb68cb93e1c92d744d502c789e5b2eced0fdd81e3708edc4e8329a81e24993ff98f80a684ec92c0ab491a6fefd77de1da09cca78b37c50e6178 via relay
2026-08-09 21:11:47.448+09:00 [INFO ] Accepted block e828f27300eaa4acc71ce3703b350bdbcf09fbd7f2b003eeb2e5be950b81ee83c6232add1a30478581fd32aa2b4f01e7252b0b3c3432b4194958ca68753114dc via relay
2026-08-09 21:11:48.501+09:00 [INFO ] Accepted block 8937a8025529bdee41a46606d6e35cf4c40d678ffe145197d17d14dcdd38aad5923548fabc3d2f8e3dba81a400ba4125605a222f02d1bdf6abd4c95315ca15b4 via relay
2026-08-09 21:11:49.625+09:00 [INFO ] Accepted block e88ed982cfaf70fe05b6ff3d8b05f54b4ca0ad7df776e545e6430bd42752fdb8e5cbb3ea3c636f5a4004e7b92fc23a009a266ad1ef57c6e0ef3f79dfa95915fa via relay
2026-08-09 21:11:50.559+09:00 [INFO ] Processed 8 blocks and 8 headers in the last 10.00s (8 transactions; 8 UTXO-validated blocks; 1.00 parents; 1.00 mergeset; 1.00 TPB; 0.0 mass)
2026-08-09 21:11:50.559+09:00 [INFO ] [ibd-perf] 8 hdrs avg: validate(A,parallelizable) 94.5us | commit(serial) 219.9us [add_block 14.5 + db.write 87.0; held-lock 164.1] | f_serial=0.699 f_reach=0.046 | parallelize-ceiling 1.43x
2026-08-09 21:11:50.654+09:00 [INFO ] Accepted block 5c2513f6baef7403c7c82d8c73567a5f0e79c7e57ded06c189d34a5ae5109d293150467b92aa5ac7facd493ce2d48e32378eda6473536725922f729e95fc9372 via relay
2026-08-09 21:11:52.491+09:00 [INFO ] Accepted block f3baf9d3e69c8a348b3719358a681918d5144704f3deeba3822d99372fe26d83c656cfd38afe96fe76d8f213515f0e22e29f775a06be38065563efff7f414651 via relay
2026-08-09 21:11:54.455+09:00 [INFO ] Accepted block dbb1b8a2f202f43c71bfba3f7ad792ce3ef2ec7fe9afe08433fb6afbad06ec47c983fdf58ebc5be332085570716e13ff789202147517192c0b3d987200f1e707 via relay
2026-08-09 21:11:56.553+09:00 [INFO ] Accepted block c50b96e6c13346c7213bff0079c525b5be7a3d02d6bad86cf4bd53191e87cc0a0353595bc97efb9fd86218a7a192af5b70201ea8e4116e43a20f44b28098105e via relay
2026-08-09 21:11:59.465+09:00 [INFO ] Accepted block c50955e3b12f8bcf81e3fc231554c61a1a9578e15497609fa98fc0ac380ab1307bb4c06116a5b727ebac0b6a9be3d8ba715c45c9ea357512c3b0097c82462619 via relay
2026-08-09 21:12:00.561+09:00 [INFO ] Processed 4 blocks and 4 headers in the last 10.00s (4 transactions; 4 UTXO-validated blocks; 1.00 parents; 1.00 mergeset; 1.00 TPB; 0.0 mass)
2026-08-09 21:12:00.561+09:00 [INFO ] [ibd-perf] 4 hdrs avg: validate(A,parallelizable) 103.4us | commit(serial) 412.6us [add_block 14.5 + db.write 191.6; held-lock 291.2] | f_serial=0.800 f_reach=0.028 | parallelize-ceiling 1.25x
2026-08-09 21:12:01.588+09:00 [INFO ] Accepted block 3e5857e9f5ea256c752682bd91957d119ce55d0037f5ce7540ad01974082ab20b5f7a0af3fc3b6ed413b94a71cbccdc31f480296098c37952b9f9382f3d08c56 via relay
2026-08-09 21:12:02.970+09:00 [INFO ] Accepted block a9fb34432d98f632fb2d8d44ef3d661fc0f1b850810a239883738f3883d90e2110f01098dc7d5ef0f6421e0b1a19bc99ae88bfa06d10a0ca1bb30a4c0acb7325 via relay
2026-08-09 21:12:04.740+09:00 [INFO ] Accepted block 0a9740b5eb77865d899c01abfaf7d4577ea126462a7022af8515be69da556f5655fbd7a598d6d597c1aaaafa84036a395f46d0610fa725cca66a8fbec811f4c1 via relay
2026-08-09 21:12:05.785+09:00 [INFO ] Accepted block 2d073963f95142746e3dbe19a9a3293bdef48bdd97e676fbc4ce558bc2cb2b38e891068fafabbca6104d963f346e30d7ac9b1009909a58385d146d4a33534427 via relay
2026-08-09 21:12:07.769+09:00 [INFO ] Accepted block 691a73b05e416c6d5bb70f75192a485a5169c70251df039d5f90b88a7fb0365a4f5c649a4bc359df5dc716aeaa708a10248043bb5d603993d33dc2fb4b6f8e7f via relay
2026-08-09 21:12:08.803+09:00 [INFO ] Accepted block b004dc3cacfc4e90e888da162be94f760d9bd5b958643e321a136b1f0b8a4d2720b04afe7f3c34c14bd330360bff5341d41acc3ae1d4411de3c99b13c64111cd via relay
2026-08-09 21:12:10.315+09:00 [INFO ] Accepted block 5a4b0ac9a5bd031a53ef855e20d80757052c453cec7642ac1cce3f34e615a0df18b4fd8192ef0379b20fe738ba0bdc4f19e1ef3acfd087940dcbcc0ad93de19e via relay
2026-08-09 21:12:10.563+09:00 [INFO ] Processed 8 blocks and 8 headers in the last 10.00s (8 transactions; 8 UTXO-validated blocks; 1.00 parents; 1.00 mergeset; 1.00 TPB; 0.0 mass)
2026-08-09 21:12:10.563+09:00 [INFO ] [ibd-perf] 8 hdrs avg: validate(A,parallelizable) 89.5us | commit(serial) 192.7us [add_block 12.7 + db.write 88.2; held-lock 161.1] | f_serial=0.683 f_reach=0.045 | parallelize-ceiling 1.46x
2026-08-09 21:12:10.624+09:00 [INFO ] [validator-service] heartbeat: mode=active sink_daa=1547 bond=Active(active=true) active_set=[epoch=15 is_active_validator=true (active_validators=5)] dns_overlay=configured (stage=Active, dns_confirmed=false)
2026-08-09 21:12:10.637+09:00 [INFO ] [validator-service] submitted attestation shard tx bf1a08d942e3edb2d08e19bec194d4434c553f9629a09a29c2a800a4eb4c666e3d58118506e6bab15abc2a6f68c9488a179d456297566805f924cac590e20398 for epoch 14
2026-08-09 21:12:10.641+09:00 [INFO ] [validator-service] compute: job finished in 14.208µs
2026-08-09 21:12:10.645+09:00 [INFO ] [validator-service] compute: certified job 104f84fb24c5c3f5294eab1e86ca32cdd81de991fb73f92b9a092165a15804226eef18e83b9119ccab988b781db7bdff0492fc66ccbad4d8f9f74eec738b9651 in epoch 15 as tx a985d88bca06591bf4b451b50f0b908f808bd2b686311453384a746a3c044021a436995e9eac6f09de97185d6fcf932a41936a24cfb72a77653c164a67312b40 (R_j=d7bc3ffe8eab0a18790340383bfd240c7f0e66acabcf5bd0f7e2630e060885f2e7404c7621434356c82790ec91b7afa0f7b8024f7e4496aeb7cd36221b4a33c9); awaiting verifier verdicts
2026-08-09 21:12:10.645+09:00 [INFO ] [validator-compute] fixture quota: 1/1 job(s) certified (1 claimed)
2026-08-09 21:12:11.385+09:00 [INFO ] Accepted block 3fabd2d4cd607661e9f6dfcecc9659216d59c5f1e1ae793876b9a5a73de11796ad2d3d1db03c0f0d12b33ab00e3ef93ca31d1ac482e73bd34dfb291475772752 via relay
2026-08-09 21:12:12.981+09:00 [INFO ] Accepted block 60c2d89aaad4d74811f6c422a5a86f70c60f5be82c07bc803e8f20c957a28f7c1ed845e4aa8eb684c1188da1d2ac7b24b329743fea93465fbca3697392f3b9a9 via relay
2026-08-09 21:12:14.254+09:00 [INFO ] Accepted block 37ace3f3774c3a6434ef742dc11826e4800341cd7127601e47bb6a67d87c899687ec40b86a584e252c9103f01cfc0122bc4421c78135d7c63bc8bbe7326acd7f via relay
2026-08-09 21:12:15.470+09:00 [INFO ] Accepted block de2db88443b0ff9e9b206649b254ad0d923bcf1d6520e92f294b49a5c1084a10214e88db532a5799f72e4d80eb48640316f6d0af2b0832ea970f5398b08cbe94 via relay
2026-08-09 21:12:16.489+09:00 [INFO ] Accepted block 957d6bb47e6b4da49d981c047fd2e746b67591bfee11020e2ccbee5e5a9606bc37332094a11a9518539988b7017c5c2d6ac7e09de91545af2692dd85b68c418e via relay
2026-08-09 21:12:17.890+09:00 [INFO ] Accepted block 43ef1167ae716d3d816dfa45309038c92947343e4065433cb235f223d6942fb0269fb6eeb6e07642f9a1fa42a7553c2bb1ff35cb9eea42cc63e18cd3e8392952 via relay
2026-08-09 21:12:20.018+09:00 [INFO ] Accepted block e184a92339d55deec314185bdee8d156603d1abe6ad1b341a3f829cdcc358af5327708c85337a5de9358e9b453b51dbdead30d9b8d8137474f31585ed8d21f83 via relay
2026-08-09 21:12:20.566+09:00 [INFO ] Processed 7 blocks and 7 headers in the last 10.00s (17 transactions; 7 UTXO-validated blocks; 1.00 parents; 1.00 mergeset; 2.43 TPB; 72137.1 mass)
2026-08-09 21:12:20.566+09:00 [INFO ] Tx throughput stats: 1.00 u-tps, 100.00% e-tps (in: 1 via RPC, 8 via P2P, out: 10 via accepted blocks)
2026-08-09 21:12:20.566+09:00 [INFO ] [ibd-perf] 7 hdrs avg: validate(A,parallelizable) 99.2us | commit(serial) 273.7us [add_block 12.8 + db.write 88.9; held-lock 170.6] | f_serial=0.734 f_reach=0.034 | parallelize-ceiling 1.36x
2026-08-09 21:12:21.413+09:00 [INFO ] Accepted block 26eccc08fc3ebd518f626ef443024a21a517b0e8eec1c20c7e315f9181a4f964a09aa30cdba8ec96ceb54e583285297f828bc7588b9df48b7845ad0db7b505e7 via relay
2026-08-09 21:12:22.666+09:00 [INFO ] Accepted block 243e8e8303036fa8f34796e7fb071a730ed4d7300c25a520219ef5006554118c5eeb3c54890f1e7c28bc7bf98af01e7784983f2a7be5537bf2b15ec2fbe27e31 via relay
2026-08-09 21:12:23.753+09:00 [INFO ] Accepted block 5d67e00425f3725f6c3de3e19a43fd950e7ffb0be0f9689642e921242cb37541f1817914fe06971974f91c54b94c5ee5714c43b2d1ca89e97dbb62ec6fe20651 via relay
2026-08-09 21:12:25.495+09:00 [INFO ] Accepted block c7604a2ecbd94cbc29982f61e5b6dc1dc4f96b7e0cacfbf95b4522e32afb0a7614b6d007d1ee89d5a647923b2a78f13243f019995d95ba56ebf19ad4aa3265e7 via relay
2026-08-09 21:12:26.565+09:00 [INFO ] Accepted block fc7c0faf40100f447625402461bd0065f0d13448a2c1af82ef3f1d52efed91f5d467ad21d494642cfcc7ab5c26c4c80c2be95dc4d7618aaeb832b7281899abdf via relay
2026-08-09 21:12:27.760+09:00 [INFO ] Accepted block d93c8fff2eb9459e7d3add7223892aa0182aaefc5a9e8efc983e281c5c96a9a530bf280730768d0d3c28a66666eaf9e4ce0c6f3ec1c4c9435649e178c519b291 via relay
2026-08-09 21:12:28.848+09:00 [INFO ] Accepted block d34031bdac66b7039b215ee5b50f770b2add51b5348697bdb31b15ce2b180b39667f61832bd2c92e2bf864dac225af4f06b8f6757b4bb67f5b26154d1e6da3d4 via relay
2026-08-09 21:12:30.568+09:00 [INFO ] Processed 7 blocks and 7 headers in the last 10.00s (7 transactions; 7 UTXO-validated blocks; 1.00 parents; 1.00 mergeset; 1.00 TPB; 0.0 mass)
2026-08-09 21:12:30.568+09:00 [INFO ] [ibd-perf] 7 hdrs avg: validate(A,parallelizable) 88.3us | commit(serial) 237.3us [add_block 12.0 + db.write 87.9; held-lock 153.8] | f_serial=0.729 f_reach=0.037 | parallelize-ceiling 1.37x
2026-08-09 21:12:30.971+09:00 [INFO ] Accepted block 070d003f064c6b1ea45d5192d6e3b9a2a16b2c81fbac33a641fe7fd3c427a86b21b94c6c1eca0fe43ea3c1756f62af6c61c86331cf5b36d33afeee2273e8fa20 via relay
2026-08-09 21:12:32.152+09:00 [INFO ] Accepted block 34f4872e7deb96a6b179d98d77524a08de75573bcebcebd3a97d79c3d7b3484be0db8dfcdfd5f9b0bf19c3a7347b528b0794c428c20210b63a54f72bdad20c63 via relay
2026-08-09 21:12:33.634+09:00 [INFO ] Accepted block 268fb7a0360971867c6fec6a67f683537b186d9e65809de317d2735e2b669d0cee914f2b1c8fc8a4a019716946937f2ddbe714544a0b729e3da9c72596ce61fc via relay
2026-08-09 21:12:34.678+09:00 [INFO ] Accepted block 59764c2983ee12e1a267a513c4de883883f4e2bc650ee669c53d1e5f3f69e97d078baa65f639ae8478596f5bfce1a0b677067970a408a178ce3e5983884514ed via relay
2026-08-09 21:12:35.985+09:00 [INFO ] Accepted block 0ab49f5f803e3feda91e4b694df798fdd835bc0defec0d44771197ff59fed9b537e6997bfb3b17c13836456f1aec9e8659d72d7975888822cf720dc34e087c6f via relay
2026-08-09 21:12:37.268+09:00 [INFO ] Accepted block 11be5fc8d98fba60c3f6141306de78fc3bd3836b287bc234c3b7d031844cee534f18e3f1da8c180c0098b5e0b26f63937a1c0b05a6ca220654a382908bf5bc19 via relay
2026-08-09 21:12:38.629+09:00 [INFO ] Accepted block 0586e72bfca82609088cb16ce09ab793b4a1c41d8bf8d3c811f15c1f8262a37acb63864ccb89b15bd53a9a8c9de49e55c225524de89b021e1ce7889bf9557748 via relay
2026-08-09 21:12:39.883+09:00 [INFO ] Accepted block b4485028098b4731ddb3c03c7b4803145deb4d0a9b9992f4b9e3aff8b844335a6ac8e7461da384df295293c98ad082539e7ec7ea98b9def269e9bc6d0b36e3cd via relay
2026-08-09 21:12:40.570+09:00 [INFO ] Processed 7 blocks and 7 headers in the last 10.00s (7 transactions; 7 UTXO-validated blocks; 1.00 parents; 1.00 mergeset; 1.00 TPB; 0.0 mass)
2026-08-09 21:12:40.570+09:00 [INFO ] [ibd-perf] 7 hdrs avg: validate(A,parallelizable) 94.7us | commit(serial) 224.5us [add_block 12.3 + db.write 94.1; held-lock 170.2] | f_serial=0.703 f_reach=0.038 | parallelize-ceiling 1.42x
2026-08-09 21:12:40.650+09:00 [INFO ] [validator-service] heartbeat: mode=active sink_daa=1568 bond=Active(active=true) active_set=[epoch=15 is_active_validator=true (active_validators=5)] dns_overlay=configured (stage=Active, dns_confirmed=false)
2026-08-09 21:12:41.762+09:00 [INFO ] Accepted block 8e7894a3762c238822109174e8b87482329d2d06039220f3902cf339a9cd44a1b1f3420dc936566269d4503d3a12d7e396dd89e1ca835dfbd8f8418bf319b105 via relay
2026-08-09 21:12:43.226+09:00 [INFO ] Accepted block d8f13bbe14622a0e88257bd30c6e1ae0b7edf44485d23afb77a64f789770c6c8850e8cdeecca08aa8f5b5243267f887310749f9bcd49fe9b2c5267464025faf1 via relay
2026-08-09 21:12:44.751+09:00 [INFO ] Accepted block 2fd815bc7c2ae5a42d5077e72448a6b95e6bb335dd7ee047ed3852fb10d8f47dc8c0cd239af60c09efdb2ca9ee2d98b12af4468007b3def33ac93211c0bde930 via relay
2026-08-09 21:12:45.846+09:00 [INFO ] Accepted block 9ec8c8d2a6104989a897e52a61330057af1102e5355c86cccc04585a6d6ea723d86e707cb37ff424634a07f09190a12c322532e85d89e0fc98ecc911372fc7be via relay
2026-08-09 21:12:47.182+09:00 [INFO ] Accepted block c26a14bce7cde58132e5e1416480aa452b386b43200d4934216bf0427959c54aa681d6d46996d8a4849bb338f4cc4c43619c5748672c43c3525c2e1b3109c64c via relay
2026-08-09 21:12:48.458+09:00 [INFO ] Accepted block 73bd459f392c2843a4911ca4df65d639bd2d5da37e25aa9d33bfc38b84476e5a1706c55eb39f7533cb9468f011a5d49af5365f92a675e60c3f4785c1feb17106 via relay
2026-08-09 21:12:49.740+09:00 [INFO ] Accepted block bec0d7943dd3971316fcc9b853914b854784848c6d88180cab7dd77aefd8cf1045588254253db45f10845040078c0f974d8df93f82e27174681f056b54d53718 via relay
2026-08-09 21:12:50.572+09:00 [INFO ] Processed 8 blocks and 8 headers in the last 10.00s (8 transactions; 8 UTXO-validated blocks; 1.00 parents; 1.00 mergeset; 1.00 TPB; 0.0 mass)
2026-08-09 21:12:50.572+09:00 [INFO ] [ibd-perf] 8 hdrs avg: validate(A,parallelizable) 106.4us | commit(serial) 265.2us [add_block 12.6 + db.write 86.1; held-lock 169.2] | f_serial=0.714 f_reach=0.034 | parallelize-ceiling 1.40x
2026-08-09 21:12:50.874+09:00 [INFO ] Accepted block 9b3494039cc65981f6e69cf2c80a2a989598695df8160641fba823e29eea2908a1e0a57ed15dd2d12bd74c2675db930b86e5365ea7872f008f40f83dfc78725e via relay
2026-08-09 21:12:51.963+09:00 [INFO ] Accepted block a3183f6cb0e9b34f17e1fdb917f6d8e7ff706f8f39b33b800453eefa38ea3936d6c4eff9e00626fab90e7fa609d3b264500bd3b537be4431ff085e4a845cd03f via relay
2026-08-09 21:12:53.251+09:00 [INFO ] Accepted block 38b580c79a055e186ce83e40cf3c4ce2e0692b58cc6ea45858376555e23d02f62a9d960af9cc4f7287387409018b249e9c0df9de518b18798fb009aabde50c2e via relay
2026-08-09 21:12:55.124+09:00 [INFO ] Accepted block 4bae45808b3333ed4eaa7d6c49e378863181683290498a48e0371e09d5124399e573a9c7852fb87a9e69806542db812c6190c4eae66d8d92d9ab46921ef7bfa6 via relay
2026-08-09 21:12:56.523+09:00 [INFO ] Accepted block 9171187d40b0c910617c26c59a82b01ff1316c81ea12ab5a4c0feb832c39677e442518036523169c49fce8869761f039c7c7abe29537293f7e606a2949c839c4 via relay
2026-08-09 21:12:57.749+09:00 [INFO ] Accepted block 3cea71d82cdc17fa2ded852631356f2db9b7cfa8ceacf3fa2df2e2641448f3674d700252ae4df0315199ffc7f7f4e220951a49c0126440a4d7b74ea209c7ebc5 via relay
2026-08-09 21:12:59.678+09:00 [INFO ] Accepted block 5fc338b5f46b9e3b9e130d66d9e0d9355979c6789fe447254241450b5ae2a59180e3cfa2c55916444f7244fa468abb67a2889a009a73e786e16f81e41b622b11 via relay
2026-08-09 21:13:00.574+09:00 [INFO ] Processed 7 blocks and 7 headers in the last 10.00s (7 transactions; 7 UTXO-validated blocks; 1.00 parents; 1.00 mergeset; 1.00 TPB; 0.0 mass)
2026-08-09 21:13:00.574+09:00 [INFO ] [ibd-perf] 7 hdrs avg: validate(A,parallelizable) 105.8us | commit(serial) 263.9us [add_block 12.1 + db.write 80.0; held-lock 149.2] | f_serial=0.714 f_reach=0.033 | parallelize-ceiling 1.40x
2026-08-09 21:13:01.008+09:00 [INFO ] Accepted block 90a5e36571ab048ae56a1e474329d7db417db15b5e48f7184541ca5cb9c95d27705fddc697f9dfd42dfe02bfac87e7233b2e678e123468478044e4a62d62378a via relay
2026-08-09 21:13:01.513+09:00 [INFO ] EVM lane KPI (O9): 256 chain blocks, avg mergeset 1.00, avg accepted-gas utilization 0.00%, 0 deposit-claims applied (cumulative)
2026-08-09 21:13:02.522+09:00 [INFO ] Accepted block 3ca664485fbc0fa7d651dbbfa0cf1f0fc3d041b4e60530fdf28f122ae72278221b9c1d77cc174bd33fea74d4347e6b5f51b663a6ee9b73486db601dee57065ce via relay
2026-08-09 21:13:03.718+09:00 [INFO ] Accepted block 8f4f7be47fe39168d25b507bb01074fd3512578db58c7231b1f01c5ad3fa911d32843add0a0facdefbf2cf760c6e3075c6bdf1ba437dadb2f236d8c260a8b948 via relay
2026-08-09 21:13:04.772+09:00 [INFO ] Accepted block b8193d47f2b033823d15d5e3bf1cdfcc46037bd9a43dc2a0bc7c1eb21c193a85c5a934ab46948c168bae71e60b0c96706908752ec0e93912de73e2b5bfe3a1a0 via relay
2026-08-09 21:13:06.299+09:00 [INFO ] Accepted block aa30df04f66656ae7fab6bc837e77f541bb19aa79c47463e9a5da7db8d9afb2b184bee42e32874436e9c55512fb12d2e012f73305c5585152982eb11ba1ac919 via relay
2026-08-09 21:13:07.348+09:00 [INFO ] Accepted block f5cf09be7bd79a20440e23290192c9010fa9e805af3d60133241bc9788ffdc562b4ee9e536f8f63e0c00415969f7c4b58de8cda367e52d60a3f282c1ab83b1b5 via relay
2026-08-09 21:13:08.390+09:00 [INFO ] Accepted block 687ef253e104f8bc21526b808a669d0489a7428fe3055a205ab8f1a7e6f904cc13f0deabc6d01ff1ae64de05e34f8bd0fdcb2b1908cfdb86e88f485325b0fcf8 via relay
2026-08-09 21:13:09.718+09:00 [INFO ] Accepted block 0bfc74c2bf155555815aa4a2f24ad0f30b8698ce3824a697cff09b23e2adbda6949e48c9395b640f04a1802c919e773f47ad79b693623c7d131d5fd5d9e544c2 via relay
2026-08-09 21:13:10.576+09:00 [INFO ] Processed 8 blocks and 8 headers in the last 10.00s (8 transactions; 8 UTXO-validated blocks; 1.00 parents; 1.00 mergeset; 1.00 TPB; 0.0 mass)
2026-08-09 21:13:10.576+09:00 [INFO ] [ibd-perf] 8 hdrs avg: validate(A,parallelizable) 96.2us | commit(serial) 191.8us [add_block 11.8 + db.write 89.4; held-lock 162.2] | f_serial=0.666 f_reach=0.041 | parallelize-ceiling 1.50x
2026-08-09 21:13:10.656+09:00 [INFO ] [validator-service] heartbeat: mode=active sink_daa=1591 bond=Active(active=true) active_set=[epoch=15 is_active_validator=true (active_validators=5)] dns_overlay=configured (stage=Active, dns_confirmed=false)
2026-08-09 21:13:11.048+09:00 [INFO ] Accepted block c536acc3cb62854bf1c5e2ed24d96d1d477fa44c5840c0409cd7f8decdb5b6c12436cecd4945db8632300525e78ec52c635adc0b85a73a6eb30ade4b811c6dd0 via relay
2026-08-09 21:13:12.316+09:00 [INFO ] Accepted block bbbfb4bc0bef6ed1376efe90e35a9b1822406076dfb191cc582c92449694367cfc08942532d7979630c6344356cbac4eb6509f1a2d4ce70fd51fbb3422231a80 via relay
2026-08-09 21:13:13.921+09:00 [INFO ] Accepted block 26533101364604211d6504bf19b323389fcd5263896bbc09037819f490ab63f231c23b9c0676a26615813a396b6a2c0d41729ad5b0cfd2e2a7664ed1d2fbb57c via relay
2026-08-09 21:13:15.427+09:00 [INFO ] Accepted block c32a6d8e117beb45c0cee7da9c07da3548cd51a250fda8518e84d93ce8bbc37aabc980a795274271e009056b5e0b3ccea73bb23c6b541129d5b71634302e9100 via relay
2026-08-09 21:13:16.671+09:00 [INFO ] Accepted block f4933e026abf8d3d244fe881e898f476231037424d741aaf2405977e068154c43b43f8e7cdc1359e59a0b0cee7417923d99940a0e7f2d4f20959296c91c166ca via relay
2026-08-09 21:13:18.292+09:00 [INFO ] Accepted block 01fc524a64d981dfa0fe2a8357837415cc480bdecfbf79836f37f907d7119ab8ec88167c81882e325ffc545bd29732a78bd14f5275d419c4c993b52ab4d2ef8c via relay
2026-08-09 21:13:19.695+09:00 [INFO ] Accepted block 3ade5c112ea97caeb47f521f4036250d450abdea37f49900734c339469a297390cb3d8b03072aae11ed6813cd990afaaaf7855a00c7a837bc1a4afeb9bb5f546 via relay
2026-08-09 21:13:20.577+09:00 [INFO ] Processed 7 blocks and 7 headers in the last 10.00s (7 transactions; 7 UTXO-validated blocks; 1.00 parents; 1.00 mergeset; 1.00 TPB; 0.0 mass)
2026-08-09 21:13:20.577+09:00 [INFO ] [ibd-perf] 7 hdrs avg: validate(A,parallelizable) 100.7us | commit(serial) 208.3us [add_block 12.3 + db.write 92.6; held-lock 170.9] | f_serial=0.674 f_reach=0.040 | parallelize-ceiling 1.48x
2026-08-09 21:13:20.899+09:00 [INFO ] Accepted block c17e52df54f463c02cdcbede84e921a333558be7a91b9de94c5dab17e2c8e9802487cd2cb6478ed8dc7c7c91cf1e18198c53f51ee93ec07ff8437a2a4f370b11 via relay
2026-08-09 21:13:21.020+09:00 [INFO ] [vlt-credit] 5 certificate(s) in the window, none credited: missing_epoch_anchor=5
2026-08-09 21:13:21.020+09:00 [INFO ] [vlt-credit-skipped] certificate=0d3aadddc76d469575b6981db16b76f8bf21763e01160679e45648eaa7725fa539b9e3b0ca384bb8ab198c06a6677a349d3cdbd9d768ff927206b46ddb128b64 executor=697311d4c6baec6bc376e1b07f3bb38c421b60038f6cd26c42d2dbc47bd18d4ab271af0065d920c49d0ae40b2c7ddf988fd37ac6d780e82b0e486f509b0323b8 certificate_epoch=15 reason=missing_epoch_anchor (permanent)
2026-08-09 21:13:21.020+09:00 [INFO ] [vlt-credit-skipped] certificate=401e6bd1f4471d48b3e2eef2d3d5a15e9dadb24af747cf6c28327c02c288b1ac894262b13c3fa93f4c2743f32fea8d42252ae256012f21f13a0253cf665f33dd executor=03e1f2a12936d5f299fe9c78258c3f2a0c31dba5c6522b7415b251ce8da4b4d731df7a2788ee0db5307dd2d39e5697456500cc2d7cbfeb9b239091c6a0bdc1f1 certificate_epoch=15 reason=missing_epoch_anchor (permanent)
2026-08-09 21:13:21.020+09:00 [INFO ] [vlt-credit-skipped] certificate=5ddf84538cb64a8bbef12d231a628958cd903ff4db269fc134168245a62a9e30d7b88e447334257d2fed8c12a2e3c3e89fa0b69929a84160efbf443bbc254aa6 executor=5efd716ac794897ab148eef63ad5c50a5b662b4328760d6dec9e8077553c70048a80da47f6840970d89ac6060d5f604782fa8fa529429c9dce260bd6b7e86b4c certificate_epoch=15 reason=missing_epoch_anchor (permanent)
2026-08-09 21:13:21.020+09:00 [INFO ] [vlt-credit-skipped] certificate=a985d88bca06591bf4b451b50f0b908f808bd2b686311453384a746a3c044021a436995e9eac6f09de97185d6fcf932a41936a24cfb72a77653c164a67312b40 executor=efc895024da64a059563fe77bddd079e504902bdc878d344f4b114f29d123a467051b6b52ab53453a53b5448a290138c9d1049cdf7189d91fd6e6b0cd7121ad2 certificate_epoch=15 reason=missing_epoch_anchor (permanent)
2026-08-09 21:13:21.020+09:00 [INFO ] [vlt-credit-skipped] certificate=3b5db4297ba9e49ecc1da6e69a86ee442c63891950d96ebcfd4a9c751e5f72b0b9134321072a5a18464f7547ad832c4ddea52133b3e4b2e93b9dc4af4d4620e1 executor=d444449c0afb4276e36af7c32deba158d784a49910663eb6e87601bbde34ada664eaa082323d9d992e3405216b3496508e75d856bc56793b04d636421bdb43dd certificate_epoch=15 reason=missing_epoch_anchor (permanent)
2026-08-09 21:13:21.022+09:00 [INFO ] [vlt-shadow] sink_daa=1599 0 validator(s) with credit; 0/13 epoch(s) would reach quorum; newest epoch Some(14): W(E)=0 signed=0 snapshot_root=3b1e1071cc99095e305defd1a3d849bc8a6ff12414edb0f08261ea1dd34ca964189e535fd5694469ef129e5d2f6db9ee9d02e6d820231ac50384ad8514bd6a4f — the weight fence is at 18446744073709551615
2026-08-09 21:13:21.022+09:00 [INFO ] [stake-score] sink=66d0be0c36a10d9a4e2b495f6c60e1fc0cae1d07d81d3e6056379d78504f60715842211050003913d1f8e5734705f656bb1f8c237ac08514108490654a5b5ed3 sink_blue=1600 credited 14 attestation(s) over 13 ready epoch(s) → stake_depth=4000000000 (rollout=Active, health=Active)
2026-08-09 21:13:22.026+09:00 [INFO ] Accepted block 66d0be0c36a10d9a4e2b495f6c60e1fc0cae1d07d81d3e6056379d78504f60715842211050003913d1f8e5734705f656bb1f8c237ac08514108490654a5b5ed3 via relay
2026-08-09 21:13:23.386+09:00 [INFO ] Accepted block fdf7f63d428dda6c27ab53f80fecd2c6b3cf7720e32f01c5dff53aa42327ff2463e901f2b44a7ac30e248cf46da91290149e1fef42c382b5ce1f072797e5205d via relay
2026-08-09 21:13:24.469+09:00 [INFO ] Accepted block 8e0dfa3b2c9b7236a7fe43dbd3ab54f17cfe137fb6830895c9cbab9e89987d58f47a83c6457aec782ae9d97436ed311a1ca473a328ba561ba6b831fd2dfd42d8 via relay
2026-08-09 21:13:25.681+09:00 [INFO ] Accepted block aa4830a23db3adc897a9fdbc1179649d006ea36f642608ab9ec12b80bf12edc678b1d59def2a2bf793d41399b2481f1122e2ffb3658aa0c7b8a68f73265889b6 via relay
2026-08-09 21:13:26.812+09:00 [INFO ] Accepted block 3231ab6294e0599cabbb899e0d98475100b4167a0f1550b148acfa13c3df3d3314404368d0125129fd714af0f9085b912399c2fe870a11f4e4d2360094b092e0 via relay
2026-08-09 21:13:29.379+09:00 [INFO ] Accepted block 60e2ee4417e59b51004cf48bd45f3ec7c582177d700a9c69c812084403e9c9be49ef2816d2cbd8bb5468eb04a2d297a7d47e8fa44bcad08f65f63545dcf2cd47 via relay
2026-08-09 21:13:30.580+09:00 [INFO ] Processed 7 blocks and 7 headers in the last 10.00s (7 transactions; 7 UTXO-validated blocks; 1.00 parents; 1.00 mergeset; 1.00 TPB; 0.0 mass)
2026-08-09 21:13:30.580+09:00 [INFO ] [ibd-perf] 7 hdrs avg: validate(A,parallelizable) 89.3us | commit(serial) 214.6us [add_block 11.4 + db.write 97.8; held-lock 165.9] | f_serial=0.706 f_reach=0.037 | parallelize-ceiling 1.42x
2026-08-09 21:13:30.926+09:00 [INFO ] Accepted block 1e791058e731ea14a692ddf6d3b132fdbf0bf171a9137882a91cb0da1db399e11b1bfe16c5bd94080902ffebc2672c7b3e9c18c8863832ca514b9681d37592a0 via relay
2026-08-09 21:13:32.511+09:00 [INFO ] Accepted block 6582bc2a3cc4e106f233eaddb8968dcdbb903fbbfa1069ecae3635346f87dbe69d60ad132ba21a9c298b0092961dc2cf478ca92af5d8d3b57fc6fc461aa56033 via relay
2026-08-09 21:13:33.820+09:00 [INFO ] Accepted block 75a5a50c119745449fb905eead5f147c2f8c18986cac5573f36fe1cfbdf146401b3efef46f4aa5de0141f08b2a76bb02b84c38716b48063d69f530d93c8f86b5 via relay
2026-08-09 21:13:35.527+09:00 [INFO ] Accepted block 8849a8f4ef4e8d3eeecbed44668ef928c4412a68799923c5ca002fe2b2970c1a1b82d217ddc230abaeeca18599e923ef9e4f5d51b249e6142aa94f6ccaeb06aa via relay
2026-08-09 21:13:37.678+09:00 [INFO ] Accepted block e7eac6140202f9ed5da1a3e8dd896f9fce35591ff3309e1d1664065f18a423c3dbdb61f62a8e4cef0240dc5eb50d8e5517b4a931752357298ecb4c933d39d3ac via relay
2026-08-09 21:13:39.270+09:00 [INFO ] Accepted block a56a28a17da092aea78352d774329f34964d07ec83ec4ea8f66ca2bc05e988236f58d9ef0368dcf7d386789baeac4cbd397f9869163cb3faf58d4d7b4fc779fd via relay
2026-08-09 21:13:40.582+09:00 [INFO ] Processed 6 blocks and 6 headers in the last 10.00s (6 transactions; 6 UTXO-validated blocks; 1.00 parents; 1.00 mergeset; 1.00 TPB; 0.0 mass)
2026-08-09 21:13:40.582+09:00 [INFO ] [ibd-perf] 6 hdrs avg: validate(A,parallelizable) 85.1us | commit(serial) 289.9us [add_block 12.9 + db.write 95.9; held-lock 169.8] | f_serial=0.773 f_reach=0.034 | parallelize-ceiling 1.29x
2026-08-09 21:13:40.666+09:00 [INFO ] [validator-service] heartbeat: mode=active sink_daa=1611 bond=Active(active=true) active_set=[epoch=16 is_active_validator=true (active_validators=5)] dns_overlay=configured (stage=Active, dns_confirmed=false)
2026-08-09 21:13:40.935+09:00 [INFO ] Accepted block a508cbcf751541e5c56187653eae9134fd7e0e9d615dd092fd3a012f36459ac83a27abea4ce60c8cfb66c64305b497b3b454eac535a800a756d7fbc7989261af via relay
2026-08-09 21:13:42.507+09:00 [INFO ] Accepted block be7bca9299bee124b25ec7bfbc839fe5cecabc9888ee6afe38dc58305eb70ec47db62a56f3f767582c4ed6a7620e8528308f932c5e94fff23203a23864e4b5e0 via relay
2026-08-09 21:13:43.734+09:00 [INFO ] Accepted block 5610cbcafe2980fc40506b9475ac3fda8f83c79f12426210cefeb4f4bf1b5236f497aa4876e3089fc32b3adfdbdb81d994567aca292945805e41a66472d83fc3 via relay
2026-08-09 21:13:45.744+09:00 [INFO ] Accepted block d31e5bef26f1805be58b564e568e2c9df3cae1f5ec0d5ddec0aee95d8d11ad85f27f5d331c17124103fc42fdb4a3f481fd2697ea875051d92106d299df7524c0 via relay
2026-08-09 21:13:47.064+09:00 [INFO ] Accepted block 0eaf060add91afc04df8da4f1fa073fc472e9393bcee4cd0759c60309308d8709998261e8a566000c1fc8093c2382d9a8c451c43bd4d5894f672fd784fb2a6a2 via relay
2026-08-09 21:13:48.803+09:00 [INFO ] Accepted block d4d992e43213f1f2bfce629173baca8ef43b3d9df4e4562c4d9f7ffa818b2d5909ac95cb98f63d72d6f1528875e09bef78bbd1281fcdc2a20170a74b74d9b6e6 via relay
2026-08-09 21:13:50.487+09:00 [INFO ] Accepted block 848ab48019c0186fdd376b430824e0c864fefdae6fe6d648dfc0b616e2f9ab8a80ec060d0bb0cee628faac68514e4a161a1ffcbedf617f3b3090038aa607f102 via relay
2026-08-09 21:13:50.584+09:00 [INFO ] Processed 7 blocks and 7 headers in the last 10.00s (7 transactions; 7 UTXO-validated blocks; 1.00 parents; 1.00 mergeset; 1.00 TPB; 0.0 mass)
2026-08-09 21:13:50.584+09:00 [INFO ] [ibd-perf] 7 hdrs avg: validate(A,parallelizable) 107.6us | commit(serial) 270.6us [add_block 13.5 + db.write 112.6; held-lock 191.8] | f_serial=0.715 f_reach=0.036 | parallelize-ceiling 1.40x
2026-08-09 21:13:51.570+09:00 [INFO ] Accepted block 4571000f4111eaed3f8c720e3179cf6768fc8bb74698ba2ac32eb825084fea536b2b21c935e7ff4d51a5f6e6bfa6519ebdc94c93ece73c93064778795f4eedfd via relay
2026-08-09 21:13:53.543+09:00 [INFO ] Accepted block 43462bff3c90f6b129c25a7c91ae0e7fbfa5c9f4584d590aaa5f5bc34923c394fb404035c974919ee9734307f83a8b8862a3cf0208e38aa2e9de10ab0dc4de11 via relay
2026-08-09 21:13:54.994+09:00 [INFO ] Accepted block 72adb64136afce5161f40f98b449940a0eeb45f00abfa0be8f08445094cb133cf291e8dd7ef102487ac9af2264dfcc10f89980e6fba92cf705b2629e1dc6902f via relay
2026-08-09 21:13:56.253+09:00 [INFO ] Accepted block 7633fcd8c15dd4c88abc19fb8f22bc65cc1746fed32ff96e2c46cb15b7e17c288b3f847db870901057bdd8583487528cc792fbaadda837841fecfdea4a495496 via relay
2026-08-09 21:13:57.440+09:00 [INFO ] Accepted block bcf134b2da14585e7d806be1ff7f627ddeed8a24b8f781eceaaa1f63c56c33d6cc46c265deff1caddc2fb9ed188b28764c42cda90c3408a216fa14a115514ba9 via relay
2026-08-09 21:13:58.835+09:00 [INFO ] Accepted block a45ac6849da7d6bebf0d0bf942be1d2803e5b34fc2ef246e172ba5616e43e7bb17499ca452329dc76eeaadc308b883c61f5aa35f77aebf380a246dd9e91c8862 via relay
2026-08-09 21:13:59.995+09:00 [INFO ] Accepted block eb2fca5582d3e3513792a10eb62d8818cfc6bdda6a7efca70ef32b3af331e115be85a49bd353feb46c862477bf01f577382e8d7925599d8471f90ecaf9f6f3ec via relay
2026-08-09 21:14:00.586+09:00 [INFO ] Processed 6 blocks and 6 headers in the last 10.00s (6 transactions; 6 UTXO-validated blocks; 1.00 parents; 1.00 mergeset; 1.00 TPB; 0.0 mass)
2026-08-09 21:14:00.586+09:00 [INFO ] [ibd-perf] 6 hdrs avg: validate(A,parallelizable) 92.0us | commit(serial) 199.6us [add_block 12.8 + db.write 94.3; held-lock 167.9] | f_serial=0.685 f_reach=0.044 | parallelize-ceiling 1.46x
2026-08-09 21:14:01.705+09:00 [INFO ] Accepted block 3cbb94e5332358d3be356399e5c93c18a35442a5c9f24aaa2df6d12577e7f81243242b4b72b15a04bc61dbcaf5cd24d26d823e0cd4ac42568a806808f045683c via relay
2026-08-09 21:14:02.925+09:00 [INFO ] Accepted block eb696fd82c4bfb96ab4d3996e0c004de7494a07a26b2453a5194de141fa50da59bf3502d64303b18902cca3f75b7807d0726bd41ce67541292d99a1e4f82055b via relay
2026-08-09 21:14:04.339+09:00 [INFO ] Accepted block 674bd511c19249ec62d8fb701978045646fd1c55724c115e725593bb290b86b61906c0bcaf911f89446e3d2ffb59feadd92795c3d1a1a265fd1ab01dc74e45aa via relay
2026-08-09 21:14:05.743+09:00 [INFO ] Accepted block 2fcb87332f2f3c2a05ad81eba52477d426b91a2116bdbabe403116fd938d594eb6de0f141510bb4abc215092b8e0e52ae7ba305fea57f6d4e4299d621192a4bb via relay
2026-08-09 21:14:06.770+09:00 [INFO ] Accepted block 9a45440137af4c7450075dbfcf5eebd581469caff6403c2739fe3c2d299df8097ac390d4a22f4524ac2039a4dfd785f126f264904cea1f5440ab77b739fc699a via relay
2026-08-09 21:14:08.597+09:00 [INFO ] Accepted block 83416a56d916c7c17b7109243ca7b5459362d6790b5352e5677764c730cf98af995d2ff9ba7cfa222a84ecd21c1374f8262a6772b5a459f20075afb066f827e6 via relay
2026-08-09 21:14:09.976+09:00 [INFO ] Accepted block dccc7c889ec3e77e3f4a0b2acb6a4faee118c35da390c32c32baab28cbae90b266ce51e29a8de2488173a39ca7f618d86b73724f97ce2e69782c4072ba1e6881 via relay
2026-08-09 21:14:10.589+09:00 [INFO ] Processed 8 blocks and 8 headers in the last 10.00s (8 transactions; 8 UTXO-validated blocks; 1.00 parents; 1.00 mergeset; 1.00 TPB; 0.0 mass)
2026-08-09 21:14:10.589+09:00 [INFO ] [ibd-perf] 8 hdrs avg: validate(A,parallelizable) 133.5us | commit(serial) 270.8us [add_block 17.1 + db.write 107.0; held-lock 203.8] | f_serial=0.670 f_reach=0.042 | parallelize-ceiling 1.49x
2026-08-09 21:14:10.678+09:00 [INFO ] [validator-service] heartbeat: mode=active sink_daa=1632 bond=Active(active=true) active_set=[epoch=16 is_active_validator=true (active_validators=5)] dns_overlay=configured (stage=Active, dns_confirmed=false)
2026-08-09 21:14:11.288+09:00 [INFO ] Accepted block 4247d8cb2ad7e36d1cebc822194d18925e8634cc17503199bab6c314c11933b4302cd947fa28042ffaa3bbb3f77644d3ffc0662e25b4990638aa2b4f1810a6ba via relay
2026-08-09 21:14:13.624+09:00 [INFO ] Accepted block b767136dc4037e6b33fa517e40649039ec76bdcbd754ba3bf8dc03db7714bb9ee37c7a74d5ee3a35019619d0a0955af45049fcc0ef97434a47c8bae86249c936 via relay
2026-08-09 21:14:14.890+09:00 [INFO ] Accepted block 03970531f1b6b8022c90bc78817a8fa00424ae50948b9a1ac718fc58f705c70e282250eaf9cdfd6a0084613b0beecc6df52f35ee31fac614a72973eef0a931fb via relay
2026-08-09 21:14:16.214+09:00 [INFO ] Accepted block 1979c26ccc77b0a71b77e9ec761bf9bab031e02ea1b046a937aef1e868f853fdf12ed4e494f6f57ebb04e90949845f2174aa5b5cc861e049ea421ee888ee0f8e via relay
2026-08-09 21:14:17.961+09:00 [INFO ] Accepted block ee235310ce517c06ffd5298a85a0833850eb33a7df73d33819339e29ef4c7cbbf5945071fe272c9f2bf891ca185e9f31aa825bd8e0e46d3c9963b0ab0fd323cb via relay
2026-08-09 21:14:19.051+09:00 [INFO ] Accepted block d9260508b08c3cd327141f6fbfc2dfc4a71748dd9cba94472600683bd80b10227c1ca09b00ed8bf5603acda112908f007e97ab557fa2786c4c6fb315b97a705d via relay
2026-08-09 21:14:20.106+09:00 [INFO ] Accepted block 86cfcfea5837575e4bafdf77d3db9e48df952530339d7bfbec5f9692f212054d76ff3b032692c2554416868d88b14c9b7afe7370c3f8db2fec7ae8d48537df26 via relay
2026-08-09 21:14:20.591+09:00 [INFO ] Processed 6 blocks and 6 headers in the last 10.00s (6 transactions; 6 UTXO-validated blocks; 1.00 parents; 1.00 mergeset; 1.00 TPB; 0.0 mass)
2026-08-09 21:14:20.591+09:00 [INFO ] [ibd-perf] 6 hdrs avg: validate(A,parallelizable) 91.3us | commit(serial) 226.6us [add_block 12.3 + db.write 113.5; held-lock 195.0] | f_serial=0.713 f_reach=0.039 | parallelize-ceiling 1.40x
2026-08-09 21:14:23.704+09:00 [INFO ] Accepted block ce7074829053e01cdfa0e85863a6df3546d0caf78452a5fb7f88d7a748852c2aef87d90df17f00588eafd8b81a03aa59ef94730e9f1e2b8b1aab0fd6970bbebd via relay
2026-08-09 21:14:24.980+09:00 [INFO ] Accepted block 0dacbd226c26e705217a2bbfb96c4636a7ed091ee37317369c1dd20cde00319a048d907cbb5bffcf7fced65e4966c23bb65c309ea0afae6e701ac31b8f713769 via relay
2026-08-09 21:14:26.854+09:00 [INFO ] Accepted block 31324ef7a0302836de9aabca4f1f0df5c941c918207a6c6fe0506e47473fa8f9c11b89f2a7a85c8c9585a4d46daae1f063389f37c9f801f98bc90c2b4a2c6214 via relay
2026-08-09 21:14:29.617+09:00 [INFO ] Accepted block eb65f15b3ff7238feb78d0ddb5dfd3512f9a93108f4a7faa472d2d19a6119dd5d5948b413afdc53727b16f9cd7133aca5cb6cbe3e39cb36f120e041b4a2691ed via relay
2026-08-09 21:14:30.593+09:00 [INFO ] Processed 4 blocks and 4 headers in the last 10.00s (4 transactions; 4 UTXO-validated blocks; 1.00 parents; 1.00 mergeset; 1.00 TPB; 0.0 mass)
2026-08-09 21:14:30.593+09:00 [INFO ] [ibd-perf] 4 hdrs avg: validate(A,parallelizable) 143.0us | commit(serial) 361.2us [add_block 24.9 + db.write 121.5; held-lock 257.7] | f_serial=0.716 f_reach=0.049 | parallelize-ceiling 1.40x
2026-08-09 21:14:32.526+09:00 [INFO ] Accepted block 0a0306f91c341a805faacdd9cbef8cd63cb9812ea587028953b88b8f2a7604a33ed1248b27e1a88cdcc8ef6a2b3b285ee4a12d38cf098ba59aa17404954f41fb via relay
2026-08-09 21:14:34.802+09:00 [INFO ] Accepted block 844f93e4dd2edb74990fb149c8e5a70224e5988605cf02ed4d80c7480e3275c52be0c2beecb4c7d332a9b64c5c49319d661d190009b9d65cf3445dab0ad69fa5 via relay
2026-08-09 21:14:36.233+09:00 [INFO ] Accepted block 49c6a8c7c1acf65953831f79156e3de25bd8207bca98aff7c0f9642d6298173f4868d98708ee35eb7b1a0bf79b1a6bc1cb27843ae97a1ea2d533343202be9761 via relay
2026-08-09 21:14:38.194+09:00 [INFO ] Accepted block bb02141bd8bcde38befceba6c5c8daae7e77bcd8520b1bfe890e9d1ea894b5e000f92013525f9e4f854a801323d909c4c351858da45e9bd514cacc0c79a289e4 via relay
2026-08-09 21:14:39.491+09:00 [INFO ] Accepted block 4a4632bd341e62b51bbd67ff573bf708f4c35549daa05b126ffe26d4a3255fceae1138d7a69f79005820d490bd16d252281901371bd97c84f50ff4946dad0dea via relay
2026-08-09 21:14:40.594+09:00 [INFO ] Processed 6 blocks and 6 headers in the last 10.00s (6 transactions; 6 UTXO-validated blocks; 1.00 parents; 1.00 mergeset; 1.00 TPB; 0.0 mass)
2026-08-09 21:14:40.594+09:00 [INFO ] [ibd-perf] 6 hdrs avg: validate(A,parallelizable) 140.1us | commit(serial) 322.4us [add_block 19.4 + db.write 145.6; held-lock 257.3] | f_serial=0.697 f_reach=0.042 | parallelize-ceiling 1.43x
2026-08-09 21:14:40.689+09:00 [INFO ] [validator-service] heartbeat: mode=active sink_daa=1648 bond=Active(active=true) active_set=[epoch=16 is_active_validator=true (active_validators=5)] dns_overlay=configured (stage=Active, dns_confirmed=false)
2026-08-09 21:14:40.714+09:00 [INFO ] [validator-service] submitted attestation shard tx d2c97b17720ac2f1ae7ae1f00cf312f4b52b59e4d15059ae3dd6f842c5a107df4f07d060d274c400e2e1c27de99d1db0aea34606350853427f0bcd0a0a53332e for epoch 15
2026-08-09 21:14:40.717+09:00 [INFO ] [validator-service] compute: sortitioned to audit certificate 0d3aadddc76d469575b6981db16b76f8bf21763e01160679e45648eaa7725fa539b9e3b0ca384bb8ab198c06a6677a349d3cdbd9d768ff927206b46ddb128b64 (job 2328ee12041909b10982db737229e441b4be70f39d7e123bb70635d62a1d21fb5e320c46b8a62e613cc0ffbd26303d478ddb80a9dc1a5a5d098238bcdb124df9); replaying — 4 pending
2026-08-09 21:14:40.717+09:00 [INFO ] [validator-service] compute: job finished in 23.084µs
2026-08-09 21:14:40.718+09:00 [INFO ] [validator-service] compute: confirmed certificate 0d3aadddc76d469575b6981db16b76f8bf21763e01160679e45648eaa7725fa539b9e3b0ca384bb8ab198c06a6677a349d3cdbd9d768ff927206b46ddb128b64 — our replay reproduced R_j
2026-08-09 21:14:40.720+09:00 [INFO ] Accepted block 786f63a60e26b01d2bd3a97c385b811d5abe12f1cf2e20b985cea814da5f924b66789d286bf1b121d7ea3ed28ded181efd6f0848f5af790b543e7579b96d2752 via relay
2026-08-09 21:14:43.544+09:00 [INFO ] Accepted block 6491c459e8553a7f07f2cc3c3e5a6dba478ec6a1bbcb568bd8d6f219958788d2c720c0f73dca58d2adb881d16fe187bfddc07f454928c10183f5873172671d5e via relay
2026-08-09 21:14:46.701+09:00 [INFO ] Accepted block eaa75cd9c623c94a13da2b51935accfceb1c14951c62c50566307d5bc185633330ca0c00433cc828095223dc926842078c6dfdc6ebb37232809d193972fed3a9 via relay
2026-08-09 21:14:50.597+09:00 [INFO ] Processed 3 blocks and 3 headers in the last 10.00s (13 transactions; 3 UTXO-validated blocks; 1.00 parents; 1.00 mergeset; 4.33 TPB; 172433.3 mass)
2026-08-09 21:14:50.597+09:00 [INFO ] Tx throughput stats: 1.00 u-tps, 100.00% e-tps (in: 1 via RPC, 8 via P2P, out: 10 via accepted blocks)
2026-08-09 21:14:50.597+09:00 [INFO ] [ibd-perf] 3 hdrs avg: validate(A,parallelizable) 161.6us | commit(serial) 404.8us [add_block 18.1 + db.write 202.4; held-lock 296.4] | f_serial=0.715 f_reach=0.032 | parallelize-ceiling 1.40x
2026-08-09 21:14:50.662+09:00 [INFO ] Accepted block f3c846af57a33b510eee9a0d3b99da4d8aef87cc63421df3a1725e0d2849e470193258f5a5f9770bbb42c97e6fefb749b0e77001dbbbec5397ece9e35a8539a3 via relay
2026-08-09 21:14:52.271+09:00 [INFO ] Accepted block a68038d3bcb04410286412c3f743229bf525a68fdf027f3022ec6b65c338cb3da8cc7130b3263ff45493b5576b6c9c5ee348c2cee6ce94b15fa7707af935ad25 via relay
2026-08-09 21:14:53.692+09:00 [INFO ] Accepted block a01026c6fe76f3af974cd290bf4b5b63f38e402f5a0bfb63963905f5a50a950f60f0323d92c1dc17e39d2336e0ee5d497aaccdf4ae94c0ade7b46dc4d7995982 via relay
2026-08-09 21:14:56.398+09:00 [INFO ] Accepted block 499fea9ec38e30a22a6239aca8ef2a77c4234ab052ec3b831a96cf7b19e8ccad0cefa1b3e0491ae44d7c6fb6830963e7e156f4b364c03a09a3e0b539a67feafc via relay
2026-08-09 21:14:59.634+09:00 [INFO ] Accepted block 312bb7540dafe42f689e105b7f0369c4a9d5b85c78f558a712555c4f30e790b7c3969903eb60eda9f70d45777a1d1b3c0f8cbbe8e9d1429caa7e2678b23eeac2 via relay
2026-08-09 21:15:00.598+09:00 [INFO ] Processed 5 blocks and 5 headers in the last 10.00s (5 transactions; 5 UTXO-validated blocks; 1.00 parents; 1.00 mergeset; 1.00 TPB; 0.0 mass)
2026-08-09 21:15:00.598+09:00 [INFO ] [ibd-perf] 5 hdrs avg: validate(A,parallelizable) 197.3us | commit(serial) 480.7us [add_block 26.0 + db.write 220.6; held-lock 352.9] | f_serial=0.709 f_reach=0.038 | parallelize-ceiling 1.41x
2026-08-09 21:15:01.490+09:00 [INFO ] Accepted block 70833dc91700928f688d0fbd3641db60fef3ab9cfcb031d85b4c338dfd257c20071981e19c5fa93867c73af8d41e78ae39a75f5858eeb57a4ec50433939ab8bf via relay
2026-08-09 21:15:02.799+09:00 [INFO ] Accepted block 09906916b32323d4e8fbb06ca5d3fb9bcf35e19fee9f576c97ca11793fe4a0ae688f09be9a3fa7bbdcf0d36a3b8a8161509d66a276c5f87802aa42ad9b02b8bb via relay
2026-08-09 21:15:03.876+09:00 [INFO ] Accepted block eebd171b863e9fb3580d547ceae0f1cbab53ad0c4bb3dbfaadffbf6ec3537d0099cba78f6a4a6abb2a06965ebe53fee6c41ba9164a128191875deae05b9b1996 via relay
2026-08-09 21:15:05.433+09:00 [INFO ] Accepted block 919470aca777097983a9f7fd97b65c05c5d7ee0bc8b7b2cda786be1ab584d661e473ef0ad4e9f57e54e7eaad3e1ecd07d5bf925779d53c3244940fb056746a9f via relay
2026-08-09 21:15:06.604+09:00 [INFO ] Accepted block 2959434f8da77c2dc36b63aa60b7e17422269aa3e923ab77d01f81bd98d51dd2c05abc6de1cf3baa50d000fd6edebf06596c583e27e2aeeadf811a64e57aee0a via relay
2026-08-09 21:15:07.898+09:00 [INFO ] Accepted block 8a88db0289ca058c67cc57678dd1e4f8dcd7ea4f33bbb376183c2587226291df2a53d98d2d8a1f3ed0b5330ead31b4fb361524f9c6c520162261cfc842ce43e5 via relay
2026-08-09 21:15:10.603+09:00 [INFO ] Processed 5 blocks and 5 headers in the last 10.00s (5 transactions; 5 UTXO-validated blocks; 1.00 parents; 1.00 mergeset; 1.00 TPB; 0.0 mass)
2026-08-09 21:15:10.603+09:00 [INFO ] [ibd-perf] 5 hdrs avg: validate(A,parallelizable) 191.4us | commit(serial) 291.9us [add_block 16.5 + db.write 151.6; held-lock 241.4] | f_serial=0.604 f_reach=0.034 | parallelize-ceiling 1.66x
2026-08-09 21:15:10.724+09:00 [INFO ] [validator-service] heartbeat: mode=active sink_daa=1661 bond=Active(active=true) active_set=[epoch=16 is_active_validator=true (active_validators=5)] dns_overlay=configured (stage=Active, dns_confirmed=false)
2026-08-09 21:15:10.727+09:00 [INFO ] [validator-service] compute: sortitioned to audit certificate 401e6bd1f4471d48b3e2eef2d3d5a15e9dadb24af747cf6c28327c02c288b1ac894262b13c3fa93f4c2743f32fea8d42252ae256012f21f13a0253cf665f33dd (job bee234c483f9f84218a590b49ccf92a574114a9eb8a85e5cf24a70533e9ee54321643eb8699fae4c523ed8b9d86ea87362fe100bafe70a5cb5536b743b2ffb19); replaying — 3 pending
2026-08-09 21:15:10.727+09:00 [INFO ] [validator-service] compute: job finished in 19.708µs
2026-08-09 21:15:10.728+09:00 [INFO ] [validator-service] compute: confirmed certificate 401e6bd1f4471d48b3e2eef2d3d5a15e9dadb24af747cf6c28327c02c288b1ac894262b13c3fa93f4c2743f32fea8d42252ae256012f21f13a0253cf665f33dd — our replay reproduced R_j
2026-08-09 21:15:12.870+09:00 [INFO ] Accepted block 726b6826df722741828e263a3488c8b207c723b61b204e3aee8f06a40d6d460ce5438e0f84570f22c9fb2eee96f5bd407b23bf713d79371246d5c507b736a488 via relay
2026-08-09 21:15:14.912+09:00 [INFO ] Accepted block c3f5c50f12ad4efd726a6684070c33f436fb62ecb07ba9fa47a6e95d64d6baa19e17ddee486ec1abb8311ede4103c6cb0f3fee6d4a8f4384ff44d4c019d0487e via relay
2026-08-09 21:15:16.131+09:00 [INFO ] Accepted block bb709011712a6eec9f917c9095070b5ad972a109f1d64597ba23b93dffc03b4c247bfbf0b1b7f55e81da7f66dd0b1a58bb4b2d2e4f28279ff15371b07a2c7c22 via relay
2026-08-09 21:15:20.606+09:00 [INFO ] Tx throughput stats: 0.50 u-tps, 100.00% e-tps (in: 0 via RPC, 5 via P2P, out: 5 via accepted blocks)
2026-08-09 21:15:20.606+09:00 [INFO ] Processed 3 blocks and 3 headers in the last 10.00s (8 transactions; 3 UTXO-validated blocks; 1.00 parents; 1.00 mergeset; 2.67 TPB; 88766.7 mass)
2026-08-09 21:15:20.606+09:00 [INFO ] [ibd-perf] 3 hdrs avg: validate(A,parallelizable) 164.6us | commit(serial) 376.0us [add_block 23.0 + db.write 198.8; held-lock 327.1] | f_serial=0.696 f_reach=0.043 | parallelize-ceiling 1.44x
2026-08-09 21:15:22.977+09:00 [INFO ] Accepted block c4f487b07f1ee3dd2546e685851beaf964f3d140722432ec781ad12bf9cf71d3c341887c7c458b7653a19800a33727c658bd4b566d5deaf493e782bec138e8ea via relay
2026-08-09 21:15:24.934+09:00 [INFO ] Accepted block ff5597919e429c1ecefd3068a2cba82bbff920b7a06658a0a2c00816608ee659e34bffd9cc2dbb1d081c14b6b5a339ba5a65d5c9d78a130023d6958853727f40 via relay
2026-08-09 21:15:25.936+09:00 [INFO ] Accepted block f54fc7ce64e72b166be332ac3bb5f2755699d0c19aadd3760664ce32506e995489a85eac5fb5dca45b9d5192e8d1ee0924ada55f4dd6d143c07815f36e74648e via relay
2026-08-09 21:15:28.609+09:00 [INFO ] Accepted block 7a9ffd6e43898f3bf856647b86113e62433ba5de8a7dde227f7ed99a572b25954cce0eb5080b3d01148a16aca3890a02dcddef6858961299ade90621c3084679 via relay
2026-08-09 21:15:29.886+09:00 [INFO ] Accepted block fd91df50cdcd1ff62dc69fde673610bd0a9cca76b16acbea18164bf67c579226ffa3da9dfd67396628794492d86840c3bdfbf8c5b814d325fe55a4c46bf68171 via relay
2026-08-09 21:15:30.608+09:00 [INFO ] Processed 5 blocks and 5 headers in the last 10.00s (5 transactions; 5 UTXO-validated blocks; 1.00 parents; 1.00 mergeset; 1.00 TPB; 0.0 mass)
2026-08-09 21:15:30.608+09:00 [INFO ] [ibd-perf] 5 hdrs avg: validate(A,parallelizable) 115.4us | commit(serial) 2285.8us [add_block 14.3 + db.write 110.3; held-lock 2206.8] | f_serial=0.952 f_reach=0.006 | parallelize-ceiling 1.05x
2026-08-09 21:15:31.708+09:00 [INFO ] Accepted block 4b15e379c78847ef0f185a11688b3f7c4b68dac339061f381f49c1d2a4bba72738e6ae218475ff5e6d6d0d42d3a44c4411d318e83294e784bb5c9327e1431e82 via relay
2026-08-09 21:15:33.313+09:00 [INFO ] Accepted block d1497d27b04cd3230246dc859609a4cdab42f76b6e09c0437fa54982e8d08a4253794619f0351b8243807e33c70d1e598d020878fded8844b58a965c4cb96e4f via relay
2026-08-09 21:15:34.564+09:00 [INFO ] Accepted block f643f3401c350163fa63b9e7efe731a12434ab49408f9ff576810fb5f2fc9d80a6e532e09a63bfecabcb65d326a23d5a7d0fa42336bb0e9d6adff84b10bfbc92 via relay
2026-08-09 21:15:36.024+09:00 [INFO ] Accepted block 97963d766169c8ce108a3c3731604a4b519ad637c3f88e74cc241ad8330d2b59733640c5d4b1a8c4713259e64053d862bdee5d44ad830fd9026bd067a81ac868 via relay
2026-08-09 21:15:38.091+09:00 [INFO ] Accepted block 224b3c1e418fc99e6a3b9c3c5a336258c70666417ecf4c60e21c3b64750613c52bc271a5cd42e1459f3482298ba58784dafb6392001106b9a9d4393edff6e3ab via relay
2026-08-09 21:15:39.625+09:00 [INFO ] Accepted block 3376fcb2006a09248b9a97e9aae21f0d42d15fcde03831321cf9daceda90860c2461c00bd0f4d8f6e0eb6b3dad0b49bbd661e043b08617f5a6d6817a2dd647cc via relay
2026-08-09 21:15:40.610+09:00 [INFO ] Processed 6 blocks and 6 headers in the last 10.00s (6 transactions; 6 UTXO-validated blocks; 1.00 parents; 1.00 mergeset; 1.00 TPB; 0.0 mass)
2026-08-09 21:15:40.610+09:00 [INFO ] [ibd-perf] 6 hdrs avg: validate(A,parallelizable) 125.0us | commit(serial) 404.8us [add_block 17.4 + db.write 124.2; held-lock 251.4] | f_serial=0.764 f_reach=0.033 | parallelize-ceiling 1.31x
2026-08-09 21:15:40.734+09:00 [INFO ] [validator-service] heartbeat: mode=active sink_daa=1675 bond=Active(active=true) active_set=[epoch=16 is_active_validator=true (active_validators=5)] dns_overlay=configured (stage=Active, dns_confirmed=false)
2026-08-09 21:15:40.745+09:00 [INFO ] [validator-service] compute: sortitioned to audit certificate 5ddf84538cb64a8bbef12d231a628958cd903ff4db269fc134168245a62a9e30d7b88e447334257d2fed8c12a2e3c3e89fa0b69929a84160efbf443bbc254aa6 (job f4b3b6085ef2e6479bfd2ec854682ef49496d2017c9d497ff3e781a7868a801139384140588c3caf1be8d5627d594c28732bfeb7a1577b45a84f960ee71f0874); replaying — 2 pending
2026-08-09 21:15:40.745+09:00 [INFO ] [validator-service] compute: job finished in 25.5µs
2026-08-09 21:15:40.751+09:00 [INFO ] [validator-service] compute: confirmed certificate 5ddf84538cb64a8bbef12d231a628958cd903ff4db269fc134168245a62a9e30d7b88e447334257d2fed8c12a2e3c3e89fa0b69929a84160efbf443bbc254aa6 — our replay reproduced R_j
2026-08-09 21:15:41.989+09:00 [INFO ] Accepted block 7704c1dfa3ce8fd319f23ebac537c0bd1ee1709b1fcf97a6988395b8cf4f8f68d149f1cfedc4a080e5ce1b152321bfb703cec8783df5a140994474b7a98483f8 via relay
2026-08-09 21:15:43.390+09:00 [INFO ] Accepted block 457f12dd485382282ec0fddd2c284c7be9db9cb8387c827b5d7d74a27b7b10188fa2f2c5ca376e1a3dd391d37dbf4b5ee29f04329b71558929c2b737dc6db551 via relay
2026-08-09 21:15:45.525+09:00 [INFO ] Accepted block 44a26b810789a55392b1882e2aa577fd879d38da6bf0e5460d5a0415d1c05eab31a9aaa7e37b37d777161664a7f94a116e28ccd8903b6adf7bcb2908e9d951a4 via relay
2026-08-09 21:15:46.797+09:00 [INFO ] Accepted block f07ce4373171aacb344963bf6ad872772764398aab123ecba1056af31da5fb8aefb360f1f06391b8ce85c32e11146762b4bf97e8d6c6ce89232b5a2fc5c732d2 via relay
2026-08-09 21:15:50.578+09:00 [INFO ] Accepted block 06f8542456d5ebbf8792eefcef6ebfe2dbc25ccb81a35fceef26f00306cada841cbb277b83dc79e686c8cbf387c3b150e1cc42b872312cb21c84b0c0518aa95e via relay
2026-08-09 21:15:50.611+09:00 [INFO ] Processed 5 blocks and 5 headers in the last 10.00s (10 transactions; 5 UTXO-validated blocks; 1.00 parents; 1.00 mergeset; 2.00 TPB; 53260.0 mass)
2026-08-09 21:15:50.611+09:00 [INFO ] Tx throughput stats: 0.50 u-tps, 100.00% e-tps (in: 0 via RPC, 4 via P2P, out: 5 via accepted blocks)
2026-08-09 21:15:50.612+09:00 [INFO ] [ibd-perf] 5 hdrs avg: validate(A,parallelizable) 127.1us | commit(serial) 242.3us [add_block 14.9 + db.write 120.2; held-lock 208.1] | f_serial=0.656 f_reach=0.040 | parallelize-ceiling 1.52x
2026-08-09 21:15:52.197+09:00 [INFO ] Accepted block 4c408695b312e289eb021049bd57d1446d3856277cf0ea84c262dc914c88e14b08b167603db549c7833efc4527dbdde705d6dad99680c7556f6fe12c63e5da00 via relay
2026-08-09 21:15:53.275+09:00 [INFO ] Accepted block 6def7650dc9833e13e45cb6c8f28d1c05b3fb23d3de6aa74188f850179b03f97a56150a437b43931398055eae86a022a88f32c870f7d5d795f99d14e9fcebdd7 via relay
2026-08-09 21:15:54.878+09:00 [INFO ] Accepted block fb031c5718b0fb1e618ba65db1d25e26b728ce5c7dc6a702a83f2d4890200b367fcbdee5a7d57045f4afdd3678a0ed214374cdafb7a3229c8e0837eb0edf9965 via relay
2026-08-09 21:15:56.284+09:00 [INFO ] Accepted block 4a18e3e8be460b09f82e5b5957ae7a7044f8c9102047a0ccc0e1082eba2f4a9c568d1cfd1b1238bcd9cf29b4e488adcc7e3664575dc606ff27db2ed5f3c6a0e8 via relay
2026-08-09 21:15:57.409+09:00 [INFO ] Accepted block 3471192ad6001aaa81b16f4234bbe96f590c68989be57df30160c3da24f9c4e940308b4432ceeb348e0b037e39321de15504f5d6431cb4eea6ae4919fb702707 via relay
