2026-08-09 22:38:12.752+09:00 [INFO ] kaspad v1.1.0-c856839
2026-08-09 22:38:12.752+09:00 [INFO ] Application directory: /Users/wata/Downloads/MISAKA-testnet/.misaka-vlt-devnet-3/node-5
2026-08-09 22:38:12.752+09:00 [INFO ] Data directory: /Users/wata/Downloads/MISAKA-testnet/.misaka-vlt-devnet-3/node-5/misaka-devnet/datadir
2026-08-09 22:38:12.752+09:00 [INFO ] Logs directory: /Users/wata/Downloads/MISAKA-testnet/.misaka-vlt-devnet-3/node-5/misaka-devnet/logs
2026-08-09 22:38:12.752+09:00 [INFO ] Utxoindex Data directory /Users/wata/Downloads/MISAKA-testnet/.misaka-vlt-devnet-3/node-5/misaka-devnet/datadir/utxoindex
2026-08-09 22:38:12.755+09:00 [INFO ] P2P bootstrap: DNS seed disabled (--nodnsseed) — using explicit peers + the address manager
2026-08-09 22:38:12.758+09:00 [WARN ] [vlt-state] none -> pre_shadow at daa=0
2026-08-09 22:38:12.759+09:00 [INFO ] Importing the UTXO set of the pruning point c31bfae8fc7a45010d6aab0e38ebdcce1e87b1444eb9aac6ed2d00de7f286aa6785eb88416b7e7b3c4b46750c2ae9e17bfa6e9f0312a4db82eb5652f17674f12
2026-08-09 22:38:12.761+09:00 [INFO ] Resyncing the utxoindex...
2026-08-09 22:38:12.761+09:00 [INFO ] [UPnP] Attempting to register upnp... (to disable run the node with --disable-upnp)
2026-08-09 22:38:22.763+09:00 [WARN ] [UPnP] Error adding port mapping: IO error: Resource temporarily unavailable (os error 35)
2026-08-09 22:38:22.763+09:00 [INFO ] MISAKA node endpoints (network devnet):
2026-08-09 22:38:22.763+09:00 [INFO ]   P2P:             127.0.0.1:17161   node-to-node only (not RPC)
2026-08-09 22:38:22.763+09:00 [INFO ]   node-grpc:       127.0.0.1:17160   miner / low-level node RPC
2026-08-09 22:38:22.763+09:00 [INFO ]   node-wrpc-borsh: 127.0.0.1:17162   validator / wallet / operator
2026-08-09 22:38:22.763+09:00 [INFO ]   node-wrpc-json:  disabled   explorer / browser
2026-08-09 22:38:22.763+09:00 [INFO ]   evm-rpc-http:    disabled   Ethereum JSON-RPC (EVM lane)
2026-08-09 22:38:22.763+09:00 [INFO ] Startup pruning recovery deferred (consensus transitional or catching up); the pruning worker will retry on its first message
2026-08-09 22:38:22.764+09:00 [INFO ] GRPC Server starting on: 127.0.0.1:17160
2026-08-09 22:38:22.764+09:00 [INFO ] P2P Server starting on: 127.0.0.1:17161
2026-08-09 22:38:22.764+09:00 [INFO ] WRPC Server starting on: 127.0.0.1:17162
2026-08-09 22:38:22.765+09:00 [INFO ] Registering p2p flows for peer 127.0.0.1:17151 for protocol version 102
2026-08-09 22:38:22.765+09:00 [INFO ] P2P Connected to outgoing peer 127.0.0.1:17151 (outbound: 1)
2026-08-09 22:38:22.765+09:00 [INFO ] Registering p2p flows for peer 127.0.0.1:17111 for protocol version 102
2026-08-09 22:38:22.765+09:00 [INFO ] P2P Connected to outgoing peer 127.0.0.1:17111 (outbound: 2)
2026-08-09 22:38:22.766+09:00 [INFO ] Registering p2p flows for peer 127.0.0.1:17131 for protocol version 102
2026-08-09 22:38:22.766+09:00 [INFO ] P2P Connected to outgoing peer 127.0.0.1:17131 (outbound: 3)
2026-08-09 22:38:22.766+09:00 [INFO ] IBD started with peer 127.0.0.1:17151
2026-08-09 22:38:22.766+09:00 [INFO ] Registering p2p flows for peer 127.0.0.1:17121 for protocol version 102
2026-08-09 22:38:22.766+09:00 [INFO ] P2P Connected to outgoing peer 127.0.0.1:17121 (outbound: 4)
2026-08-09 22:38:22.767+09:00 [INFO ] Registering p2p flows for peer 127.0.0.1:17141 for protocol version 102
2026-08-09 22:38:22.767+09:00 [INFO ] P2P Connected to outgoing peer 127.0.0.1:17141 (outbound: 5)
2026-08-09 22:38:22.768+09:00 [INFO ] current sink is:c31bfae8fc7a45010d6aab0e38ebdcce1e87b1444eb9aac6ed2d00de7f286aa6785eb88416b7e7b3c4b46750c2ae9e17bfa6e9f0312a4db82eb5652f17674f12
2026-08-09 22:38:22.768+09:00 [INFO ] current pruning point is:c31bfae8fc7a45010d6aab0e38ebdcce1e87b1444eb9aac6ed2d00de7f286aa6785eb88416b7e7b3c4b46750c2ae9e17bfa6e9f0312a4db82eb5652f17674f12
2026-08-09 22:38:22.768+09:00 [INFO ] syncing ahead from current pruning point
2026-08-09 22:38:22.925+09:00 [INFO ] IBD: Processed 1025 block headers (41%) last block timestamp: 2026-08-09 22:07:06.000:+0900
2026-08-09 22:38:23.067+09:00 [INFO ] IBD: Processed 2050 block headers (83%) last block timestamp: 2026-08-09 22:27:47.000:+0900
2026-08-09 22:38:23.126+09:00 [INFO ] IBD: Processed 2469 block headers (100%)
2026-08-09 22:38:23.131+09:00 [INFO ] IBD: 2469 missing block bodies to sync from peer 127.0.0.1:17151 (header sync is already complete; this is the body phase)
2026-08-09 22:38:23.161+09:00 [INFO ] IBD: Processed 99 block bodies (3%) last block timestamp: 2026-08-09 22:00:15.000:+0900
2026-08-09 22:38:23.274+09:00 [INFO ] [vlt-credit] swept 0 capability declaration(s) out of history into the capability store
2026-08-09 22:38:23.274+09:00 [INFO ] [vlt-shadow] sink_daa=296 0 validator(s) with credit; 0/2 epoch(s) would reach quorum; newest epoch Some(1): W(E)=0 signed=0 snapshot_root=970d4e2e157ce77eb10f5572edf63272692c8ef59c0413ff73ab222e56a8c0487c090fb4cb7f1e45fc9d14bc7388d567850cb39ff126142c824ad4a1a98d8091 — the weight fence is at 18446744073709551615
2026-08-09 22:38:23.274+09:00 [WARN ] [vlt-state] pre_shadow -> shadow at daa=296
2026-08-09 22:38:23.302+09:00 [INFO ] EVM lane KPI (O9): 256 chain blocks, avg mergeset 1.27, avg accepted-gas utilization 0.00%, 0 deposit-claims applied (cumulative)
2026-08-09 22:38:23.394+09:00 [INFO ] [vlt-shadow] sink_daa=395 0 validator(s) with credit; 0/3 epoch(s) would reach quorum; newest epoch Some(2): W(E)=0 signed=0 snapshot_root=7223132f707c238b8d5ccbbcfaf22895367b5e2da7ac7779eade05b5e4f7f9db7a33fe22a7ff4c048c3ff305dde5373788c5251fbf77dbbc704eaa158d445f1b — the weight fence is at 18446744073709551615
2026-08-09 22:38:23.560+09:00 [INFO ] [vlt-shadow] sink_daa=494 0 validator(s) with credit; 0/4 epoch(s) would reach quorum; newest epoch Some(3): W(E)=0 signed=0 snapshot_root=4e58544724524f8b7582231b245e3746e2be1b30c891a0919057368ba8b2f3426d1445f96236c59290b6ee3c61fe7258036289b3251df16d6672773c360c3907 — the weight fence is at 18446744073709551615
2026-08-09 22:38:23.728+09:00 [INFO ] EVM lane KPI (O9): 512 chain blocks, avg mergeset 1.15, avg accepted-gas utilization 0.00%, 0 deposit-claims applied (cumulative)
2026-08-09 22:38:23.753+09:00 [INFO ] [vlt-shadow] sink_daa=593 0 validator(s) with credit; 0/5 epoch(s) would reach quorum; newest epoch Some(4): W(E)=0 signed=0 snapshot_root=83356429fb588a4da5bdfcad0138f9d0ddd6b630bb74a34c3485b1903d078935d9a2c06e2cabd37a492255c999b1ec549b0e399ff6bf7d3d6c61cd18fa48c3f5 — the weight fence is at 18446744073709551615
2026-08-09 22:38:23.966+09:00 [INFO ] [vlt-shadow] sink_daa=692 0 validator(s) with credit; 0/6 epoch(s) would reach quorum; newest epoch Some(5): W(E)=0 signed=0 snapshot_root=43cc4bd4b5d8a4832c608f9b70859cd0b87e32613b8614a6d506cbab696ebe10154f68964d71c275a7acd46972461a6edd33f504908b6cb8eba68ddfdfdfc7ed — the weight fence is at 18446744073709551615
2026-08-09 22:38:23.966+09:00 [INFO ] IBD: Processed 693 block bodies (28%) last block timestamp: 2026-08-09 22:04:27.000:+0900
2026-08-09 22:38:24.204+09:00 [INFO ] [vlt-shadow] sink_daa=791 0 validator(s) with credit; 0/7 epoch(s) would reach quorum; newest epoch Some(6): W(E)=0 signed=0 snapshot_root=c67fe6c9c84d9992256909a37cf14689b3a24ddf36da1d8de9369b86b0963f1ce159108bb44d453cfed6bb659305e6407995109eacf35f7334efaa3648c97331 — the weight fence is at 18446744073709551615
2026-08-09 22:38:24.357+09:00 [INFO ] EVM lane KPI (O9): 768 chain blocks, avg mergeset 1.11, avg accepted-gas utilization 0.00%, 0 deposit-claims applied (cumulative)
2026-08-09 22:38:24.477+09:00 [INFO ] [vlt-shadow] sink_daa=890 0 validator(s) with credit; 0/8 epoch(s) would reach quorum; newest epoch Some(7): W(E)=0 signed=0 snapshot_root=b6098d95b89087f2bac286ee5e344be2ee1d140a10ae86ad7f22886bd411a8cb729ec39c70494486417170fdab909e8d9d9be84782b2734efbec7c1fe392cece — the weight fence is at 18446744073709551615
2026-08-09 22:38:24.773+09:00 [INFO ] [vlt-shadow] sink_daa=989 0 validator(s) with credit; 0/9 epoch(s) would reach quorum; newest epoch Some(8): W(E)=0 signed=0 snapshot_root=ee70f02309d39f577f9faad10734be810ba2da69bc7e7d702407ac63a6b981cf11f8e5600dc6c0d353d74cf17c02745f48f228f2431fe88ca1b94df5609e05f0 — the weight fence is at 18446744073709551615
2026-08-09 22:38:25.100+09:00 [INFO ] [vlt-shadow] sink_daa=1088 0 validator(s) with credit; 0/10 epoch(s) would reach quorum; newest epoch Some(9): W(E)=0 signed=0 snapshot_root=e7e854823f543aba055b2fe8bbdc3f7e93f43bd2896cf9a5abbe4a384239deeb0e37e70b9c54c51fbcabb12eb7a4f8b558b871cf6219aafe3e912354847e4026 — the weight fence is at 18446744073709551615
2026-08-09 22:38:25.219+09:00 [INFO ] EVM lane KPI (O9): 1024 chain blocks, avg mergeset 1.10, avg accepted-gas utilization 0.00%, 0 deposit-claims applied (cumulative)
2026-08-09 22:38:25.484+09:00 [INFO ] [vlt-shadow] sink_daa=1187 0 validator(s) with credit; 0/11 epoch(s) would reach quorum; newest epoch Some(10): W(E)=0 signed=0 snapshot_root=e562d18ceb78d91d88499d1f985070b62432ece46b9356250ceaaaaabcdfa62824867a9467c5ca8bed0920c59b1745fdf3add1c703b5796c4f2ac7c6cb2f7d17 — the weight fence is at 18446744073709551615
2026-08-09 22:38:25.883+09:00 [INFO ] [vlt-shadow] sink_daa=1286 0 validator(s) with credit; 0/12 epoch(s) would reach quorum; newest epoch Some(11): W(E)=0 signed=0 snapshot_root=78150ca7ea31c4446794dfdef30fe7358aec3d9bd25c76bc8165167d7367f74460afb4428e28e15d4e9d3af6081878b618ddf0d08c514fc2bab9f74f65131ba2 — the weight fence is at 18446744073709551615
2026-08-09 22:38:25.883+09:00 [INFO ] IBD: Processed 1287 block bodies (52%) last block timestamp: 2026-08-09 22:09:24.000:+0900
2026-08-09 22:38:26.269+09:00 [INFO ] EVM lane KPI (O9): 1280 chain blocks, avg mergeset 1.08, avg accepted-gas utilization 0.00%, 0 deposit-claims applied (cumulative)
2026-08-09 22:38:26.321+09:00 [INFO ] [vlt-shadow] sink_daa=1385 0 validator(s) with credit; 0/13 epoch(s) would reach quorum; newest epoch Some(12): W(E)=0 signed=0 snapshot_root=267e82d9592436358240901c5f3c89caef8bfe17a4d9afa63b415561b961c79f2a220364c427baf614cb10c5813de1b571e3fb9515152ce07aefb323bc6996a4 — the weight fence is at 18446744073709551615
2026-08-09 22:38:26.321+09:00 [INFO ] [stake-score] sink=e78b3a02f06f92e1070f0ece0df611e7a31450b4b00b7e219169df143e3383cb0c1cd9af66684a0c8babfe23da8a8f1da7bfb9210e1bb9154d62bc9aaf912c72 sink_blue=1386 credited 2 attestation(s) over 13 ready epoch(s) → stake_depth=1000000000 (rollout=Active, health=Active)
2026-08-09 22:38:26.989+09:00 [INFO ] [vlt-shadow] sink_daa=1484 0 validator(s) with credit; 0/14 epoch(s) would reach quorum; newest epoch Some(13): W(E)=0 signed=0 snapshot_root=fdecd0035ae84a0666a0b565fa56462b317c76c44559af1b0cbbc937447a49d17e24bc2fb4e0586355255a48bf1c228f263e50bfa9be8e96776ec7a98313b72f — the weight fence is at 18446744073709551615
2026-08-09 22:38:26.989+09:00 [INFO ] [stake-score] sink=55e1e1cbb406590fbe6c4f5bb735b0fb0d85d69ce0349a95ada2783a28fe5e9745f28b6de7dc707c146272b4baa4574c8e19003b8d59cef4a3dbc23d04426bfe sink_blue=1485 credited 9 attestation(s) over 14 ready epoch(s) → stake_depth=3000000000 (rollout=Active, health=Active)
2026-08-09 22:38:27.641+09:00 [INFO ] [vlt-credit] 5 certificate(s) in the window, none credited: epoch_anchor_not_ready=5
2026-08-09 22:38:27.641+09:00 [INFO ] [vlt-credit-skipped] certificate=3d22df96f14e439bbc263b171bbd5b33801172800565717d8cea3a29a0f73b9d2bcab1fd3fc4b355fa01575a2291905b2d626d83e3b3e9a3c696e76db1908808 executor=db30df932447de4f8443c301ee6ff68124d47e154c057bb79a58e7116c0fbcf8c1e2c53726f54672269345f004b6b10a49256c2d63c99bca1743b845c140c230 certificate_epoch=15 reason=epoch_anchor_not_ready (not yet)
2026-08-09 22:38:27.641+09:00 [INFO ] [vlt-credit-skipped] certificate=692908b085ca245890cee4e4242ac4b0d48994dee328bd339fa4e00f5beb3735ef4573dcf06da882071088c18a80566a40e37829e4bd448d8b8ab34f127c539f executor=fc61569c056a235bdf4b867bf82e0cf9b962a3b81998e0d70d2cbbed78f6d8b53bc1e337a2d3d6d179e7064b6303bf3b64ab939f46fb79eb631b1e1c3dd23e96 certificate_epoch=15 reason=epoch_anchor_not_ready (not yet)
2026-08-09 22:38:27.641+09:00 [INFO ] [vlt-credit-skipped] certificate=afbf8511e0b7fbce38e238790afe9b4c7cb4c584dadd224e4ab63ebc31f5f5bf730010ee3a3782e03f6be45e047d714a2f135edf864ba844c3d8d3165a3f7303 executor=e5d740aefce9958bb9b456536acacff111e7bb1bfbbed1d055b48fee072f1e9ac1de7624c9d764de07e750daf5726e39befb8a442fa6fe84d022e915d40fa418 certificate_epoch=15 reason=epoch_anchor_not_ready (not yet)
2026-08-09 22:38:27.641+09:00 [INFO ] [vlt-credit-skipped] certificate=2962bb362c82c4372a777bd0d1510a284ba09a2dc2e1c5886585cec98def1e073bec9d1da3f7dcc72f23fe48c5168514e53045a08464463014dc0a00f2a3df04 executor=e2f3f5d235ba8fbea02522611d7e14a8cd977eab74777a1f8a0cada8160800ee137461e28c04b3521424dc090c14742ff4a119e35c1ae20d7dc2a6a3a85a2975 certificate_epoch=15 reason=epoch_anchor_not_ready (not yet)
2026-08-09 22:38:27.641+09:00 [INFO ] [vlt-credit-skipped] certificate=9bc161654f9232459bf806b64ed63d925c2987737cd20a10291efcc2f6fc5e82c768360bdc419816d2d84b057055de151bcbcab0e1480e0ea85f2e0a464c012c executor=27f58b41d8a8d47755075fdda7b44b3742085fd74ae17157604da1e9718ad810412bbd29ac53efa46c8f29e4cfd8fcee6659e7194aa0bf13b0a53eb8deb28313 certificate_epoch=15 reason=epoch_anchor_not_ready (not yet)
2026-08-09 22:38:27.644+09:00 [INFO ] [vlt-shadow] sink_daa=1583 0 validator(s) with credit; 0/15 epoch(s) would reach quorum; newest epoch Some(14): W(E)=0 signed=0 snapshot_root=9ae2af43d7a7c7684b4b12310942bc147d02ea2cb9ff65a7ed5285a3e8c1093b5f3a3afded702b657cc038925a778eeb7ed082894737d2294c72318d8a195232 — the weight fence is at 18446744073709551615
2026-08-09 22:38:27.644+09:00 [INFO ] [stake-score] sink=faa72c7fe953b424cc454973922e2e4fea13fe3fa5021f2896ab39b9f76c840611bda3e7e87ed512a2275a193ea6ae8eb561188e1530c06d775e580fa22fe048 sink_blue=1584 credited 14 attestation(s) over 15 ready epoch(s) → stake_depth=4000000000 (rollout=Active, health=Active)
2026-08-09 22:38:27.981+09:00 [INFO ] EVM lane KPI (O9): 1536 chain blocks, avg mergeset 1.07, avg accepted-gas utilization 0.00%, 0 deposit-claims applied (cumulative)
2026-08-09 22:38:28.473+09:00 [INFO ] [vlt-credit] 5 certificate(s) in the window, none credited: not_verified=5
2026-08-09 22:38:28.473+09:00 [INFO ] [vlt-credit-skipped] certificate=3d22df96f14e439bbc263b171bbd5b33801172800565717d8cea3a29a0f73b9d2bcab1fd3fc4b355fa01575a2291905b2d626d83e3b3e9a3c696e76db1908808 executor=db30df932447de4f8443c301ee6ff68124d47e154c057bb79a58e7116c0fbcf8c1e2c53726f54672269345f004b6b10a49256c2d63c99bca1743b845c140c230 certificate_epoch=15 reason=not_verified (not yet)
2026-08-09 22:38:28.473+09:00 [INFO ] [vlt-credit-skipped] certificate=692908b085ca245890cee4e4242ac4b0d48994dee328bd339fa4e00f5beb3735ef4573dcf06da882071088c18a80566a40e37829e4bd448d8b8ab34f127c539f executor=fc61569c056a235bdf4b867bf82e0cf9b962a3b81998e0d70d2cbbed78f6d8b53bc1e337a2d3d6d179e7064b6303bf3b64ab939f46fb79eb631b1e1c3dd23e96 certificate_epoch=15 reason=not_verified (not yet)
2026-08-09 22:38:28.473+09:00 [INFO ] [vlt-credit-skipped] certificate=afbf8511e0b7fbce38e238790afe9b4c7cb4c584dadd224e4ab63ebc31f5f5bf730010ee3a3782e03f6be45e047d714a2f135edf864ba844c3d8d3165a3f7303 executor=e5d740aefce9958bb9b456536acacff111e7bb1bfbbed1d055b48fee072f1e9ac1de7624c9d764de07e750daf5726e39befb8a442fa6fe84d022e915d40fa418 certificate_epoch=15 reason=not_verified (not yet)
2026-08-09 22:38:28.473+09:00 [INFO ] [vlt-credit-skipped] certificate=2962bb362c82c4372a777bd0d1510a284ba09a2dc2e1c5886585cec98def1e073bec9d1da3f7dcc72f23fe48c5168514e53045a08464463014dc0a00f2a3df04 executor=e2f3f5d235ba8fbea02522611d7e14a8cd977eab74777a1f8a0cada8160800ee137461e28c04b3521424dc090c14742ff4a119e35c1ae20d7dc2a6a3a85a2975 certificate_epoch=15 reason=not_verified (not yet)
2026-08-09 22:38:28.473+09:00 [INFO ] [vlt-credit-skipped] certificate=9bc161654f9232459bf806b64ed63d925c2987737cd20a10291efcc2f6fc5e82c768360bdc419816d2d84b057055de151bcbcab0e1480e0ea85f2e0a464c012c executor=27f58b41d8a8d47755075fdda7b44b3742085fd74ae17157604da1e9718ad810412bbd29ac53efa46c8f29e4cfd8fcee6659e7194aa0bf13b0a53eb8deb28313 certificate_epoch=15 reason=not_verified (not yet)
2026-08-09 22:38:28.477+09:00 [INFO ] [vlt-shadow] sink_daa=1682 0 validator(s) with credit; 0/14 epoch(s) would reach quorum; newest epoch Some(15): W(E)=0 signed=0 snapshot_root=429393af8ce191ec6e0af320f1e9fec629d3ef2aaa34c96598bbc731171d4de8dcdb0f0a3912f9ff04be4e74a6fcd13e7588148379de770a695fa8d44bb8051c — the weight fence is at 18446744073709551615
2026-08-09 22:38:28.477+09:00 [INFO ] [stake-score] sink=27e76771333d99de82d335f0508e867579d0e8db8315bc418f2bd71738c03765bb0f8036aa81d5d0bb5721086afe9d8203323af7b84ca9bd4e0c16b6f975a703 sink_blue=1683 credited 19 attestation(s) over 14 ready epoch(s) → stake_depth=5000000000 (rollout=Active, health=Active)
2026-08-09 22:38:28.480+09:00 [INFO ] IBD: Processed 1683 block bodies (68%) last block timestamp: 2026-08-09 22:18:36.000:+0900
2026-08-09 22:38:29.683+09:00 [INFO ] [vlt-credit] 10 certificate(s) in the window, none credited: epoch_anchor_not_ready=5 not_verified=5
2026-08-09 22:38:29.683+09:00 [INFO ] [vlt-credit-skipped] certificate=210d555bab7ee56a0c74586e8f1a8de4a06498d650a238bf77b0d2c5259b635eaa863fc005458340f9a598b3d983f5127bdf240ac78181be139e2fa4f95acf43 executor=e2f3f5d235ba8fbea02522611d7e14a8cd977eab74777a1f8a0cada8160800ee137461e28c04b3521424dc090c14742ff4a119e35c1ae20d7dc2a6a3a85a2975 certificate_epoch=17 reason=epoch_anchor_not_ready (not yet)
2026-08-09 22:38:29.683+09:00 [INFO ] [vlt-credit-skipped] certificate=8904ce7df12bfe0e4cb25b922e632892a770d986394c3b28f230938f9c673cad307a178b3f3b54c0f4ab50867584be628209f665eac234734723ed1cc76c3804 executor=e5d740aefce9958bb9b456536acacff111e7bb1bfbbed1d055b48fee072f1e9ac1de7624c9d764de07e750daf5726e39befb8a442fa6fe84d022e915d40fa418 certificate_epoch=17 reason=epoch_anchor_not_ready (not yet)
2026-08-09 22:38:29.683+09:00 [INFO ] [vlt-credit-skipped] certificate=a2e31eb1c4f4d185b0acc4936205457a9c6f8a7a2fe80301342e748d60b5ad7a8ae45ecf6ee2a2fa137a87b680e25db0e0fce7cda4c2aa2ecd5a7c85d71f2840 executor=db30df932447de4f8443c301ee6ff68124d47e154c057bb79a58e7116c0fbcf8c1e2c53726f54672269345f004b6b10a49256c2d63c99bca1743b845c140c230 certificate_epoch=17 reason=epoch_anchor_not_ready (not yet)
2026-08-09 22:38:29.683+09:00 [INFO ] [vlt-credit-skipped] certificate=a94afa9beb0ebd6fe8da76146105b5b697441d2214de12bf22a76fca8d7f4b30a5e5a146db0898ab8ff71347b09143dde70026f521a1920da1b672975d48e7ef executor=fc61569c056a235bdf4b867bf82e0cf9b962a3b81998e0d70d2cbbed78f6d8b53bc1e337a2d3d6d179e7064b6303bf3b64ab939f46fb79eb631b1e1c3dd23e96 certificate_epoch=17 reason=epoch_anchor_not_ready (not yet)
2026-08-09 22:38:29.683+09:00 [INFO ] [vlt-credit-skipped] certificate=e92f93264c4d5e55c6f6ddd9b29f749ee666c809dedc9bfbc288b2130654bc0d1ee34e1e485c50afb49708a37173170996061229c75bf54fc519d5a885eebd50 executor=27f58b41d8a8d47755075fdda7b44b3742085fd74ae17157604da1e9718ad810412bbd29ac53efa46c8f29e4cfd8fcee6659e7194aa0bf13b0a53eb8deb28313 certificate_epoch=17 reason=epoch_anchor_not_ready (not yet)
2026-08-09 22:38:29.683+09:00 [INFO ] [vlt-credit-skipped] certificate=3d22df96f14e439bbc263b171bbd5b33801172800565717d8cea3a29a0f73b9d2bcab1fd3fc4b355fa01575a2291905b2d626d83e3b3e9a3c696e76db1908808 executor=db30df932447de4f8443c301ee6ff68124d47e154c057bb79a58e7116c0fbcf8c1e2c53726f54672269345f004b6b10a49256c2d63c99bca1743b845c140c230 certificate_epoch=15 reason=not_verified (not yet)
2026-08-09 22:38:29.683+09:00 [INFO ] [vlt-credit-skipped] certificate=692908b085ca245890cee4e4242ac4b0d48994dee328bd339fa4e00f5beb3735ef4573dcf06da882071088c18a80566a40e37829e4bd448d8b8ab34f127c539f executor=fc61569c056a235bdf4b867bf82e0cf9b962a3b81998e0d70d2cbbed78f6d8b53bc1e337a2d3d6d179e7064b6303bf3b64ab939f46fb79eb631b1e1c3dd23e96 certificate_epoch=15 reason=not_verified (not yet)
2026-08-09 22:38:29.683+09:00 [INFO ] [vlt-credit-skipped] certificate=afbf8511e0b7fbce38e238790afe9b4c7cb4c584dadd224e4ab63ebc31f5f5bf730010ee3a3782e03f6be45e047d714a2f135edf864ba844c3d8d3165a3f7303 executor=e5d740aefce9958bb9b456536acacff111e7bb1bfbbed1d055b48fee072f1e9ac1de7624c9d764de07e750daf5726e39befb8a442fa6fe84d022e915d40fa418 certificate_epoch=15 reason=not_verified (not yet)
2026-08-09 22:38:29.683+09:00 [INFO ] [vlt-credit-skipped] certificate=2962bb362c82c4372a777bd0d1510a284ba09a2dc2e1c5886585cec98def1e073bec9d1da3f7dcc72f23fe48c5168514e53045a08464463014dc0a00f2a3df04 executor=e2f3f5d235ba8fbea02522611d7e14a8cd977eab74777a1f8a0cada8160800ee137461e28c04b3521424dc090c14742ff4a119e35c1ae20d7dc2a6a3a85a2975 certificate_epoch=15 reason=not_verified (not yet)
2026-08-09 22:38:29.683+09:00 [INFO ] [vlt-credit-skipped] certificate=9bc161654f9232459bf806b64ed63d925c2987737cd20a10291efcc2f6fc5e82c768360bdc419816d2d84b057055de151bcbcab0e1480e0ea85f2e0a464c012c executor=27f58b41d8a8d47755075fdda7b44b3742085fd74ae17157604da1e9718ad810412bbd29ac53efa46c8f29e4cfd8fcee6659e7194aa0bf13b0a53eb8deb28313 certificate_epoch=15 reason=not_verified (not yet)
2026-08-09 22:38:29.688+09:00 [INFO ] [vlt-shadow] sink_daa=1781 0 validator(s) with credit; 0/14 epoch(s) would reach quorum; newest epoch Some(16): W(E)=0 signed=0 snapshot_root=cdfb951691261634fb8fc60e9095417d098b9316635a244bd6868f2b7c2dc7fc358f515db79f2230b5da66e85d276149a5f571d84742f8832c11d8050f7707e1 — the weight fence is at 18446744073709551615
2026-08-09 22:38:29.688+09:00 [INFO ] [stake-score] sink=fe0a8b564c5a58bc6c7a6d12e6f49e3f342618cedfd0bfe979bac612616ee4005c28704812c67b5caa8c1c4130b31448688658c6ccd871f37866f631ffde99c0 sink_blue=1782 credited 24 attestation(s) over 14 ready epoch(s) → stake_depth=6000000000 (rollout=Active, health=Active)
2026-08-09 22:38:30.411+09:00 [WARN ] [coinbase-mismatch] outputs act=4 exp=4; first diff @2: value_eq=true script_eq=false payload_eq=true (act_value=50000000 exp_value=50000000)
2026-08-09 22:38:30.411+09:00 [INFO ] Block 42684f813cf6029ec162cf41a6dafe8813d3c2f3fc4b4c887fab920e599d47a18fb7b56d933a388e0fb67d8fc975c471765faff100c59ee4da9216ee99ee2fc2 is disqualified from virtual chain: coinbase transaction is not built as expected
2026-08-09 22:38:30.665+09:00 [INFO ] [vlt-credit] 10 certificate(s) in the window, none credited: not_verified=10
2026-08-09 22:38:30.665+09:00 [INFO ] [vlt-credit-skipped] certificate=210d555bab7ee56a0c74586e8f1a8de4a06498d650a238bf77b0d2c5259b635eaa863fc005458340f9a598b3d983f5127bdf240ac78181be139e2fa4f95acf43 executor=e2f3f5d235ba8fbea02522611d7e14a8cd977eab74777a1f8a0cada8160800ee137461e28c04b3521424dc090c14742ff4a119e35c1ae20d7dc2a6a3a85a2975 certificate_epoch=17 reason=not_verified (not yet)
2026-08-09 22:38:30.665+09:00 [INFO ] [vlt-credit-skipped] certificate=8904ce7df12bfe0e4cb25b922e632892a770d986394c3b28f230938f9c673cad307a178b3f3b54c0f4ab50867584be628209f665eac234734723ed1cc76c3804 executor=e5d740aefce9958bb9b456536acacff111e7bb1bfbbed1d055b48fee072f1e9ac1de7624c9d764de07e750daf5726e39befb8a442fa6fe84d022e915d40fa418 certificate_epoch=17 reason=not_verified (not yet)
2026-08-09 22:38:30.665+09:00 [INFO ] [vlt-credit-skipped] certificate=a2e31eb1c4f4d185b0acc4936205457a9c6f8a7a2fe80301342e748d60b5ad7a8ae45ecf6ee2a2fa137a87b680e25db0e0fce7cda4c2aa2ecd5a7c85d71f2840 executor=db30df932447de4f8443c301ee6ff68124d47e154c057bb79a58e7116c0fbcf8c1e2c53726f54672269345f004b6b10a49256c2d63c99bca1743b845c140c230 certificate_epoch=17 reason=not_verified (not yet)
2026-08-09 22:38:30.665+09:00 [INFO ] [vlt-credit-skipped] certificate=a94afa9beb0ebd6fe8da76146105b5b697441d2214de12bf22a76fca8d7f4b30a5e5a146db0898ab8ff71347b09143dde70026f521a1920da1b672975d48e7ef executor=fc61569c056a235bdf4b867bf82e0cf9b962a3b81998e0d70d2cbbed78f6d8b53bc1e337a2d3d6d179e7064b6303bf3b64ab939f46fb79eb631b1e1c3dd23e96 certificate_epoch=17 reason=not_verified (not yet)
2026-08-09 22:38:30.665+09:00 [INFO ] [vlt-credit-skipped] certificate=e92f93264c4d5e55c6f6ddd9b29f749ee666c809dedc9bfbc288b2130654bc0d1ee34e1e485c50afb49708a37173170996061229c75bf54fc519d5a885eebd50 executor=27f58b41d8a8d47755075fdda7b44b3742085fd74ae17157604da1e9718ad810412bbd29ac53efa46c8f29e4cfd8fcee6659e7194aa0bf13b0a53eb8deb28313 certificate_epoch=17 reason=not_verified (not yet)
2026-08-09 22:38:30.665+09:00 [INFO ] [vlt-credit-skipped] certificate=3d22df96f14e439bbc263b171bbd5b33801172800565717d8cea3a29a0f73b9d2bcab1fd3fc4b355fa01575a2291905b2d626d83e3b3e9a3c696e76db1908808 executor=db30df932447de4f8443c301ee6ff68124d47e154c057bb79a58e7116c0fbcf8c1e2c53726f54672269345f004b6b10a49256c2d63c99bca1743b845c140c230 certificate_epoch=15 reason=not_verified (not yet)
2026-08-09 22:38:30.665+09:00 [INFO ] [vlt-credit-skipped] certificate=692908b085ca245890cee4e4242ac4b0d48994dee328bd339fa4e00f5beb3735ef4573dcf06da882071088c18a80566a40e37829e4bd448d8b8ab34f127c539f executor=fc61569c056a235bdf4b867bf82e0cf9b962a3b81998e0d70d2cbbed78f6d8b53bc1e337a2d3d6d179e7064b6303bf3b64ab939f46fb79eb631b1e1c3dd23e96 certificate_epoch=15 reason=not_verified (not yet)
2026-08-09 22:38:30.665+09:00 [INFO ] [vlt-credit-skipped] certificate=afbf8511e0b7fbce38e238790afe9b4c7cb4c584dadd224e4ab63ebc31f5f5bf730010ee3a3782e03f6be45e047d714a2f135edf864ba844c3d8d3165a3f7303 executor=e5d740aefce9958bb9b456536acacff111e7bb1bfbbed1d055b48fee072f1e9ac1de7624c9d764de07e750daf5726e39befb8a442fa6fe84d022e915d40fa418 certificate_epoch=15 reason=not_verified (not yet)
2026-08-09 22:38:30.665+09:00 [INFO ] [vlt-credit-skipped] certificate=2962bb362c82c4372a777bd0d1510a284ba09a2dc2e1c5886585cec98def1e073bec9d1da3f7dcc72f23fe48c5168514e53045a08464463014dc0a00f2a3df04 executor=e2f3f5d235ba8fbea02522611d7e14a8cd977eab74777a1f8a0cada8160800ee137461e28c04b3521424dc090c14742ff4a119e35c1ae20d7dc2a6a3a85a2975 certificate_epoch=15 reason=not_verified (not yet)
2026-08-09 22:38:30.665+09:00 [INFO ] [vlt-credit-skipped] certificate=9bc161654f9232459bf806b64ed63d925c2987737cd20a10291efcc2f6fc5e82c768360bdc419816d2d84b057055de151bcbcab0e1480e0ea85f2e0a464c012c executor=27f58b41d8a8d47755075fdda7b44b3742085fd74ae17157604da1e9718ad810412bbd29ac53efa46c8f29e4cfd8fcee6659e7194aa0bf13b0a53eb8deb28313 certificate_epoch=15 reason=not_verified (not yet)
2026-08-09 22:38:30.670+09:00 [INFO ] [vlt-shadow] sink_daa=1849 0 validator(s) with credit; 0/14 epoch(s) would reach quorum; newest epoch Some(17): W(E)=0 signed=0 snapshot_root=e445af05763d284a9a6331230eb7b3a6bba438d7003f170e104bd5036e19f9dda3ddb413462268eb8bb9b2ac4513a4a40e3af47c6837a96d339169bef93ac6b4 — the weight fence is at 18446744073709551615
2026-08-09 22:38:30.670+09:00 [INFO ] [stake-score] sink=64487df1d9536de9529c8c3e7338c6b5811a0df345e04238e7d00fb2a359d78b8990caf0be780bcd6172f0c3e768e8e7aefc52518e62feff5dcc8a23f1e48363 sink_blue=1850 credited 24 attestation(s) over 14 ready epoch(s) → stake_depth=6000000000 (rollout=Active, health=Active)
2026-08-09 22:38:30.675+09:00 [INFO ] IBD: Processed 1881 block bodies (76%) last block timestamp: 2026-08-09 22:23:29.000:+0900
2026-08-09 22:38:30.683+09:00 [WARN ] [coinbase-mismatch] outputs act=4 exp=4; first diff @2: value_eq=true script_eq=false payload_eq=true (act_value=50000000 exp_value=50000000)
2026-08-09 22:38:30.683+09:00 [INFO ] Block 42684f813cf6029ec162cf41a6dafe8813d3c2f3fc4b4c887fab920e599d47a18fb7b56d933a388e0fb67d8fc975c471765faff100c59ee4da9216ee99ee2fc2 is disqualified from virtual chain: coinbase transaction is not built as expected
2026-08-09 22:38:30.697+09:00 [WARN ] [coinbase-mismatch] outputs act=4 exp=4; first diff @2: value_eq=true script_eq=false payload_eq=true (act_value=50000000 exp_value=50000000)
2026-08-09 22:38:30.697+09:00 [INFO ] Block 42684f813cf6029ec162cf41a6dafe8813d3c2f3fc4b4c887fab920e599d47a18fb7b56d933a388e0fb67d8fc975c471765faff100c59ee4da9216ee99ee2fc2 is disqualified from virtual chain: coinbase transaction is not built as expected
2026-08-09 22:38:30.710+09:00 [WARN ] [coinbase-mismatch] outputs act=4 exp=4; first diff @2: value_eq=true script_eq=false payload_eq=true (act_value=50000000 exp_value=50000000)
2026-08-09 22:38:30.710+09:00 [INFO ] Block 42684f813cf6029ec162cf41a6dafe8813d3c2f3fc4b4c887fab920e599d47a18fb7b56d933a388e0fb67d8fc975c471765faff100c59ee4da9216ee99ee2fc2 is disqualified from virtual chain: coinbase transaction is not built as expected
2026-08-09 22:38:30.724+09:00 [WARN ] [coinbase-mismatch] outputs act=4 exp=4; first diff @2: value_eq=true script_eq=false payload_eq=true (act_value=50000000 exp_value=50000000)
2026-08-09 22:38:30.724+09:00 [INFO ] Block 42684f813cf6029ec162cf41a6dafe8813d3c2f3fc4b4c887fab920e599d47a18fb7b56d933a388e0fb67d8fc975c471765faff100c59ee4da9216ee99ee2fc2 is disqualified from virtual chain: coinbase transaction is not built as expected
2026-08-09 22:38:30.738+09:00 [WARN ] [coinbase-mismatch] outputs act=4 exp=4; first diff @2: value_eq=true script_eq=false payload_eq=true (act_value=50000000 exp_value=50000000)
2026-08-09 22:38:30.738+09:00 [INFO ] Block 42684f813cf6029ec162cf41a6dafe8813d3c2f3fc4b4c887fab920e599d47a18fb7b56d933a388e0fb67d8fc975c471765faff100c59ee4da9216ee99ee2fc2 is disqualified from virtual chain: coinbase transaction is not built as expected
2026-08-09 22:38:30.751+09:00 [WARN ] [coinbase-mismatch] outputs act=4 exp=4; first diff @2: value_eq=true script_eq=false payload_eq=true (act_value=50000000 exp_value=50000000)
2026-08-09 22:38:30.751+09:00 [INFO ] Block 42684f813cf6029ec162cf41a6dafe8813d3c2f3fc4b4c887fab920e599d47a18fb7b56d933a388e0fb67d8fc975c471765faff100c59ee4da9216ee99ee2fc2 is disqualified from virtual chain: coinbase transaction is not built as expected
2026-08-09 22:38:30.756+09:00 [INFO ] IBD: Processed 2469 block bodies (100%)
2026-08-09 22:38:30.756+09:00 [INFO ] IBD with peer 127.0.0.1:17151 completed successfully
2026-08-09 22:38:31.615+09:00 [WARN ] [coinbase-mismatch] outputs act=4 exp=4; first diff @2: value_eq=true script_eq=false payload_eq=true (act_value=50000000 exp_value=50000000)
2026-08-09 22:38:31.615+09:00 [INFO ] Block 42684f813cf6029ec162cf41a6dafe8813d3c2f3fc4b4c887fab920e599d47a18fb7b56d933a388e0fb67d8fc975c471765faff100c59ee4da9216ee99ee2fc2 is disqualified from virtual chain: coinbase transaction is not built as expected
2026-08-09 22:38:31.630+09:00 [WARN ] [coinbase-mismatch] outputs act=4 exp=4; first diff @2: value_eq=true script_eq=false payload_eq=true (act_value=50000000 exp_value=50000000)
2026-08-09 22:38:31.630+09:00 [INFO ] Block 42684f813cf6029ec162cf41a6dafe8813d3c2f3fc4b4c887fab920e599d47a18fb7b56d933a388e0fb67d8fc975c471765faff100c59ee4da9216ee99ee2fc2 is disqualified from virtual chain: coinbase transaction is not built as expected
2026-08-09 22:38:32.605+09:00 [INFO ] Accepted block 0c27e75beae7e891d27adb95a26278941312780ba707a6a655ccab934e1067c9866ae1cf8846bdc4f487b2221bb72ab1b4ea53dc35ecea6fa9a94bd20fe7bb5c via relay
2026-08-09 22:38:32.605+09:00 [INFO ] Orphaned 4 block(s) ...00e87686068cd39eacf0abd13ac2d572901b2a746e4c8ed1c45bcd8e6bc31422f31d383a4eb46647e030096a70b2e84f48c50e79c69de7693969e8ed1c1f000f and queued 4 missing roots
2026-08-09 22:38:32.605+09:00 [INFO ] Unorphaned 4 block(s) ...9a6ac4fbc863a5b2ffdad02ce96412e44f5f32f1bd6fe9f97ffd737bb4b0d92b21cda8ab60fccc914d06c62633255ca7f6836744b1fe257afa4a4654a052bc4f
2026-08-09 22:38:32.766+09:00 [INFO ] Processed 2474 blocks and 2474 headers in the last 10.00s (2627 transactions; 1747 UTXO-validated blocks; 1.05 parents; 1.05 mergeset; 1.06 TPB; 3632.9 mass)
2026-08-09 22:38:32.766+09:00 [INFO ] [ibd-perf] 2474 hdrs avg: validate(A,parallelizable) 58.2us | commit(serial) 73.4us [add_block 3.7 + db.write 31.9; held-lock 65.6] | f_serial=0.558 f_reach=0.028 | parallelize-ceiling 1.79x
2026-08-09 22:38:32.766+09:00 [WARN ] Consensus detected UTXO-invalid blocks which are disqualified from the virtual selected chain (possibly due to inheritance): 632 disqualified vs. 1747 valid chain blocks
2026-08-09 22:38:32.881+09:00 [WARN ] [coinbase-mismatch] outputs act=4 exp=4; first diff @2: value_eq=true script_eq=false payload_eq=true (act_value=50000000 exp_value=50000000)
2026-08-09 22:38:32.881+09:00 [INFO ] Block 42684f813cf6029ec162cf41a6dafe8813d3c2f3fc4b4c887fab920e599d47a18fb7b56d933a388e0fb67d8fc975c471765faff100c59ee4da9216ee99ee2fc2 is disqualified from virtual chain: coinbase transaction is not built as expected
2026-08-09 22:38:33.889+09:00 [INFO ] Accepted block 3541838dd15904edd5fe8500c594d291737a47a2f107bf2c19e01327377a17ebb5af31c74a04da77abacf00df43d2fdebe1c8f0d7328b3b944c846f5d0db9604 via relay
2026-08-09 22:38:34.493+09:00 [WARN ] [coinbase-mismatch] outputs act=4 exp=4; first diff @2: value_eq=true script_eq=false payload_eq=true (act_value=50000000 exp_value=50000000)
2026-08-09 22:38:34.493+09:00 [INFO ] Block 42684f813cf6029ec162cf41a6dafe8813d3c2f3fc4b4c887fab920e599d47a18fb7b56d933a388e0fb67d8fc975c471765faff100c59ee4da9216ee99ee2fc2 is disqualified from virtual chain: coinbase transaction is not built as expected
2026-08-09 22:38:35.501+09:00 [INFO ] Accepted block 578f4add6c1a2d37b10a83ecf1a3596a66971c8c7311358894655be63f9b6e015a261a86fa3d8634ed2557b3e7a852700a0d7500cfbc8035a29d7f5fb516e8fd via relay
2026-08-09 22:38:35.599+09:00 [WARN ] [coinbase-mismatch] outputs act=4 exp=4; first diff @2: value_eq=true script_eq=false payload_eq=true (act_value=50000000 exp_value=50000000)
2026-08-09 22:38:35.599+09:00 [INFO ] Block 42684f813cf6029ec162cf41a6dafe8813d3c2f3fc4b4c887fab920e599d47a18fb7b56d933a388e0fb67d8fc975c471765faff100c59ee4da9216ee99ee2fc2 is disqualified from virtual chain: coinbase transaction is not built as expected
2026-08-09 22:38:36.606+09:00 [INFO ] Accepted block eff54f7824761701e9229e57d226c3fc38f4fe5baa0c7881255f9cece37aa6ae3965c1c9ed58969aaa06c8a9f9cda0d3ffa29909bb4228755dc1e4a0ed8a9faa via relay
2026-08-09 22:38:37.229+09:00 [WARN ] [coinbase-mismatch] outputs act=4 exp=4; first diff @2: value_eq=true script_eq=false payload_eq=true (act_value=50000000 exp_value=50000000)
2026-08-09 22:38:37.229+09:00 [INFO ] Block 42684f813cf6029ec162cf41a6dafe8813d3c2f3fc4b4c887fab920e599d47a18fb7b56d933a388e0fb67d8fc975c471765faff100c59ee4da9216ee99ee2fc2 is disqualified from virtual chain: coinbase transaction is not built as expected
2026-08-09 22:38:38.236+09:00 [INFO ] Accepted block 39e988a6fc633c516557f7bf16d8d1ac6180b77224452c2a2259cc0c37fc362aacd90e0783c845004c541df8c4e5bd244be78d4b0ffda2dc5004400065ebcc04 via relay
2026-08-09 22:38:38.570+09:00 [WARN ] [coinbase-mismatch] outputs act=4 exp=4; first diff @2: value_eq=true script_eq=false payload_eq=true (act_value=50000000 exp_value=50000000)
2026-08-09 22:38:38.570+09:00 [INFO ] Block 42684f813cf6029ec162cf41a6dafe8813d3c2f3fc4b4c887fab920e599d47a18fb7b56d933a388e0fb67d8fc975c471765faff100c59ee4da9216ee99ee2fc2 is disqualified from virtual chain: coinbase transaction is not built as expected
2026-08-09 22:38:39.579+09:00 [INFO ] Accepted block cc7faa5fe658bec3db31d5f9b86d5186abfb428c38af0f01da59d04a9951821d819c446f70e6adf338440baf4e54d75b26104bc9a4091b6343cbc6310f29ac54 via relay
2026-08-09 22:38:39.650+09:00 [WARN ] [coinbase-mismatch] outputs act=4 exp=4; first diff @2: value_eq=true script_eq=false payload_eq=true (act_value=50000000 exp_value=50000000)
2026-08-09 22:38:39.650+09:00 [INFO ] Block 42684f813cf6029ec162cf41a6dafe8813d3c2f3fc4b4c887fab920e599d47a18fb7b56d933a388e0fb67d8fc975c471765faff100c59ee4da9216ee99ee2fc2 is disqualified from virtual chain: coinbase transaction is not built as expected
2026-08-09 22:38:40.658+09:00 [INFO ] Accepted block d5841137e4db2e6a9cbd8a3f89f5cce807541871ce3e4dab969d42ae08e7d64b42f81a95ce8f4794c3e2b16ed333a0c4547315285beece7c723f831f3b00da16 via relay
2026-08-09 22:38:41.036+09:00 [WARN ] [coinbase-mismatch] outputs act=4 exp=4; first diff @2: value_eq=true script_eq=false payload_eq=true (act_value=50000000 exp_value=50000000)
2026-08-09 22:38:41.036+09:00 [INFO ] Block 42684f813cf6029ec162cf41a6dafe8813d3c2f3fc4b4c887fab920e599d47a18fb7b56d933a388e0fb67d8fc975c471765faff100c59ee4da9216ee99ee2fc2 is disqualified from virtual chain: coinbase transaction is not built as expected
2026-08-09 22:38:42.044+09:00 [INFO ] Accepted block 293b7ad63d64c8a71727348a787dd170035930805c5f1c88441c70ccb94abac1a3aad27adaf06e0ba29f91ef94550f19c5680183e7d48f107ad8e8b292f271e3 via relay
2026-08-09 22:38:42.533+09:00 [WARN ] [coinbase-mismatch] outputs act=4 exp=4; first diff @2: value_eq=true script_eq=false payload_eq=true (act_value=50000000 exp_value=50000000)
2026-08-09 22:38:42.533+09:00 [INFO ] Block 42684f813cf6029ec162cf41a6dafe8813d3c2f3fc4b4c887fab920e599d47a18fb7b56d933a388e0fb67d8fc975c471765faff100c59ee4da9216ee99ee2fc2 is disqualified from virtual chain: coinbase transaction is not built as expected
2026-08-09 22:38:42.769+09:00 [INFO ] Processed 8 blocks and 8 headers in the last 10.00s (8 transactions; 0 UTXO-validated blocks; 1.00 parents; 1.00 mergeset; 1.00 TPB; 0.0 mass)
2026-08-09 22:38:42.769+09:00 [INFO ] [ibd-perf] 8 hdrs avg: validate(A,parallelizable) 130.2us | commit(serial) 159.2us [add_block 13.6 + db.write 43.8; held-lock 124.0] | f_serial=0.550 f_reach=0.047 | parallelize-ceiling 1.82x
2026-08-09 22:38:42.769+09:00 [WARN ] Consensus detected UTXO-invalid blocks which are disqualified from the virtual selected chain (possibly due to inheritance): 16 disqualified vs. 0 valid chain blocks
2026-08-09 22:38:43.539+09:00 [INFO ] Accepted block 5f8fcaa5bf2cbbc7a926d0c14bc5a2abb4940a63ba28590097f2fb4935c49b979b67a98bd24633555f1ae62f5c18d08c200119dca7ce245dfa3ce50e7dbee959 via relay
2026-08-09 22:38:43.607+09:00 [WARN ] [coinbase-mismatch] outputs act=4 exp=4; first diff @2: value_eq=true script_eq=false payload_eq=true (act_value=50000000 exp_value=50000000)
2026-08-09 22:38:43.607+09:00 [INFO ] Block 42684f813cf6029ec162cf41a6dafe8813d3c2f3fc4b4c887fab920e599d47a18fb7b56d933a388e0fb67d8fc975c471765faff100c59ee4da9216ee99ee2fc2 is disqualified from virtual chain: coinbase transaction is not built as expected
2026-08-09 22:38:44.614+09:00 [INFO ] Accepted block d4248243e52551b7c41bb0ecdceda12ee68921dcef853933d8bb75ecff5f74d2851118a6dd0c30bfb67912c6efd70564f14a73f1c678d80d2fa8c396c5ff005f via relay
2026-08-09 22:38:45.397+09:00 [WARN ] [coinbase-mismatch] outputs act=4 exp=4; first diff @2: value_eq=true script_eq=false payload_eq=true (act_value=50000000 exp_value=50000000)
2026-08-09 22:38:45.397+09:00 [INFO ] Block 42684f813cf6029ec162cf41a6dafe8813d3c2f3fc4b4c887fab920e599d47a18fb7b56d933a388e0fb67d8fc975c471765faff100c59ee4da9216ee99ee2fc2 is disqualified from virtual chain: coinbase transaction is not built as expected
2026-08-09 22:38:46.404+09:00 [INFO ] Accepted block 8be44514426503c4af3efe844619c0a1d7f4c5a409334e8aa9871cf21c669e901158aeda1fdc72fd827fe40298e9a82118e9fbab115fbc39d2be3f221e092080 via relay
2026-08-09 22:38:46.598+09:00 [WARN ] [coinbase-mismatch] outputs act=4 exp=4; first diff @2: value_eq=true script_eq=false payload_eq=true (act_value=50000000 exp_value=50000000)
2026-08-09 22:38:46.598+09:00 [INFO ] Block 42684f813cf6029ec162cf41a6dafe8813d3c2f3fc4b4c887fab920e599d47a18fb7b56d933a388e0fb67d8fc975c471765faff100c59ee4da9216ee99ee2fc2 is disqualified from virtual chain: coinbase transaction is not built as expected
2026-08-09 22:38:47.604+09:00 [INFO ] Accepted block 49b3c4371be2ab1f69f1248741cb2b804f7809e303ff12b6ecd034c15d284f24f6858f7bad71066bbe19231479416ab3d0dc8bf6b10393b50052e7931c17b2bb via relay
2026-08-09 22:38:47.850+09:00 [WARN ] [coinbase-mismatch] outputs act=4 exp=4; first diff @2: value_eq=true script_eq=false payload_eq=true (act_value=50000000 exp_value=50000000)
2026-08-09 22:38:47.850+09:00 [INFO ] Block 42684f813cf6029ec162cf41a6dafe8813d3c2f3fc4b4c887fab920e599d47a18fb7b56d933a388e0fb67d8fc975c471765faff100c59ee4da9216ee99ee2fc2 is disqualified from virtual chain: coinbase transaction is not built as expected
2026-08-09 22:38:48.857+09:00 [INFO ] Accepted block 7442d2caf64088147397343ca1bea904c61c47c7b21b719ac2d3864edbfbb91d2fa0597034bbbcd84306949bd8e1581a682b496868eecf8d9f29de4287158a40 via relay
2026-08-09 22:38:49.219+09:00 [WARN ] [coinbase-mismatch] outputs act=4 exp=4; first diff @2: value_eq=true script_eq=false payload_eq=true (act_value=50000000 exp_value=50000000)
2026-08-09 22:38:49.219+09:00 [INFO ] Block 42684f813cf6029ec162cf41a6dafe8813d3c2f3fc4b4c887fab920e599d47a18fb7b56d933a388e0fb67d8fc975c471765faff100c59ee4da9216ee99ee2fc2 is disqualified from virtual chain: coinbase transaction is not built as expected
2026-08-09 22:38:50.225+09:00 [INFO ] Accepted block 34f533962dd99b85ffa8587ef9aa77030e8ef1c53b1fcfc47d53aea893e179979cad6e6d8a6186a48c8da473e0ec89eeb0ff1d4666ce26c16dcb4872c43eeb6a via relay
2026-08-09 22:38:50.588+09:00 [WARN ] [coinbase-mismatch] outputs act=4 exp=4; first diff @2: value_eq=true script_eq=false payload_eq=true (act_value=50000000 exp_value=50000000)
2026-08-09 22:38:50.588+09:00 [INFO ] Block 42684f813cf6029ec162cf41a6dafe8813d3c2f3fc4b4c887fab920e599d47a18fb7b56d933a388e0fb67d8fc975c471765faff100c59ee4da9216ee99ee2fc2 is disqualified from virtual chain: coinbase transaction is not built as expected
2026-08-09 22:38:51.595+09:00 [INFO ] Accepted block 48ba1ff3fa50a4cd417816b545b4407aaa93e9770b08f3acfeb9f22b031a901ef66a8fec50e26dd5ec55cc6c1c2252a34180f9ba51a36f376acc9881670e377a via relay
2026-08-09 22:38:52.770+09:00 [INFO ] Processed 6 blocks and 6 headers in the last 10.00s (6 transactions; 0 UTXO-validated blocks; 1.00 parents; 1.00 mergeset; 1.00 TPB; 0.0 mass)
2026-08-09 22:38:52.770+09:00 [INFO ] [ibd-perf] 6 hdrs avg: validate(A,parallelizable) 102.3us | commit(serial) 154.5us [add_block 13.5 + db.write 44.2; held-lock 123.1] | f_serial=0.602 f_reach=0.053 | parallelize-ceiling 1.66x
2026-08-09 22:38:52.770+09:00 [WARN ] Consensus detected UTXO-invalid blocks which are disqualified from the virtual selected chain (possibly due to inheritance): 12 disqualified vs. 0 valid chain blocks
2026-08-09 22:38:52.833+09:00 [WARN ] [coinbase-mismatch] outputs act=4 exp=4; first diff @2: value_eq=true script_eq=false payload_eq=true (act_value=50000000 exp_value=50000000)
2026-08-09 22:38:52.833+09:00 [INFO ] Block 42684f813cf6029ec162cf41a6dafe8813d3c2f3fc4b4c887fab920e599d47a18fb7b56d933a388e0fb67d8fc975c471765faff100c59ee4da9216ee99ee2fc2 is disqualified from virtual chain: coinbase transaction is not built as expected
2026-08-09 22:38:53.841+09:00 [INFO ] Accepted block bf8041da0559ef8038cbee97ebb25d9dd6d6c5b7d7d78f788227359d5da13559c4cae21a22a016a48844b6567dee59ba27ff1a1533df88aee221d48ce484bfe5 via relay
2026-08-09 22:38:53.954+09:00 [WARN ] [coinbase-mismatch] outputs act=4 exp=4; first diff @2: value_eq=true script_eq=false payload_eq=true (act_value=50000000 exp_value=50000000)
2026-08-09 22:38:53.954+09:00 [INFO ] Block 42684f813cf6029ec162cf41a6dafe8813d3c2f3fc4b4c887fab920e599d47a18fb7b56d933a388e0fb67d8fc975c471765faff100c59ee4da9216ee99ee2fc2 is disqualified from virtual chain: coinbase transaction is not built as expected
2026-08-09 22:38:54.960+09:00 [INFO ] Accepted block 7a8789990d4c1f1b88f1df436eb4b47e7cf5b35e3bd9c2ff203cfc289907ca99aa7d8bcd27d38e2fd476e67bd88d6fd00caef97bc508f34ab85d3d7f353d9528 via relay
2026-08-09 22:38:55.136+09:00 [WARN ] [coinbase-mismatch] outputs act=4 exp=4; first diff @2: value_eq=true script_eq=false payload_eq=true (act_value=50000000 exp_value=50000000)
2026-08-09 22:38:55.136+09:00 [INFO ] Block 42684f813cf6029ec162cf41a6dafe8813d3c2f3fc4b4c887fab920e599d47a18fb7b56d933a388e0fb67d8fc975c471765faff100c59ee4da9216ee99ee2fc2 is disqualified from virtual chain: coinbase transaction is not built as expected
2026-08-09 22:38:56.143+09:00 [INFO ] Accepted block 19f20c3709fa69b303a67d255bc692e40da5c26564bbc68e8de7e79beb6fe57b1ce16b15668ee67a5ae02a5e0150a976d123bfaf4190886fdc6e6ffc361bd1fc via relay
2026-08-09 22:38:56.391+09:00 [WARN ] [coinbase-mismatch] outputs act=4 exp=4; first diff @2: value_eq=true script_eq=false payload_eq=true (act_value=50000000 exp_value=50000000)
2026-08-09 22:38:56.391+09:00 [INFO ] Block 42684f813cf6029ec162cf41a6dafe8813d3c2f3fc4b4c887fab920e599d47a18fb7b56d933a388e0fb67d8fc975c471765faff100c59ee4da9216ee99ee2fc2 is disqualified from virtual chain: coinbase transaction is not built as expected
2026-08-09 22:38:57.399+09:00 [INFO ] Accepted block 018990dbfcf22973686adb755702ec3b319399ac16f6b730a7e50836622ec106352b61ed6e7515aa454082dea81020f999ec76b2fbd17a225276f2d5d3d2cff8 via relay
2026-08-09 22:38:57.703+09:00 [WARN ] [coinbase-mismatch] outputs act=4 exp=4; first diff @2: value_eq=true script_eq=false payload_eq=true (act_value=50000000 exp_value=50000000)
2026-08-09 22:38:57.703+09:00 [INFO ] Block 42684f813cf6029ec162cf41a6dafe8813d3c2f3fc4b4c887fab920e599d47a18fb7b56d933a388e0fb67d8fc975c471765faff100c59ee4da9216ee99ee2fc2 is disqualified from virtual chain: coinbase transaction is not built as expected
2026-08-09 22:38:58.711+09:00 [INFO ] Accepted block ac8353b3f1d43b58567d76cbd8df28a1bf446407beb1f3c10c31dcd6a4871a1720aa3b557c70329fd3447db68096899352b92a6f44dbe4545911046207926185 via relay
2026-08-09 22:38:59.978+09:00 [WARN ] [coinbase-mismatch] outputs act=4 exp=4; first diff @2: value_eq=true script_eq=false payload_eq=true (act_value=50000000 exp_value=50000000)
2026-08-09 22:38:59.978+09:00 [INFO ] Block 42684f813cf6029ec162cf41a6dafe8813d3c2f3fc4b4c887fab920e599d47a18fb7b56d933a388e0fb67d8fc975c471765faff100c59ee4da9216ee99ee2fc2 is disqualified from virtual chain: coinbase transaction is not built as expected
2026-08-09 22:39:00.986+09:00 [INFO ] Accepted block 538dee6b98c9534e501521c86af537b281dbe771ba5dfac1b06a51b179ef38ed4d9ab9e14d72f2d8983871cac0b161364c42f656eed2f92f75a8e571768effc7 via relay
2026-08-09 22:39:01.238+09:00 [WARN ] [coinbase-mismatch] outputs act=4 exp=4; first diff @2: value_eq=true script_eq=false payload_eq=true (act_value=50000000 exp_value=50000000)
2026-08-09 22:39:01.238+09:00 [INFO ] Block 42684f813cf6029ec162cf41a6dafe8813d3c2f3fc4b4c887fab920e599d47a18fb7b56d933a388e0fb67d8fc975c471765faff100c59ee4da9216ee99ee2fc2 is disqualified from virtual chain: coinbase transaction is not built as expected
2026-08-09 22:39:02.244+09:00 [INFO ] Accepted block 91e3816e33d052c8da18bbd5c578da7a449033aa4cf20a8e87ced9655392c52428718413a8017427d4dee69f768c7eb12b98a095c22c70a165f914662e971565 via relay
2026-08-09 22:39:02.772+09:00 [INFO ] Processed 7 blocks and 7 headers in the last 10.00s (7 transactions; 0 UTXO-validated blocks; 1.00 parents; 1.00 mergeset; 1.00 TPB; 0.0 mass)
2026-08-09 22:39:02.772+09:00 [INFO ] [ibd-perf] 7 hdrs avg: validate(A,parallelizable) 351.6us | commit(serial) 748.3us [add_block 154.4 + db.write 58.8; held-lock 469.9] | f_serial=0.680 f_reach=0.140 | parallelize-ceiling 1.47x
2026-08-09 22:39:02.772+09:00 [WARN ] Consensus detected UTXO-invalid blocks which are disqualified from the virtual selected chain (possibly due to inheritance): 14 disqualified vs. 0 valid chain blocks
2026-08-09 22:39:02.968+09:00 [WARN ] [coinbase-mismatch] outputs act=4 exp=4; first diff @2: value_eq=true script_eq=false payload_eq=true (act_value=50000000 exp_value=50000000)
2026-08-09 22:39:02.968+09:00 [INFO ] Block 42684f813cf6029ec162cf41a6dafe8813d3c2f3fc4b4c887fab920e599d47a18fb7b56d933a388e0fb67d8fc975c471765faff100c59ee4da9216ee99ee2fc2 is disqualified from virtual chain: coinbase transaction is not built as expected
2026-08-09 22:39:03.976+09:00 [INFO ] Accepted block 7555989ceb1b0808f4c2ba44931501f7b1018969b4b7be55f27f522b78351991479c4bef841025f16c1ad4ec450e48688ae9be2bc7544063d3a0e8bf0ff56bfd via relay
2026-08-09 22:39:04.281+09:00 [WARN ] [coinbase-mismatch] outputs act=4 exp=4; first diff @2: value_eq=true script_eq=false payload_eq=true (act_value=50000000 exp_value=50000000)
2026-08-09 22:39:04.281+09:00 [INFO ] Block 42684f813cf6029ec162cf41a6dafe8813d3c2f3fc4b4c887fab920e599d47a18fb7b56d933a388e0fb67d8fc975c471765faff100c59ee4da9216ee99ee2fc2 is disqualified from virtual chain: coinbase transaction is not built as expected
2026-08-09 22:39:05.288+09:00 [INFO ] Accepted block 70ab9401ab81cda88db36bac8d81f5d3008694158fba9879bf70f70e9f040e9b329542eb4df963428029aea35cb797c059e36cefbb647b41259b0a3ea5ae3fc3 via relay
2026-08-09 22:39:05.370+09:00 [WARN ] [coinbase-mismatch] outputs act=4 exp=4; first diff @2: value_eq=true script_eq=false payload_eq=true (act_value=50000000 exp_value=50000000)
2026-08-09 22:39:05.370+09:00 [INFO ] Block 42684f813cf6029ec162cf41a6dafe8813d3c2f3fc4b4c887fab920e599d47a18fb7b56d933a388e0fb67d8fc975c471765faff100c59ee4da9216ee99ee2fc2 is disqualified from virtual chain: coinbase transaction is not built as expected
2026-08-09 22:39:06.377+09:00 [INFO ] Accepted block b40518a857f71d2a488ef7f7713bcaae78e9b3fba737e5409f78ad3794614ac411dea325f33ae519ef3c2e8bf242319013bb04eab51e4c0cabecee64059a29f2 via relay
2026-08-09 22:39:06.489+09:00 [WARN ] [coinbase-mismatch] outputs act=4 exp=4; first diff @2: value_eq=true script_eq=false payload_eq=true (act_value=50000000 exp_value=50000000)
2026-08-09 22:39:06.489+09:00 [INFO ] Block 42684f813cf6029ec162cf41a6dafe8813d3c2f3fc4b4c887fab920e599d47a18fb7b56d933a388e0fb67d8fc975c471765faff100c59ee4da9216ee99ee2fc2 is disqualified from virtual chain: coinbase transaction is not built as expected
2026-08-09 22:39:07.496+09:00 [INFO ] Accepted block 2641d8e611b1d61d199d69f116c3c6c216be208d7a90d62f1dbaf88b8309e92b9c8789b54254bbc99966641b0971110fbd8a0d5922fc8d0081fb5336933fb592 via relay
2026-08-09 22:39:08.041+09:00 [WARN ] [coinbase-mismatch] outputs act=4 exp=4; first diff @2: value_eq=true script_eq=false payload_eq=true (act_value=50000000 exp_value=50000000)
2026-08-09 22:39:08.041+09:00 [INFO ] Block 42684f813cf6029ec162cf41a6dafe8813d3c2f3fc4b4c887fab920e599d47a18fb7b56d933a388e0fb67d8fc975c471765faff100c59ee4da9216ee99ee2fc2 is disqualified from virtual chain: coinbase transaction is not built as expected
2026-08-09 22:39:09.050+09:00 [INFO ] Accepted block f00eff775b60d97c9ab1704fb9a3dbb297084004365c860ececfb09aeea43056fe3e2496784e2994b471ef22b7d9b4a73321cccca7ee5e5e2db7ea40a728f83a via relay
2026-08-09 22:39:09.211+09:00 [WARN ] [coinbase-mismatch] outputs act=4 exp=4; first diff @2: value_eq=true script_eq=false payload_eq=true (act_value=50000000 exp_value=50000000)
2026-08-09 22:39:09.211+09:00 [INFO ] Block 42684f813cf6029ec162cf41a6dafe8813d3c2f3fc4b4c887fab920e599d47a18fb7b56d933a388e0fb67d8fc975c471765faff100c59ee4da9216ee99ee2fc2 is disqualified from virtual chain: coinbase transaction is not built as expected
2026-08-09 22:39:10.218+09:00 [INFO ] Accepted block a2223338a063c36fd5464d63f0796b17a4997a152f896443d99b00f77e081faf59d1afc3299993858b476cc016006b757e97d56db656f1751b7e449defc7ef32 via relay
2026-08-09 22:39:10.512+09:00 [WARN ] [coinbase-mismatch] outputs act=4 exp=4; first diff @2: value_eq=true script_eq=false payload_eq=true (act_value=50000000 exp_value=50000000)
2026-08-09 22:39:10.512+09:00 [INFO ] Block 42684f813cf6029ec162cf41a6dafe8813d3c2f3fc4b4c887fab920e599d47a18fb7b56d933a388e0fb67d8fc975c471765faff100c59ee4da9216ee99ee2fc2 is disqualified from virtual chain: coinbase transaction is not built as expected
2026-08-09 22:39:11.519+09:00 [INFO ] Accepted block 769186c23d65f4eb03b6ccbdfcac1c152ed44d99858cfac3e3f3c6fd33e12a7514750dce905b840c20b2d1563812fa18e52795172e418c6e5a35d922d1fc98d4 via relay
2026-08-09 22:39:11.596+09:00 [WARN ] [coinbase-mismatch] outputs act=4 exp=4; first diff @2: value_eq=true script_eq=false payload_eq=true (act_value=50000000 exp_value=50000000)
2026-08-09 22:39:11.596+09:00 [INFO ] Block 42684f813cf6029ec162cf41a6dafe8813d3c2f3fc4b4c887fab920e599d47a18fb7b56d933a388e0fb67d8fc975c471765faff100c59ee4da9216ee99ee2fc2 is disqualified from virtual chain: coinbase transaction is not built as expected
2026-08-09 22:39:12.604+09:00 [INFO ] Accepted block d05913a50f62879dcbe6298dccad967012319295681e716177fe9a962ae19345a15152d0c701289b2039d258ff9fecb8b5d4b011510fbeb41cf26ae599247b0e via relay
2026-08-09 22:39:12.702+09:00 [WARN ] [coinbase-mismatch] outputs act=4 exp=4; first diff @2: value_eq=true script_eq=false payload_eq=true (act_value=50000000 exp_value=50000000)
2026-08-09 22:39:12.702+09:00 [INFO ] Block 42684f813cf6029ec162cf41a6dafe8813d3c2f3fc4b4c887fab920e599d47a18fb7b56d933a388e0fb67d8fc975c471765faff100c59ee4da9216ee99ee2fc2 is disqualified from virtual chain: coinbase transaction is not built as expected
2026-08-09 22:39:12.773+09:00 [INFO ] Processed 9 blocks and 9 headers in the last 10.00s (9 transactions; 0 UTXO-validated blocks; 1.00 parents; 1.00 mergeset; 1.00 TPB; 0.0 mass)
2026-08-09 22:39:12.773+09:00 [INFO ] [ibd-perf] 9 hdrs avg: validate(A,parallelizable) 435.2us | commit(serial) 732.1us [add_block 123.4 + db.write 54.5; held-lock 385.2] | f_serial=0.627 f_reach=0.106 | parallelize-ceiling 1.59x
2026-08-09 22:39:12.773+09:00 [WARN ] Consensus detected UTXO-invalid blocks which are disqualified from the virtual selected chain (possibly due to inheritance): 18 disqualified vs. 0 valid chain blocks
2026-08-09 22:39:13.709+09:00 [INFO ] Accepted block 6eac036057e8e505ce886562faa8adcf32423536a44fb45cc84eba7528ceb57448c5581774934c740311ae774cf5d4bc6e5bdb49c917b6c35126754cf8aaaf28 via relay
2026-08-09 22:39:13.867+09:00 [WARN ] [coinbase-mismatch] outputs act=4 exp=4; first diff @2: value_eq=true script_eq=false payload_eq=true (act_value=50000000 exp_value=50000000)
2026-08-09 22:39:13.867+09:00 [INFO ] Block 42684f813cf6029ec162cf41a6dafe8813d3c2f3fc4b4c887fab920e599d47a18fb7b56d933a388e0fb67d8fc975c471765faff100c59ee4da9216ee99ee2fc2 is disqualified from virtual chain: coinbase transaction is not built as expected
2026-08-09 22:39:14.875+09:00 [INFO ] Accepted block fa6b21cc7d5ab7fee8319699e50ff2cce74e98d714745425d4ac60d52d1d78733d898d85d957ee2affe0ff98e12e928ea8c9a1c36935f668809ecb0046801843 via relay
2026-08-09 22:39:15.078+09:00 [WARN ] [coinbase-mismatch] outputs act=4 exp=4; first diff @2: value_eq=true script_eq=false payload_eq=true (act_value=50000000 exp_value=50000000)
2026-08-09 22:39:15.078+09:00 [INFO ] Block 42684f813cf6029ec162cf41a6dafe8813d3c2f3fc4b4c887fab920e599d47a18fb7b56d933a388e0fb67d8fc975c471765faff100c59ee4da9216ee99ee2fc2 is disqualified from virtual chain: coinbase transaction is not built as expected
2026-08-09 22:39:16.086+09:00 [INFO ] Accepted block b1f53855808aeae77d87870d5ac043820642fa4ee48b5b5bf1ed0287e9772af1ebef89b3af34210bbc5145361f71c5cf76c123930daed284c8deafce91b9f4db via relay
2026-08-09 22:39:16.587+09:00 [WARN ] [coinbase-mismatch] outputs act=4 exp=4; first diff @2: value_eq=true script_eq=false payload_eq=true (act_value=50000000 exp_value=50000000)
2026-08-09 22:39:16.587+09:00 [INFO ] Block 42684f813cf6029ec162cf41a6dafe8813d3c2f3fc4b4c887fab920e599d47a18fb7b56d933a388e0fb67d8fc975c471765faff100c59ee4da9216ee99ee2fc2 is disqualified from virtual chain: coinbase transaction is not built as expected
2026-08-09 22:39:17.596+09:00 [INFO ] Accepted block 3da8ad58557fd3bc1460dfd21453219ec5af972c5333ca7a944c51f2bed247bbc84cc9b6317eeb22434447b0e4adb94357ccb3f1238fb004d4a7d55e738803b4 via relay
2026-08-09 22:39:18.348+09:00 [WARN ] [coinbase-mismatch] outputs act=4 exp=4; first diff @2: value_eq=true script_eq=false payload_eq=true (act_value=50000000 exp_value=50000000)
2026-08-09 22:39:18.348+09:00 [INFO ] Block 42684f813cf6029ec162cf41a6dafe8813d3c2f3fc4b4c887fab920e599d47a18fb7b56d933a388e0fb67d8fc975c471765faff100c59ee4da9216ee99ee2fc2 is disqualified from virtual chain: coinbase transaction is not built as expected
2026-08-09 22:39:19.355+09:00 [INFO ] Accepted block ef5fe9adeec712699def36fea846c9338f458f838a5c6c58ed38e653f7b358f6809417b090910dbad21c24c7b991b6a1470f9cdaf7d2ffe2bf166721a4c51bd3 via relay
2026-08-09 22:39:19.414+09:00 [WARN ] [coinbase-mismatch] outputs act=4 exp=4; first diff @2: value_eq=true script_eq=false payload_eq=true (act_value=50000000 exp_value=50000000)
2026-08-09 22:39:19.414+09:00 [INFO ] Block 42684f813cf6029ec162cf41a6dafe8813d3c2f3fc4b4c887fab920e599d47a18fb7b56d933a388e0fb67d8fc975c471765faff100c59ee4da9216ee99ee2fc2 is disqualified from virtual chain: coinbase transaction is not built as expected
2026-08-09 22:39:20.422+09:00 [INFO ] Accepted block bfc4355f01a04e296fa338e3aeea89245b5d3fa0eb15fd32e95e64dd90a9e8b2b1df9c417fea69e9bab2c1a5bbde694694c2c77a1d8c624da9de94e71be8ca41 via relay
2026-08-09 22:39:20.931+09:00 [INFO ] EVM lane KPI (O9): 1792 chain blocks, avg mergeset 1.06, avg accepted-gas utilization 0.00%, 0 deposit-claims applied (cumulative)
2026-08-09 22:39:20.940+09:00 [WARN ] [coinbase-mismatch] outputs act=4 exp=4; first diff @2: value_eq=true script_eq=false payload_eq=true (act_value=50000000 exp_value=50000000)
2026-08-09 22:39:20.940+09:00 [INFO ] Block 42684f813cf6029ec162cf41a6dafe8813d3c2f3fc4b4c887fab920e599d47a18fb7b56d933a388e0fb67d8fc975c471765faff100c59ee4da9216ee99ee2fc2 is disqualified from virtual chain: coinbase transaction is not built as expected
2026-08-09 22:39:21.948+09:00 [INFO ] Accepted block 34273d9c4be9d8b8e6ffa141ca1a764c50f1ae8f6945e31511f6ab18f29c235b8be68c655a530594230e78a63d7920ecb0315882e300977c99c8ecfba460962b via relay
2026-08-09 22:39:22.160+09:00 [WARN ] [coinbase-mismatch] outputs act=4 exp=4; first diff @2: value_eq=true script_eq=false payload_eq=true (act_value=50000000 exp_value=50000000)
2026-08-09 22:39:22.160+09:00 [INFO ] Block 42684f813cf6029ec162cf41a6dafe8813d3c2f3fc4b4c887fab920e599d47a18fb7b56d933a388e0fb67d8fc975c471765faff100c59ee4da9216ee99ee2fc2 is disqualified from virtual chain: coinbase transaction is not built as expected
2026-08-09 22:39:22.775+09:00 [INFO ] Processed 7 blocks and 7 headers in the last 10.00s (7 transactions; 0 UTXO-validated blocks; 1.00 parents; 1.00 mergeset; 1.00 TPB; 0.0 mass)
2026-08-09 22:39:22.775+09:00 [INFO ] [ibd-perf] 7 hdrs avg: validate(A,parallelizable) 347.5us | commit(serial) 725.4us [add_block 127.8 + db.write 49.3; held-lock 280.3] | f_serial=0.676 f_reach=0.119 | parallelize-ceiling 1.48x
2026-08-09 22:39:22.775+09:00 [WARN ] Consensus detected UTXO-invalid blocks which are disqualified from the virtual selected chain (possibly due to inheritance): 14 disqualified vs. 0 valid chain blocks
2026-08-09 22:39:23.167+09:00 [INFO ] Accepted block d2af2c1a7fda85c4bd2cf0116cb54c32db0bc67a0992dbc3a2286b6e59bc46bb771d1cd95ad1bd67a09c9419adb054aebf17c17806eb3e03d66afd2ddb70f68d via relay
2026-08-09 22:39:24.182+09:00 [WARN ] [coinbase-mismatch] outputs act=4 exp=4; first diff @2: value_eq=true script_eq=false payload_eq=true (act_value=50000000 exp_value=50000000)
2026-08-09 22:39:24.182+09:00 [INFO ] Block 42684f813cf6029ec162cf41a6dafe8813d3c2f3fc4b4c887fab920e599d47a18fb7b56d933a388e0fb67d8fc975c471765faff100c59ee4da9216ee99ee2fc2 is disqualified from virtual chain: coinbase transaction is not built as expected
2026-08-09 22:39:25.189+09:00 [INFO ] Accepted block afe99495674d6f4981cdafdbe4aae1bd3fe16e7c761e30abb8af641dc199b7a0fdf4af40898f6dd0305940b5b752ded1d406097ba17dfb35fb67a6e8cb12dc6f via relay
2026-08-09 22:39:25.643+09:00 [WARN ] [coinbase-mismatch] outputs act=4 exp=4; first diff @2: value_eq=true script_eq=false payload_eq=true (act_value=50000000 exp_value=50000000)
2026-08-09 22:39:25.643+09:00 [INFO ] Block 42684f813cf6029ec162cf41a6dafe8813d3c2f3fc4b4c887fab920e599d47a18fb7b56d933a388e0fb67d8fc975c471765faff100c59ee4da9216ee99ee2fc2 is disqualified from virtual chain: coinbase transaction is not built as expected
2026-08-09 22:39:26.650+09:00 [INFO ] Accepted block 4327f26db3e085cb4bcd849489f612c0c344f3d0aa86a683fbaf431d73d2d89c7bf95b1a01916b2d29cc5fa7e6637b3d0a3c377bbd78f8bc6b50ae78e1a59989 via relay
2026-08-09 22:39:26.779+09:00 [WARN ] [coinbase-mismatch] outputs act=4 exp=4; first diff @2: value_eq=true script_eq=false payload_eq=true (act_value=50000000 exp_value=50000000)
2026-08-09 22:39:26.779+09:00 [INFO ] Block 42684f813cf6029ec162cf41a6dafe8813d3c2f3fc4b4c887fab920e599d47a18fb7b56d933a388e0fb67d8fc975c471765faff100c59ee4da9216ee99ee2fc2 is disqualified from virtual chain: coinbase transaction is not built as expected
2026-08-09 22:39:27.787+09:00 [INFO ] Accepted block ca5852495160c1f32b42abf6ad034cc2ee29d16c352f8f887ff1e6e41ace61cc28a5ae3e51cffedfcbcecdf6dd99d7541c94d53b9c61a2a09c91f95eb339e864 via relay
2026-08-09 22:39:27.888+09:00 [WARN ] [coinbase-mismatch] outputs act=4 exp=4; first diff @2: value_eq=true script_eq=false payload_eq=true (act_value=50000000 exp_value=50000000)
2026-08-09 22:39:27.888+09:00 [INFO ] Block 42684f813cf6029ec162cf41a6dafe8813d3c2f3fc4b4c887fab920e599d47a18fb7b56d933a388e0fb67d8fc975c471765faff100c59ee4da9216ee99ee2fc2 is disqualified from virtual chain: coinbase transaction is not built as expected
2026-08-09 22:39:28.896+09:00 [INFO ] Accepted block eb0a5339a51f3bc664baec929fd94e20dacdbadc4149d37e02b5bb224d04571b95f1f19e87624f0386462d24a192ac6f82b617a500181b2f9b4d34bcc00648af via relay
2026-08-09 22:39:29.664+09:00 [WARN ] [coinbase-mismatch] outputs act=4 exp=4; first diff @2: value_eq=true script_eq=false payload_eq=true (act_value=50000000 exp_value=50000000)
2026-08-09 22:39:29.664+09:00 [INFO ] Block 42684f813cf6029ec162cf41a6dafe8813d3c2f3fc4b4c887fab920e599d47a18fb7b56d933a388e0fb67d8fc975c471765faff100c59ee4da9216ee99ee2fc2 is disqualified from virtual chain: coinbase transaction is not built as expected
2026-08-09 22:39:30.670+09:00 [INFO ] Accepted block 6b9bdf51196622902baa9d379d87e95afbb33f3efa871ec33de98fd8deff60c8bf0fa2d8587eb4768753b0d33db11929ed9e7e5801f6107cd340d5a8af5c440a via relay
2026-08-09 22:39:30.859+09:00 [WARN ] [coinbase-mismatch] outputs act=4 exp=4; first diff @2: value_eq=true script_eq=false payload_eq=true (act_value=50000000 exp_value=50000000)
2026-08-09 22:39:30.860+09:00 [INFO ] Block 42684f813cf6029ec162cf41a6dafe8813d3c2f3fc4b4c887fab920e599d47a18fb7b56d933a388e0fb67d8fc975c471765faff100c59ee4da9216ee99ee2fc2 is disqualified from virtual chain: coinbase transaction is not built as expected
2026-08-09 22:39:31.870+09:00 [INFO ] Accepted block 744b2fed76f1ee20daf7368ac54477fbf85423ace6e39b002b9158f32a011de08e4e8b789e4d92a5ad3abb5e3882925e403d2bdb1668fb3a02bfe60effd3a473 via relay
2026-08-09 22:39:32.001+09:00 [WARN ] [coinbase-mismatch] outputs act=4 exp=4; first diff @2: value_eq=true script_eq=false payload_eq=true (act_value=50000000 exp_value=50000000)
2026-08-09 22:39:32.001+09:00 [INFO ] Block 42684f813cf6029ec162cf41a6dafe8813d3c2f3fc4b4c887fab920e599d47a18fb7b56d933a388e0fb67d8fc975c471765faff100c59ee4da9216ee99ee2fc2 is disqualified from virtual chain: coinbase transaction is not built as expected
2026-08-09 22:39:32.778+09:00 [INFO ] Processed 7 blocks and 7 headers in the last 10.00s (7 transactions; 0 UTXO-validated blocks; 1.00 parents; 1.00 mergeset; 1.00 TPB; 0.0 mass)
2026-08-09 22:39:32.778+09:00 [INFO ] [ibd-perf] 7 hdrs avg: validate(A,parallelizable) 541.8us | commit(serial) 746.8us [add_block 55.2 + db.write 75.6; held-lock 259.2] | f_serial=0.580 f_reach=0.043 | parallelize-ceiling 1.73x
2026-08-09 22:39:32.778+09:00 [WARN ] Consensus detected UTXO-invalid blocks which are disqualified from the virtual selected chain (possibly due to inheritance): 14 disqualified vs. 0 valid chain blocks
2026-08-09 22:39:33.011+09:00 [INFO ] Accepted block c1a964d192c421e7175950a3922f68ca729dc4312f1f54a028997ee0cf722b9cf419bb9e17be964a849c7ff95729d1856e154916130bee861c264b34c7959bcd via relay
2026-08-09 22:39:33.297+09:00 [WARN ] [coinbase-mismatch] outputs act=4 exp=4; first diff @2: value_eq=true script_eq=false payload_eq=true (act_value=50000000 exp_value=50000000)
2026-08-09 22:39:33.297+09:00 [INFO ] Block 42684f813cf6029ec162cf41a6dafe8813d3c2f3fc4b4c887fab920e599d47a18fb7b56d933a388e0fb67d8fc975c471765faff100c59ee4da9216ee99ee2fc2 is disqualified from virtual chain: coinbase transaction is not built as expected
2026-08-09 22:39:34.305+09:00 [INFO ] Accepted block 6080a04b48936ebc52807c2a579d89636a7a4376494d313d307aadd143558126a3c214e7c5548ef0bd1895ac07f91f380f89c06a3b4fab366a589bad75b9b8b5 via relay
2026-08-09 22:39:34.612+09:00 [WARN ] [coinbase-mismatch] outputs act=4 exp=4; first diff @2: value_eq=true script_eq=false payload_eq=true (act_value=50000000 exp_value=50000000)
2026-08-09 22:39:34.612+09:00 [INFO ] Block 42684f813cf6029ec162cf41a6dafe8813d3c2f3fc4b4c887fab920e599d47a18fb7b56d933a388e0fb67d8fc975c471765faff100c59ee4da9216ee99ee2fc2 is disqualified from virtual chain: coinbase transaction is not built as expected
2026-08-09 22:39:35.620+09:00 [INFO ] Accepted block ed3276a8d6fc7b9e65d965060334920120d8872f3b32a5a98b1cd34b967b3ad694e3e4fd8b91ab95216df847fe59d4d956c1b954bb4b214dbfdb18186bff04ed via relay
2026-08-09 22:39:36.277+09:00 [WARN ] [coinbase-mismatch] outputs act=4 exp=4; first diff @2: value_eq=true script_eq=false payload_eq=true (act_value=50000000 exp_value=50000000)
2026-08-09 22:39:36.277+09:00 [INFO ] Block 42684f813cf6029ec162cf41a6dafe8813d3c2f3fc4b4c887fab920e599d47a18fb7b56d933a388e0fb67d8fc975c471765faff100c59ee4da9216ee99ee2fc2 is disqualified from virtual chain: coinbase transaction is not built as expected
2026-08-09 22:39:37.285+09:00 [INFO ] Accepted block dd62e34dd1effefc7c528c204e96b9058f5c3c94d296639186d8d3b116ffefb5eb36f1714aa606f09095597d0c50efcbb1210478aa8eccac26c057218f629e4a via relay
2026-08-09 22:39:38.628+09:00 [WARN ] [coinbase-mismatch] outputs act=4 exp=4; first diff @2: value_eq=true script_eq=false payload_eq=true (act_value=50000000 exp_value=50000000)
2026-08-09 22:39:38.628+09:00 [INFO ] Block 42684f813cf6029ec162cf41a6dafe8813d3c2f3fc4b4c887fab920e599d47a18fb7b56d933a388e0fb67d8fc975c471765faff100c59ee4da9216ee99ee2fc2 is disqualified from virtual chain: coinbase transaction is not built as expected
2026-08-09 22:39:39.635+09:00 [INFO ] Accepted block d86ee09fab3464a3b2de68dff08fd291d1eabd7caa7276fdcc2536ab9965157430027a9936f4300081a4f0ada29e9ca54707e4b1da35e7b23ed80ee41b8e09ff via relay
2026-08-09 22:39:39.762+09:00 [WARN ] [coinbase-mismatch] outputs act=4 exp=4; first diff @2: value_eq=true script_eq=false payload_eq=true (act_value=50000000 exp_value=50000000)
2026-08-09 22:39:39.762+09:00 [INFO ] Block 42684f813cf6029ec162cf41a6dafe8813d3c2f3fc4b4c887fab920e599d47a18fb7b56d933a388e0fb67d8fc975c471765faff100c59ee4da9216ee99ee2fc2 is disqualified from virtual chain: coinbase transaction is not built as expected
2026-08-09 22:39:40.769+09:00 [INFO ] Accepted block 6c3b827a437ac31acc9682cb70216e66eb333b88f05f39a0be0df3727a98056c245f2bf58d65e08b2630f603cf22519a6a22d7d66d2f1cbfe61351efed318beb via relay
2026-08-09 22:39:41.769+09:00 [WARN ] [coinbase-mismatch] outputs act=4 exp=4; first diff @2: value_eq=true script_eq=false payload_eq=true (act_value=50000000 exp_value=50000000)
2026-08-09 22:39:41.769+09:00 [INFO ] Block 42684f813cf6029ec162cf41a6dafe8813d3c2f3fc4b4c887fab920e599d47a18fb7b56d933a388e0fb67d8fc975c471765faff100c59ee4da9216ee99ee2fc2 is disqualified from virtual chain: coinbase transaction is not built as expected
2026-08-09 22:39:42.776+09:00 [INFO ] Accepted block 07c16ec6cac1bf0945b910ff6d685e4f839d0d21de582a5eb00a68aa481f36359c766a9c51a6ca3e620d755cfc0d479cb6be3af91727b3a47ec17cbd2ca91b28 via relay
2026-08-09 22:39:42.779+09:00 [INFO ] Processed 6 blocks and 6 headers in the last 10.00s (6 transactions; 0 UTXO-validated blocks; 1.00 parents; 1.00 mergeset; 1.00 TPB; 0.0 mass)
2026-08-09 22:39:42.779+09:00 [INFO ] [ibd-perf] 6 hdrs avg: validate(A,parallelizable) 505.1us | commit(serial) 543.5us [add_block 27.1 + db.write 67.6; held-lock 240.7] | f_serial=0.518 f_reach=0.026 | parallelize-ceiling 1.93x
2026-08-09 22:39:42.779+09:00 [WARN ] Consensus detected UTXO-invalid blocks which are disqualified from the virtual selected chain (possibly due to inheritance): 12 disqualified vs. 0 valid chain blocks
2026-08-09 22:39:43.042+09:00 [WARN ] [coinbase-mismatch] outputs act=4 exp=4; first diff @2: value_eq=true script_eq=false payload_eq=true (act_value=50000000 exp_value=50000000)
2026-08-09 22:39:43.042+09:00 [INFO ] Block 42684f813cf6029ec162cf41a6dafe8813d3c2f3fc4b4c887fab920e599d47a18fb7b56d933a388e0fb67d8fc975c471765faff100c59ee4da9216ee99ee2fc2 is disqualified from virtual chain: coinbase transaction is not built as expected
2026-08-09 22:39:44.049+09:00 [INFO ] Accepted block 75d7ff8a44ea043c06c619acc24a87ec75770b7adaa546f28d26c01bb48133b6309560fa825fbea01d24c9603b9ea6f95c2a1b3aeb522b272664ee4053853187 via relay
2026-08-09 22:39:44.224+09:00 [WARN ] [coinbase-mismatch] outputs act=4 exp=4; first diff @2: value_eq=true script_eq=false payload_eq=true (act_value=50000000 exp_value=50000000)
2026-08-09 22:39:44.224+09:00 [INFO ] Block 42684f813cf6029ec162cf41a6dafe8813d3c2f3fc4b4c887fab920e599d47a18fb7b56d933a388e0fb67d8fc975c471765faff100c59ee4da9216ee99ee2fc2 is disqualified from virtual chain: coinbase transaction is not built as expected
2026-08-09 22:39:45.231+09:00 [INFO ] Accepted block 722cf17920fd4720f5609b22bff45e95534b940a62c1f653d620e3955a4d8ff09904226d831e3cdd84a249f3f0de52bd9c96372b65654a2d1a3f5e1dc04fd4c2 via relay
2026-08-09 22:39:45.416+09:00 [WARN ] [coinbase-mismatch] outputs act=4 exp=4; first diff @2: value_eq=true script_eq=false payload_eq=true (act_value=50000000 exp_value=50000000)
2026-08-09 22:39:45.416+09:00 [INFO ] Block 42684f813cf6029ec162cf41a6dafe8813d3c2f3fc4b4c887fab920e599d47a18fb7b56d933a388e0fb67d8fc975c471765faff100c59ee4da9216ee99ee2fc2 is disqualified from virtual chain: coinbase transaction is not built as expected
2026-08-09 22:39:46.424+09:00 [INFO ] Accepted block bbddf62ba1774a9233871f4771a8eea01274c13de2da7126f558e0a3e3a92c09fa84750a1ff65d455031941c912eadd7f18755fe40828b51e1fee50f9e0694f5 via relay
2026-08-09 22:39:47.086+09:00 [WARN ] [coinbase-mismatch] outputs act=4 exp=4; first diff @2: value_eq=true script_eq=false payload_eq=true (act_value=50000000 exp_value=50000000)
2026-08-09 22:39:47.086+09:00 [INFO ] Block 42684f813cf6029ec162cf41a6dafe8813d3c2f3fc4b4c887fab920e599d47a18fb7b56d933a388e0fb67d8fc975c471765faff100c59ee4da9216ee99ee2fc2 is disqualified from virtual chain: coinbase transaction is not built as expected
2026-08-09 22:39:48.093+09:00 [INFO ] Accepted block caa421bc4ceb63b6126379406049e61d8e9cfc0824abd864b149b76c6351597ddd61314f595e3ae1ec8550a5352a2364cabe786f03533ec2a7761b770c6fcc9a via relay
2026-08-09 22:39:48.254+09:00 [WARN ] [coinbase-mismatch] outputs act=4 exp=4; first diff @2: value_eq=true script_eq=false payload_eq=true (act_value=50000000 exp_value=50000000)
2026-08-09 22:39:48.254+09:00 [INFO ] Block 42684f813cf6029ec162cf41a6dafe8813d3c2f3fc4b4c887fab920e599d47a18fb7b56d933a388e0fb67d8fc975c471765faff100c59ee4da9216ee99ee2fc2 is disqualified from virtual chain: coinbase transaction is not built as expected
2026-08-09 22:39:49.261+09:00 [INFO ] Accepted block 358ef99796787966e0420bb9c7cc0113a73e6580aed3cc9765dbd5ef81cc24ff5f6fe458335f3e3018c2a88fb7f4ecf69b423836175a8f6bc3d0926ca7bf63bf via relay
2026-08-09 22:39:49.383+09:00 [WARN ] [coinbase-mismatch] outputs act=4 exp=4; first diff @2: value_eq=true script_eq=false payload_eq=true (act_value=50000000 exp_value=50000000)
2026-08-09 22:39:49.383+09:00 [INFO ] Block 42684f813cf6029ec162cf41a6dafe8813d3c2f3fc4b4c887fab920e599d47a18fb7b56d933a388e0fb67d8fc975c471765faff100c59ee4da9216ee99ee2fc2 is disqualified from virtual chain: coinbase transaction is not built as expected
2026-08-09 22:39:50.390+09:00 [INFO ] Accepted block 36cd8fc9aa6b57d48c6f4b6720e420ead9d480463498594e7aaace9323a01de2797c31aee5cfc5c9dcead1f257ea01e2f8e1b434dce3b7d3f879afd9ca882a68 via relay
2026-08-09 22:39:50.851+09:00 [WARN ] [coinbase-mismatch] outputs act=4 exp=4; first diff @2: value_eq=true script_eq=false payload_eq=true (act_value=50000000 exp_value=50000000)
2026-08-09 22:39:50.851+09:00 [INFO ] Block 42684f813cf6029ec162cf41a6dafe8813d3c2f3fc4b4c887fab920e599d47a18fb7b56d933a388e0fb67d8fc975c471765faff100c59ee4da9216ee99ee2fc2 is disqualified from virtual chain: coinbase transaction is not built as expected
2026-08-09 22:39:51.858+09:00 [INFO ] Accepted block 91260bf944f9730219d949c3948b87b21ce1ca28f46e386430345cc7b1043813bae84342f10512a0e6122967aee5857f17eb5411b24fb25956c32cd2b1684c4e via relay
2026-08-09 22:39:52.370+09:00 [WARN ] [coinbase-mismatch] outputs act=4 exp=4; first diff @2: value_eq=true script_eq=false payload_eq=true (act_value=50000000 exp_value=50000000)
2026-08-09 22:39:52.370+09:00 [INFO ] Block 42684f813cf6029ec162cf41a6dafe8813d3c2f3fc4b4c887fab920e599d47a18fb7b56d933a388e0fb67d8fc975c471765faff100c59ee4da9216ee99ee2fc2 is disqualified from virtual chain: coinbase transaction is not built as expected
2026-08-09 22:39:52.782+09:00 [INFO ] Processed 8 blocks and 8 headers in the last 10.00s (8 transactions; 0 UTXO-validated blocks; 1.00 parents; 1.00 mergeset; 1.00 TPB; 0.0 mass)
2026-08-09 22:39:52.782+09:00 [INFO ] [ibd-perf] 8 hdrs avg: validate(A,parallelizable) 404.4us | commit(serial) 551.7us [add_block 18.3 + db.write 67.2; held-lock 163.3] | f_serial=0.577 f_reach=0.019 | parallelize-ceiling 1.73x
2026-08-09 22:39:52.782+09:00 [WARN ] Consensus detected UTXO-invalid blocks which are disqualified from the virtual selected chain (possibly due to inheritance): 16 disqualified vs. 0 valid chain blocks
2026-08-09 22:39:53.378+09:00 [INFO ] Accepted block 9351bc5095d3f0e321bb0eda2af4227cec83f13bdb273b77cb3bce7550f8a12df220309bdbd4db91680edb53bc9c0bc4a04482615c3ab702349159cb871da805 via relay
2026-08-09 22:39:53.454+09:00 [WARN ] [coinbase-mismatch] outputs act=4 exp=4; first diff @2: value_eq=true script_eq=false payload_eq=true (act_value=50000000 exp_value=50000000)
2026-08-09 22:39:53.454+09:00 [INFO ] Block 42684f813cf6029ec162cf41a6dafe8813d3c2f3fc4b4c887fab920e599d47a18fb7b56d933a388e0fb67d8fc975c471765faff100c59ee4da9216ee99ee2fc2 is disqualified from virtual chain: coinbase transaction is not built as expected
2026-08-09 22:39:54.462+09:00 [INFO ] Accepted block ab4ff3c84f9b1d31a974afcf26786826efaf802724867ebf81e6e8a94cd7bd56e9b8b8bb9d799a4563af5b19f9ce2c53eb569eaac8cdce6cc8a2aaaabe278d9b via relay
2026-08-09 22:39:55.409+09:00 [WARN ] [coinbase-mismatch] outputs act=4 exp=4; first diff @2: value_eq=true script_eq=false payload_eq=true (act_value=50000000 exp_value=50000000)
2026-08-09 22:39:55.409+09:00 [INFO ] Block 42684f813cf6029ec162cf41a6dafe8813d3c2f3fc4b4c887fab920e599d47a18fb7b56d933a388e0fb67d8fc975c471765faff100c59ee4da9216ee99ee2fc2 is disqualified from virtual chain: coinbase transaction is not built as expected
2026-08-09 22:39:56.418+09:00 [INFO ] Accepted block 2b9328247dc542c3209533c1495c2c2e4212859f1b95c07ca719085d4219f1b36ddf1b30c74c9dfd9c04cac5b9fbeed281da5e00f029cfccf0de451ecce4fa3a via relay
2026-08-09 22:39:57.211+09:00 [WARN ] [coinbase-mismatch] outputs act=4 exp=4; first diff @2: value_eq=true script_eq=false payload_eq=true (act_value=50000000 exp_value=50000000)
2026-08-09 22:39:57.211+09:00 [INFO ] Block 42684f813cf6029ec162cf41a6dafe8813d3c2f3fc4b4c887fab920e599d47a18fb7b56d933a388e0fb67d8fc975c471765faff100c59ee4da9216ee99ee2fc2 is disqualified from virtual chain: coinbase transaction is not built as expected
2026-08-09 22:39:58.219+09:00 [INFO ] Accepted block e61d5f8b4f4b0c5f61b7e585c7d9827f2f53595584b7ba0c3de11a22d4fa43a213fd0c4cae9d29d87d072f24be60229522c9791f3a4149066df86fde28df6eaa via relay
2026-08-09 22:39:58.356+09:00 [WARN ] [coinbase-mismatch] outputs act=4 exp=4; first diff @2: value_eq=true script_eq=false payload_eq=true (act_value=50000000 exp_value=50000000)
2026-08-09 22:39:58.356+09:00 [INFO ] Block 42684f813cf6029ec162cf41a6dafe8813d3c2f3fc4b4c887fab920e599d47a18fb7b56d933a388e0fb67d8fc975c471765faff100c59ee4da9216ee99ee2fc2 is disqualified from virtual chain: coinbase transaction is not built as expected
2026-08-09 22:39:59.363+09:00 [INFO ] Accepted block f07ec4b80ab1e82d7f0965854ad35e93f2fbf4dfbc60a9e1a865bb10ae889c1e28f6740f9032ba9f3ab9343819ac1d7e07bfbd911e4d367af311c89785b0f2fa via relay
2026-08-09 22:39:59.743+09:00 [WARN ] [coinbase-mismatch] outputs act=4 exp=4; first diff @2: value_eq=true script_eq=false payload_eq=true (act_value=50000000 exp_value=50000000)
2026-08-09 22:39:59.743+09:00 [INFO ] Block 42684f813cf6029ec162cf41a6dafe8813d3c2f3fc4b4c887fab920e599d47a18fb7b56d933a388e0fb67d8fc975c471765faff100c59ee4da9216ee99ee2fc2 is disqualified from virtual chain: coinbase transaction is not built as expected
2026-08-09 22:40:00.751+09:00 [INFO ] Accepted block f3dc247778cd9c8762c75776ef5411d5443107ede6e0cfe924a8695b0eba6a99a48dfe8f791fbb1726574d3e8814a17558f64e93036a3b75f03ecc5cd8d55ab7 via relay
2026-08-09 22:40:01.704+09:00 [WARN ] [coinbase-mismatch] outputs act=4 exp=4; first diff @2: value_eq=true script_eq=false payload_eq=true (act_value=50000000 exp_value=50000000)
2026-08-09 22:40:01.704+09:00 [INFO ] Block 42684f813cf6029ec162cf41a6dafe8813d3c2f3fc4b4c887fab920e599d47a18fb7b56d933a388e0fb67d8fc975c471765faff100c59ee4da9216ee99ee2fc2 is disqualified from virtual chain: coinbase transaction is not built as expected
2026-08-09 22:40:02.711+09:00 [INFO ] Accepted block a207d39ab8cf8181fdae373f69017fef5cbdd40d8761cb5ceefdb209b3efedef58340540a8468a0f2af62d955553bb11ecb3a26262833abb9b802823e9dfe8eb via relay
2026-08-09 22:40:02.783+09:00 [INFO ] Processed 6 blocks and 6 headers in the last 10.00s (6 transactions; 0 UTXO-validated blocks; 1.00 parents; 1.00 mergeset; 1.00 TPB; 0.0 mass)
2026-08-09 22:40:02.783+09:00 [INFO ] [ibd-perf] 6 hdrs avg: validate(A,parallelizable) 503.9us | commit(serial) 745.2us [add_block 16.0 + db.write 60.9; held-lock 141.7] | f_serial=0.597 f_reach=0.013 | parallelize-ceiling 1.68x
2026-08-09 22:40:02.783+09:00 [WARN ] Consensus detected UTXO-invalid blocks which are disqualified from the virtual selected chain (possibly due to inheritance): 12 disqualified vs. 0 valid chain blocks
2026-08-09 22:40:03.362+09:00 [WARN ] [coinbase-mismatch] outputs act=4 exp=4; first diff @2: value_eq=true script_eq=false payload_eq=true (act_value=50000000 exp_value=50000000)
2026-08-09 22:40:03.362+09:00 [INFO ] Block 42684f813cf6029ec162cf41a6dafe8813d3c2f3fc4b4c887fab920e599d47a18fb7b56d933a388e0fb67d8fc975c471765faff100c59ee4da9216ee99ee2fc2 is disqualified from virtual chain: coinbase transaction is not built as expected
2026-08-09 22:40:04.369+09:00 [INFO ] Accepted block daaa3d3c7f4ae9ed190cc9c61f45a51650e0162c57cc092faf21000e1cff2e319a1e17a25b7e301bdaedd27479ac7a36587dddba1a9fc619401aded45abe538f via relay
2026-08-09 22:40:04.498+09:00 [WARN ] [coinbase-mismatch] outputs act=4 exp=4; first diff @2: value_eq=true script_eq=false payload_eq=true (act_value=50000000 exp_value=50000000)
2026-08-09 22:40:04.498+09:00 [INFO ] Block 42684f813cf6029ec162cf41a6dafe8813d3c2f3fc4b4c887fab920e599d47a18fb7b56d933a388e0fb67d8fc975c471765faff100c59ee4da9216ee99ee2fc2 is disqualified from virtual chain: coinbase transaction is not built as expected
2026-08-09 22:40:05.507+09:00 [INFO ] Accepted block e4d792039392adeea49205cd1835796a660da9f4117ceb95f576a34a6c71bfdaefac864821315d9ec7aa49400ff6410abdc54bdcf1ddabf4c0a8cdd0281e4fed via relay
2026-08-09 22:40:05.616+09:00 [WARN ] [coinbase-mismatch] outputs act=4 exp=4; first diff @2: value_eq=true script_eq=false payload_eq=true (act_value=50000000 exp_value=50000000)
2026-08-09 22:40:05.616+09:00 [INFO ] Block 42684f813cf6029ec162cf41a6dafe8813d3c2f3fc4b4c887fab920e599d47a18fb7b56d933a388e0fb67d8fc975c471765faff100c59ee4da9216ee99ee2fc2 is disqualified from virtual chain: coinbase transaction is not built as expected
2026-08-09 22:40:06.624+09:00 [INFO ] Accepted block 8038a923b362dabb6acca62c69774ae8560b045526f27e6d7dc99a9b5383d26d70685c8b9012b75a8455d1e357c55fa40e4ced40acc4f87f16e5fc9572300cf7 via relay
2026-08-09 22:40:06.879+09:00 [WARN ] [coinbase-mismatch] outputs act=4 exp=4; first diff @2: value_eq=true script_eq=false payload_eq=true (act_value=50000000 exp_value=50000000)
2026-08-09 22:40:06.879+09:00 [INFO ] Block 42684f813cf6029ec162cf41a6dafe8813d3c2f3fc4b4c887fab920e599d47a18fb7b56d933a388e0fb67d8fc975c471765faff100c59ee4da9216ee99ee2fc2 is disqualified from virtual chain: coinbase transaction is not built as expected
2026-08-09 22:40:07.886+09:00 [INFO ] Accepted block 972d6f553a0e1ed75dd582c43affe35a0a5f2fd867deadc09b91af479f878643576cf1020376893cff256ace9754d4567dff83dc33d83a77365240447d7a9c59 via relay
2026-08-09 22:40:07.962+09:00 [WARN ] [coinbase-mismatch] outputs act=4 exp=4; first diff @2: value_eq=true script_eq=false payload_eq=true (act_value=50000000 exp_value=50000000)
2026-08-09 22:40:07.962+09:00 [INFO ] Block 42684f813cf6029ec162cf41a6dafe8813d3c2f3fc4b4c887fab920e599d47a18fb7b56d933a388e0fb67d8fc975c471765faff100c59ee4da9216ee99ee2fc2 is disqualified from virtual chain: coinbase transaction is not built as expected
2026-08-09 22:40:08.970+09:00 [INFO ] Accepted block bf63fd4f67468f7cbb8d7b0a6514685704c482edb6db9cd6d63f17452f049c364aa25eac1fe267d6adc8f9f1ed963fa81edc018108abfee5514a26eb71c333e2 via relay
2026-08-09 22:40:09.686+09:00 [WARN ] [coinbase-mismatch] outputs act=4 exp=4; first diff @2: value_eq=true script_eq=false payload_eq=true (act_value=50000000 exp_value=50000000)
2026-08-09 22:40:09.686+09:00 [INFO ] Block 42684f813cf6029ec162cf41a6dafe8813d3c2f3fc4b4c887fab920e599d47a18fb7b56d933a388e0fb67d8fc975c471765faff100c59ee4da9216ee99ee2fc2 is disqualified from virtual chain: coinbase transaction is not built as expected
2026-08-09 22:40:10.694+09:00 [INFO ] Accepted block f0c4b54b027c70f6381eeaf96c7116711ed859dec17afb40d0121cf0fa55c0850f09b4dfb21dde13034779ed1b30ac0822e1b706c5b1a53b3c7a7d969aa46c94 via relay
2026-08-09 22:40:10.761+09:00 [WARN ] [coinbase-mismatch] outputs act=4 exp=4; first diff @2: value_eq=true script_eq=false payload_eq=true (act_value=50000000 exp_value=50000000)
2026-08-09 22:40:10.761+09:00 [INFO ] Block 42684f813cf6029ec162cf41a6dafe8813d3c2f3fc4b4c887fab920e599d47a18fb7b56d933a388e0fb67d8fc975c471765faff100c59ee4da9216ee99ee2fc2 is disqualified from virtual chain: coinbase transaction is not built as expected
2026-08-09 22:40:11.769+09:00 [INFO ] Accepted block 655a5f9e382bb6fd6dbf3c49b60e77246bde5a51a3cd902847216d41f196254c16a8baa7602736f947261e11c96c7830bded56a857e9bb6e777a771641dd2fe1 via relay
2026-08-09 22:40:12.003+09:00 [WARN ] [coinbase-mismatch] outputs act=4 exp=4; first diff @2: value_eq=true script_eq=false payload_eq=true (act_value=50000000 exp_value=50000000)
2026-08-09 22:40:12.003+09:00 [INFO ] Block 42684f813cf6029ec162cf41a6dafe8813d3c2f3fc4b4c887fab920e599d47a18fb7b56d933a388e0fb67d8fc975c471765faff100c59ee4da9216ee99ee2fc2 is disqualified from virtual chain: coinbase transaction is not built as expected
2026-08-09 22:40:12.785+09:00 [INFO ] Processed 8 blocks and 8 headers in the last 10.00s (8 transactions; 0 UTXO-validated blocks; 1.00 parents; 1.00 mergeset; 1.00 TPB; 0.0 mass)
2026-08-09 22:40:12.785+09:00 [INFO ] [ibd-perf] 8 hdrs avg: validate(A,parallelizable) 465.5us | commit(serial) 701.0us [add_block 70.9 + db.write 70.4; held-lock 226.6] | f_serial=0.601 f_reach=0.061 | parallelize-ceiling 1.66x
2026-08-09 22:40:12.785+09:00 [WARN ] Consensus detected UTXO-invalid blocks which are disqualified from the virtual selected chain (possibly due to inheritance): 16 disqualified vs. 0 valid chain blocks
2026-08-09 22:40:13.011+09:00 [INFO ] Accepted block 9daa34d180aff901935c2cc4a8891114967fc919a5a3c142fc2c6cd724840b74497319425f6864e11a48433f4db3f29f718d4de20aeca424af28392f1aea6fa8 via relay
2026-08-09 22:40:13.731+09:00 [WARN ] [coinbase-mismatch] outputs act=4 exp=4; first diff @2: value_eq=true script_eq=false payload_eq=true (act_value=50000000 exp_value=50000000)
2026-08-09 22:40:13.731+09:00 [INFO ] Block 42684f813cf6029ec162cf41a6dafe8813d3c2f3fc4b4c887fab920e599d47a18fb7b56d933a388e0fb67d8fc975c471765faff100c59ee4da9216ee99ee2fc2 is disqualified from virtual chain: coinbase transaction is not built as expected
2026-08-09 22:40:14.739+09:00 [INFO ] Accepted block a971b638063f768d93372e685efa662c6dc762cba6aac4915d4d256af1d30726add14bd58f7113024c36a6da54bdd3e2942fe49149e349d8c62070583f9d2de8 via relay
2026-08-09 22:40:15.391+09:00 [WARN ] [coinbase-mismatch] outputs act=4 exp=4; first diff @2: value_eq=true script_eq=false payload_eq=true (act_value=50000000 exp_value=50000000)
2026-08-09 22:40:15.391+09:00 [INFO ] Block 42684f813cf6029ec162cf41a6dafe8813d3c2f3fc4b4c887fab920e599d47a18fb7b56d933a388e0fb67d8fc975c471765faff100c59ee4da9216ee99ee2fc2 is disqualified from virtual chain: coinbase transaction is not built as expected
2026-08-09 22:40:16.399+09:00 [INFO ] Accepted block a12155093e48e8fd7239b46b05b3c9064e8f1b6cbda34cc1b0e3a6a2ef047ceede5ed0590ff131be7cb5e00ae61c57ce19e58ee484841933bb061b385e05101b via relay
2026-08-09 22:40:17.854+09:00 [WARN ] [coinbase-mismatch] outputs act=4 exp=4; first diff @2: value_eq=true script_eq=false payload_eq=true (act_value=50000000 exp_value=50000000)
2026-08-09 22:40:17.854+09:00 [INFO ] Block 42684f813cf6029ec162cf41a6dafe8813d3c2f3fc4b4c887fab920e599d47a18fb7b56d933a388e0fb67d8fc975c471765faff100c59ee4da9216ee99ee2fc2 is disqualified from virtual chain: coinbase transaction is not built as expected
2026-08-09 22:40:18.862+09:00 [INFO ] Accepted block 0051b0c99a3384a48a5dd7c2003e6d889c7de060c3a5a826291807c0e2b75e3812c9738b6b9733866a66785014959be56ff6cffcea2f5fa63ba7cced415476db via relay
2026-08-09 22:40:19.398+09:00 [WARN ] [coinbase-mismatch] outputs act=4 exp=4; first diff @2: value_eq=true script_eq=false payload_eq=true (act_value=50000000 exp_value=50000000)
2026-08-09 22:40:19.398+09:00 [INFO ] Block 42684f813cf6029ec162cf41a6dafe8813d3c2f3fc4b4c887fab920e599d47a18fb7b56d933a388e0fb67d8fc975c471765faff100c59ee4da9216ee99ee2fc2 is disqualified from virtual chain: coinbase transaction is not built as expected
2026-08-09 22:40:20.407+09:00 [INFO ] Accepted block 8ea048cee886f0bf6bc883e4ff396dfa78eba6f04a867b214d28f3b97e4297a335af2912be949f9b2e221d5ba9e5f04ebcc0361a1da5290cc35691d36b204fe4 via relay
2026-08-09 22:40:20.494+09:00 [WARN ] [coinbase-mismatch] outputs act=4 exp=4; first diff @2: value_eq=true script_eq=false payload_eq=true (act_value=50000000 exp_value=50000000)
2026-08-09 22:40:20.494+09:00 [INFO ] Block 42684f813cf6029ec162cf41a6dafe8813d3c2f3fc4b4c887fab920e599d47a18fb7b56d933a388e0fb67d8fc975c471765faff100c59ee4da9216ee99ee2fc2 is disqualified from virtual chain: coinbase transaction is not built as expected
2026-08-09 22:40:21.502+09:00 [INFO ] Accepted block 009a13bdea6a813ef6d753eedfc44272e565da881b6150ba26b93516959df25b212f96ad1612cc6a7e87cafcf23a8c5567db9cc77b735632af3d227fb7cca40c via relay
2026-08-09 22:40:21.569+09:00 [WARN ] [coinbase-mismatch] outputs act=4 exp=4; first diff @2: value_eq=true script_eq=false payload_eq=true (act_value=50000000 exp_value=50000000)
2026-08-09 22:40:21.569+09:00 [INFO ] Block 42684f813cf6029ec162cf41a6dafe8813d3c2f3fc4b4c887fab920e599d47a18fb7b56d933a388e0fb67d8fc975c471765faff100c59ee4da9216ee99ee2fc2 is disqualified from virtual chain: coinbase transaction is not built as expected
2026-08-09 22:40:22.577+09:00 [INFO ] Accepted block fc5bc378b973c9b7b7e389f2666cc613494bc774c3da5cfd079b4579b645e9ec1630b1ec309e6a69b6dc6dca782cdb4155872d4d89a36e0c97f1f588191a5de9 via relay
2026-08-09 22:40:22.787+09:00 [INFO ] Processed 6 blocks and 6 headers in the last 10.00s (9 transactions; 0 UTXO-validated blocks; 1.00 parents; 1.00 mergeset; 1.50 TPB; 25100.0 mass)
2026-08-09 22:40:22.787+09:00 [INFO ] [ibd-perf] 6 hdrs avg: validate(A,parallelizable) 148.7us | commit(serial) 532.6us [add_block 14.4 + db.write 70.5; held-lock 227.7] | f_serial=0.782 f_reach=0.021 | parallelize-ceiling 1.28x
2026-08-09 22:40:22.787+09:00 [INFO ] Tx throughput stats: 0.30 u-tps, 100.00% e-tps (in: 0 via RPC, 0 via P2P, out: 3 via accepted blocks)
2026-08-09 22:40:22.787+09:00 [WARN ] Consensus detected UTXO-invalid blocks which are disqualified from the virtual selected chain (possibly due to inheritance): 12 disqualified vs. 0 valid chain blocks
2026-08-09 22:40:23.057+09:00 [WARN ] [coinbase-mismatch] outputs act=4 exp=4; first diff @2: value_eq=true script_eq=false payload_eq=true (act_value=50000000 exp_value=50000000)
2026-08-09 22:40:23.057+09:00 [INFO ] Block 42684f813cf6029ec162cf41a6dafe8813d3c2f3fc4b4c887fab920e599d47a18fb7b56d933a388e0fb67d8fc975c471765faff100c59ee4da9216ee99ee2fc2 is disqualified from virtual chain: coinbase transaction is not built as expected
2026-08-09 22:40:24.064+09:00 [INFO ] Accepted block 890438579f006681873c295b375c8970d47a98f8192bd4f3ba1b20f0b415493f847425875b66b74c41039ad4a5e578b9f073f18663fee11a22ae9eff23697bee via relay
2026-08-09 22:40:24.260+09:00 [WARN ] [coinbase-mismatch] outputs act=4 exp=4; first diff @2: value_eq=true script_eq=false payload_eq=true (act_value=50000000 exp_value=50000000)
2026-08-09 22:40:24.260+09:00 [INFO ] Block 42684f813cf6029ec162cf41a6dafe8813d3c2f3fc4b4c887fab920e599d47a18fb7b56d933a388e0fb67d8fc975c471765faff100c59ee4da9216ee99ee2fc2 is disqualified from virtual chain: coinbase transaction is not built as expected
2026-08-09 22:40:25.267+09:00 [INFO ] Accepted block 256d2a4e328c74e97d29c645405b4f3d0a1d55b00d97995b834fb70807db1b6ac58b0e67bf9574f987d91c27e0f42a4b4727c309a8706dce3c1665e4c16ebd0e via relay
2026-08-09 22:40:25.893+09:00 [WARN ] [coinbase-mismatch] outputs act=4 exp=4; first diff @2: value_eq=true script_eq=false payload_eq=true (act_value=50000000 exp_value=50000000)
2026-08-09 22:40:25.893+09:00 [INFO ] Block 42684f813cf6029ec162cf41a6dafe8813d3c2f3fc4b4c887fab920e599d47a18fb7b56d933a388e0fb67d8fc975c471765faff100c59ee4da9216ee99ee2fc2 is disqualified from virtual chain: coinbase transaction is not built as expected
2026-08-09 22:40:26.901+09:00 [INFO ] Accepted block 93f3f6c83ea3f609de6ee678326de5c31fd2f375bf38208843a417f701a865e7ca7a416c419f6fbc08b2d703399daec4e5a5683148672f83e7493563b71e5d6b via relay
2026-08-09 22:40:27.052+09:00 [WARN ] [coinbase-mismatch] outputs act=4 exp=4; first diff @2: value_eq=true script_eq=false payload_eq=true (act_value=50000000 exp_value=50000000)
2026-08-09 22:40:27.052+09:00 [INFO ] Block 42684f813cf6029ec162cf41a6dafe8813d3c2f3fc4b4c887fab920e599d47a18fb7b56d933a388e0fb67d8fc975c471765faff100c59ee4da9216ee99ee2fc2 is disqualified from virtual chain: coinbase transaction is not built as expected
2026-08-09 22:40:28.059+09:00 [INFO ] Accepted block 6c1df12ebe4d2f05fc537060d93016e866f69231f33c07b0f5f6a056e818f50a4ac87f35c80d20e6e61de413e395ee74352ef4d56a368639d9fef2e7591c1058 via relay
2026-08-09 22:40:28.119+09:00 [WARN ] [coinbase-mismatch] outputs act=4 exp=4; first diff @2: value_eq=true script_eq=false payload_eq=true (act_value=50000000 exp_value=50000000)
2026-08-09 22:40:28.119+09:00 [INFO ] Block 42684f813cf6029ec162cf41a6dafe8813d3c2f3fc4b4c887fab920e599d47a18fb7b56d933a388e0fb67d8fc975c471765faff100c59ee4da9216ee99ee2fc2 is disqualified from virtual chain: coinbase transaction is not built as expected
2026-08-09 22:40:29.129+09:00 [INFO ] Accepted block 1954fb818fc79e3bfdef4ca3e8a97b8eb01b0e4f9c8b759bc6c712914e8c229c555e6ca9b128b58eb34b81748c45d25a0a0c19ad1f2be9a4e68bf67796f4379b via relay
2026-08-09 22:40:29.240+09:00 [WARN ] [coinbase-mismatch] outputs act=4 exp=4; first diff @2: value_eq=true script_eq=false payload_eq=true (act_value=50000000 exp_value=50000000)
2026-08-09 22:40:29.240+09:00 [INFO ] Block 42684f813cf6029ec162cf41a6dafe8813d3c2f3fc4b4c887fab920e599d47a18fb7b56d933a388e0fb67d8fc975c471765faff100c59ee4da9216ee99ee2fc2 is disqualified from virtual chain: coinbase transaction is not built as expected
2026-08-09 22:40:30.247+09:00 [INFO ] Accepted block 971c55a6f255d73147109352874982894d9249270e5cdb1ea7106d041396d7c59fe36316cc4d2363b8a15c7fbe818030e7667c044b1bcd1104b6e5376310fd30 via relay
2026-08-09 22:40:30.300+09:00 [WARN ] [coinbase-mismatch] outputs act=4 exp=4; first diff @2: value_eq=true script_eq=false payload_eq=true (act_value=50000000 exp_value=50000000)
2026-08-09 22:40:30.300+09:00 [INFO ] Block 42684f813cf6029ec162cf41a6dafe8813d3c2f3fc4b4c887fab920e599d47a18fb7b56d933a388e0fb67d8fc975c471765faff100c59ee4da9216ee99ee2fc2 is disqualified from virtual chain: coinbase transaction is not built as expected
2026-08-09 22:40:31.310+09:00 [INFO ] Accepted block cd2a24ffd66552e8034599275492006bb7a0447be1cfce7881b5690016850922faa1f99e7b84f8ee82bb102cbe3f0ced49de2025b0ce1f87ed8dcf330ac88123 via relay
2026-08-09 22:40:31.404+09:00 [WARN ] [coinbase-mismatch] outputs act=4 exp=4; first diff @2: value_eq=true script_eq=false payload_eq=true (act_value=50000000 exp_value=50000000)
2026-08-09 22:40:31.404+09:00 [INFO ] Block 42684f813cf6029ec162cf41a6dafe8813d3c2f3fc4b4c887fab920e599d47a18fb7b56d933a388e0fb67d8fc975c471765faff100c59ee4da9216ee99ee2fc2 is disqualified from virtual chain: coinbase transaction is not built as expected
2026-08-09 22:40:32.411+09:00 [INFO ] Accepted block ec36096da9f955f7c4f6d80bc54403823bac6bfca5662bcfd729ad254899f8a0048bd187192789b3d3e7bfe56e796d08491f0904d9e1db0f197e0034bf952933 via relay
2026-08-09 22:40:32.789+09:00 [INFO ] Processed 8 blocks and 8 headers in the last 10.00s (8 transactions; 0 UTXO-validated blocks; 1.00 parents; 1.00 mergeset; 1.00 TPB; 0.0 mass)
2026-08-09 22:40:32.789+09:00 [INFO ] [ibd-perf] 8 hdrs avg: validate(A,parallelizable) 129.5us | commit(serial) 485.8us [add_block 14.8 + db.write 65.5; held-lock 148.8] | f_serial=0.789 f_reach=0.024 | parallelize-ceiling 1.27x
2026-08-09 22:40:32.789+09:00 [WARN ] Consensus detected UTXO-invalid blocks which are disqualified from the virtual selected chain (possibly due to inheritance): 16 disqualified vs. 0 valid chain blocks
2026-08-09 22:40:33.160+09:00 [WARN ] [coinbase-mismatch] outputs act=4 exp=4; first diff @2: value_eq=true script_eq=false payload_eq=true (act_value=50000000 exp_value=50000000)
2026-08-09 22:40:33.160+09:00 [INFO ] Block 42684f813cf6029ec162cf41a6dafe8813d3c2f3fc4b4c887fab920e599d47a18fb7b56d933a388e0fb67d8fc975c471765faff100c59ee4da9216ee99ee2fc2 is disqualified from virtual chain: coinbase transaction is not built as expected
2026-08-09 22:40:34.169+09:00 [INFO ] Accepted block 3371926d2c0d0d737d6c64a4a55e863e1a5eab33224fe60c68b9f706124c12463ec99cd9db8db75abbce9051dc471def6e92011ee72a5a33446da4001dbcff51 via relay
2026-08-09 22:40:34.255+09:00 [WARN ] [coinbase-mismatch] outputs act=4 exp=4; first diff @2: value_eq=true script_eq=false payload_eq=true (act_value=50000000 exp_value=50000000)
2026-08-09 22:40:34.255+09:00 [INFO ] Block 42684f813cf6029ec162cf41a6dafe8813d3c2f3fc4b4c887fab920e599d47a18fb7b56d933a388e0fb67d8fc975c471765faff100c59ee4da9216ee99ee2fc2 is disqualified from virtual chain: coinbase transaction is not built as expected
2026-08-09 22:40:35.263+09:00 [INFO ] Accepted block 983fa8e66b5b57b7c2a7445949c9b616034e82d4c2cf71a566ef5db948e921210619a5bed2344628b456335b7832692a1c2e77e45aee71b576260d212c4b6abb via relay
2026-08-09 22:40:36.095+09:00 [WARN ] [coinbase-mismatch] outputs act=4 exp=4; first diff @2: value_eq=true script_eq=false payload_eq=true (act_value=50000000 exp_value=50000000)
2026-08-09 22:40:36.095+09:00 [INFO ] Block 42684f813cf6029ec162cf41a6dafe8813d3c2f3fc4b4c887fab920e599d47a18fb7b56d933a388e0fb67d8fc975c471765faff100c59ee4da9216ee99ee2fc2 is disqualified from virtual chain: coinbase transaction is not built as expected
2026-08-09 22:40:37.103+09:00 [INFO ] Accepted block 11a84046e050ce98ee6cf49b1740ac81b1381f0525f36a14ee1119c6e1c8e389184a04ad0c408ef1a6c3102f6ad126337262084fee360d478b3a6073d7e6c1b3 via relay
2026-08-09 22:40:37.515+09:00 [WARN ] [coinbase-mismatch] outputs act=4 exp=4; first diff @2: value_eq=true script_eq=false payload_eq=true (act_value=50000000 exp_value=50000000)
2026-08-09 22:40:37.515+09:00 [INFO ] Block 42684f813cf6029ec162cf41a6dafe8813d3c2f3fc4b4c887fab920e599d47a18fb7b56d933a388e0fb67d8fc975c471765faff100c59ee4da9216ee99ee2fc2 is disqualified from virtual chain: coinbase transaction is not built as expected
2026-08-09 22:40:38.523+09:00 [INFO ] Accepted block 999893a1cbfbdca7dc432f1f2fef2582175796a27a9bfca32af08299b128435843e65488f185c6d28d74c633a07a9d02ce8ce3c539f8448ae56cb2ac9fe6d1fb via relay
2026-08-09 22:40:38.861+09:00 [WARN ] [coinbase-mismatch] outputs act=4 exp=4; first diff @2: value_eq=true script_eq=false payload_eq=true (act_value=50000000 exp_value=50000000)
2026-08-09 22:40:38.861+09:00 [INFO ] Block 42684f813cf6029ec162cf41a6dafe8813d3c2f3fc4b4c887fab920e599d47a18fb7b56d933a388e0fb67d8fc975c471765faff100c59ee4da9216ee99ee2fc2 is disqualified from virtual chain: coinbase transaction is not built as expected
2026-08-09 22:40:39.868+09:00 [INFO ] Accepted block dc170ab80daf4556f6b5186704969ba7ad5ffd358aa1be95e5d5ce67784481548f42e2e6b28df40be42e5832eaa912bfde4bc67479da7b8db6d98998bba1cf5e via relay
2026-08-09 22:40:40.943+09:00 [WARN ] [coinbase-mismatch] outputs act=4 exp=4; first diff @2: value_eq=true script_eq=false payload_eq=true (act_value=50000000 exp_value=50000000)
2026-08-09 22:40:40.943+09:00 [INFO ] Block 42684f813cf6029ec162cf41a6dafe8813d3c2f3fc4b4c887fab920e599d47a18fb7b56d933a388e0fb67d8fc975c471765faff100c59ee4da9216ee99ee2fc2 is disqualified from virtual chain: coinbase transaction is not built as expected
2026-08-09 22:40:41.951+09:00 [INFO ] Accepted block 068cd96290ceaf18ea16cf87dc5d8b61f37f3c652d1571d077974e0041c81e90de7568976f84f2aa6ac0af9a5019b6ff7d7db70062e147f427640ab4f92dd3c4 via relay
2026-08-09 22:40:42.790+09:00 [INFO ] Processed 6 blocks and 6 headers in the last 10.00s (6 transactions; 0 UTXO-validated blocks; 1.00 parents; 1.00 mergeset; 1.00 TPB; 0.0 mass)
2026-08-09 22:40:42.790+09:00 [INFO ] [ibd-perf] 6 hdrs avg: validate(A,parallelizable) 253.9us | commit(serial) 605.5us [add_block 18.2 + db.write 40.7; held-lock 186.9] | f_serial=0.705 f_reach=0.021 | parallelize-ceiling 1.42x
2026-08-09 22:40:42.790+09:00 [WARN ] Consensus detected UTXO-invalid blocks which are disqualified from the virtual selected chain (possibly due to inheritance): 12 disqualified vs. 0 valid chain blocks
2026-08-09 22:40:43.272+09:00 [WARN ] [coinbase-mismatch] outputs act=4 exp=4; first diff @2: value_eq=true script_eq=false payload_eq=true (act_value=50000000 exp_value=50000000)
2026-08-09 22:40:43.272+09:00 [INFO ] Block 42684f813cf6029ec162cf41a6dafe8813d3c2f3fc4b4c887fab920e599d47a18fb7b56d933a388e0fb67d8fc975c471765faff100c59ee4da9216ee99ee2fc2 is disqualified from virtual chain: coinbase transaction is not built as expected
2026-08-09 22:40:44.280+09:00 [INFO ] Accepted block e949456016f9db2c4c43260ef040c27299697b1bbcc1d372bebf11f4cded49198c25ad582b39b78c04cf804d720e64f8d0f19a05b2ec7ce0246b7c9e23b7005f via relay
2026-08-09 22:40:44.939+09:00 [WARN ] [coinbase-mismatch] outputs act=4 exp=4; first diff @2: value_eq=true script_eq=false payload_eq=true (act_value=50000000 exp_value=50000000)
2026-08-09 22:40:44.939+09:00 [INFO ] Block 42684f813cf6029ec162cf41a6dafe8813d3c2f3fc4b4c887fab920e599d47a18fb7b56d933a388e0fb67d8fc975c471765faff100c59ee4da9216ee99ee2fc2 is disqualified from virtual chain: coinbase transaction is not built as expected
2026-08-09 22:40:45.947+09:00 [INFO ] Accepted block b0311323c7775de04632062d0f3900831727737e647d44a746c52401f3ea0dba75811c68ca46cff7631543ec64915c70aa55baa43def32c93e889f2098f4e4de via relay
2026-08-09 22:40:46.074+09:00 [WARN ] [coinbase-mismatch] outputs act=4 exp=4; first diff @2: value_eq=true script_eq=false payload_eq=true (act_value=50000000 exp_value=50000000)
2026-08-09 22:40:46.074+09:00 [INFO ] Block 42684f813cf6029ec162cf41a6dafe8813d3c2f3fc4b4c887fab920e599d47a18fb7b56d933a388e0fb67d8fc975c471765faff100c59ee4da9216ee99ee2fc2 is disqualified from virtual chain: coinbase transaction is not built as expected
2026-08-09 22:40:47.082+09:00 [INFO ] Accepted block 1e32d13978dba3c8877d01b167290a2431693343dc0befb27746395e870d6843a31273c1fd7ac848d14e873f2d93f6e5aef716add38843fada9e11bc031646b8 via relay
2026-08-09 22:40:47.250+09:00 [WARN ] [coinbase-mismatch] outputs act=4 exp=4; first diff @2: value_eq=true script_eq=false payload_eq=true (act_value=50000000 exp_value=50000000)
2026-08-09 22:40:47.250+09:00 [INFO ] Block 42684f813cf6029ec162cf41a6dafe8813d3c2f3fc4b4c887fab920e599d47a18fb7b56d933a388e0fb67d8fc975c471765faff100c59ee4da9216ee99ee2fc2 is disqualified from virtual chain: coinbase transaction is not built as expected
2026-08-09 22:40:48.258+09:00 [INFO ] Accepted block 950e623191c79835ba8b1bafec9612a580169167d0df9ef50171c85ea7f56aa242013fd16f8b31062314ad200735c60c51ba7f5a58e199fcfaa03cc799646f25 via relay
2026-08-09 22:40:48.439+09:00 [WARN ] [coinbase-mismatch] outputs act=4 exp=4; first diff @2: value_eq=true script_eq=false payload_eq=true (act_value=50000000 exp_value=50000000)
2026-08-09 22:40:48.439+09:00 [INFO ] Block 42684f813cf6029ec162cf41a6dafe8813d3c2f3fc4b4c887fab920e599d47a18fb7b56d933a388e0fb67d8fc975c471765faff100c59ee4da9216ee99ee2fc2 is disqualified from virtual chain: coinbase transaction is not built as expected
2026-08-09 22:40:49.447+09:00 [INFO ] Accepted block ff742bb59d17870b92c49672439131a7e37e0d3f453daaba5075a6175f94b2e3f4e8254cb439f440a885c7e7bccea7de1e81b2af5992be61b0ca59d9ff004906 via relay
2026-08-09 22:40:49.721+09:00 [WARN ] [coinbase-mismatch] outputs act=4 exp=4; first diff @2: value_eq=true script_eq=false payload_eq=true (act_value=50000000 exp_value=50000000)
2026-08-09 22:40:49.721+09:00 [INFO ] Block 42684f813cf6029ec162cf41a6dafe8813d3c2f3fc4b4c887fab920e599d47a18fb7b56d933a388e0fb67d8fc975c471765faff100c59ee4da9216ee99ee2fc2 is disqualified from virtual chain: coinbase transaction is not built as expected
2026-08-09 22:40:50.729+09:00 [INFO ] Accepted block 8393d40f4a692e02efc43c1b0c7ba81c62c9d0bd2ccc94d4db738a31b4b1fda1534edb0c44afe3e1e61e813049507f0885088c34bc841098ced5fdf563335a53 via relay
2026-08-09 22:40:50.945+09:00 [WARN ] [coinbase-mismatch] outputs act=4 exp=4; first diff @2: value_eq=true script_eq=false payload_eq=true (act_value=50000000 exp_value=50000000)
2026-08-09 22:40:50.945+09:00 [INFO ] Block 42684f813cf6029ec162cf41a6dafe8813d3c2f3fc4b4c887fab920e599d47a18fb7b56d933a388e0fb67d8fc975c471765faff100c59ee4da9216ee99ee2fc2 is disqualified from virtual chain: coinbase transaction is not built as expected
2026-08-09 22:40:51.951+09:00 [INFO ] Accepted block 7ca2677a998392a786792b1ce64b2e74fb1cc43ff2e0db656f8fbf891cf715fc10d6bc84da4e379829842abb6a09c8c454e7d2138afd57303bd1b56a27e4d915 via relay
2026-08-09 22:40:52.235+09:00 [WARN ] [coinbase-mismatch] outputs act=4 exp=4; first diff @2: value_eq=true script_eq=false payload_eq=true (act_value=50000000 exp_value=50000000)
2026-08-09 22:40:52.235+09:00 [INFO ] Block 42684f813cf6029ec162cf41a6dafe8813d3c2f3fc4b4c887fab920e599d47a18fb7b56d933a388e0fb67d8fc975c471765faff100c59ee4da9216ee99ee2fc2 is disqualified from virtual chain: coinbase transaction is not built as expected
2026-08-09 22:40:52.792+09:00 [INFO ] Processed 8 blocks and 8 headers in the last 10.00s (8 transactions; 0 UTXO-validated blocks; 1.00 parents; 1.00 mergeset; 1.00 TPB; 0.0 mass)
2026-08-09 22:40:52.792+09:00 [INFO ] [ibd-perf] 8 hdrs avg: validate(A,parallelizable) 409.3us | commit(serial) 574.3us [add_block 32.9 + db.write 40.2; held-lock 141.4] | f_serial=0.584 f_reach=0.033 | parallelize-ceiling 1.71x
2026-08-09 22:40:52.792+09:00 [WARN ] Consensus detected UTXO-invalid blocks which are disqualified from the virtual selected chain (possibly due to inheritance): 16 disqualified vs. 0 valid chain blocks
2026-08-09 22:40:53.242+09:00 [INFO ] Accepted block 50cd2d969e0812803185a55dbaf00a7ccae79cf9e9b91b65a861f4941c9c4e1935e9c5fe14576233603dc68c88ebe9c3c536b6e2b95e3ed284e39001694947a2 via relay
2026-08-09 22:40:54.029+09:00 [WARN ] [coinbase-mismatch] outputs act=4 exp=4; first diff @2: value_eq=true script_eq=false payload_eq=true (act_value=50000000 exp_value=50000000)
2026-08-09 22:40:54.029+09:00 [INFO ] Block 42684f813cf6029ec162cf41a6dafe8813d3c2f3fc4b4c887fab920e599d47a18fb7b56d933a388e0fb67d8fc975c471765faff100c59ee4da9216ee99ee2fc2 is disqualified from virtual chain: coinbase transaction is not built as expected
2026-08-09 22:40:55.038+09:00 [INFO ] Accepted block 2006b751becf0f839db5df99e2ae69e69803f8fd1a54368cf2433eaca649ad1e0cd090dcf609a572e754d34e8d5ca3452b4ea056f5d22e8d50d888295543bd2a via relay
2026-08-09 22:40:55.184+09:00 [WARN ] [coinbase-mismatch] outputs act=4 exp=4; first diff @2: value_eq=true script_eq=false payload_eq=true (act_value=50000000 exp_value=50000000)
2026-08-09 22:40:55.184+09:00 [INFO ] Block 42684f813cf6029ec162cf41a6dafe8813d3c2f3fc4b4c887fab920e599d47a18fb7b56d933a388e0fb67d8fc975c471765faff100c59ee4da9216ee99ee2fc2 is disqualified from virtual chain: coinbase transaction is not built as expected
2026-08-09 22:40:56.192+09:00 [INFO ] Accepted block ec9f3f66733692c87d8836003f822f24c37f96582d89ac8252a09b7205fef0df225b9d1b8b17243108cf907c7e52a31c86cda257d12856d0006cba40c3373959 via relay
2026-08-09 22:40:56.394+09:00 [WARN ] [coinbase-mismatch] outputs act=4 exp=4; first diff @2: value_eq=true script_eq=false payload_eq=true (act_value=50000000 exp_value=50000000)
2026-08-09 22:40:56.394+09:00 [INFO ] Block 42684f813cf6029ec162cf41a6dafe8813d3c2f3fc4b4c887fab920e599d47a18fb7b56d933a388e0fb67d8fc975c471765faff100c59ee4da9216ee99ee2fc2 is disqualified from virtual chain: coinbase transaction is not built as expected
2026-08-09 22:40:57.402+09:00 [INFO ] Accepted block 37318ea670d2d21e2f35c95bffc1115a22e1bc22635b992f7a89d5a9ff8ed9049a9ea13294aeff791fb1754e5840dc2843ce55bfb14857c3fefcc5e0eb5361b6 via relay
2026-08-09 22:40:57.457+09:00 [WARN ] [coinbase-mismatch] outputs act=4 exp=4; first diff @2: value_eq=true script_eq=false payload_eq=true (act_value=50000000 exp_value=50000000)
2026-08-09 22:40:57.457+09:00 [INFO ] Block 42684f813cf6029ec162cf41a6dafe8813d3c2f3fc4b4c887fab920e599d47a18fb7b56d933a388e0fb67d8fc975c471765faff100c59ee4da9216ee99ee2fc2 is disqualified from virtual chain: coinbase transaction is not built as expected
2026-08-09 22:40:58.465+09:00 [INFO ] Accepted block 6ec8c8ddfc983260e237c2a5dd5be97098cbdc1410c351bd55a203da6dead40d2b8310b164713cf89937f7d2e63ea49006c203690d84d847cff99ab2b83c9f07 via relay
2026-08-09 22:40:59.217+09:00 [WARN ] [coinbase-mismatch] outputs act=4 exp=4; first diff @2: value_eq=true script_eq=false payload_eq=true (act_value=50000000 exp_value=50000000)
2026-08-09 22:40:59.217+09:00 [INFO ] Block 42684f813cf6029ec162cf41a6dafe8813d3c2f3fc4b4c887fab920e599d47a18fb7b56d933a388e0fb67d8fc975c471765faff100c59ee4da9216ee99ee2fc2 is disqualified from virtual chain: coinbase transaction is not built as expected
2026-08-09 22:41:00.224+09:00 [INFO ] Accepted block acff106335fc868b886e373c7ef7946d1d9f38872309ee8b16705665ab5822453ced99f679837b9cc5ed15ea5b46fec57fce1505f01441f5e9672d811f404de3 via relay
2026-08-09 22:41:00.315+09:00 [WARN ] [coinbase-mismatch] outputs act=4 exp=4; first diff @2: value_eq=true script_eq=false payload_eq=true (act_value=50000000 exp_value=50000000)
2026-08-09 22:41:00.315+09:00 [INFO ] Block 42684f813cf6029ec162cf41a6dafe8813d3c2f3fc4b4c887fab920e599d47a18fb7b56d933a388e0fb67d8fc975c471765faff100c59ee4da9216ee99ee2fc2 is disqualified from virtual chain: coinbase transaction is not built as expected
2026-08-09 22:41:01.323+09:00 [INFO ] Accepted block 611ef591f211ef27ec7038a09efe08d5dc035a1d394eba234dfaed5c00776c9d14a8cc6698ab8ceb10530b14830fa0f002e8e41add0969d122e5f55e95fdc281 via relay
2026-08-09 22:41:01.572+09:00 [WARN ] [coinbase-mismatch] outputs act=4 exp=4; first diff @2: value_eq=true script_eq=false payload_eq=true (act_value=50000000 exp_value=50000000)
2026-08-09 22:41:01.572+09:00 [INFO ] Block 42684f813cf6029ec162cf41a6dafe8813d3c2f3fc4b4c887fab920e599d47a18fb7b56d933a388e0fb67d8fc975c471765faff100c59ee4da9216ee99ee2fc2 is disqualified from virtual chain: coinbase transaction is not built as expected
2026-08-09 22:41:02.580+09:00 [INFO ] Accepted block a91e560c6d99afa5f7cfebd78de375bbd3a6479475b599e7f4e8a0f5b0c3b886933c7ec94b6d5c6d139ee6c12269f3d56e71e34f278f751ee283f0a48d84bb9b via relay
2026-08-09 22:41:02.795+09:00 [INFO ] Processed 7 blocks and 7 headers in the last 10.00s (7 transactions; 0 UTXO-validated blocks; 1.00 parents; 1.00 mergeset; 1.00 TPB; 0.0 mass)
2026-08-09 22:41:02.795+09:00 [INFO ] [ibd-perf] 7 hdrs avg: validate(A,parallelizable) 155.1us | commit(serial) 258.8us [add_block 32.3 + db.write 44.4; held-lock 141.8] | f_serial=0.625 f_reach=0.078 | parallelize-ceiling 1.60x
2026-08-09 22:41:02.795+09:00 [WARN ] Consensus detected UTXO-invalid blocks which are disqualified from the virtual selected chain (possibly due to inheritance): 14 disqualified vs. 0 valid chain blocks
2026-08-09 22:41:03.905+09:00 [WARN ] [coinbase-mismatch] outputs act=4 exp=4; first diff @2: value_eq=true script_eq=false payload_eq=true (act_value=50000000 exp_value=50000000)
2026-08-09 22:41:03.905+09:00 [INFO ] Block 42684f813cf6029ec162cf41a6dafe8813d3c2f3fc4b4c887fab920e599d47a18fb7b56d933a388e0fb67d8fc975c471765faff100c59ee4da9216ee99ee2fc2 is disqualified from virtual chain: coinbase transaction is not built as expected
2026-08-09 22:41:04.911+09:00 [INFO ] Accepted block 5f7192c6e6e7ca6f408a226244e2c5129766c37fdc5f187c494c0e03ef00a9f476ecb68fc3c5b68d9e222bba04baabc1de65d389b0a1396e7d926682ebd4cc11 via relay
2026-08-09 22:41:05.366+09:00 [WARN ] [coinbase-mismatch] outputs act=4 exp=4; first diff @2: value_eq=true script_eq=false payload_eq=true (act_value=50000000 exp_value=50000000)
2026-08-09 22:41:05.366+09:00 [INFO ] Block 42684f813cf6029ec162cf41a6dafe8813d3c2f3fc4b4c887fab920e599d47a18fb7b56d933a388e0fb67d8fc975c471765faff100c59ee4da9216ee99ee2fc2 is disqualified from virtual chain: coinbase transaction is not built as expected
2026-08-09 22:41:06.373+09:00 [INFO ] Accepted block e9e81ec9186db342b288c1128407947f15044ef489fd00f6cef8f8e60b909b9c831744f14b521bd8751b50b960f1614ff3dd6cc3b3fbb748c10430b526823e50 via relay
2026-08-09 22:41:07.777+09:00 [WARN ] [coinbase-mismatch] outputs act=4 exp=4; first diff @2: value_eq=true script_eq=false payload_eq=true (act_value=50000000 exp_value=50000000)
2026-08-09 22:41:07.777+09:00 [INFO ] Block 42684f813cf6029ec162cf41a6dafe8813d3c2f3fc4b4c887fab920e599d47a18fb7b56d933a388e0fb67d8fc975c471765faff100c59ee4da9216ee99ee2fc2 is disqualified from virtual chain: coinbase transaction is not built as expected
2026-08-09 22:41:08.784+09:00 [INFO ] Accepted block 0a6d4f149fb33030e98196a4b555ba7c3ab72446e7d6edea2a044f655af2051f13ba562c360c95faa46356c8dd71603b48628308a8a1df1bc013da80cead1295 via relay
2026-08-09 22:41:09.233+09:00 [WARN ] [coinbase-mismatch] outputs act=4 exp=4; first diff @2: value_eq=true script_eq=false payload_eq=true (act_value=50000000 exp_value=50000000)
2026-08-09 22:41:09.233+09:00 [INFO ] Block 42684f813cf6029ec162cf41a6dafe8813d3c2f3fc4b4c887fab920e599d47a18fb7b56d933a388e0fb67d8fc975c471765faff100c59ee4da9216ee99ee2fc2 is disqualified from virtual chain: coinbase transaction is not built as expected
2026-08-09 22:41:10.241+09:00 [INFO ] Accepted block d585e772ab478b5a6a3b76faf892b0b6b3392fb2fd98c16c202ede197fe2229dc95e16038af4700ed592b8c6fa91b42d49ba8b5e89925c10e3ae820f5fb1d738 via relay
2026-08-09 22:41:10.436+09:00 [WARN ] [coinbase-mismatch] outputs act=4 exp=4; first diff @2: value_eq=true script_eq=false payload_eq=true (act_value=50000000 exp_value=50000000)
2026-08-09 22:41:10.436+09:00 [INFO ] Block 42684f813cf6029ec162cf41a6dafe8813d3c2f3fc4b4c887fab920e599d47a18fb7b56d933a388e0fb67d8fc975c471765faff100c59ee4da9216ee99ee2fc2 is disqualified from virtual chain: coinbase transaction is not built as expected
2026-08-09 22:41:11.444+09:00 [INFO ] Accepted block 4d426bbc80272718c46d85dc4e94585f4c41993bd5c2fd7804482278aefdf0aa6544c5aa68205b27b7e8e4596db711c70de0f652b085ce121c6b436eaf34b7fb via relay
2026-08-09 22:41:11.773+09:00 [WARN ] [coinbase-mismatch] outputs act=4 exp=4; first diff @2: value_eq=true script_eq=false payload_eq=true (act_value=50000000 exp_value=50000000)
2026-08-09 22:41:11.773+09:00 [INFO ] Block 42684f813cf6029ec162cf41a6dafe8813d3c2f3fc4b4c887fab920e599d47a18fb7b56d933a388e0fb67d8fc975c471765faff100c59ee4da9216ee99ee2fc2 is disqualified from virtual chain: coinbase transaction is not built as expected
2026-08-09 22:41:12.781+09:00 [INFO ] Accepted block 22fa6a1534722de9a48b67c30e79cee81d362e4b1d58c90b1317fee24a0bf6617cde80b60c3fcc071a70695d14da5123e3a326d5b4bc41c428947c612006ba5c via relay
2026-08-09 22:41:12.796+09:00 [INFO ] Processed 6 blocks and 6 headers in the last 10.00s (6 transactions; 0 UTXO-validated blocks; 1.00 parents; 1.00 mergeset; 1.00 TPB; 0.0 mass)
2026-08-09 22:41:12.796+09:00 [INFO ] [ibd-perf] 6 hdrs avg: validate(A,parallelizable) 176.4us | commit(serial) 616.8us [add_block 34.5 + db.write 47.4; held-lock 387.7] | f_serial=0.778 f_reach=0.044 | parallelize-ceiling 1.29x
2026-08-09 22:41:12.796+09:00 [WARN ] Consensus detected UTXO-invalid blocks which are disqualified from the virtual selected chain (possibly due to inheritance): 12 disqualified vs. 0 valid chain blocks
2026-08-09 22:41:13.403+09:00 [WARN ] [coinbase-mismatch] outputs act=4 exp=4; first diff @2: value_eq=true script_eq=false payload_eq=true (act_value=50000000 exp_value=50000000)
2026-08-09 22:41:13.403+09:00 [INFO ] Block 42684f813cf6029ec162cf41a6dafe8813d3c2f3fc4b4c887fab920e599d47a18fb7b56d933a388e0fb67d8fc975c471765faff100c59ee4da9216ee99ee2fc2 is disqualified from virtual chain: coinbase transaction is not built as expected
2026-08-09 22:41:14.411+09:00 [INFO ] Accepted block 2086af46d7e430306afb5b0c7d716395a355beeea94f555a7b7d468239718a1e0e3006c9318e494f558d629935901caf742918d8544568554c0aa33841620699 via relay
2026-08-09 22:41:15.659+09:00 [WARN ] [coinbase-mismatch] outputs act=4 exp=4; first diff @2: value_eq=true script_eq=false payload_eq=true (act_value=50000000 exp_value=50000000)
2026-08-09 22:41:15.659+09:00 [INFO ] Block 42684f813cf6029ec162cf41a6dafe8813d3c2f3fc4b4c887fab920e599d47a18fb7b56d933a388e0fb67d8fc975c471765faff100c59ee4da9216ee99ee2fc2 is disqualified from virtual chain: coinbase transaction is not built as expected
2026-08-09 22:41:16.666+09:00 [INFO ] Accepted block 26c6ff7e1b39d8e4a51fb88ad9f1a1fbb1f800ab8072e1468c064c8d91bc01324a6a7528455ea2624c9171c86a6a913dc2375dfeee23a667f748af3a198d97ad via relay
2026-08-09 22:41:16.848+09:00 [WARN ] [coinbase-mismatch] outputs act=4 exp=4; first diff @2: value_eq=true script_eq=false payload_eq=true (act_value=50000000 exp_value=50000000)
2026-08-09 22:41:16.848+09:00 [INFO ] Block 42684f813cf6029ec162cf41a6dafe8813d3c2f3fc4b4c887fab920e599d47a18fb7b56d933a388e0fb67d8fc975c471765faff100c59ee4da9216ee99ee2fc2 is disqualified from virtual chain: coinbase transaction is not built as expected
2026-08-09 22:41:17.855+09:00 [INFO ] Accepted block 8c131186c48b43ac643cfac669b9682c8199cb74334aab61ae3d1fcf234f4ed81f9b514ba77f3867cf9ab7999eba2291f884fdb6da4d65428290920abb9bccc9 via relay
2026-08-09 22:41:18.084+09:00 [WARN ] [coinbase-mismatch] outputs act=4 exp=4; first diff @2: value_eq=true script_eq=false payload_eq=true (act_value=50000000 exp_value=50000000)
2026-08-09 22:41:18.084+09:00 [INFO ] Block 42684f813cf6029ec162cf41a6dafe8813d3c2f3fc4b4c887fab920e599d47a18fb7b56d933a388e0fb67d8fc975c471765faff100c59ee4da9216ee99ee2fc2 is disqualified from virtual chain: coinbase transaction is not built as expected
2026-08-09 22:41:19.092+09:00 [INFO ] Accepted block ce9aa05cfa7a9416d7f0c9c629fcd62e3c3f7cdbb225dfee60e040c28706cbefc37c04f92a340ddce5ebb55915189a67b006d6a44fc49f80d8a8f28fcfb2bdeb via relay
2026-08-09 22:41:19.219+09:00 [WARN ] [coinbase-mismatch] outputs act=4 exp=4; first diff @2: value_eq=true script_eq=false payload_eq=true (act_value=50000000 exp_value=50000000)
2026-08-09 22:41:19.219+09:00 [INFO ] Block 42684f813cf6029ec162cf41a6dafe8813d3c2f3fc4b4c887fab920e599d47a18fb7b56d933a388e0fb67d8fc975c471765faff100c59ee4da9216ee99ee2fc2 is disqualified from virtual chain: coinbase transaction is not built as expected
2026-08-09 22:41:20.227+09:00 [INFO ] Accepted block 0a9c0eeebbfccfe06b780c06f0f8f968aa99e7c0a59f757706318117a8ec5f447652dc4d9080c1270c863b5a3bb737f233d427186dce72cb248f579bda2fe8ad via relay
2026-08-09 22:41:20.319+09:00 [WARN ] [coinbase-mismatch] outputs act=4 exp=4; first diff @2: value_eq=true script_eq=false payload_eq=true (act_value=50000000 exp_value=50000000)
2026-08-09 22:41:20.319+09:00 [INFO ] Block 42684f813cf6029ec162cf41a6dafe8813d3c2f3fc4b4c887fab920e599d47a18fb7b56d933a388e0fb67d8fc975c471765faff100c59ee4da9216ee99ee2fc2 is disqualified from virtual chain: coinbase transaction is not built as expected
2026-08-09 22:41:21.327+09:00 [INFO ] Accepted block c25bb811f002e6823866ff16b5bf87c89ebfb8990f6faca01b0691d21a7e97fbec9cde73d2872c8e527bddf020ce5e6cafbdab3112bcc89e2fa87b6029b4b329 via relay
2026-08-09 22:41:21.490+09:00 [WARN ] [coinbase-mismatch] outputs act=4 exp=4; first diff @2: value_eq=true script_eq=false payload_eq=true (act_value=50000000 exp_value=50000000)
2026-08-09 22:41:21.490+09:00 [INFO ] Block 42684f813cf6029ec162cf41a6dafe8813d3c2f3fc4b4c887fab920e599d47a18fb7b56d933a388e0fb67d8fc975c471765faff100c59ee4da9216ee99ee2fc2 is disqualified from virtual chain: coinbase transaction is not built as expected
2026-08-09 22:41:22.498+09:00 [INFO ] Accepted block 1976ed1538adaba676986bf68ac6c6f8b58c417e1bd7d8312101f210c94e659913b18ab6f385fa08092bfa7c09366b9af1dd757a8b5798c995227398c5624dc6 via relay
2026-08-09 22:41:22.646+09:00 [WARN ] [coinbase-mismatch] outputs act=4 exp=4; first diff @2: value_eq=true script_eq=false payload_eq=true (act_value=50000000 exp_value=50000000)
2026-08-09 22:41:22.646+09:00 [INFO ] Block 42684f813cf6029ec162cf41a6dafe8813d3c2f3fc4b4c887fab920e599d47a18fb7b56d933a388e0fb67d8fc975c471765faff100c59ee4da9216ee99ee2fc2 is disqualified from virtual chain: coinbase transaction is not built as expected
2026-08-09 22:41:22.798+09:00 [INFO ] Processed 8 blocks and 8 headers in the last 10.00s (8 transactions; 0 UTXO-validated blocks; 1.00 parents; 1.00 mergeset; 1.00 TPB; 0.0 mass)
2026-08-09 22:41:22.798+09:00 [INFO ] [ibd-perf] 8 hdrs avg: validate(A,parallelizable) 318.5us | commit(serial) 419.7us [add_block 15.0 + db.write 50.2; held-lock 159.7] | f_serial=0.569 f_reach=0.020 | parallelize-ceiling 1.76x
2026-08-09 22:41:22.798+09:00 [WARN ] Consensus detected UTXO-invalid blocks which are disqualified from the virtual selected chain (possibly due to inheritance): 16 disqualified vs. 0 valid chain blocks
2026-08-09 22:41:23.655+09:00 [INFO ] Accepted block 967e88a1c1eb1d4616f1f3e8fac9bf6ceb82dceb5a72041cf4a62f98d92009c58dd8bbb03cc3525528c7580526c068be34e69bf426a417143833995446d9239d via relay
2026-08-09 22:41:23.721+09:00 [WARN ] [coinbase-mismatch] outputs act=4 exp=4; first diff @2: value_eq=true script_eq=false payload_eq=true (act_value=50000000 exp_value=50000000)
2026-08-09 22:41:23.721+09:00 [INFO ] Block 42684f813cf6029ec162cf41a6dafe8813d3c2f3fc4b4c887fab920e599d47a18fb7b56d933a388e0fb67d8fc975c471765faff100c59ee4da9216ee99ee2fc2 is disqualified from virtual chain: coinbase transaction is not built as expected
2026-08-09 22:41:24.730+09:00 [INFO ] Accepted block 521d31d94b60e9fd7f3bd53bc9aba5a9d4c0dcd4b572431a12efbe2ebdf0f69d4438b04cc6822676e7d25c0726c484c8d6d84d80a77dd78c19dc05973345c7cf via relay
2026-08-09 22:41:24.935+09:00 [WARN ] [coinbase-mismatch] outputs act=4 exp=4; first diff @2: value_eq=true script_eq=false payload_eq=true (act_value=50000000 exp_value=50000000)
2026-08-09 22:41:24.935+09:00 [INFO ] Block 42684f813cf6029ec162cf41a6dafe8813d3c2f3fc4b4c887fab920e599d47a18fb7b56d933a388e0fb67d8fc975c471765faff100c59ee4da9216ee99ee2fc2 is disqualified from virtual chain: coinbase transaction is not built as expected
2026-08-09 22:41:25.942+09:00 [INFO ] Accepted block ddd1c1461d755c5aeafb86f3a348fbe1b31489b9f6396ac83578e0cd1d46ac7cc81577ee4f3a0744db4358209aebc943b3177a3dab3298105c6a2b97901c2899 via relay
2026-08-09 22:41:26.617+09:00 [WARN ] [coinbase-mismatch] outputs act=4 exp=4; first diff @2: value_eq=true script_eq=false payload_eq=true (act_value=50000000 exp_value=50000000)
2026-08-09 22:41:26.617+09:00 [INFO ] Block 42684f813cf6029ec162cf41a6dafe8813d3c2f3fc4b4c887fab920e599d47a18fb7b56d933a388e0fb67d8fc975c471765faff100c59ee4da9216ee99ee2fc2 is disqualified from virtual chain: coinbase transaction is not built as expected
2026-08-09 22:41:27.626+09:00 [INFO ] Accepted block 2b26c8b80a809ddfac337ca89b9532889876451173f2b896eeebd14b008c8081952a03de2f4435d3224fdf712b9310ad5f89614432b72bb07d8fd46eed033d38 via relay
2026-08-09 22:41:28.164+09:00 [WARN ] [coinbase-mismatch] outputs act=4 exp=4; first diff @2: value_eq=true script_eq=false payload_eq=true (act_value=50000000 exp_value=50000000)
2026-08-09 22:41:28.164+09:00 [INFO ] Block 42684f813cf6029ec162cf41a6dafe8813d3c2f3fc4b4c887fab920e599d47a18fb7b56d933a388e0fb67d8fc975c471765faff100c59ee4da9216ee99ee2fc2 is disqualified from virtual chain: coinbase transaction is not built as expected
2026-08-09 22:41:29.172+09:00 [INFO ] Accepted block 94d57f1b64ec15ae55a961e3928ac8b797aed9916d67bacaabf53447069f55a7d28238e05edbaf82ddec507b0e13bcebdd532724e7b113e9a42a7ea2cbbb726b via relay
2026-08-09 22:41:29.245+09:00 [WARN ] [coinbase-mismatch] outputs act=4 exp=4; first diff @2: value_eq=true script_eq=false payload_eq=true (act_value=50000000 exp_value=50000000)
2026-08-09 22:41:29.245+09:00 [INFO ] Block 42684f813cf6029ec162cf41a6dafe8813d3c2f3fc4b4c887fab920e599d47a18fb7b56d933a388e0fb67d8fc975c471765faff100c59ee4da9216ee99ee2fc2 is disqualified from virtual chain: coinbase transaction is not built as expected
2026-08-09 22:41:30.252+09:00 [INFO ] Accepted block 78330c643b0d7fe08dbf44573eb8f969d7155fc9462e032b3213a59e0a98268f462ca8dae377c4f4993c80152b79d866f226baae094bb427cfa0116c81092ada via relay
2026-08-09 22:41:31.558+09:00 [WARN ] [coinbase-mismatch] outputs act=4 exp=4; first diff @2: value_eq=true script_eq=false payload_eq=true (act_value=50000000 exp_value=50000000)
2026-08-09 22:41:31.558+09:00 [INFO ] Block 42684f813cf6029ec162cf41a6dafe8813d3c2f3fc4b4c887fab920e599d47a18fb7b56d933a388e0fb67d8fc975c471765faff100c59ee4da9216ee99ee2fc2 is disqualified from virtual chain: coinbase transaction is not built as expected
2026-08-09 22:41:32.565+09:00 [INFO ] Accepted block f710af6fc724015b8c2b86955d73bc960d2566e2138b961bb1c3679270c6854310d9d96b58c61a822c73a232ee573d4679585327baff670f678d8ffa72366533 via relay
2026-08-09 22:41:32.801+09:00 [INFO ] Processed 6 blocks and 6 headers in the last 10.00s (6 transactions; 0 UTXO-validated blocks; 1.00 parents; 1.00 mergeset; 1.00 TPB; 0.0 mass)
2026-08-09 22:41:32.801+09:00 [INFO ] [ibd-perf] 6 hdrs avg: validate(A,parallelizable) 174.0us | commit(serial) 518.4us [add_block 20.3 + db.write 69.8; held-lock 180.2] | f_serial=0.749 f_reach=0.029 | parallelize-ceiling 1.34x
2026-08-09 22:41:32.801+09:00 [WARN ] Consensus detected UTXO-invalid blocks which are disqualified from the virtual selected chain (possibly due to inheritance): 12 disqualified vs. 0 valid chain blocks
2026-08-09 22:41:33.063+09:00 [WARN ] [coinbase-mismatch] outputs act=4 exp=4; first diff @2: value_eq=true script_eq=false payload_eq=true (act_value=50000000 exp_value=50000000)
2026-08-09 22:41:33.063+09:00 [INFO ] Block 42684f813cf6029ec162cf41a6dafe8813d3c2f3fc4b4c887fab920e599d47a18fb7b56d933a388e0fb67d8fc975c471765faff100c59ee4da9216ee99ee2fc2 is disqualified from virtual chain: coinbase transaction is not built as expected
2026-08-09 22:41:34.070+09:00 [INFO ] Accepted block 183f3a4f71ea577770fa1d96220aaa23caf8f0ebc793f48db8d0611c4990ae6dec5fbbbf29fc439e47a00dcb3c3dc7d8645eaffc0c24b281b56c6e9d24e1afbe via relay
2026-08-09 22:41:35.084+09:00 [WARN ] [coinbase-mismatch] outputs act=4 exp=4; first diff @2: value_eq=true script_eq=false payload_eq=true (act_value=50000000 exp_value=50000000)
2026-08-09 22:41:35.084+09:00 [INFO ] Block 42684f813cf6029ec162cf41a6dafe8813d3c2f3fc4b4c887fab920e599d47a18fb7b56d933a388e0fb67d8fc975c471765faff100c59ee4da9216ee99ee2fc2 is disqualified from virtual chain: coinbase transaction is not built as expected
2026-08-09 22:41:36.093+09:00 [INFO ] Accepted block be013a6844511bd263c02f6ea6c19ecafd5b52371c057ca544cb966f549f7025b98d256901d5178c7ca2c50a488707ab6e6ec7ac30aa76e52f2e557623a02fd8 via relay
2026-08-09 22:41:37.500+09:00 [WARN ] [coinbase-mismatch] outputs act=4 exp=4; first diff @2: value_eq=true script_eq=false payload_eq=true (act_value=50000000 exp_value=50000000)
2026-08-09 22:41:37.501+09:00 [INFO ] Block 42684f813cf6029ec162cf41a6dafe8813d3c2f3fc4b4c887fab920e599d47a18fb7b56d933a388e0fb67d8fc975c471765faff100c59ee4da9216ee99ee2fc2 is disqualified from virtual chain: coinbase transaction is not built as expected
2026-08-09 22:41:38.508+09:00 [INFO ] Accepted block fce11a68fff2147f023c5a46a6ccb1d8c21a1fde4380bf933f2506e8e77b3acdfe963376be31ef34fb6391ab93d5696cf1aba6838ee3a8b0e62a00cae6535d18 via relay
2026-08-09 22:41:38.821+09:00 [WARN ] [coinbase-mismatch] outputs act=4 exp=4; first diff @2: value_eq=true script_eq=false payload_eq=true (act_value=50000000 exp_value=50000000)
2026-08-09 22:41:38.821+09:00 [INFO ] Block 42684f813cf6029ec162cf41a6dafe8813d3c2f3fc4b4c887fab920e599d47a18fb7b56d933a388e0fb67d8fc975c471765faff100c59ee4da9216ee99ee2fc2 is disqualified from virtual chain: coinbase transaction is not built as expected
2026-08-09 22:41:39.850+09:00 [INFO ] Accepted block 1db7bfe463d142cebba7efddae93af67b14e50945df77c54d82c8daf935623d8016e5f078fc4e7ee94068d63bc3915d2d9c3bc480754408689102fad252327eb via relay
2026-08-09 22:41:40.258+09:00 [WARN ] [coinbase-mismatch] outputs act=4 exp=4; first diff @2: value_eq=true script_eq=false payload_eq=true (act_value=50000000 exp_value=50000000)
2026-08-09 22:41:40.258+09:00 [INFO ] Block 42684f813cf6029ec162cf41a6dafe8813d3c2f3fc4b4c887fab920e599d47a18fb7b56d933a388e0fb67d8fc975c471765faff100c59ee4da9216ee99ee2fc2 is disqualified from virtual chain: coinbase transaction is not built as expected
2026-08-09 22:41:41.268+09:00 [INFO ] Accepted block 3f4b872553d67d27a243980cc814bbf5d2104cfefb5428e1ac33088dd893079bd47f0c36d00d3febffbf7ead6c5411554f95120d97e173e5946373a7a7d85e5b via relay
2026-08-09 22:41:41.704+09:00 [WARN ] [coinbase-mismatch] outputs act=4 exp=4; first diff @2: value_eq=true script_eq=false payload_eq=true (act_value=50000000 exp_value=50000000)
2026-08-09 22:41:41.704+09:00 [INFO ] Block 42684f813cf6029ec162cf41a6dafe8813d3c2f3fc4b4c887fab920e599d47a18fb7b56d933a388e0fb67d8fc975c471765faff100c59ee4da9216ee99ee2fc2 is disqualified from virtual chain: coinbase transaction is not built as expected
2026-08-09 22:41:42.719+09:00 [INFO ] Accepted block 4f54d3f7983ca651adfbef514970b092da0e90c6d2ee9af7743d347a6f7cb88e74f4de864b7500857d93df31dc7d0f04c9531062b8844331207f89c55c01e17b via relay
2026-08-09 22:41:42.802+09:00 [INFO ] Processed 7 blocks and 7 headers in the last 10.00s (7 transactions; 0 UTXO-validated blocks; 1.00 parents; 1.00 mergeset; 1.00 TPB; 0.0 mass)
2026-08-09 22:41:42.802+09:00 [INFO ] [ibd-perf] 7 hdrs avg: validate(A,parallelizable) 444.1us | commit(serial) 512.1us [add_block 17.3 + db.write 71.0; held-lock 301.6] | f_serial=0.536 f_reach=0.018 | parallelize-ceiling 1.87x
2026-08-09 22:41:42.802+09:00 [WARN ] Consensus detected UTXO-invalid blocks which are disqualified from the virtual selected chain (possibly due to inheritance): 12 disqualified vs. 0 valid chain blocks
2026-08-09 22:41:42.803+09:00 [WARN ] [coinbase-mismatch] outputs act=4 exp=4; first diff @2: value_eq=true script_eq=false payload_eq=true (act_value=50000000 exp_value=50000000)
2026-08-09 22:41:42.803+09:00 [INFO ] Block 42684f813cf6029ec162cf41a6dafe8813d3c2f3fc4b4c887fab920e599d47a18fb7b56d933a388e0fb67d8fc975c471765faff100c59ee4da9216ee99ee2fc2 is disqualified from virtual chain: coinbase transaction is not built as expected
2026-08-09 22:41:43.811+09:00 [INFO ] Accepted block 65f6bc3fce6a68f6dd15c60b0b8ab2a7ffab9629ae8b2daa414fd9a9c4b128a7c0258b73c93fcde688e192a9a2b65e20b73a844bf1be2db1c34af2ac5b597323 via relay
2026-08-09 22:41:43.922+09:00 [WARN ] [coinbase-mismatch] outputs act=4 exp=4; first diff @2: value_eq=true script_eq=false payload_eq=true (act_value=50000000 exp_value=50000000)
2026-08-09 22:41:43.922+09:00 [INFO ] Block 42684f813cf6029ec162cf41a6dafe8813d3c2f3fc4b4c887fab920e599d47a18fb7b56d933a388e0fb67d8fc975c471765faff100c59ee4da9216ee99ee2fc2 is disqualified from virtual chain: coinbase transaction is not built as expected
2026-08-09 22:41:44.932+09:00 [INFO ] Accepted block bdd033cce9446a13e277727bd954774274a2bc496630a05b99b8fac0699440598d83291a93e278ed6c52d41414fd51e6b08175b2686d4a2cca9d6317f775373d via relay
2026-08-09 22:41:45.287+09:00 [WARN ] [coinbase-mismatch] outputs act=4 exp=4; first diff @2: value_eq=true script_eq=false payload_eq=true (act_value=50000000 exp_value=50000000)
2026-08-09 22:41:45.287+09:00 [INFO ] Block 42684f813cf6029ec162cf41a6dafe8813d3c2f3fc4b4c887fab920e599d47a18fb7b56d933a388e0fb67d8fc975c471765faff100c59ee4da9216ee99ee2fc2 is disqualified from virtual chain: coinbase transaction is not built as expected
2026-08-09 22:41:46.295+09:00 [INFO ] Accepted block 9ffabd3cbd09e5d9d4e89f91e504cdaf4201dc3d3cb6a9a7181b3ee731d3e290f2ab8c0c6fa1b88984bf11d8f1f7a7a75a902f53e74afa166a748c0738393d11 via relay
2026-08-09 22:41:46.449+09:00 [WARN ] [coinbase-mismatch] outputs act=4 exp=4; first diff @2: value_eq=true script_eq=false payload_eq=true (act_value=50000000 exp_value=50000000)
2026-08-09 22:41:46.449+09:00 [INFO ] Block 42684f813cf6029ec162cf41a6dafe8813d3c2f3fc4b4c887fab920e599d47a18fb7b56d933a388e0fb67d8fc975c471765faff100c59ee4da9216ee99ee2fc2 is disqualified from virtual chain: coinbase transaction is not built as expected
2026-08-09 22:41:47.456+09:00 [INFO ] Accepted block d4bad8751a56e6139b7d77d95149ce86f29883735b5274f35bdad7f2adaf153f82170d4b74800cf2b0edf46d7b8bf600f32b81dc80f4f75cc976ab7c190b17ad via relay
2026-08-09 22:41:47.616+09:00 [WARN ] [coinbase-mismatch] outputs act=4 exp=4; first diff @2: value_eq=true script_eq=false payload_eq=true (act_value=50000000 exp_value=50000000)
2026-08-09 22:41:47.616+09:00 [INFO ] Block 42684f813cf6029ec162cf41a6dafe8813d3c2f3fc4b4c887fab920e599d47a18fb7b56d933a388e0fb67d8fc975c471765faff100c59ee4da9216ee99ee2fc2 is disqualified from virtual chain: coinbase transaction is not built as expected
2026-08-09 22:41:48.625+09:00 [INFO ] Accepted block 1551cfba027aea90ffd393b5c3757c61baa0dd0abe0372f1c6ca9516637520cea26b90321b7a925ee0474bc1fa423456723d1022653b6269c31ceea587a6c7a4 via relay
2026-08-09 22:41:48.803+09:00 [WARN ] [coinbase-mismatch] outputs act=4 exp=4; first diff @2: value_eq=true script_eq=false payload_eq=true (act_value=50000000 exp_value=50000000)
2026-08-09 22:41:48.803+09:00 [INFO ] Block 42684f813cf6029ec162cf41a6dafe8813d3c2f3fc4b4c887fab920e599d47a18fb7b56d933a388e0fb67d8fc975c471765faff100c59ee4da9216ee99ee2fc2 is disqualified from virtual chain: coinbase transaction is not built as expected
2026-08-09 22:41:49.813+09:00 [INFO ] Accepted block 24a06cd7b5758897781abde5ff21b95e50f6279656ac5e0a0b92b50b02bac6541af570a6c822308ddef2022fef7c9c9ae65774adbe41637ebe3cde703e0ad050 via relay
2026-08-09 22:41:50.264+09:00 [WARN ] [coinbase-mismatch] outputs act=4 exp=4; first diff @2: value_eq=true script_eq=false payload_eq=true (act_value=50000000 exp_value=50000000)
2026-08-09 22:41:50.264+09:00 [INFO ] Block 42684f813cf6029ec162cf41a6dafe8813d3c2f3fc4b4c887fab920e599d47a18fb7b56d933a388e0fb67d8fc975c471765faff100c59ee4da9216ee99ee2fc2 is disqualified from virtual chain: coinbase transaction is not built as expected
2026-08-09 22:41:51.272+09:00 [INFO ] Accepted block a0ec302a44ce2aaee11c21b23bb51735a5063da64c9a5780ae0353ff681949a3d175b44c94292e98efb4223047fadd651d7d39dfc06ffe034fac6c7f6800915e via relay
2026-08-09 22:41:51.337+09:00 [WARN ] [coinbase-mismatch] outputs act=4 exp=4; first diff @2: value_eq=true script_eq=false payload_eq=true (act_value=50000000 exp_value=50000000)
2026-08-09 22:41:51.337+09:00 [INFO ] Block 42684f813cf6029ec162cf41a6dafe8813d3c2f3fc4b4c887fab920e599d47a18fb7b56d933a388e0fb67d8fc975c471765faff100c59ee4da9216ee99ee2fc2 is disqualified from virtual chain: coinbase transaction is not built as expected
2026-08-09 22:41:52.346+09:00 [INFO ] Accepted block 1b2c9cd57acb0d42de0e6ffce87b8f1a6094b6ef88095af9c43a16718bffe9161e4193a3d7f65712072ccc01856e8bf0721bafe0c47bf30cadcddab575daf4dd via relay
2026-08-09 22:41:52.805+09:00 [INFO ] Processed 7 blocks and 7 headers in the last 10.00s (7 transactions; 0 UTXO-validated blocks; 1.00 parents; 1.00 mergeset; 1.00 TPB; 0.0 mass)
2026-08-09 22:41:52.805+09:00 [INFO ] [ibd-perf] 7 hdrs avg: validate(A,parallelizable) 281.1us | commit(serial) 416.6us [add_block 19.7 + db.write 86.7; held-lock 216.0] | f_serial=0.597 f_reach=0.028 | parallelize-ceiling 1.67x
2026-08-09 22:41:52.805+09:00 [WARN ] Consensus detected UTXO-invalid blocks which are disqualified from the virtual selected chain (possibly due to inheritance): 16 disqualified vs. 0 valid chain blocks
2026-08-09 22:41:53.140+09:00 [WARN ] [coinbase-mismatch] outputs act=4 exp=4; first diff @2: value_eq=true script_eq=false payload_eq=true (act_value=50000000 exp_value=50000000)
2026-08-09 22:41:53.140+09:00 [INFO ] Block 42684f813cf6029ec162cf41a6dafe8813d3c2f3fc4b4c887fab920e599d47a18fb7b56d933a388e0fb67d8fc975c471765faff100c59ee4da9216ee99ee2fc2 is disqualified from virtual chain: coinbase transaction is not built as expected
2026-08-09 22:41:54.148+09:00 [INFO ] Accepted block 861e77d1f8df8e5007fcd4fd123cb248ed5bf17307f02f40b4fca471cbd46fa93f29de097db66825064ea25bec40316c92b2e445dd0c5232b836ec155689ea42 via relay
2026-08-09 22:41:54.425+09:00 [WARN ] [coinbase-mismatch] outputs act=4 exp=4; first diff @2: value_eq=true script_eq=false payload_eq=true (act_value=50000000 exp_value=50000000)
2026-08-09 22:41:54.425+09:00 [INFO ] Block 42684f813cf6029ec162cf41a6dafe8813d3c2f3fc4b4c887fab920e599d47a18fb7b56d933a388e0fb67d8fc975c471765faff100c59ee4da9216ee99ee2fc2 is disqualified from virtual chain: coinbase transaction is not built as expected
2026-08-09 22:41:55.433+09:00 [INFO ] Accepted block 48fd1ba72c339f1d29b613bcdf5f427874f328a2e7662f0d25666beb234e8c84139cb6b6ea4679e541913bebdeb6a9bda09f8faa9364996dbf24d1ae1fb31471 via relay
2026-08-09 22:41:55.508+09:00 [WARN ] [coinbase-mismatch] outputs act=4 exp=4; first diff @2: value_eq=true script_eq=false payload_eq=true (act_value=50000000 exp_value=50000000)
2026-08-09 22:41:55.508+09:00 [INFO ] Block 42684f813cf6029ec162cf41a6dafe8813d3c2f3fc4b4c887fab920e599d47a18fb7b56d933a388e0fb67d8fc975c471765faff100c59ee4da9216ee99ee2fc2 is disqualified from virtual chain: coinbase transaction is not built as expected
2026-08-09 22:41:56.519+09:00 [INFO ] Accepted block ae644cc0ce99f732f68eb59275162a936837b827ce7e300d96607f88322697ebc1c1b368c078da40775c64fcdb6e47f51ae385641f629442a6915179044f1cf8 via relay
2026-08-09 22:41:56.957+09:00 [WARN ] [coinbase-mismatch] outputs act=4 exp=4; first diff @2: value_eq=true script_eq=false payload_eq=true (act_value=50000000 exp_value=50000000)
2026-08-09 22:41:56.957+09:00 [INFO ] Block 42684f813cf6029ec162cf41a6dafe8813d3c2f3fc4b4c887fab920e599d47a18fb7b56d933a388e0fb67d8fc975c471765faff100c59ee4da9216ee99ee2fc2 is disqualified from virtual chain: coinbase transaction is not built as expected
2026-08-09 22:41:57.965+09:00 [INFO ] Accepted block ffd1eaf352502857f97a20f24d3d7c26a42a9ea670f222073e9ed101e9ae6d66d6ce539a9262c901122d90f6877926fb481749221dbc109e28e38a6e85623f10 via relay
2026-08-09 22:41:58.346+09:00 [WARN ] [coinbase-mismatch] outputs act=4 exp=4; first diff @2: value_eq=true script_eq=false payload_eq=true (act_value=50000000 exp_value=50000000)
2026-08-09 22:41:58.346+09:00 [INFO ] Block 42684f813cf6029ec162cf41a6dafe8813d3c2f3fc4b4c887fab920e599d47a18fb7b56d933a388e0fb67d8fc975c471765faff100c59ee4da9216ee99ee2fc2 is disqualified from virtual chain: coinbase transaction is not built as expected
2026-08-09 22:41:59.353+09:00 [INFO ] Accepted block ffbdc9aae8bd8d049f21b581ca1f533e6af641ec528a875efddbf36bb843a758da5968f09b3411cc93cac8097827655c7e810f284afecb7982297cda2b6dccf1 via relay
2026-08-09 22:41:59.445+09:00 [WARN ] [coinbase-mismatch] outputs act=4 exp=4; first diff @2: value_eq=true script_eq=false payload_eq=true (act_value=50000000 exp_value=50000000)
2026-08-09 22:41:59.445+09:00 [INFO ] Block 42684f813cf6029ec162cf41a6dafe8813d3c2f3fc4b4c887fab920e599d47a18fb7b56d933a388e0fb67d8fc975c471765faff100c59ee4da9216ee99ee2fc2 is disqualified from virtual chain: coinbase transaction is not built as expected
2026-08-09 22:42:00.453+09:00 [INFO ] Accepted block b057d07b54eb726962f6ec1453ff2313f4745b5d4a70335b08e475fe27b58922003189e182758a0ea9d6a743a291465a3090cf651c71860831dbdc7b110bfb1d via relay
2026-08-09 22:42:00.963+09:00 [WARN ] [coinbase-mismatch] outputs act=4 exp=4; first diff @2: value_eq=true script_eq=false payload_eq=true (act_value=50000000 exp_value=50000000)
2026-08-09 22:42:00.963+09:00 [INFO ] Block 42684f813cf6029ec162cf41a6dafe8813d3c2f3fc4b4c887fab920e599d47a18fb7b56d933a388e0fb67d8fc975c471765faff100c59ee4da9216ee99ee2fc2 is disqualified from virtual chain: coinbase transaction is not built as expected
2026-08-09 22:42:01.970+09:00 [INFO ] Accepted block cf806b9fb0474c80a159429b8984aa949f61934ad95dc5fe7b287f212a79c7520bc9ab1a6becab2f7ec160f34bd24bbef50fedf29a285235d3531d8909ad6653 via relay
2026-08-09 22:42:02.114+09:00 [WARN ] [coinbase-mismatch] outputs act=4 exp=4; first diff @2: value_eq=true script_eq=false payload_eq=true (act_value=50000000 exp_value=50000000)
2026-08-09 22:42:02.114+09:00 [INFO ] Block 42684f813cf6029ec162cf41a6dafe8813d3c2f3fc4b4c887fab920e599d47a18fb7b56d933a388e0fb67d8fc975c471765faff100c59ee4da9216ee99ee2fc2 is disqualified from virtual chain: coinbase transaction is not built as expected
2026-08-09 22:42:02.807+09:00 [INFO ] Processed 8 blocks and 8 headers in the last 10.00s (8 transactions; 0 UTXO-validated blocks; 1.00 parents; 1.00 mergeset; 1.00 TPB; 0.0 mass)
2026-08-09 22:42:02.807+09:00 [INFO ] [ibd-perf] 8 hdrs avg: validate(A,parallelizable) 209.3us | commit(serial) 455.4us [add_block 20.3 + db.write 68.4; held-lock 180.4] | f_serial=0.685 f_reach=0.030 | parallelize-ceiling 1.46x
2026-08-09 22:42:02.807+09:00 [WARN ] Consensus detected UTXO-invalid blocks which are disqualified from the virtual selected chain (possibly due to inheritance): 16 disqualified vs. 0 valid chain blocks
2026-08-09 22:42:03.121+09:00 [INFO ] Accepted block 3e70ed78ea52c4ac2d115855ddddb361c821bb33bbc1f0995e97317027ef786a112b65098d0145c0cc407412e418239705cfd3cb4db961e34a9a338c1a6a2253 via relay
2026-08-09 22:42:03.243+09:00 [WARN ] [coinbase-mismatch] outputs act=4 exp=4; first diff @2: value_eq=true script_eq=false payload_eq=true (act_value=50000000 exp_value=50000000)
2026-08-09 22:42:03.243+09:00 [INFO ] Block 42684f813cf6029ec162cf41a6dafe8813d3c2f3fc4b4c887fab920e599d47a18fb7b56d933a388e0fb67d8fc975c471765faff100c59ee4da9216ee99ee2fc2 is disqualified from virtual chain: coinbase transaction is not built as expected
2026-08-09 22:42:04.251+09:00 [INFO ] Accepted block a4ee189ae39978917d513bb25ecbb7ca63a3bddba5dd6671c777403cda8ac868b65290a0dd24b65ff32f67e9b8b391871f53b734047442825204626b8921c233 via relay
2026-08-09 22:42:04.450+09:00 [WARN ] [coinbase-mismatch] outputs act=4 exp=4; first diff @2: value_eq=true script_eq=false payload_eq=true (act_value=50000000 exp_value=50000000)
2026-08-09 22:42:04.450+09:00 [INFO ] Block 42684f813cf6029ec162cf41a6dafe8813d3c2f3fc4b4c887fab920e599d47a18fb7b56d933a388e0fb67d8fc975c471765faff100c59ee4da9216ee99ee2fc2 is disqualified from virtual chain: coinbase transaction is not built as expected
2026-08-09 22:42:05.458+09:00 [INFO ] Accepted block bc9df4a50cb593e2dab710f12b4e9b8d13d6a774808b5157c31693a737c04e031a7367091f0d89e521240b803e1ab55e121420c7cd8e254623aa63710c4b0856 via relay
2026-08-09 22:42:05.700+09:00 [WARN ] [coinbase-mismatch] outputs act=4 exp=4; first diff @2: value_eq=true script_eq=false payload_eq=true (act_value=50000000 exp_value=50000000)
2026-08-09 22:42:05.700+09:00 [INFO ] Block 42684f813cf6029ec162cf41a6dafe8813d3c2f3fc4b4c887fab920e599d47a18fb7b56d933a388e0fb67d8fc975c471765faff100c59ee4da9216ee99ee2fc2 is disqualified from virtual chain: coinbase transaction is not built as expected
2026-08-09 22:42:06.707+09:00 [INFO ] Accepted block d9b00c8df13846fcb93aefa043ce962fefda9d04e0ffd767a552a17ca07b47cc6008240fbeca68cb3dc676bcfa81d4aa457e472a750360d299f0bacd8662be5a via relay
2026-08-09 22:42:06.842+09:00 [WARN ] [coinbase-mismatch] outputs act=4 exp=4; first diff @2: value_eq=true script_eq=false payload_eq=true (act_value=50000000 exp_value=50000000)
2026-08-09 22:42:06.842+09:00 [INFO ] Block 42684f813cf6029ec162cf41a6dafe8813d3c2f3fc4b4c887fab920e599d47a18fb7b56d933a388e0fb67d8fc975c471765faff100c59ee4da9216ee99ee2fc2 is disqualified from virtual chain: coinbase transaction is not built as expected
2026-08-09 22:42:07.849+09:00 [INFO ] Accepted block 942d71a3d04d44c257ba41df4c1408d7480e70150faba2790b202aa6c252e566d7beed7dd74348dab3f6adcfcfbb16f0582c5c40efeaf9c3ca46e8ed7d47ed0c via relay
2026-08-09 22:42:08.078+09:00 [WARN ] [coinbase-mismatch] outputs act=4 exp=4; first diff @2: value_eq=true script_eq=false payload_eq=true (act_value=50000000 exp_value=50000000)
2026-08-09 22:42:08.078+09:00 [INFO ] Block 42684f813cf6029ec162cf41a6dafe8813d3c2f3fc4b4c887fab920e599d47a18fb7b56d933a388e0fb67d8fc975c471765faff100c59ee4da9216ee99ee2fc2 is disqualified from virtual chain: coinbase transaction is not built as expected
2026-08-09 22:42:09.085+09:00 [INFO ] Accepted block e3145762c3d760099b136b8066dd841e738a8e21838aa6a4fdf0dd7693dba0bce671392c1bd0dfe26819880069b319958249eff38635bff100291980d8cb0099 via relay
2026-08-09 22:42:10.510+09:00 [WARN ] [coinbase-mismatch] outputs act=4 exp=4; first diff @2: value_eq=true script_eq=false payload_eq=true (act_value=50000000 exp_value=50000000)
2026-08-09 22:42:10.511+09:00 [INFO ] Block 42684f813cf6029ec162cf41a6dafe8813d3c2f3fc4b4c887fab920e599d47a18fb7b56d933a388e0fb67d8fc975c471765faff100c59ee4da9216ee99ee2fc2 is disqualified from virtual chain: coinbase transaction is not built as expected
2026-08-09 22:42:11.520+09:00 [INFO ] Accepted block c0efb4542d1d639d92958938d3f419c374716bd63025619128304fd95ae232d902214ad989aacfbffe06eafb0dbc62ad78f0cf0576162ac9db86058305861816 via relay
2026-08-09 22:42:11.848+09:00 [WARN ] [coinbase-mismatch] outputs act=4 exp=4; first diff @2: value_eq=true script_eq=false payload_eq=true (act_value=50000000 exp_value=50000000)
2026-08-09 22:42:11.848+09:00 [INFO ] Block 42684f813cf6029ec162cf41a6dafe8813d3c2f3fc4b4c887fab920e599d47a18fb7b56d933a388e0fb67d8fc975c471765faff100c59ee4da9216ee99ee2fc2 is disqualified from virtual chain: coinbase transaction is not built as expected
2026-08-09 22:42:12.202+09:00 [INFO ] WRPC Server stopped on: 127.0.0.1:17162
2026-08-09 22:42:12.202+09:00 [INFO ] GRPC Server stopped on: 127.0.0.1:17160
2026-08-09 22:42:12.202+09:00 [INFO ] P2P Server stopped: 127.0.0.1:17161
2026-08-09 22:42:12.706+09:00 [INFO ] Accepted block a16f775f52011d8d595d755e5850bb288082e6af3970146657ba3cb59e3c043f243cd9ab602e9f926311baa376b879dd1909bba3b773b16fe0b09ed63f9d6d65 via relay
2026-08-09 22:42:12.751+09:00 [INFO ] Kaspad has stopped...
