
  misaminer v1.0.0  —  MISAKA (kaspa-pq) Layer-0 CPU miner
  ---------------------------------------------------------
  pool/node : 127.0.0.1:17110
  network   : devnet
  worker    : rig0
  threads   : 2

2026-08-09 21:59:44.444+09:00 [INFO ] payout wallet: misakadev:q2h2lcdyxctz433svzyftmkret09lv2fxk0lr9dsm4w46gp7nchg9u7ffpcraqvy39e94c5nh8fyxh08pw0d3pawm4k4a03u6nks6a00tj7f4kum
2026-08-09 21:59:44.445+09:00 [INFO ] [rig0] connected to 127.0.0.1:17110; mining network_id=devnet to misakadev:q2h2lcdyxctz433svzyftmkret09lv2fxk0lr9dsm4w46gp7nchg9u7ffpcraqvy39e94c5nh8fyxh08pw0d3pawm4k4a03u6nks6a00tj7f4kum
2026-08-09 21:59:44.524+09:00 [INFO ] [rig0] mined block #1 (nonce=44321, daa_score=9)
2026-08-09 21:59:45.259+09:00 [INFO ] [rig0] mined block #2 (nonce=9223372036855199886, daa_score=10)
2026-08-09 21:59:45.895+09:00 [INFO ] [rig0] mined block #3 (nonce=366753, daa_score=12)
2026-08-09 21:59:47.115+09:00 [INFO ] [rig0] mined block #4 (nonce=702152, daa_score=13)
2026-08-09 21:59:47.559+09:00 [INFO ] [rig0] mined block #5 (nonce=255852, daa_score=15)
2026-08-09 21:59:47.688+09:00 [INFO ] [rig0] mined block #6 (nonce=9223372036854848987, daa_score=17)
2026-08-09 21:59:47.908+09:00 [INFO ] [rig0] mined block #7 (nonce=125536, daa_score=18)
2026-08-09 21:59:48.225+09:00 [INFO ] [rig0] mined block #8 (nonce=183809, daa_score=19)
2026-08-09 21:59:48.323+09:00 [INFO ] [rig0] mined block #9 (nonce=55501, daa_score=21)
2026-08-09 21:59:48.334+09:00 [INFO ] [rig0] mined block #10 (nonce=9223372036854781662, daa_score=22)
2026-08-09 21:59:48.368+09:00 [INFO ] [rig0] mined block #11 (nonce=9223372036854794645, daa_score=23)
2026-08-09 21:59:48.766+09:00 [INFO ] [rig0] mined block #12 (nonce=227622, daa_score=24)
2026-08-09 21:59:49.797+09:00 [INFO ] [rig0] mined block #13 (nonce=594386, daa_score=25)
2026-08-09 21:59:50.068+09:00 [INFO ] [rig0] mined block #14 (nonce=157287, daa_score=27)
2026-08-09 21:59:51.562+09:00 [INFO ] [rig0] mined block #15 (nonce=9223372036855637228, daa_score=28)
2026-08-09 21:59:51.679+09:00 [INFO ] [rig0] mined block #16 (nonce=9223372036854842890, daa_score=30)
2026-08-09 21:59:51.819+09:00 [INFO ] [rig0] mined block #17 (nonce=80065, daa_score=31)
2026-08-09 21:59:51.875+09:00 [INFO ] [rig0] mined block #18 (nonce=31690, daa_score=32)
2026-08-09 21:59:52.014+09:00 [INFO ] [rig0] mined block #19 (nonce=9223372036854856371, daa_score=33)
2026-08-09 21:59:52.391+09:00 [INFO ] [rig0] mined block #20 (nonce=215891, daa_score=34)
2026-08-09 21:59:53.075+09:00 [INFO ] [rig0] mined block #21 (nonce=395286, daa_score=35)
2026-08-09 21:59:54.304+09:00 [INFO ] [rig0] mined block #22 (nonce=706073, daa_score=37)
2026-08-09 21:59:54.403+09:00 [INFO ] [rig0] mined block #23 (nonce=9223372036854832185, daa_score=39)
2026-08-09 21:59:54.749+09:00 [INFO ] [rig0] mined block #24 (nonce=200078, daa_score=40)
2026-08-09 21:59:55.142+09:00 [INFO ] [rig0] mined block #25 (nonce=226829, daa_score=41)
2026-08-09 21:59:55.357+09:00 [INFO ] [rig0] mined block #26 (nonce=123508, daa_score=43)
2026-08-09 21:59:57.462+09:00 [INFO ] [rig0] mined block #27 (nonce=9223372036855952239, daa_score=44)
2026-08-09 21:59:58.623+09:00 [INFO ] [rig0] mined block #28 (nonce=9223372036855441313, daa_score=46)
2026-08-09 21:59:58.958+09:00 [INFO ] [rig0] mined block #29 (nonce=9223372036854968559, daa_score=48)
2026-08-09 21:59:59.091+09:00 [INFO ] [rig0] mined block #30 (nonce=75459, daa_score=50)
2026-08-09 21:59:59.233+09:00 [INFO ] [rig0] mined block #31 (nonce=9223372036854857586, daa_score=51)
2026-08-09 21:59:59.542+09:00 [INFO ] [rig0] mined block #32 (nonce=176693, daa_score=52)
2026-08-09 21:59:59.871+09:00 [INFO ] [rig0] mined block #33 (nonce=9223372036854965588, daa_score=53)
2026-08-09 22:00:00.020+09:00 [INFO ] [rig0] mined block #34 (nonce=84016, daa_score=54)
2026-08-09 22:00:00.096+09:00 [INFO ] [rig0] mined block #35 (nonce=43242, daa_score=55)
2026-08-09 22:00:01.319+09:00 [INFO ] [rig0] mined block #36 (nonce=9223372036855478184, daa_score=56)
2026-08-09 22:00:01.520+09:00 [INFO ] [rig0] mined block #37 (nonce=9223372036854891647, daa_score=58)
2026-08-09 22:00:01.610+09:00 [INFO ] [rig0] mined block #38 (nonce=50948, daa_score=59)
2026-08-09 22:00:02.075+09:00 [INFO ] [rig0] mined block #39 (nonce=267438, daa_score=60)
2026-08-09 22:00:02.235+09:00 [INFO ] [rig0] mined block #40 (nonce=91459, daa_score=62)
2026-08-09 22:00:02.235+09:00 [INFO ] done: mined 40 blocks

  misaminer v1.0.0  —  MISAKA (kaspa-pq) Layer-0 CPU miner
  ---------------------------------------------------------
  pool/node : 127.0.0.1:17110
  network   : devnet
  worker    : rig0
  threads   : 2

2026-08-09 22:00:02.242+09:00 [INFO ] payout wallet: misakadev:qf5m69hf54xdtq53qlnkr2nk7n3yzed63cgy539em5tvgazhd39cutcuyftsef498lcy9zun4y0gefcsy20t9e4sepjs58nx99jhnyykmdacy3xf
2026-08-09 22:00:02.242+09:00 [INFO ] [rig0] connected to 127.0.0.1:17110; mining network_id=devnet to misakadev:qf5m69hf54xdtq53qlnkr2nk7n3yzed63cgy539em5tvgazhd39cutcuyftsef498lcy9zun4y0gefcsy20t9e4sepjs58nx99jhnyykmdacy3xf
2026-08-09 22:00:02.295+09:00 [INFO ] [rig0] mined block #1 (nonce=9223372036854804787, daa_score=63)
2026-08-09 22:00:02.676+09:00 [INFO ] [rig0] mined block #2 (nonce=221569, daa_score=64)
2026-08-09 22:00:02.851+09:00 [INFO ] [rig0] mined block #3 (nonce=9223372036854875866, daa_score=65)
2026-08-09 22:00:03.888+09:00 [INFO ] [rig0] mined block #4 (nonce=9223372036855373950, daa_score=66)
2026-08-09 22:00:04.434+09:00 [INFO ] [rig0] mined block #5 (nonce=9223372036855091424, daa_score=68)
2026-08-09 22:00:05.063+09:00 [INFO ] [rig0] mined block #6 (nonce=9223372036855136404, daa_score=69)
2026-08-09 22:00:05.723+09:00 [INFO ] [rig0] mined block #7 (nonce=9223372036855156466, daa_score=70)
2026-08-09 22:00:05.802+09:00 [INFO ] [rig0] mined block #8 (nonce=9223372036854820055, daa_score=72)
2026-08-09 22:00:07.189+09:00 [INFO ] [rig0] mined block #9 (nonce=9223372036855577511, daa_score=73)
2026-08-09 22:00:07.530+09:00 [INFO ] [rig0] mined block #10 (nonce=9223372036854969645, daa_score=75)
2026-08-09 22:00:07.902+09:00 [INFO ] [rig0] mined block #11 (nonce=9223372036854990379, daa_score=76)
2026-08-09 22:00:09.301+09:00 [INFO ] [rig0] mined block #12 (nonce=9223372036855581453, daa_score=78)
2026-08-09 22:00:09.484+09:00 [INFO ] [rig0] mined block #13 (nonce=9223372036854861720, daa_score=80)
2026-08-09 22:00:10.178+09:00 [INFO ] [rig0] mined block #14 (nonce=381518, daa_score=81)
2026-08-09 22:00:10.332+09:00 [INFO ] [rig0] mined block #15 (nonce=9223372036854862182, daa_score=83)
2026-08-09 22:00:10.609+09:00 [INFO ] [rig0] mined block #16 (nonce=9223372036854925878, daa_score=84)
2026-08-09 22:00:12.091+09:00 [INFO ] [rig0] mined block #17 (nonce=509838, daa_score=85)
2026-08-09 22:00:13.591+09:00 [INFO ] [rig0] mined block #18 (nonce=395828, daa_score=87)
2026-08-09 22:00:13.714+09:00 [INFO ] [rig0] mined block #19 (nonce=9223372036854832852, daa_score=89)
2026-08-09 22:00:13.848+09:00 [INFO ] [rig0] mined block #20 (nonce=9223372036854840959, daa_score=90)
2026-08-09 22:00:14.083+09:00 [INFO ] [rig0] mined block #21 (nonce=9223372036854908378, daa_score=91)
2026-08-09 22:00:14.194+09:00 [INFO ] [rig0] mined block #22 (nonce=62065, daa_score=93)
2026-08-09 22:00:14.953+09:00 [INFO ] [rig0] mined block #23 (nonce=9223372036855194667, daa_score=94)
2026-08-09 22:00:15.067+09:00 [INFO ] [rig0] mined block #24 (nonce=9223372036854841216, daa_score=96)
2026-08-09 22:00:15.298+09:00 [INFO ] [rig0] mined block #25 (nonce=133148, daa_score=97)
2026-08-09 22:00:15.400+09:00 [INFO ] [rig0] mined block #26 (nonce=9223372036854833668, daa_score=98)
2026-08-09 22:00:15.657+09:00 [INFO ] [rig0] mined block #27 (nonce=145897, daa_score=99)
2026-08-09 22:00:15.691+09:00 [INFO ] [rig0] mined block #28 (nonce=18985, daa_score=100)
2026-08-09 22:00:18.173+09:00 [INFO ] [rig0] mined block #29 (nonce=1418155, daa_score=101)
2026-08-09 22:00:18.300+09:00 [INFO ] [rig0] mined block #30 (nonce=71036, daa_score=103)
2026-08-09 22:00:18.746+09:00 [INFO ] [rig0] mined block #31 (nonce=256203, daa_score=105)
2026-08-09 22:00:18.808+09:00 [INFO ] [rig0] mined block #32 (nonce=34168, daa_score=106)
2026-08-09 22:00:19.069+09:00 [INFO ] [rig0] mined block #33 (nonce=9223372036854926404, daa_score=107)
2026-08-09 22:00:19.585+09:00 [INFO ] [rig0] mined block #34 (nonce=9223372036855055721, daa_score=108)
2026-08-09 22:00:19.623+09:00 [INFO ] [rig0] mined block #35 (nonce=9223372036854795599, daa_score=109)
2026-08-09 22:00:19.734+09:00 [INFO ] [rig0] mined block #36 (nonce=9223372036854836443, daa_score=110)
2026-08-09 22:00:20.012+09:00 [INFO ] [rig0] mined block #37 (nonce=9223372036854934307, daa_score=111)
2026-08-09 22:00:22.526+09:00 [INFO ] [rig0] mined block #38 (nonce=9223372036856223763, daa_score=112)
2026-08-09 22:00:22.803+09:00 [INFO ] [rig0] mined block #39 (nonce=9223372036854935750, daa_score=115)
2026-08-09 22:00:23.120+09:00 [INFO ] [rig0] mined block #40 (nonce=183160, daa_score=117)
2026-08-09 22:00:23.120+09:00 [INFO ] done: mined 40 blocks

  misaminer v1.0.0  —  MISAKA (kaspa-pq) Layer-0 CPU miner
  ---------------------------------------------------------
  pool/node : 127.0.0.1:17110
  network   : devnet
  worker    : rig0
  threads   : 2

2026-08-09 22:00:23.156+09:00 [INFO ] payout wallet: misakadev:qgk9qne3xg7fefpndc7y6lcn7nckqzv5hgdehhurx4v5ets73vjd9gg8sg5j7ycwptfw4m6ttz39t9qk6emczn2ukuyhmu5l6uycn286va337ehx
2026-08-09 22:00:23.157+09:00 [INFO ] [rig0] connected to 127.0.0.1:17110; mining network_id=devnet to misakadev:qgk9qne3xg7fefpndc7y6lcn7nckqzv5hgdehhurx4v5ets73vjd9gg8sg5j7ycwptfw4m6ttz39t9qk6emczn2ukuyhmu5l6uycn286va337ehx
2026-08-09 22:00:23.372+09:00 [INFO ] [rig0] mined block #1 (nonce=123271, daa_score=118)
2026-08-09 22:00:23.809+09:00 [INFO ] [rig0] mined block #2 (nonce=9223372036855026267, daa_score=119)
2026-08-09 22:00:24.025+09:00 [INFO ] [rig0] mined block #3 (nonce=124589, daa_score=120)
2026-08-09 22:00:24.773+09:00 [INFO ] [rig0] mined block #4 (nonce=431796, daa_score=121)
2026-08-09 22:00:25.324+09:00 [INFO ] [rig0] mined block #5 (nonce=9223372036855095052, daa_score=123)
2026-08-09 22:00:26.058+09:00 [INFO ] [rig0] mined block #6 (nonce=425357, daa_score=125)
2026-08-09 22:00:26.605+09:00 [INFO ] [rig0] mined block #7 (nonce=9223372036855088957, daa_score=126)
2026-08-09 22:00:26.670+09:00 [INFO ] [rig0] mined block #8 (nonce=36166, daa_score=127)
2026-08-09 22:00:27.540+09:00 [INFO ] [rig0] mined block #9 (nonce=9223372036855277992, daa_score=128)
2026-08-09 22:00:27.712+09:00 [INFO ] [rig0] mined block #10 (nonce=97221, daa_score=130)
2026-08-09 22:00:28.426+09:00 [INFO ] [rig0] mined block #11 (nonce=409725, daa_score=131)
2026-08-09 22:00:29.189+09:00 [INFO ] [rig0] mined block #12 (nonce=9223372036855217172, daa_score=133)
2026-08-09 22:00:29.551+09:00 [INFO ] [rig0] mined block #13 (nonce=208546, daa_score=134)
2026-08-09 22:00:30.245+09:00 [INFO ] [rig0] mined block #14 (nonce=399381, daa_score=135)
2026-08-09 22:00:30.583+09:00 [INFO ] [rig0] mined block #15 (nonce=9223372036854969970, daa_score=137)
2026-08-09 22:00:31.833+09:00 [INFO ] [rig0] mined block #16 (nonce=9223372036855468460, daa_score=138)
2026-08-09 22:00:31.960+09:00 [INFO ] [rig0] mined block #17 (nonce=72805, daa_score=140)
2026-08-09 22:00:31.995+09:00 [INFO ] [rig0] mined block #18 (nonce=9223372036854794040, daa_score=141)
2026-08-09 22:00:32.137+09:00 [INFO ] [rig0] mined block #19 (nonce=9223372036854856523, daa_score=142)
2026-08-09 22:00:32.860+09:00 [INFO ] [rig0] mined block #20 (nonce=418274, daa_score=143)
2026-08-09 22:00:33.883+09:00 [INFO ] [rig0] mined block #21 (nonce=588445, daa_score=145)
2026-08-09 22:00:34.575+09:00 [INFO ] [rig0] mined block #22 (nonce=399043, daa_score=146)
2026-08-09 22:00:35.203+09:00 [INFO ] [rig0] mined block #23 (nonce=359089, daa_score=148)
2026-08-09 22:00:35.370+09:00 [INFO ] [rig0] mined block #24 (nonce=95423, daa_score=150)
2026-08-09 22:00:35.609+09:00 [INFO ] [rig0] mined block #25 (nonce=9223372036854912895, daa_score=151)
2026-08-09 22:00:36.671+09:00 [INFO ] [rig0] mined block #26 (nonce=611910, daa_score=152)
2026-08-09 22:00:37.638+09:00 [INFO ] [rig0] mined block #27 (nonce=554153, daa_score=154)
2026-08-09 22:00:37.775+09:00 [INFO ] [rig0] mined block #28 (nonce=77764, daa_score=156)
2026-08-09 22:00:38.075+09:00 [INFO ] [rig0] mined block #29 (nonce=9223372036854947013, daa_score=157)
2026-08-09 22:00:38.423+09:00 [INFO ] [rig0] mined block #30 (nonce=9223372036854973555, daa_score=158)
2026-08-09 22:00:38.452+09:00 [INFO ] [rig0] mined block #31 (nonce=15492, daa_score=159)
2026-08-09 22:00:39.140+09:00 [INFO ] [rig0] mined block #32 (nonce=396961, daa_score=160)
2026-08-09 22:00:39.707+09:00 [INFO ] [rig0] mined block #33 (nonce=326219, daa_score=161)
2026-08-09 22:00:39.799+09:00 [INFO ] [rig0] mined block #34 (nonce=51902, daa_score=162)
2026-08-09 22:00:39.984+09:00 [INFO ] [rig0] mined block #35 (nonce=9223372036854881643, daa_score=164)
2026-08-09 22:00:40.462+09:00 [INFO ] [rig0] mined block #36 (nonce=275512, daa_score=165)
2026-08-09 22:00:40.890+09:00 [INFO ] [rig0] mined block #37 (nonce=246635, daa_score=166)
2026-08-09 22:00:41.884+09:00 [INFO ] [rig0] mined block #38 (nonce=572464, daa_score=167)
2026-08-09 22:00:42.089+09:00 [INFO ] [rig0] mined block #39 (nonce=117167, daa_score=168)
2026-08-09 22:00:42.395+09:00 [INFO ] [rig0] mined block #40 (nonce=177406, daa_score=170)
2026-08-09 22:00:42.395+09:00 [INFO ] done: mined 40 blocks

  misaminer v1.0.0  —  MISAKA (kaspa-pq) Layer-0 CPU miner
  ---------------------------------------------------------
  pool/node : 127.0.0.1:17110
  network   : devnet
  worker    : rig0
  threads   : 2

2026-08-09 22:00:42.433+09:00 [INFO ] payout wallet: misakadev:qf8r57xsfrfdmaya2stl2wysjd6cc68xvddv95pszxtue99hw7tguavmmqrt39jg7zn0dp7mwhlkyyyknl6x8fvdefm9g5m4fprz8w5ulchra6e2
2026-08-09 22:00:42.434+09:00 [INFO ] [rig0] connected to 127.0.0.1:17110; mining network_id=devnet to misakadev:qf8r57xsfrfdmaya2stl2wysjd6cc68xvddv95pszxtue99hw7tguavmmqrt39jg7zn0dp7mwhlkyyyknl6x8fvdefm9g5m4fprz8w5ulchra6e2
2026-08-09 22:00:42.550+09:00 [INFO ] [rig0] mined block #1 (nonce=66075, daa_score=171)
2026-08-09 22:00:43.108+09:00 [INFO ] [rig0] mined block #2 (nonce=9223372036855096560, daa_score=172)
2026-08-09 22:00:45.120+09:00 [INFO ] [rig0] mined block #3 (nonce=1158457, daa_score=173)
2026-08-09 22:00:45.687+09:00 [INFO ] [rig0] mined block #4 (nonce=320865, daa_score=175)
2026-08-09 22:00:46.124+09:00 [INFO ] [rig0] mined block #5 (nonce=247827, daa_score=176)
2026-08-09 22:00:46.179+09:00 [INFO ] [rig0] mined block #6 (nonce=9223372036854805967, daa_score=178)
2026-08-09 22:00:46.346+09:00 [INFO ] [rig0] mined block #7 (nonce=9223372036854870870, daa_score=179)
2026-08-09 22:00:47.178+09:00 [INFO ] [rig0] mined block #8 (nonce=477603, daa_score=180)
2026-08-09 22:00:47.918+09:00 [INFO ] [rig0] mined block #9 (nonce=427063, daa_score=182)
2026-08-09 22:00:47.961+09:00 [INFO ] [rig0] mined block #10 (nonce=23162, daa_score=183)
2026-08-09 22:00:48.125+09:00 [INFO ] [rig0] mined block #11 (nonce=9223372036854869501, daa_score=184)
2026-08-09 22:00:48.470+09:00 [INFO ] [rig0] mined block #12 (nonce=195297, daa_score=185)
2026-08-09 22:00:49.379+09:00 [INFO ] [rig0] mined block #13 (nonce=9223372036855299864, daa_score=187)
2026-08-09 22:00:49.768+09:00 [INFO ] [rig0] mined block #14 (nonce=219547, daa_score=188)
2026-08-09 22:00:49.789+09:00 [INFO ] [rig0] mined block #15 (nonce=9223372036854786692, daa_score=190)
2026-08-09 22:00:51.344+09:00 [INFO ] [rig0] mined block #16 (nonce=850888, daa_score=191)
2026-08-09 22:00:51.708+09:00 [INFO ] [rig0] mined block #17 (nonce=9223372036854981595, daa_score=192)
2026-08-09 22:00:51.922+09:00 [INFO ] [rig0] mined block #18 (nonce=122173, daa_score=194)
2026-08-09 22:00:52.065+09:00 [INFO ] [rig0] mined block #19 (nonce=81815, daa_score=195)
2026-08-09 22:00:52.199+09:00 [INFO ] [rig0] mined block #20 (nonce=9223372036854852251, daa_score=196)
2026-08-09 22:00:52.405+09:00 [INFO ] [rig0] mined block #21 (nonce=117220, daa_score=197)
2026-08-09 22:00:52.882+09:00 [INFO ] [rig0] mined block #22 (nonce=270764, daa_score=198)
2026-08-09 22:00:52.918+09:00 [INFO ] [rig0] mined block #23 (nonce=17996, daa_score=199)
2026-08-09 22:00:53.213+09:00 [INFO ] [rig0] mined block #24 (nonce=9223372036854942436, daa_score=200)
2026-08-09 22:00:53.224+09:00 [INFO ] [rig0] mined block #25 (nonce=4750, daa_score=202)
2026-08-09 22:00:54.576+09:00 [INFO ] [rig0] mined block #26 (nonce=678626, daa_score=203)
2026-08-09 22:00:55.590+09:00 [INFO ] [rig0] mined block #27 (nonce=432598, daa_score=205)
2026-08-09 22:00:57.066+09:00 [INFO ] [rig0] mined block #28 (nonce=9223372036855347528, daa_score=206)
2026-08-09 22:00:57.536+09:00 [INFO ] [rig0] mined block #29 (nonce=191196, daa_score=208)
2026-08-09 22:00:58.787+09:00 [INFO ] [rig0] mined block #30 (nonce=9223372036855266454, daa_score=209)
2026-08-09 22:00:59.090+09:00 [INFO ] [rig0] mined block #31 (nonce=126181, daa_score=211)
2026-08-09 22:01:00.795+09:00 [INFO ] [rig0] mined block #32 (nonce=9223372036855482464, daa_score=212)
2026-08-09 22:01:00.930+09:00 [INFO ] [rig0] mined block #33 (nonce=53847, daa_score=214)
2026-08-09 22:01:01.223+09:00 [INFO ] [rig0] mined block #34 (nonce=124785, daa_score=215)
2026-08-09 22:01:02.838+09:00 [INFO ] [rig0] mined block #35 (nonce=9223372036855420425, daa_score=216)
2026-08-09 22:01:03.312+09:00 [INFO ] [rig0] mined block #36 (nonce=187314, daa_score=218)
2026-08-09 22:01:03.384+09:00 [INFO ] [rig0] mined block #37 (nonce=9223372036854802664, daa_score=219)
2026-08-09 22:01:03.425+09:00 [INFO ] [rig0] mined block #38 (nonce=15280, daa_score=220)
2026-08-09 22:01:03.930+09:00 [INFO ] [rig0] mined block #39 (nonce=202392, daa_score=221)
2026-08-09 22:01:04.626+09:00 [INFO ] [rig0] mined block #40 (nonce=9223372036855077357, daa_score=223)
2026-08-09 22:01:04.626+09:00 [INFO ] done: mined 40 blocks

  misaminer v1.0.0  —  MISAKA (kaspa-pq) Layer-0 CPU miner
  ---------------------------------------------------------
  pool/node : 127.0.0.1:17110
  network   : devnet
  worker    : rig0
  threads   : 2

2026-08-09 22:01:04.635+09:00 [INFO ] payout wallet: misakadev:qttx9vfrnxye6epur3jfm6hytwlhquy4rmd8mfl5vxw8yrx8rmy390nc8dj3kgjxud3kvl8e44pk28c8z77wmr58gy4cmmdlk2gwffp0gkhvcmrr
2026-08-09 22:01:04.636+09:00 [INFO ] [rig0] connected to 127.0.0.1:17110; mining network_id=devnet to misakadev:qttx9vfrnxye6epur3jfm6hytwlhquy4rmd8mfl5vxw8yrx8rmy390nc8dj3kgjxud3kvl8e44pk28c8z77wmr58gy4cmmdlk2gwffp0gkhvcmrr
2026-08-09 22:01:04.924+09:00 [INFO ] [rig0] mined block #1 (nonce=121374, daa_score=224)
2026-08-09 22:01:05.408+09:00 [INFO ] [rig0] mined block #2 (nonce=182182, daa_score=225)
2026-08-09 22:01:06.089+09:00 [INFO ] [rig0] mined block #3 (nonce=9223372036855068969, daa_score=226)
2026-08-09 22:01:06.485+09:00 [INFO ] [rig0] mined block #4 (nonce=166769, daa_score=228)
2026-08-09 22:01:06.934+09:00 [INFO ] [rig0] mined block #5 (nonce=176578, daa_score=229)
2026-08-09 22:01:07.584+09:00 [INFO ] [rig0] mined block #6 (nonce=9223372036855005835, daa_score=230)
2026-08-09 22:01:07.799+09:00 [INFO ] [rig0] mined block #7 (nonce=72417, daa_score=231)
2026-08-09 22:01:09.229+09:00 [INFO ] [rig0] mined block #8 (nonce=568977, daa_score=232)
2026-08-09 22:01:09.473+09:00 [INFO ] [rig0] mined block #9 (nonce=74658, daa_score=234)
2026-08-09 22:01:10.566+09:00 [INFO ] [rig0] mined block #10 (nonce=9223372036855214140, daa_score=236)
2026-08-09 22:01:11.318+09:00 [INFO ] [rig0] mined block #11 (nonce=9223372036855026891, daa_score=237)
2026-08-09 22:01:11.428+09:00 [INFO ] [rig0] mined block #12 (nonce=26603, daa_score=238)
2026-08-09 22:01:11.581+09:00 [INFO ] [rig0] mined block #13 (nonce=9223372036854809854, daa_score=239)
2026-08-09 22:01:12.447+09:00 [INFO ] [rig0] mined block #14 (nonce=252759, daa_score=240)
2026-08-09 22:01:12.777+09:00 [INFO ] [rig0] mined block #15 (nonce=9223372036854879332, daa_score=241)
2026-08-09 22:01:13.137+09:00 [INFO ] [rig0] mined block #16 (nonce=9223372036854904856, daa_score=242)
2026-08-09 22:01:13.147+09:00 [INFO ] [rig0] mined block #17 (nonce=9223372036854777807, daa_score=243)
2026-08-09 22:01:13.690+09:00 [INFO ] [rig0] mined block #18 (nonce=9223372036855007773, daa_score=244)
2026-08-09 22:01:14.366+09:00 [INFO ] [rig0] mined block #19 (nonce=9223372036855084797, daa_score=246)
2026-08-09 22:01:14.393+09:00 [INFO ] [rig0] mined block #20 (nonce=6698, daa_score=247)
2026-08-09 22:01:15.732+09:00 [INFO ] [rig0] mined block #21 (nonce=602059, daa_score=248)
2026-08-09 22:01:15.890+09:00 [INFO ] [rig0] mined block #22 (nonce=9223372036854843475, daa_score=250)
2026-08-09 22:01:15.934+09:00 [INFO ] [rig0] mined block #23 (nonce=16519, daa_score=252)
2026-08-09 22:01:18.598+09:00 [INFO ] [rig0] mined block #24 (nonce=1123812, daa_score=253)
2026-08-09 22:01:18.643+09:00 [INFO ] [rig0] mined block #25 (nonce=17610, daa_score=255)
2026-08-09 22:01:20.159+09:00 [INFO ] [rig0] mined block #26 (nonce=664695, daa_score=256)
2026-08-09 22:01:20.368+09:00 [INFO ] [rig0] mined block #27 (nonce=9223372036854846712, daa_score=258)
2026-08-09 22:01:20.632+09:00 [INFO ] [rig0] mined block #28 (nonce=105254, daa_score=260)
2026-08-09 22:01:20.665+09:00 [INFO ] [rig0] mined block #29 (nonce=9223372036854786649, daa_score=261)
2026-08-09 22:01:21.123+09:00 [INFO ] [rig0] mined block #30 (nonce=9223372036854966625, daa_score=262)
2026-08-09 22:01:22.431+09:00 [INFO ] [rig0] mined block #31 (nonce=9223372036855322972, daa_score=263)
2026-08-09 22:01:22.616+09:00 [INFO ] [rig0] mined block #32 (nonce=9223372036854842077, daa_score=265)
2026-08-09 22:01:22.626+09:00 [INFO ] [rig0] mined block #33 (nonce=9223372036854777001, daa_score=266)
2026-08-09 22:01:23.611+09:00 [INFO ] [rig0] mined block #34 (nonce=9223372036855137174, daa_score=267)
2026-08-09 22:01:24.307+09:00 [INFO ] [rig0] mined block #35 (nonce=266270, daa_score=268)
2026-08-09 22:01:25.035+09:00 [INFO ] [rig0] mined block #36 (nonce=317343, daa_score=269)
2026-08-09 22:01:25.110+09:00 [INFO ] [rig0] mined block #37 (nonce=9223372036854807097, daa_score=271)
2026-08-09 22:01:27.640+09:00 [INFO ] [rig0] mined block #38 (nonce=9223372036855911877, daa_score=272)
2026-08-09 22:01:27.799+09:00 [INFO ] [rig0] mined block #39 (nonce=9223372036854846291, daa_score=274)
2026-08-09 22:01:27.865+09:00 [INFO ] [rig0] mined block #40 (nonce=9223372036854803326, daa_score=275)
2026-08-09 22:01:27.865+09:00 [INFO ] done: mined 40 blocks

  misaminer v1.0.0  —  MISAKA (kaspa-pq) Layer-0 CPU miner
  ---------------------------------------------------------
  pool/node : 127.0.0.1:17110
  network   : devnet
  worker    : rig0
  threads   : 2

2026-08-09 22:01:27.903+09:00 [WARN ] --allow-burn: mining to an UNSPENDABLE placeholder (rewards are lost) — PoW smoke test only.
2026-08-09 22:01:27.905+09:00 [INFO ] [rig0] connected to 127.0.0.1:17110; mining network_id=devnet to misakadev:qgqqqqqqqqqqqqqqqqqqqqqqqqqqqqqqqqqqqqqqqqqqqqqqqqqqqqqqqqqqqqqqqqqqqqqqqqqqqqqqqqqqqqqqqqqqqqqqqqqqqqqqets69efd
2026-08-09 22:01:29.019+09:00 [INFO ] [rig0] mined block #1 (nonce=514796, daa_score=276)
2026-08-09 22:01:29.039+09:00 [INFO ] [rig0] mined block #2 (nonce=7366, daa_score=278)
2026-08-09 22:01:29.358+09:00 [INFO ] [rig0] mined block #3 (nonce=159398, daa_score=279)
2026-08-09 22:01:29.517+09:00 [INFO ] [rig0] mined block #4 (nonce=79733, daa_score=280)
2026-08-09 22:01:30.061+09:00 [INFO ] [rig0] mined block #5 (nonce=9223372036855036483, daa_score=281)
2026-08-09 22:01:32.471+09:00 [INFO ] [rig0] mined block #6 (nonce=1134311, daa_score=282)
2026-08-09 22:01:33.367+09:00 [INFO ] [rig0] mined block #7 (nonce=438463, daa_score=284)
2026-08-09 22:01:33.743+09:00 [INFO ] [rig0] mined block #8 (nonce=194743, daa_score=285)
2026-08-09 22:01:33.750+09:00 [INFO ] [rig0] mined block #9 (nonce=9223372036854777264, daa_score=286)
2026-08-09 22:01:34.165+09:00 [INFO ] [rig0] mined block #10 (nonce=224064, daa_score=287)
2026-08-09 22:01:34.303+09:00 [INFO ] [rig0] mined block #11 (nonce=9223372036854846893, daa_score=288)
2026-08-09 22:01:34.522+09:00 [INFO ] [rig0] mined block #12 (nonce=114430, daa_score=289)
2026-08-09 22:01:34.547+09:00 [INFO ] [rig0] mined block #13 (nonce=10199, daa_score=290)
2026-08-09 22:01:34.745+09:00 [INFO ] [rig0] mined block #14 (nonce=9223372036854881103, daa_score=291)
2026-08-09 22:01:37.249+09:00 [INFO ] [rig0] mined block #15 (nonce=9223372036856132633, daa_score=292)
2026-08-09 22:01:37.407+09:00 [INFO ] [rig0] mined block #16 (nonce=81923, daa_score=293)
2026-08-09 22:01:37.662+09:00 [INFO ] [rig0] mined block #17 (nonce=9223372036854908592, daa_score=294)
2026-08-09 22:01:38.227+09:00 [INFO ] [rig0] mined block #18 (nonce=9223372036855079587, daa_score=295)
2026-08-09 22:01:38.668+09:00 [INFO ] [rig0] mined block #19 (nonce=253593, daa_score=296)
2026-08-09 22:01:39.047+09:00 [INFO ] [rig0] mined block #20 (nonce=216176, daa_score=297)
2026-08-09 22:01:39.338+09:00 [INFO ] [rig0] mined block #21 (nonce=162296, daa_score=298)
2026-08-09 22:01:39.777+09:00 [INFO ] [rig0] mined block #22 (nonce=245583, daa_score=299)
2026-08-09 22:01:40.337+09:00 [INFO ] [rig0] mined block #23 (nonce=9223372036855098505, daa_score=300)
2026-08-09 22:01:40.351+09:00 [INFO ] [rig0] mined block #24 (nonce=5860, daa_score=301)
2026-08-09 22:01:40.422+09:00 [INFO ] [rig0] mined block #25 (nonce=39643, daa_score=302)
2026-08-09 22:01:40.957+09:00 [INFO ] [rig0] mined block #26 (nonce=293273, daa_score=303)
2026-08-09 22:01:41.102+09:00 [INFO ] [rig0] mined block #27 (nonce=9223372036854855736, daa_score=304)
2026-08-09 22:01:41.375+09:00 [INFO ] [rig0] mined block #28 (nonce=9223372036854928597, daa_score=305)
2026-08-09 22:01:42.318+09:00 [INFO ] [rig0] mined block #29 (nonce=512145, daa_score=306)
2026-08-09 22:01:42.656+09:00 [INFO ] [rig0] mined block #30 (nonce=9223372036854958151, daa_score=307)
2026-08-09 22:01:43.378+09:00 [INFO ] [rig0] mined block #31 (nonce=9223372036855185057, daa_score=308)
2026-08-09 22:01:43.781+09:00 [INFO ] [rig0] mined block #32 (nonce=9223372036855006687, daa_score=309)
2026-08-09 22:01:44.793+09:00 [INFO ] [rig0] mined block #33 (nonce=583143, daa_score=310)
2026-08-09 22:01:44.829+09:00 [INFO ] [rig0] mined block #34 (nonce=18138, daa_score=311)
2026-08-09 22:01:45.908+09:00 [INFO ] [rig0] mined block #35 (nonce=9223372036855371400, daa_score=312)
2026-08-09 22:01:46.160+09:00 [INFO ] [rig0] mined block #36 (nonce=9223372036854921722, daa_score=313)
2026-08-09 22:01:46.348+09:00 [INFO ] [rig0] mined block #37 (nonce=9223372036854883108, daa_score=314)
2026-08-09 22:01:46.555+09:00 [INFO ] [rig0] mined block #38 (nonce=9223372036854894679, daa_score=315)
2026-08-09 22:01:47.260+09:00 [INFO ] [rig0] mined block #39 (nonce=9223372036855184185, daa_score=316)
2026-08-09 22:01:47.431+09:00 [INFO ] [rig0] mined block #40 (nonce=9223372036854873508, daa_score=317)
2026-08-09 22:01:49.917+09:00 [INFO ] [rig0] mined block #41 (nonce=9223372036856209058, daa_score=318)
2026-08-09 22:01:50.820+09:00 [INFO ] [rig0] mined block #42 (nonce=519268, daa_score=320)
2026-08-09 22:01:51.011+09:00 [INFO ] [rig0] mined block #43 (nonce=108631, daa_score=321)
2026-08-09 22:01:51.602+09:00 [INFO ] [rig0] mined block #44 (nonce=9223372036855118111, daa_score=322)
2026-08-09 22:01:53.030+09:00 [INFO ] [rig0] mined block #45 (nonce=9223372036855599517, daa_score=323)
2026-08-09 22:01:53.307+09:00 [INFO ] [rig0] mined block #46 (nonce=9223372036854933183, daa_score=324)
2026-08-09 22:01:53.771+09:00 [INFO ] [rig0] mined block #47 (nonce=9223372036855043226, daa_score=325)
2026-08-09 22:01:54.715+09:00 [INFO ] [rig0] mined block #48 (nonce=538886, daa_score=326)
2026-08-09 22:01:54.845+09:00 [INFO ] [rig0] mined block #49 (nonce=73603, daa_score=327)
2026-08-09 22:01:55.091+09:00 [INFO ] [rig0] mined block #50 (nonce=141396, daa_score=328)
2026-08-09 22:01:56.367+09:00 [INFO ] [rig0] mined block #51 (nonce=9223372036855511251, daa_score=329)
2026-08-09 22:01:56.596+09:00 [INFO ] [rig0] mined block #52 (nonce=131871, daa_score=330)
2026-08-09 22:01:56.812+09:00 [INFO ] [rig0] mined block #53 (nonce=9223372036854898974, daa_score=331)
2026-08-09 22:01:56.834+09:00 [INFO ] [rig0] mined block #54 (nonce=9223372036854786943, daa_score=332)
2026-08-09 22:01:56.960+09:00 [INFO ] [rig0] mined block #55 (nonce=9223372036854847402, daa_score=333)
2026-08-09 22:01:57.131+09:00 [INFO ] [rig0] mined block #56 (nonce=97984, daa_score=334)
2026-08-09 22:01:57.379+09:00 [INFO ] [rig0] mined block #57 (nonce=9223372036854917576, daa_score=335)
2026-08-09 22:01:57.396+09:00 [INFO ] [rig0] mined block #58 (nonce=9223372036854783885, daa_score=336)
2026-08-09 22:01:57.677+09:00 [INFO ] [rig0] mined block #59 (nonce=9223372036854938338, daa_score=337)
2026-08-09 22:01:59.030+09:00 [INFO ] [rig0] mined block #60 (nonce=783449, daa_score=338)
2026-08-09 22:02:00.772+09:00 [INFO ] [rig0] mined block #61 (nonce=9223372036855782798, daa_score=339)
2026-08-09 22:02:01.082+09:00 [INFO ] [rig0] mined block #62 (nonce=9223372036854953676, daa_score=341)
2026-08-09 22:02:01.129+09:00 [INFO ] [rig0] mined block #63 (nonce=24966, daa_score=342)
2026-08-09 22:02:01.213+09:00 [INFO ] [rig0] mined block #64 (nonce=47573, daa_score=343)
2026-08-09 22:02:01.313+09:00 [INFO ] [rig0] mined block #65 (nonce=56511, daa_score=344)
2026-08-09 22:02:01.499+09:00 [INFO ] [rig0] mined block #66 (nonce=106163, daa_score=345)
2026-08-09 22:02:02.091+09:00 [INFO ] [rig0] mined block #67 (nonce=341471, daa_score=346)
2026-08-09 22:02:02.150+09:00 [INFO ] [rig0] mined block #68 (nonce=9223372036854808349, daa_score=347)
2026-08-09 22:02:02.670+09:00 [INFO ] [rig0] mined block #69 (nonce=301033, daa_score=348)
2026-08-09 22:02:02.735+09:00 [INFO ] [rig0] mined block #70 (nonce=9223372036854811810, daa_score=349)
2026-08-09 22:02:03.522+09:00 [INFO ] [rig0] mined block #71 (nonce=456994, daa_score=350)
2026-08-09 22:02:03.557+09:00 [INFO ] [rig0] mined block #72 (nonce=18555, daa_score=351)
2026-08-09 22:02:04.129+09:00 [INFO ] [rig0] mined block #73 (nonce=332680, daa_score=352)
2026-08-09 22:02:04.316+09:00 [INFO ] [rig0] mined block #74 (nonce=9223372036854882586, daa_score=353)
2026-08-09 22:02:04.788+09:00 [INFO ] [rig0] mined block #75 (nonce=9223372036855050079, daa_score=354)
2026-08-09 22:02:05.649+09:00 [INFO ] [rig0] mined block #76 (nonce=501574, daa_score=355)
2026-08-09 22:02:05.747+09:00 [INFO ] [rig0] mined block #77 (nonce=55204, daa_score=356)
2026-08-09 22:02:06.694+09:00 [INFO ] [rig0] mined block #78 (nonce=9223372036855324956, daa_score=357)
2026-08-09 22:02:07.608+09:00 [INFO ] [rig0] mined block #79 (nonce=525854, daa_score=358)
2026-08-09 22:02:09.434+09:00 [INFO ] [rig0] mined block #80 (nonce=9223372036855828275, daa_score=359)
2026-08-09 22:02:09.539+09:00 [INFO ] [rig0] mined block #81 (nonce=9223372036854834786, daa_score=360)
2026-08-09 22:02:09.672+09:00 [INFO ] [rig0] mined block #82 (nonce=74970, daa_score=361)
2026-08-09 22:02:09.881+09:00 [INFO ] [rig0] mined block #83 (nonce=119300, daa_score=362)
2026-08-09 22:02:10.722+09:00 [INFO ] [rig0] mined block #84 (nonce=9223372036855239465, daa_score=364)
2026-08-09 22:02:12.017+09:00 [INFO ] [rig0] mined block #85 (nonce=749027, daa_score=365)
2026-08-09 22:02:12.200+09:00 [INFO ] [rig0] mined block #86 (nonce=103872, daa_score=366)
2026-08-09 22:02:12.303+09:00 [INFO ] [rig0] mined block #87 (nonce=9223372036854833318, daa_score=367)
2026-08-09 22:02:12.675+09:00 [INFO ] [rig0] mined block #88 (nonce=212654, daa_score=368)
2026-08-09 22:02:14.398+09:00 [INFO ] [rig0] mined block #89 (nonce=9223372036855777046, daa_score=369)
2026-08-09 22:02:14.897+09:00 [INFO ] [rig0] mined block #90 (nonce=9223372036855062233, daa_score=370)
2026-08-09 22:02:15.198+09:00 [INFO ] [rig0] mined block #91 (nonce=172537, daa_score=371)
2026-08-09 22:02:15.653+09:00 [INFO ] [rig0] mined block #92 (nonce=262804, daa_score=372)
2026-08-09 22:02:16.039+09:00 [INFO ] [rig0] mined block #93 (nonce=9223372036854998178, daa_score=373)
2026-08-09 22:02:16.101+09:00 [INFO ] [rig0] mined block #94 (nonce=33515, daa_score=374)
2026-08-09 22:02:16.178+09:00 [INFO ] [rig0] mined block #95 (nonce=42852, daa_score=375)
2026-08-09 22:02:16.613+09:00 [INFO ] [rig0] mined block #96 (nonce=251226, daa_score=376)
2026-08-09 22:02:17.867+09:00 [INFO ] [rig0] mined block #97 (nonce=725487, daa_score=377)
2026-08-09 22:02:18.480+09:00 [INFO ] [rig0] mined block #98 (nonce=9223372036855129388, daa_score=378)
2026-08-09 22:02:18.863+09:00 [INFO ] [rig0] mined block #99 (nonce=221055, daa_score=379)
2026-08-09 22:02:19.288+09:00 [INFO ] [rig0] mined block #100 (nonce=9223372036855019987, daa_score=380)
2026-08-09 22:02:19.366+09:00 [INFO ] [rig0] mined block #101 (nonce=9223372036854819216, daa_score=381)
2026-08-09 22:02:19.483+09:00 [INFO ] [rig0] mined block #102 (nonce=9223372036854841767, daa_score=382)
2026-08-09 22:02:19.617+09:00 [INFO ] [rig0] mined block #103 (nonce=9223372036854850650, daa_score=383)
2026-08-09 22:02:20.343+09:00 [INFO ] [rig0] mined block #104 (nonce=9223372036855195082, daa_score=384)
2026-08-09 22:02:20.909+09:00 [INFO ] [rig0] mined block #105 (nonce=326599, daa_score=385)
2026-08-09 22:02:21.607+09:00 [INFO ] [rig0] mined block #106 (nonce=9223372036855179668, daa_score=386)
2026-08-09 22:02:22.289+09:00 [INFO ] [rig0] mined block #107 (nonce=9223372036855167979, daa_score=387)
2026-08-09 22:02:22.478+09:00 [INFO ] [rig0] mined block #108 (nonce=9223372036854882941, daa_score=388)
2026-08-09 22:02:22.956+09:00 [INFO ] [rig0] mined block #109 (nonce=276746, daa_score=389)
2026-08-09 22:02:23.038+09:00 [INFO ] [rig0] mined block #110 (nonce=45470, daa_score=390)
2026-08-09 22:02:23.430+09:00 [INFO ] [rig0] mined block #111 (nonce=225718, daa_score=391)
2026-08-09 22:02:23.763+09:00 [INFO ] [rig0] mined block #112 (nonce=9223372036854967395, daa_score=392)
2026-08-09 22:02:24.120+09:00 [INFO ] [rig0] mined block #113 (nonce=206450, daa_score=393)
2026-08-09 22:02:24.639+09:00 [INFO ] [rig0] mined block #114 (nonce=9223372036855073988, daa_score=394)
2026-08-09 22:02:25.145+09:00 [INFO ] [rig0] mined block #115 (nonce=9223372036855066204, daa_score=395)
2026-08-09 22:02:25.428+09:00 [INFO ] [rig0] mined block #116 (nonce=9223372036854936832, daa_score=396)
2026-08-09 22:02:26.531+09:00 [INFO ] [rig0] mined block #117 (nonce=9223372036855410406, daa_score=397)
2026-08-09 22:02:26.669+09:00 [INFO ] [rig0] mined block #118 (nonce=9223372036854853363, daa_score=398)
2026-08-09 22:02:27.123+09:00 [INFO ] [rig0] mined block #119 (nonce=9223372036855034604, daa_score=399)
2026-08-09 22:02:27.660+09:00 [INFO ] [rig0] mined block #120 (nonce=307821, daa_score=400)
2026-08-09 22:02:29.828+09:00 [INFO ] [rig0] mined block #121 (nonce=9223372036856026555, daa_score=401)
2026-08-09 22:02:30.152+09:00 [INFO ] [rig0] mined block #122 (nonce=9223372036854961883, daa_score=402)
2026-08-09 22:02:30.343+09:00 [INFO ] [rig0] mined block #123 (nonce=107993, daa_score=403)
2026-08-09 22:02:30.856+09:00 [INFO ] [rig0] mined block #124 (nonce=292933, daa_score=404)
2026-08-09 22:02:30.927+09:00 [INFO ] [rig0] mined block #125 (nonce=38887, daa_score=405)
2026-08-09 22:02:31.195+09:00 [INFO ] [rig0] mined block #126 (nonce=154328, daa_score=406)
2026-08-09 22:02:31.375+09:00 [INFO ] [rig0] mined block #127 (nonce=9223372036854861648, daa_score=407)
2026-08-09 22:02:32.339+09:00 [INFO ] [rig0] mined block #128 (nonce=547795, daa_score=408)
2026-08-09 22:02:32.423+09:00 [INFO ] [rig0] mined block #129 (nonce=46181, daa_score=409)
2026-08-09 22:02:32.753+09:00 [INFO ] [rig0] mined block #130 (nonce=189917, daa_score=410)
2026-08-09 22:02:32.826+09:00 [INFO ] [rig0] mined block #131 (nonce=9223372036854816574, daa_score=411)
2026-08-09 22:02:33.170+09:00 [INFO ] [rig0] mined block #132 (nonce=195435, daa_score=412)
2026-08-09 22:02:33.271+09:00 [INFO ] [rig0] mined block #133 (nonce=55902, daa_score=413)
2026-08-09 22:02:33.426+09:00 [INFO ] [rig0] mined block #134 (nonce=9223372036854863664, daa_score=414)
2026-08-09 22:02:33.745+09:00 [INFO ] [rig0] mined block #135 (nonce=9223372036854958664, daa_score=415)
2026-08-09 22:02:33.873+09:00 [INFO ] [rig0] mined block #136 (nonce=9223372036854848219, daa_score=416)
2026-08-09 22:02:35.975+09:00 [INFO ] [rig0] mined block #137 (nonce=9223372036855990994, daa_score=417)
2026-08-09 22:02:35.988+09:00 [INFO ] [rig0] mined block #138 (nonce=5592, daa_score=419)
2026-08-09 22:02:38.100+09:00 [INFO ] [rig0] mined block #139 (nonce=1228747, daa_score=420)
2026-08-09 22:02:38.199+09:00 [INFO ] [rig0] mined block #140 (nonce=55239, daa_score=423)
2026-08-09 22:02:38.245+09:00 [INFO ] [rig0] mined block #141 (nonce=9223372036854800400, daa_score=424)
2026-08-09 22:02:38.641+09:00 [INFO ] [rig0] mined block #142 (nonce=227470, daa_score=425)
2026-08-09 22:02:39.539+09:00 [INFO ] [rig0] mined block #143 (nonce=519780, daa_score=426)
2026-08-09 22:02:39.872+09:00 [INFO ] [rig0] mined block #144 (nonce=9223372036854966270, daa_score=427)
2026-08-09 22:02:40.641+09:00 [INFO ] [rig0] mined block #145 (nonce=9223372036855217908, daa_score=428)
2026-08-09 22:02:41.374+09:00 [INFO ] [rig0] mined block #146 (nonce=9223372036855197733, daa_score=429)
2026-08-09 22:02:42.107+09:00 [INFO ] [rig0] mined block #147 (nonce=422929, daa_score=430)
2026-08-09 22:02:42.166+09:00 [INFO ] [rig0] mined block #148 (nonce=32524, daa_score=431)
2026-08-09 22:02:42.238+09:00 [INFO ] [rig0] mined block #149 (nonce=39963, daa_score=432)
2026-08-09 22:02:43.461+09:00 [INFO ] [rig0] mined block #150 (nonce=706773, daa_score=433)
2026-08-09 22:02:43.478+09:00 [INFO ] [rig0] mined block #151 (nonce=7234, daa_score=434)
2026-08-09 22:02:43.539+09:00 [INFO ] [rig0] mined block #152 (nonce=9223372036854808281, daa_score=435)
2026-08-09 22:02:43.576+09:00 [INFO ] [rig0] mined block #153 (nonce=19430, daa_score=436)
2026-08-09 22:02:43.828+09:00 [INFO ] [rig0] mined block #154 (nonce=9223372036854919597, daa_score=437)
2026-08-09 22:02:43.840+09:00 [INFO ] [rig0] mined block #155 (nonce=4863, daa_score=438)
2026-08-09 22:02:44.010+09:00 [INFO ] [rig0] mined block #156 (nonce=9223372036854871931, daa_score=439)
2026-08-09 22:02:44.163+09:00 [INFO ] [rig0] mined block #157 (nonce=87066, daa_score=440)
2026-08-09 22:02:44.660+09:00 [INFO ] [rig0] mined block #158 (nonce=9223372036855061545, daa_score=441)
2026-08-09 22:02:45.646+09:00 [INFO ] [rig0] mined block #159 (nonce=9223372036855343281, daa_score=442)
2026-08-09 22:02:45.656+09:00 [INFO ] [rig0] mined block #160 (nonce=9223372036854779514, daa_score=443)
2026-08-09 22:02:45.713+09:00 [INFO ] [rig0] mined block #161 (nonce=9223372036854806604, daa_score=444)
2026-08-09 22:02:46.368+09:00 [INFO ] [rig0] mined block #162 (nonce=380784, daa_score=445)
2026-08-09 22:02:46.674+09:00 [INFO ] [rig0] mined block #163 (nonce=9223372036854952109, daa_score=446)
2026-08-09 22:02:46.758+09:00 [INFO ] [rig0] mined block #164 (nonce=46787, daa_score=447)
2026-08-09 22:02:46.842+09:00 [INFO ] [rig0] mined block #165 (nonce=9223372036854823138, daa_score=448)
2026-08-09 22:02:47.559+09:00 [INFO ] [rig0] mined block #166 (nonce=9223372036855190909, daa_score=449)
2026-08-09 22:02:47.796+09:00 [INFO ] [rig0] mined block #167 (nonce=135829, daa_score=450)
2026-08-09 22:02:47.820+09:00 [INFO ] [rig0] mined block #168 (nonce=9223372036854787950, daa_score=451)
2026-08-09 22:02:47.883+09:00 [INFO ] [rig0] mined block #169 (nonce=34506, daa_score=452)
2026-08-09 22:02:48.225+09:00 [INFO ] [rig0] mined block #170 (nonce=9223372036854971998, daa_score=453)
2026-08-09 22:02:48.335+09:00 [INFO ] [rig0] mined block #171 (nonce=9223372036854837887, daa_score=454)
2026-08-09 22:02:48.475+09:00 [INFO ] [rig0] mined block #172 (nonce=80371, daa_score=455)
2026-08-09 22:02:48.512+09:00 [INFO ] [rig0] mined block #173 (nonce=19612, daa_score=456)
2026-08-09 22:02:48.753+09:00 [INFO ] [rig0] mined block #174 (nonce=138226, daa_score=457)
2026-08-09 22:02:48.787+09:00 [INFO ] [rig0] mined block #175 (nonce=17089, daa_score=458)
2026-08-09 22:02:49.314+09:00 [INFO ] [rig0] mined block #176 (nonce=9223372036855080044, daa_score=459)
2026-08-09 22:02:50.031+09:00 [INFO ] [rig0] mined block #177 (nonce=9223372036855189106, daa_score=460)
2026-08-09 22:02:54.259+09:00 [INFO ] [rig0] mined block #178 (nonce=9223372036857228241, daa_score=461)
2026-08-09 22:02:55.365+09:00 [INFO ] [rig0] mined block #179 (nonce=637578, daa_score=464)
2026-08-09 22:02:55.869+09:00 [INFO ] [rig0] mined block #180 (nonce=9223372036855065852, daa_score=465)
2026-08-09 22:02:56.225+09:00 [INFO ] [rig0] mined block #181 (nonce=205660, daa_score=466)
2026-08-09 22:02:56.811+09:00 [INFO ] [rig0] mined block #182 (nonce=9223372036855114467, daa_score=467)
2026-08-09 22:02:57.655+09:00 [INFO ] [rig0] mined block #183 (nonce=449427, daa_score=468)
2026-08-09 22:02:57.689+09:00 [INFO ] [rig0] mined block #184 (nonce=9223372036854792536, daa_score=469)
2026-08-09 22:02:58.842+09:00 [INFO ] [rig0] mined block #185 (nonce=9223372036855436102, daa_score=470)
2026-08-09 22:02:59.079+09:00 [INFO ] [rig0] mined block #186 (nonce=134714, daa_score=472)
2026-08-09 22:02:59.228+09:00 [INFO ] [rig0] mined block #187 (nonce=9223372036854860977, daa_score=473)
2026-08-09 22:02:59.574+09:00 [INFO ] [rig0] mined block #188 (nonce=198699, daa_score=474)
2026-08-09 22:02:59.981+09:00 [INFO ] [rig0] mined block #189 (nonce=233765, daa_score=475)
2026-08-09 22:03:00.332+09:00 [INFO ] [rig0] mined block #190 (nonce=9223372036854976825, daa_score=476)
2026-08-09 22:03:00.410+09:00 [INFO ] [rig0] mined block #191 (nonce=9223372036854819557, daa_score=477)
2026-08-09 22:03:00.572+09:00 [INFO ] [rig0] mined block #192 (nonce=9223372036854868131, daa_score=478)
2026-08-09 22:03:00.702+09:00 [INFO ] [rig0] mined block #193 (nonce=73723, daa_score=479)
2026-08-09 22:03:00.872+09:00 [INFO ] [rig0] mined block #194 (nonce=9223372036854873437, daa_score=480)
2026-08-09 22:03:01.086+09:00 [INFO ] [rig0] mined block #195 (nonce=9223372036854898295, daa_score=481)
2026-08-09 22:03:01.467+09:00 [INFO ] [rig0] mined block #196 (nonce=9223372036854995334, daa_score=482)
2026-08-09 22:03:01.850+09:00 [INFO ] [rig0] mined block #197 (nonce=220776, daa_score=483)
2026-08-09 22:03:01.892+09:00 [INFO ] [rig0] mined block #198 (nonce=21399, daa_score=484)
2026-08-09 22:03:03.188+09:00 [INFO ] [rig0] mined block #199 (nonce=9223372036855527319, daa_score=485)
2026-08-09 22:03:03.264+09:00 [INFO ] [rig0] mined block #200 (nonce=9223372036854816534, daa_score=486)
2026-08-09 22:03:03.264+09:00 [INFO ] done: mined 200 blocks

  misaminer v1.0.0  —  MISAKA (kaspa-pq) Layer-0 CPU miner
  ---------------------------------------------------------
  pool/node : 127.0.0.1:17110
  network   : devnet
  worker    : rig0
  threads   : 2

2026-08-09 22:03:03.277+09:00 [WARN ] --allow-burn: mining to an UNSPENDABLE placeholder (rewards are lost) — PoW smoke test only.
2026-08-09 22:03:03.278+09:00 [INFO ] [rig0] connected to 127.0.0.1:17110; mining network_id=devnet to misakadev:qgqqqqqqqqqqqqqqqqqqqqqqqqqqqqqqqqqqqqqqqqqqqqqqqqqqqqqqqqqqqqqqqqqqqqqqqqqqqqqqqqqqqqqqqqqqqqqqqqqqqqqqets69efd
2026-08-09 22:03:03.518+09:00 [INFO ] [rig0] mined block #1 (nonce=9223372036854911770, daa_score=487)
2026-08-09 22:03:04.099+09:00 [INFO ] [rig0] mined block #2 (nonce=332992, daa_score=488)
2026-08-09 22:03:04.296+09:00 [INFO ] [rig0] mined block #3 (nonce=9223372036854888335, daa_score=489)
2026-08-09 22:03:04.307+09:00 [INFO ] [rig0] mined block #4 (nonce=4459, daa_score=490)
2026-08-09 22:03:04.372+09:00 [INFO ] [rig0] mined block #5 (nonce=9223372036854811327, daa_score=491)
2026-08-09 22:03:04.767+09:00 [INFO ] [rig0] mined block #6 (nonce=9223372036855002977, daa_score=492)
2026-08-09 22:03:05.441+09:00 [INFO ] [rig0] mined block #7 (nonce=9223372036855163157, daa_score=493)
2026-08-09 22:03:06.088+09:00 [INFO ] [rig0] mined block #8 (nonce=9223372036855146148, daa_score=494)
2026-08-09 22:03:08.230+09:00 [INFO ] [rig0] mined block #9 (nonce=1231049, daa_score=495)
2026-08-09 22:03:08.658+09:00 [INFO ] [rig0] mined block #10 (nonce=9223372036855020701, daa_score=496)
2026-08-09 22:03:09.424+09:00 [INFO ] [rig0] mined block #11 (nonce=440883, daa_score=497)
2026-08-09 22:03:11.238+09:00 [INFO ] [rig0] mined block #12 (nonce=1043727, daa_score=498)
2026-08-09 22:03:11.672+09:00 [INFO ] [rig0] mined block #13 (nonce=250037, daa_score=499)
2026-08-09 22:03:11.779+09:00 [INFO ] [rig0] mined block #14 (nonce=9223372036854835059, daa_score=500)
2026-08-09 22:03:12.021+09:00 [INFO ] [rig0] mined block #15 (nonce=9223372036854913766, daa_score=501)
2026-08-09 22:03:12.258+09:00 [INFO ] [rig0] mined block #16 (nonce=134939, daa_score=502)
2026-08-09 22:03:12.704+09:00 [INFO ] [rig0] mined block #17 (nonce=256767, daa_score=503)
2026-08-09 22:03:12.778+09:00 [INFO ] [rig0] mined block #18 (nonce=39872, daa_score=504)
2026-08-09 22:03:14.015+09:00 [INFO ] [rig0] mined block #19 (nonce=712446, daa_score=505)
2026-08-09 22:03:14.633+09:00 [INFO ] [rig0] mined block #20 (nonce=9223372036855131134, daa_score=506)
2026-08-09 22:03:15.216+09:00 [INFO ] [rig0] mined block #21 (nonce=9223372036855109730, daa_score=507)
2026-08-09 22:03:15.266+09:00 [INFO ] [rig0] mined block #22 (nonce=9223372036854802044, daa_score=508)
2026-08-09 22:03:15.298+09:00 [INFO ] [rig0] mined block #23 (nonce=16202, daa_score=509)
2026-08-09 22:03:15.769+09:00 [INFO ] [rig0] mined block #24 (nonce=270345, daa_score=510)
2026-08-09 22:03:15.940+09:00 [INFO ] [rig0] mined block #25 (nonce=9223372036854872123, daa_score=511)
2026-08-09 22:03:16.482+09:00 [INFO ] [rig0] mined block #26 (nonce=311376, daa_score=512)
2026-08-09 22:03:16.846+09:00 [INFO ] [rig0] mined block #27 (nonce=208354, daa_score=513)
2026-08-09 22:03:16.919+09:00 [INFO ] [rig0] mined block #28 (nonce=39870, daa_score=514)
2026-08-09 22:03:17.383+09:00 [INFO ] [rig0] mined block #29 (nonce=9223372036855040447, daa_score=515)
2026-08-09 22:03:18.345+09:00 [INFO ] [rig0] mined block #30 (nonce=9223372036855325533, daa_score=516)
2026-08-09 22:03:18.630+09:00 [INFO ] [rig0] mined block #31 (nonce=160746, daa_score=517)
2026-08-09 22:03:19.240+09:00 [INFO ] [rig0] mined block #32 (nonce=349893, daa_score=518)
2026-08-09 22:03:19.345+09:00 [INFO ] [rig0] mined block #33 (nonce=58512, daa_score=519)
2026-08-09 22:03:20.555+09:00 [INFO ] [rig0] mined block #34 (nonce=9223372036855471823, daa_score=520)
2026-08-09 22:03:21.484+09:00 [INFO ] [rig0] mined block #35 (nonce=9223372036855312282, daa_score=521)
2026-08-09 22:03:21.556+09:00 [INFO ] [rig0] mined block #36 (nonce=39438, daa_score=522)
2026-08-09 22:03:23.058+09:00 [INFO ] [rig0] mined block #37 (nonce=9223372036855608174, daa_score=523)
2026-08-09 22:03:23.106+09:00 [INFO ] [rig0] mined block #38 (nonce=9223372036854800387, daa_score=524)
2026-08-09 22:03:23.262+09:00 [INFO ] [rig0] mined block #39 (nonce=88317, daa_score=525)
2026-08-09 22:03:23.910+09:00 [INFO ] [rig0] mined block #40 (nonce=9223372036855147062, daa_score=526)
2026-08-09 22:03:23.938+09:00 [INFO ] [rig0] mined block #41 (nonce=9223372036854789774, daa_score=527)
2026-08-09 22:03:25.368+09:00 [INFO ] [rig0] mined block #42 (nonce=9223372036855598582, daa_score=528)
2026-08-09 22:03:26.136+09:00 [INFO ] [rig0] mined block #43 (nonce=440969, daa_score=529)
2026-08-09 22:03:26.557+09:00 [INFO ] [rig0] mined block #44 (nonce=9223372036855015002, daa_score=530)
2026-08-09 22:03:26.618+09:00 [INFO ] [rig0] mined block #45 (nonce=33387, daa_score=531)
2026-08-09 22:03:26.968+09:00 [INFO ] [rig0] mined block #46 (nonce=200546, daa_score=532)
2026-08-09 22:03:27.098+09:00 [INFO ] [rig0] mined block #47 (nonce=9223372036854849128, daa_score=533)
2026-08-09 22:03:28.026+09:00 [INFO ] [rig0] mined block #48 (nonce=9223372036855309978, daa_score=534)
2026-08-09 22:03:28.169+09:00 [INFO ] [rig0] mined block #49 (nonce=79881, daa_score=535)
2026-08-09 22:03:28.557+09:00 [INFO ] [rig0] mined block #50 (nonce=220517, daa_score=536)
2026-08-09 22:03:29.159+09:00 [INFO ] [rig0] mined block #51 (nonce=345405, daa_score=537)
2026-08-09 22:03:31.085+09:00 [INFO ] [rig0] mined block #52 (nonce=1100457, daa_score=538)
2026-08-09 22:03:31.203+09:00 [INFO ] [rig0] mined block #53 (nonce=9223372036854840336, daa_score=539)
2026-08-09 22:03:31.495+09:00 [INFO ] [rig0] mined block #54 (nonce=9223372036854941098, daa_score=540)
2026-08-09 22:03:31.804+09:00 [INFO ] [rig0] mined block #55 (nonce=176148, daa_score=541)
2026-08-09 22:03:32.153+09:00 [INFO ] [rig0] mined block #56 (nonce=9223372036854975630, daa_score=542)
2026-08-09 22:03:32.236+09:00 [INFO ] [rig0] mined block #57 (nonce=9223372036854821859, daa_score=543)
2026-08-09 22:03:33.277+09:00 [INFO ] [rig0] mined block #58 (nonce=596735, daa_score=544)
2026-08-09 22:03:33.406+09:00 [INFO ] [rig0] mined block #59 (nonce=71501, daa_score=545)
2026-08-09 22:03:33.960+09:00 [INFO ] [rig0] mined block #60 (nonce=317679, daa_score=546)
2026-08-09 22:03:34.163+09:00 [INFO ] [rig0] mined block #61 (nonce=114772, daa_score=547)
2026-08-09 22:03:35.002+09:00 [INFO ] [rig0] mined block #62 (nonce=9223372036855256857, daa_score=548)
2026-08-09 22:03:35.139+09:00 [INFO ] [rig0] mined block #63 (nonce=9223372036854852592, daa_score=549)
2026-08-09 22:03:35.170+09:00 [INFO ] [rig0] mined block #64 (nonce=15510, daa_score=550)
2026-08-09 22:03:35.719+09:00 [INFO ] [rig0] mined block #65 (nonce=9223372036855092070, daa_score=551)
2026-08-09 22:03:35.926+09:00 [INFO ] [rig0] mined block #66 (nonce=118282, daa_score=552)
2026-08-09 22:03:36.267+09:00 [INFO ] [rig0] mined block #67 (nonce=9223372036854970925, daa_score=553)
2026-08-09 22:03:36.384+09:00 [INFO ] [rig0] mined block #68 (nonce=9223372036854841151, daa_score=554)
2026-08-09 22:03:37.036+09:00 [INFO ] [rig0] mined block #69 (nonce=376450, daa_score=555)
2026-08-09 22:03:38.005+09:00 [INFO ] [rig0] mined block #70 (nonce=528443, daa_score=556)
2026-08-09 22:03:38.105+09:00 [INFO ] [rig0] mined block #71 (nonce=54910, daa_score=557)
2026-08-09 22:03:38.173+09:00 [INFO ] [rig0] mined block #72 (nonce=9223372036854812690, daa_score=558)
2026-08-09 22:03:38.320+09:00 [INFO ] [rig0] mined block #73 (nonce=82098, daa_score=559)
2026-08-09 22:03:38.512+09:00 [INFO ] [rig0] mined block #74 (nonce=108541, daa_score=560)
2026-08-09 22:03:38.889+09:00 [INFO ] [rig0] mined block #75 (nonce=9223372036854991130, daa_score=561)
2026-08-09 22:03:39.499+09:00 [INFO ] [rig0] mined block #76 (nonce=9223372036855126368, daa_score=562)
2026-08-09 22:03:39.864+09:00 [INFO ] [rig0] mined block #77 (nonce=209042, daa_score=563)
2026-08-09 22:03:39.944+09:00 [INFO ] [rig0] mined block #78 (nonce=43785, daa_score=564)
2026-08-09 22:03:40.402+09:00 [INFO ] [rig0] mined block #79 (nonce=9223372036855039205, daa_score=565)
2026-08-09 22:03:40.412+09:00 [INFO ] [rig0] mined block #80 (nonce=3330, daa_score=566)
2026-08-09 22:03:40.998+09:00 [INFO ] [rig0] mined block #81 (nonce=9223372036855113390, daa_score=567)
2026-08-09 22:03:41.753+09:00 [INFO ] [rig0] mined block #82 (nonce=9223372036855209732, daa_score=568)
2026-08-09 22:03:42.177+09:00 [INFO ] [rig0] mined block #83 (nonce=9223372036855017675, daa_score=569)
2026-08-09 22:03:42.531+09:00 [INFO ] [rig0] mined block #84 (nonce=201693, daa_score=570)
2026-08-09 22:03:42.559+09:00 [INFO ] [rig0] mined block #85 (nonce=14103, daa_score=571)
2026-08-09 22:03:42.765+09:00 [INFO ] [rig0] mined block #86 (nonce=9223372036854892514, daa_score=572)
2026-08-09 22:03:42.920+09:00 [INFO ] [rig0] mined block #87 (nonce=9223372036854864194, daa_score=573)
2026-08-09 22:03:43.166+09:00 [INFO ] [rig0] mined block #88 (nonce=140510, daa_score=574)
2026-08-09 22:03:43.198+09:00 [INFO ] [rig0] mined block #89 (nonce=16686, daa_score=575)
2026-08-09 22:03:43.451+09:00 [INFO ] [rig0] mined block #90 (nonce=144297, daa_score=576)
2026-08-09 22:03:44.013+09:00 [INFO ] [rig0] mined block #91 (nonce=9223372036855098643, daa_score=577)
2026-08-09 22:03:44.284+09:00 [INFO ] [rig0] mined block #92 (nonce=9223372036854929923, daa_score=578)
2026-08-09 22:03:44.580+09:00 [INFO ] [rig0] mined block #93 (nonce=9223372036854945359, daa_score=579)
2026-08-09 22:03:44.649+09:00 [INFO ] [rig0] mined block #94 (nonce=37227, daa_score=580)
2026-08-09 22:03:44.654+09:00 [INFO ] [rig0] mined block #95 (nonce=367, daa_score=581)
2026-08-09 22:03:44.812+09:00 [INFO ] [rig0] mined block #96 (nonce=9223372036854864712, daa_score=582)
2026-08-09 22:03:45.328+09:00 [INFO ] [rig0] mined block #97 (nonce=9223372036855070352, daa_score=583)
2026-08-09 22:03:45.825+09:00 [INFO ] [rig0] mined block #98 (nonce=284870, daa_score=584)
2026-08-09 22:03:45.938+09:00 [INFO ] [rig0] mined block #99 (nonce=63118, daa_score=585)
2026-08-09 22:03:46.608+09:00 [INFO ] [rig0] mined block #100 (nonce=381306, daa_score=586)
2026-08-09 22:03:47.299+09:00 [INFO ] [rig0] mined block #101 (nonce=9223372036855171982, daa_score=587)
2026-08-09 22:03:47.566+09:00 [INFO ] [rig0] mined block #102 (nonce=9223372036854926810, daa_score=588)
2026-08-09 22:03:47.823+09:00 [INFO ] [rig0] mined block #103 (nonce=9223372036854921913, daa_score=589)
2026-08-09 22:03:48.310+09:00 [INFO ] [rig0] mined block #104 (nonce=9223372036855054253, daa_score=590)
2026-08-09 22:03:48.347+09:00 [INFO ] [rig0] mined block #105 (nonce=9223372036854795099, daa_score=591)
2026-08-09 22:03:48.431+09:00 [INFO ] [rig0] mined block #106 (nonce=46384, daa_score=592)
2026-08-09 22:03:49.041+09:00 [INFO ] [rig0] mined block #107 (nonce=9223372036855125696, daa_score=593)
2026-08-09 22:03:49.831+09:00 [INFO ] [rig0] mined block #108 (nonce=9223372036855227080, daa_score=594)
2026-08-09 22:03:51.037+09:00 [INFO ] [rig0] mined block #109 (nonce=691871, daa_score=595)
2026-08-09 22:03:51.190+09:00 [INFO ] [rig0] mined block #110 (nonce=85776, daa_score=596)
2026-08-09 22:03:51.347+09:00 [INFO ] [rig0] mined block #111 (nonce=88462, daa_score=597)
2026-08-09 22:03:51.542+09:00 [INFO ] [rig0] mined block #112 (nonce=110521, daa_score=598)
2026-08-09 22:03:51.742+09:00 [INFO ] [rig0] mined block #113 (nonce=9223372036854889454, daa_score=599)
2026-08-09 22:03:51.749+09:00 [INFO ] [rig0] mined block #114 (nonce=1246, daa_score=600)
2026-08-09 22:03:52.617+09:00 [INFO ] [rig0] mined block #115 (nonce=472799, daa_score=601)
2026-08-09 22:03:53.340+09:00 [INFO ] [rig0] mined block #116 (nonce=415612, daa_score=602)
2026-08-09 22:03:54.008+09:00 [INFO ] [rig0] mined block #117 (nonce=9223372036855159781, daa_score=603)
2026-08-09 22:03:54.384+09:00 [INFO ] [rig0] mined block #118 (nonce=214365, daa_score=604)
2026-08-09 22:03:54.610+09:00 [INFO ] [rig0] mined block #119 (nonce=128619, daa_score=605)
2026-08-09 22:03:54.977+09:00 [INFO ] [rig0] mined block #120 (nonce=9223372036854986460, daa_score=606)
2026-08-09 22:03:55.005+09:00 [INFO ] [rig0] mined block #121 (nonce=9223372036854789467, daa_score=607)
2026-08-09 22:03:55.164+09:00 [INFO ] [rig0] mined block #122 (nonce=89501, daa_score=608)
2026-08-09 22:03:55.923+09:00 [INFO ] [rig0] mined block #123 (nonce=434230, daa_score=609)
2026-08-09 22:03:56.021+09:00 [INFO ] [rig0] mined block #124 (nonce=53690, daa_score=610)
2026-08-09 22:03:56.507+09:00 [INFO ] [rig0] mined block #125 (nonce=280485, daa_score=611)
2026-08-09 22:03:57.031+09:00 [INFO ] [rig0] mined block #126 (nonce=9223372036855077142, daa_score=612)
2026-08-09 22:03:57.241+09:00 [INFO ] [rig0] mined block #127 (nonce=119001, daa_score=613)
2026-08-09 22:03:57.628+09:00 [INFO ] [rig0] mined block #128 (nonce=9223372036854996674, daa_score=614)
2026-08-09 22:03:58.657+09:00 [INFO ] [rig0] mined block #129 (nonce=590691, daa_score=615)
2026-08-09 22:03:58.710+09:00 [INFO ] [rig0] mined block #130 (nonce=9223372036854804035, daa_score=616)
2026-08-09 22:03:59.052+09:00 [INFO ] [rig0] mined block #131 (nonce=195785, daa_score=617)
2026-08-09 22:03:59.382+09:00 [INFO ] [rig0] mined block #132 (nonce=9223372036854964276, daa_score=618)
2026-08-09 22:04:00.044+09:00 [INFO ] [rig0] mined block #133 (nonce=379901, daa_score=619)
2026-08-09 22:04:00.161+09:00 [INFO ] [rig0] mined block #134 (nonce=64386, daa_score=620)
2026-08-09 22:04:00.715+09:00 [INFO ] [rig0] mined block #135 (nonce=318365, daa_score=621)
2026-08-09 22:04:00.876+09:00 [INFO ] [rig0] mined block #136 (nonce=90805, daa_score=622)
2026-08-09 22:04:01.058+09:00 [INFO ] [rig0] mined block #137 (nonce=102532, daa_score=623)
2026-08-09 22:04:01.421+09:00 [INFO ] [rig0] mined block #138 (nonce=207711, daa_score=624)
2026-08-09 22:04:01.489+09:00 [INFO ] [rig0] mined block #139 (nonce=36584, daa_score=625)
2026-08-09 22:04:01.775+09:00 [INFO ] [rig0] mined block #140 (nonce=161327, daa_score=626)
2026-08-09 22:04:01.813+09:00 [INFO ] [rig0] mined block #141 (nonce=19475, daa_score=627)
2026-08-09 22:04:02.425+09:00 [INFO ] [rig0] mined block #142 (nonce=9223372036855121651, daa_score=628)
2026-08-09 22:04:02.883+09:00 [INFO ] [rig0] mined block #143 (nonce=9223372036855036271, daa_score=629)
2026-08-09 22:04:03.689+09:00 [INFO ] [rig0] mined block #144 (nonce=461473, daa_score=630)
2026-08-09 22:04:04.102+09:00 [INFO ] [rig0] mined block #145 (nonce=236113, daa_score=631)
2026-08-09 22:04:04.574+09:00 [INFO ] [rig0] mined block #146 (nonce=9223372036855042761, daa_score=632)
2026-08-09 22:04:04.763+09:00 [INFO ] [rig0] mined block #147 (nonce=105140, daa_score=633)
2026-08-09 22:04:05.283+09:00 [INFO ] [rig0] mined block #148 (nonce=298994, daa_score=634)
2026-08-09 22:04:05.324+09:00 [INFO ] [rig0] mined block #149 (nonce=20591, daa_score=635)
2026-08-09 22:04:05.841+09:00 [INFO ] [rig0] mined block #150 (nonce=9223372036855070726, daa_score=636)
2026-08-09 22:04:06.186+09:00 [INFO ] [rig0] mined block #151 (nonce=9223372036854967117, daa_score=637)
2026-08-09 22:04:06.516+09:00 [INFO ] [rig0] mined block #152 (nonce=188311, daa_score=638)
2026-08-09 22:04:07.193+09:00 [INFO ] [rig0] mined block #153 (nonce=388816, daa_score=639)
2026-08-09 22:04:07.216+09:00 [INFO ] [rig0] mined block #154 (nonce=10736, daa_score=640)
2026-08-09 22:04:07.368+09:00 [INFO ] [rig0] mined block #155 (nonce=9223372036854860658, daa_score=641)
2026-08-09 22:04:07.681+09:00 [INFO ] [rig0] mined block #156 (nonce=179159, daa_score=642)
2026-08-09 22:04:07.925+09:00 [INFO ] [rig0] mined block #157 (nonce=138328, daa_score=643)
2026-08-09 22:04:08.105+09:00 [INFO ] [rig0] mined block #158 (nonce=100179, daa_score=644)
2026-08-09 22:04:08.777+09:00 [INFO ] [rig0] mined block #159 (nonce=381976, daa_score=645)
2026-08-09 22:04:09.352+09:00 [INFO ] [rig0] mined block #160 (nonce=327466, daa_score=646)
2026-08-09 22:04:09.975+09:00 [INFO ] [rig0] mined block #161 (nonce=9223372036855133110, daa_score=647)
2026-08-09 22:04:11.117+09:00 [INFO ] [rig0] mined block #162 (nonce=657545, daa_score=648)
2026-08-09 22:04:11.130+09:00 [INFO ] [rig0] mined block #163 (nonce=4261, daa_score=649)
2026-08-09 22:04:11.377+09:00 [INFO ] [rig0] mined block #164 (nonce=140155, daa_score=650)
2026-08-09 22:04:11.508+09:00 [INFO ] [rig0] mined block #165 (nonce=72445, daa_score=651)
2026-08-09 22:04:11.657+09:00 [INFO ] [rig0] mined block #166 (nonce=83488, daa_score=652)
2026-08-09 22:04:11.764+09:00 [INFO ] [rig0] mined block #167 (nonce=9223372036854834880, daa_score=653)
2026-08-09 22:04:11.808+09:00 [INFO ] [rig0] mined block #168 (nonce=23138, daa_score=654)
2026-08-09 22:04:12.231+09:00 [INFO ] [rig0] mined block #169 (nonce=9223372036855017330, daa_score=655)
2026-08-09 22:04:12.432+09:00 [INFO ] [rig0] mined block #170 (nonce=9223372036854889129, daa_score=656)
2026-08-09 22:04:12.625+09:00 [INFO ] [rig0] mined block #171 (nonce=109394, daa_score=657)
2026-08-09 22:04:13.080+09:00 [INFO ] [rig0] mined block #172 (nonce=258162, daa_score=658)
2026-08-09 22:04:13.986+09:00 [INFO ] [rig0] mined block #173 (nonce=496315, daa_score=659)
2026-08-09 22:04:14.027+09:00 [INFO ] [rig0] mined block #174 (nonce=9223372036854796554, daa_score=660)
2026-08-09 22:04:14.725+09:00 [INFO ] [rig0] mined block #175 (nonce=401114, daa_score=661)
2026-08-09 22:04:15.052+09:00 [INFO ] [rig0] mined block #176 (nonce=185482, daa_score=662)
2026-08-09 22:04:16.226+09:00 [INFO ] [rig0] mined block #177 (nonce=9223372036855447607, daa_score=663)
2026-08-09 22:04:16.302+09:00 [INFO ] [rig0] mined block #178 (nonce=40814, daa_score=664)
2026-08-09 22:04:16.314+09:00 [INFO ] [rig0] mined block #179 (nonce=9223372036854779692, daa_score=665)
2026-08-09 22:04:16.403+09:00 [INFO ] [rig0] mined block #180 (nonce=9223372036854824053, daa_score=666)
2026-08-09 22:04:16.866+09:00 [INFO ] [rig0] mined block #181 (nonce=265545, daa_score=667)
2026-08-09 22:04:17.385+09:00 [INFO ] [rig0] mined block #182 (nonce=294658, daa_score=668)
2026-08-09 22:04:18.064+09:00 [INFO ] [rig0] mined block #183 (nonce=9223372036855166612, daa_score=669)
2026-08-09 22:04:19.534+09:00 [INFO ] [rig0] mined block #184 (nonce=9223372036855618324, daa_score=670)
2026-08-09 22:04:20.387+09:00 [INFO ] [rig0] mined block #185 (nonce=488673, daa_score=672)
2026-08-09 22:04:20.482+09:00 [INFO ] [rig0] mined block #186 (nonce=52037, daa_score=673)
2026-08-09 22:04:20.533+09:00 [INFO ] [rig0] mined block #187 (nonce=26515, daa_score=674)
2026-08-09 22:04:20.608+09:00 [INFO ] [rig0] mined block #188 (nonce=9223372036854816749, daa_score=675)
2026-08-09 22:04:20.818+09:00 [INFO ] [rig0] mined block #189 (nonce=9223372036854895064, daa_score=676)
2026-08-09 22:04:21.531+09:00 [INFO ] [rig0] mined block #190 (nonce=9223372036855183077, daa_score=677)
2026-08-09 22:04:22.309+09:00 [INFO ] [rig0] mined block #191 (nonce=9223372036855223254, daa_score=678)
2026-08-09 22:04:23.762+09:00 [INFO ] [rig0] mined block #192 (nonce=9223372036855608938, daa_score=679)
2026-08-09 22:04:23.847+09:00 [INFO ] [rig0] mined block #193 (nonce=9223372036854822137, daa_score=681)
2026-08-09 22:04:24.587+09:00 [INFO ] [rig0] mined block #194 (nonce=422057, daa_score=682)
2026-08-09 22:04:24.979+09:00 [INFO ] [rig0] mined block #195 (nonce=9223372036854999651, daa_score=683)
2026-08-09 22:04:25.005+09:00 [INFO ] [rig0] mined block #196 (nonce=9223372036854787980, daa_score=684)
2026-08-09 22:04:25.482+09:00 [INFO ] [rig0] mined block #197 (nonce=9223372036855049996, daa_score=685)
2026-08-09 22:04:25.958+09:00 [INFO ] [rig0] mined block #198 (nonce=271491, daa_score=686)
2026-08-09 22:04:25.983+09:00 [INFO ] [rig0] mined block #199 (nonce=9223372036854787229, daa_score=687)
2026-08-09 22:04:26.314+09:00 [INFO ] [rig0] mined block #200 (nonce=189188, daa_score=688)
2026-08-09 22:04:26.314+09:00 [INFO ] done: mined 200 blocks

  misaminer v1.0.0  —  MISAKA (kaspa-pq) Layer-0 CPU miner
  ---------------------------------------------------------
  pool/node : 127.0.0.1:17110
  network   : devnet
  worker    : rig0
  threads   : 2

2026-08-09 22:04:26.395+09:00 [WARN ] --allow-burn: mining to an UNSPENDABLE placeholder (rewards are lost) — PoW smoke test only.
2026-08-09 22:04:26.396+09:00 [INFO ] [rig0] connected to 127.0.0.1:17110; mining network_id=devnet to misakadev:qgqqqqqqqqqqqqqqqqqqqqqqqqqqqqqqqqqqqqqqqqqqqqqqqqqqqqqqqqqqqqqqqqqqqqqqqqqqqqqqqqqqqqqqqqqqqqqqqqqqqqqqets69efd
2026-08-09 22:04:27.554+09:00 [INFO ] [rig0] mined block #1 (nonce=639218, daa_score=689)
2026-08-09 22:04:27.947+09:00 [INFO ] [rig0] mined block #2 (nonce=223108, daa_score=691)
2026-08-09 22:04:28.069+09:00 [INFO ] [rig0] mined block #3 (nonce=9223372036854843402, daa_score=692)
2026-08-09 22:04:28.310+09:00 [INFO ] [rig0] mined block #4 (nonce=9223372036854912913, daa_score=693)
2026-08-09 22:04:29.024+09:00 [INFO ] [rig0] mined block #5 (nonce=410146, daa_score=694)
2026-08-09 22:04:30.940+09:00 [INFO ] [rig0] mined block #6 (nonce=9223372036855879268, daa_score=695)
2026-08-09 22:04:31.419+09:00 [INFO ] [rig0] mined block #7 (nonce=272897, daa_score=697)
2026-08-09 22:04:31.596+09:00 [INFO ] [rig0] mined block #8 (nonce=9223372036854874029, daa_score=698)
2026-08-09 22:04:31.707+09:00 [INFO ] [rig0] mined block #9 (nonce=60254, daa_score=699)
2026-08-09 22:04:33.035+09:00 [INFO ] [rig0] mined block #10 (nonce=764039, daa_score=700)
2026-08-09 22:04:33.815+09:00 [INFO ] [rig0] mined block #11 (nonce=445912, daa_score=702)
2026-08-09 22:04:33.834+09:00 [INFO ] [rig0] mined block #12 (nonce=9223372036854783273, daa_score=703)
2026-08-09 22:04:34.109+09:00 [INFO ] [rig0] mined block #13 (nonce=155618, daa_score=704)
2026-08-09 22:04:34.946+09:00 [INFO ] [rig0] mined block #14 (nonce=9223372036855255691, daa_score=705)
2026-08-09 22:04:35.054+09:00 [INFO ] [rig0] mined block #15 (nonce=58778, daa_score=706)
2026-08-09 22:04:35.545+09:00 [INFO ] [rig0] mined block #16 (nonce=9223372036855054363, daa_score=707)
2026-08-09 22:04:36.284+09:00 [INFO ] [rig0] mined block #17 (nonce=9223372036855199075, daa_score=708)
2026-08-09 22:04:37.095+09:00 [INFO ] [rig0] mined block #18 (nonce=9223372036855240726, daa_score=709)
2026-08-09 22:04:37.806+09:00 [INFO ] [rig0] mined block #19 (nonce=407663, daa_score=710)
2026-08-09 22:04:38.027+09:00 [INFO ] [rig0] mined block #20 (nonce=122582, daa_score=711)
2026-08-09 22:04:38.636+09:00 [INFO ] [rig0] mined block #21 (nonce=346698, daa_score=712)
2026-08-09 22:04:38.885+09:00 [INFO ] [rig0] mined block #22 (nonce=9223372036854915020, daa_score=713)
2026-08-09 22:04:39.023+09:00 [INFO ] [rig0] mined block #23 (nonce=74895, daa_score=714)
2026-08-09 22:04:39.068+09:00 [INFO ] [rig0] mined block #24 (nonce=9223372036854796111, daa_score=715)
2026-08-09 22:04:39.389+09:00 [INFO ] [rig0] mined block #25 (nonce=180800, daa_score=716)
2026-08-09 22:04:40.040+09:00 [INFO ] [rig0] mined block #26 (nonce=372959, daa_score=717)
2026-08-09 22:04:40.342+09:00 [INFO ] [rig0] mined block #27 (nonce=9223372036854945573, daa_score=718)
2026-08-09 22:04:40.425+09:00 [INFO ] [rig0] mined block #28 (nonce=9223372036854819925, daa_score=719)
2026-08-09 22:04:41.717+09:00 [INFO ] [rig0] mined block #29 (nonce=740274, daa_score=720)
2026-08-09 22:04:41.855+09:00 [INFO ] [rig0] mined block #30 (nonce=9223372036854850248, daa_score=721)
2026-08-09 22:04:42.137+09:00 [INFO ] [rig0] mined block #31 (nonce=9223372036854933616, daa_score=723)
2026-08-09 22:04:42.213+09:00 [INFO ] [rig0] mined block #32 (nonce=39745, daa_score=724)
2026-08-09 22:04:42.412+09:00 [INFO ] [rig0] mined block #33 (nonce=110781, daa_score=725)
2026-08-09 22:04:42.769+09:00 [INFO ] [rig0] mined block #34 (nonce=200602, daa_score=726)
2026-08-09 22:04:43.184+09:00 [INFO ] [rig0] mined block #35 (nonce=232229, daa_score=727)
2026-08-09 22:04:43.555+09:00 [INFO ] [rig0] mined block #36 (nonce=9223372036854983493, daa_score=728)
2026-08-09 22:04:44.174+09:00 [INFO ] [rig0] mined block #37 (nonce=9223372036855130043, daa_score=729)
2026-08-09 22:04:44.349+09:00 [INFO ] [rig0] mined block #38 (nonce=96174, daa_score=730)
2026-08-09 22:04:46.029+09:00 [INFO ] [rig0] mined block #39 (nonce=9223372036855733286, daa_score=731)
2026-08-09 22:04:46.666+09:00 [INFO ] [rig0] mined block #40 (nonce=364505, daa_score=732)
2026-08-09 22:04:46.719+09:00 [INFO ] [rig0] mined block #41 (nonce=9223372036854803311, daa_score=734)
2026-08-09 22:04:46.726+09:00 [INFO ] [rig0] mined block #42 (nonce=572, daa_score=735)
2026-08-09 22:04:47.063+09:00 [INFO ] [rig0] mined block #43 (nonce=191250, daa_score=736)
2026-08-09 22:04:47.198+09:00 [INFO ] [rig0] mined block #44 (nonce=74575, daa_score=737)
2026-08-09 22:04:47.813+09:00 [INFO ] [rig0] mined block #45 (nonce=351520, daa_score=738)
2026-08-09 22:04:47.849+09:00 [INFO ] [rig0] mined block #46 (nonce=17003, daa_score=739)
2026-08-09 22:04:47.912+09:00 [INFO ] [rig0] mined block #47 (nonce=33697, daa_score=740)
2026-08-09 22:04:48.303+09:00 [INFO ] [rig0] mined block #48 (nonce=221510, daa_score=741)
2026-08-09 22:04:48.525+09:00 [INFO ] [rig0] mined block #49 (nonce=124283, daa_score=742)
2026-08-09 22:04:48.840+09:00 [INFO ] [rig0] mined block #50 (nonce=9223372036854954652, daa_score=743)
2026-08-09 22:04:49.142+09:00 [INFO ] [rig0] mined block #51 (nonce=170965, daa_score=744)
2026-08-09 22:04:49.290+09:00 [INFO ] [rig0] mined block #52 (nonce=82529, daa_score=745)
2026-08-09 22:04:49.860+09:00 [INFO ] [rig0] mined block #53 (nonce=9223372036855101705, daa_score=746)
2026-08-09 22:04:50.912+09:00 [INFO ] [rig0] mined block #54 (nonce=600095, daa_score=747)
2026-08-09 22:04:51.603+09:00 [INFO ] [rig0] mined block #55 (nonce=394060, daa_score=748)
2026-08-09 22:04:52.516+09:00 [INFO ] [rig0] mined block #56 (nonce=9223372036855277191, daa_score=749)
2026-08-09 22:04:53.540+09:00 [INFO ] [rig0] mined block #57 (nonce=9223372036855365101, daa_score=750)
2026-08-09 22:04:53.583+09:00 [INFO ] [rig0] mined block #58 (nonce=21705, daa_score=751)
2026-08-09 22:04:53.948+09:00 [INFO ] [rig0] mined block #59 (nonce=207092, daa_score=752)
2026-08-09 22:04:54.127+09:00 [INFO ] [rig0] mined block #60 (nonce=99670, daa_score=753)
2026-08-09 22:04:54.189+09:00 [INFO ] [rig0] mined block #61 (nonce=9223372036854807947, daa_score=754)
2026-08-09 22:04:54.407+09:00 [INFO ] [rig0] mined block #62 (nonce=9223372036854899281, daa_score=755)
2026-08-09 22:04:54.930+09:00 [INFO ] [rig0] mined block #63 (nonce=9223372036855074337, daa_score=756)
2026-08-09 22:04:55.052+09:00 [INFO ] [rig0] mined block #64 (nonce=66893, daa_score=757)
2026-08-09 22:04:55.096+09:00 [INFO ] [rig0] mined block #65 (nonce=9223372036854797560, daa_score=758)
2026-08-09 22:04:55.258+09:00 [INFO ] [rig0] mined block #66 (nonce=90595, daa_score=759)
2026-08-09 22:04:55.813+09:00 [INFO ] [rig0] mined block #67 (nonce=9223372036855090039, daa_score=760)
2026-08-09 22:04:56.010+09:00 [INFO ] [rig0] mined block #68 (nonce=111159, daa_score=761)
2026-08-09 22:04:56.069+09:00 [INFO ] [rig0] mined block #69 (nonce=30544, daa_score=762)
2026-08-09 22:04:57.697+09:00 [INFO ] [rig0] mined block #70 (nonce=9223372036855712565, daa_score=763)
2026-08-09 22:04:58.001+09:00 [INFO ] [rig0] mined block #71 (nonce=170824, daa_score=765)
2026-08-09 22:04:58.590+09:00 [INFO ] [rig0] mined block #72 (nonce=335043, daa_score=766)
2026-08-09 22:04:58.930+09:00 [INFO ] [rig0] mined block #73 (nonce=9223372036854968847, daa_score=767)
2026-08-09 22:04:59.364+09:00 [INFO ] [rig0] mined block #74 (nonce=248338, daa_score=768)
2026-08-09 22:04:59.914+09:00 [INFO ] [rig0] mined block #75 (nonce=313499, daa_score=769)
2026-08-09 22:05:00.745+09:00 [INFO ] [rig0] mined block #76 (nonce=9223372036855251934, daa_score=770)
2026-08-09 22:05:00.969+09:00 [INFO ] [rig0] mined block #77 (nonce=125985, daa_score=771)
2026-08-09 22:05:01.146+09:00 [INFO ] [rig0] mined block #78 (nonce=98668, daa_score=772)
2026-08-09 22:05:01.696+09:00 [INFO ] [rig0] mined block #79 (nonce=314438, daa_score=773)
2026-08-09 22:05:01.754+09:00 [INFO ] [rig0] mined block #80 (nonce=30004, daa_score=774)
2026-08-09 22:05:02.267+09:00 [INFO ] [rig0] mined block #81 (nonce=9223372036855068636, daa_score=775)
2026-08-09 22:05:02.509+09:00 [INFO ] [rig0] mined block #82 (nonce=9223372036854911663, daa_score=776)
2026-08-09 22:05:02.943+09:00 [INFO ] [rig0] mined block #83 (nonce=9223372036855022350, daa_score=777)
2026-08-09 22:05:03.248+09:00 [INFO ] [rig0] mined block #84 (nonce=171047, daa_score=778)
2026-08-09 22:05:03.545+09:00 [INFO ] [rig0] mined block #85 (nonce=165782, daa_score=779)
2026-08-09 22:05:04.110+09:00 [INFO ] [rig0] mined block #86 (nonce=9223372036855095914, daa_score=780)
2026-08-09 22:05:04.543+09:00 [INFO ] [rig0] mined block #87 (nonce=9223372036855022080, daa_score=781)
2026-08-09 22:05:04.987+09:00 [INFO ] [rig0] mined block #88 (nonce=9223372036855027397, daa_score=782)
2026-08-09 22:05:05.003+09:00 [INFO ] [rig0] mined block #89 (nonce=5278, daa_score=783)
2026-08-09 22:05:05.613+09:00 [INFO ] [rig0] mined block #90 (nonce=346873, daa_score=784)
2026-08-09 22:05:05.914+09:00 [INFO ] [rig0] mined block #91 (nonce=9223372036854947146, daa_score=785)
2026-08-09 22:05:06.108+09:00 [INFO ] [rig0] mined block #92 (nonce=9223372036854884025, daa_score=786)
2026-08-09 22:05:06.492+09:00 [INFO ] [rig0] mined block #93 (nonce=9223372036854993289, daa_score=787)
2026-08-09 22:05:06.763+09:00 [INFO ] [rig0] mined block #94 (nonce=152553, daa_score=788)
2026-08-09 22:05:08.238+09:00 [INFO ] [rig0] mined block #95 (nonce=9223372036855621631, daa_score=789)
2026-08-09 22:05:08.443+09:00 [INFO ] [rig0] mined block #96 (nonce=9223372036854889508, daa_score=790)
2026-08-09 22:05:08.574+09:00 [INFO ] [rig0] mined block #97 (nonce=72044, daa_score=791)
2026-08-09 22:05:08.801+09:00 [INFO ] [rig0] mined block #98 (nonce=9223372036854902710, daa_score=792)
2026-08-09 22:05:09.248+09:00 [INFO ] [rig0] mined block #99 (nonce=253512, daa_score=793)
2026-08-09 22:05:10.842+09:00 [INFO ] [rig0] mined block #100 (nonce=9223372036855687323, daa_score=794)
2026-08-09 22:05:11.137+09:00 [INFO ] [rig0] mined block #101 (nonce=9223372036854942037, daa_score=795)
2026-08-09 22:05:11.583+09:00 [INFO ] [rig0] mined block #102 (nonce=9223372036855028132, daa_score=796)
2026-08-09 22:05:11.909+09:00 [INFO ] [rig0] mined block #103 (nonce=9223372036854959571, daa_score=797)
2026-08-09 22:05:12.206+09:00 [INFO ] [rig0] mined block #104 (nonce=9223372036854943844, daa_score=798)
2026-08-09 22:05:12.388+09:00 [INFO ] [rig0] mined block #105 (nonce=101412, daa_score=799)
2026-08-09 22:05:12.717+09:00 [INFO ] [rig0] mined block #106 (nonce=9223372036854961051, daa_score=800)
2026-08-09 22:05:12.910+09:00 [INFO ] [rig0] mined block #107 (nonce=106448, daa_score=801)
2026-08-09 22:05:13.064+09:00 [INFO ] [rig0] mined block #108 (nonce=9223372036854859838, daa_score=802)
2026-08-09 22:05:13.765+09:00 [INFO ] [rig0] mined block #109 (nonce=398814, daa_score=803)
2026-08-09 22:05:13.790+09:00 [INFO ] [rig0] mined block #110 (nonce=10729, daa_score=804)
2026-08-09 22:05:13.810+09:00 [INFO ] [rig0] mined block #111 (nonce=9223372036854783265, daa_score=805)
2026-08-09 22:05:14.025+09:00 [INFO ] [rig0] mined block #112 (nonce=120268, daa_score=806)
2026-08-09 22:05:14.268+09:00 [INFO ] [rig0] mined block #113 (nonce=135472, daa_score=807)
2026-08-09 22:05:14.357+09:00 [INFO ] [rig0] mined block #114 (nonce=9223372036854823163, daa_score=808)
2026-08-09 22:05:14.755+09:00 [INFO ] [rig0] mined block #115 (nonce=224840, daa_score=809)
2026-08-09 22:05:14.955+09:00 [INFO ] [rig0] mined block #116 (nonce=108984, daa_score=810)
2026-08-09 22:05:16.332+09:00 [INFO ] [rig0] mined block #117 (nonce=9223372036855544999, daa_score=811)
2026-08-09 22:05:16.889+09:00 [INFO ] [rig0] mined block #118 (nonce=314722, daa_score=812)
2026-08-09 22:05:16.970+09:00 [INFO ] [rig0] mined block #119 (nonce=9223372036854817463, daa_score=813)
2026-08-09 22:05:17.144+09:00 [INFO ] [rig0] mined block #120 (nonce=9223372036854872380, daa_score=814)
2026-08-09 22:05:18.011+09:00 [INFO ] [rig0] mined block #121 (nonce=468879, daa_score=815)
2026-08-09 22:05:18.283+09:00 [INFO ] [rig0] mined block #122 (nonce=144683, daa_score=816)
2026-08-09 22:05:18.501+09:00 [INFO ] [rig0] mined block #123 (nonce=9223372036854895403, daa_score=817)
2026-08-09 22:05:18.524+09:00 [INFO ] [rig0] mined block #124 (nonce=9223372036854784278, daa_score=818)
2026-08-09 22:05:18.977+09:00 [INFO ] [rig0] mined block #125 (nonce=250914, daa_score=819)
2026-08-09 22:05:19.065+09:00 [INFO ] [rig0] mined block #126 (nonce=44548, daa_score=820)
2026-08-09 22:05:19.421+09:00 [INFO ] [rig0] mined block #127 (nonce=198645, daa_score=821)
2026-08-09 22:05:19.690+09:00 [INFO ] [rig0] mined block #128 (nonce=9223372036854922650, daa_score=822)
2026-08-09 22:05:20.157+09:00 [INFO ] [rig0] mined block #129 (nonce=266110, daa_score=823)
2026-08-09 22:05:20.286+09:00 [INFO ] [rig0] mined block #130 (nonce=9223372036854846542, daa_score=824)
2026-08-09 22:05:20.420+09:00 [INFO ] [rig0] mined block #131 (nonce=73780, daa_score=825)
2026-08-09 22:05:21.375+09:00 [INFO ] [rig0] mined block #132 (nonce=544648, daa_score=826)
2026-08-09 22:05:21.858+09:00 [INFO ] [rig0] mined block #133 (nonce=240037, daa_score=827)
2026-08-09 22:05:21.881+09:00 [INFO ] [rig0] mined block #134 (nonce=9430, daa_score=828)
2026-08-09 22:05:22.457+09:00 [INFO ] [rig0] mined block #135 (nonce=330616, daa_score=829)
2026-08-09 22:05:22.588+09:00 [INFO ] [rig0] mined block #136 (nonce=9223372036854848232, daa_score=830)
2026-08-09 22:05:23.284+09:00 [INFO ] [rig0] mined block #137 (nonce=9223372036855170941, daa_score=831)
2026-08-09 22:05:23.705+09:00 [INFO ] [rig0] mined block #138 (nonce=240420, daa_score=832)
2026-08-09 22:05:24.451+09:00 [INFO ] [rig0] mined block #139 (nonce=427858, daa_score=833)
2026-08-09 22:05:25.560+09:00 [INFO ] [rig0] mined block #140 (nonce=635781, daa_score=834)
2026-08-09 22:05:26.884+09:00 [INFO ] [rig0] mined block #141 (nonce=9223372036855529946, daa_score=835)
2026-08-09 22:05:27.202+09:00 [INFO ] [rig0] mined block #142 (nonce=171416, daa_score=836)
2026-08-09 22:05:27.775+09:00 [INFO ] [rig0] mined block #143 (nonce=9223372036855070238, daa_score=837)
2026-08-09 22:05:27.933+09:00 [INFO ] [rig0] mined block #144 (nonce=9223372036854853552, daa_score=838)
2026-08-09 22:05:28.134+09:00 [INFO ] [rig0] mined block #145 (nonce=105557, daa_score=839)
2026-08-09 22:05:28.475+09:00 [INFO ] [rig0] mined block #146 (nonce=180035, daa_score=840)
2026-08-09 22:05:28.565+09:00 [INFO ] [rig0] mined block #147 (nonce=9223372036854816484, daa_score=841)
2026-08-09 22:05:29.437+09:00 [INFO ] [rig0] mined block #148 (nonce=9223372036855211068, daa_score=842)
2026-08-09 22:05:29.887+09:00 [INFO ] [rig0] mined block #149 (nonce=9223372036855017333, daa_score=843)
2026-08-09 22:05:29.927+09:00 [INFO ] [rig0] mined block #150 (nonce=9223372036854792725, daa_score=844)
2026-08-09 22:05:29.961+09:00 [INFO ] [rig0] mined block #151 (nonce=14041, daa_score=845)
2026-08-09 22:05:30.409+09:00 [INFO ] [rig0] mined block #152 (nonce=9223372036855018915, daa_score=846)
2026-08-09 22:05:30.449+09:00 [INFO ] [rig0] mined block #153 (nonce=9223372036854794191, daa_score=847)
2026-08-09 22:05:30.543+09:00 [INFO ] [rig0] mined block #154 (nonce=9223372036854824651, daa_score=848)
2026-08-09 22:05:30.554+09:00 [INFO ] [rig0] mined block #155 (nonce=1870, daa_score=849)
2026-08-09 22:05:30.718+09:00 [INFO ] [rig0] mined block #156 (nonce=90823, daa_score=850)
2026-08-09 22:05:31.362+09:00 [INFO ] [rig0] mined block #157 (nonce=9223372036855142031, daa_score=851)
2026-08-09 22:05:31.396+09:00 [INFO ] [rig0] mined block #158 (nonce=15199, daa_score=852)
2026-08-09 22:05:32.453+09:00 [INFO ] [rig0] mined block #159 (nonce=595822, daa_score=853)
2026-08-09 22:05:32.680+09:00 [INFO ] [rig0] mined block #160 (nonce=9223372036854901286, daa_score=854)
2026-08-09 22:05:32.720+09:00 [INFO ] [rig0] mined block #161 (nonce=18928, daa_score=855)
2026-08-09 22:05:33.114+09:00 [INFO ] [rig0] mined block #162 (nonce=218009, daa_score=856)
2026-08-09 22:05:33.336+09:00 [INFO ] [rig0] mined block #163 (nonce=122408, daa_score=857)
2026-08-09 22:05:33.572+09:00 [INFO ] [rig0] mined block #164 (nonce=9223372036854908059, daa_score=858)
2026-08-09 22:05:34.137+09:00 [INFO ] [rig0] mined block #165 (nonce=308317, daa_score=859)
2026-08-09 22:05:34.253+09:00 [INFO ] [rig0] mined block #166 (nonce=60066, daa_score=860)
2026-08-09 22:05:34.605+09:00 [INFO ] [rig0] mined block #167 (nonce=9223372036854972691, daa_score=861)
2026-08-09 22:05:35.832+09:00 [INFO ] [rig0] mined block #168 (nonce=681658, daa_score=862)
2026-08-09 22:05:37.378+09:00 [INFO ] [rig0] mined block #169 (nonce=9223372036855644245, daa_score=863)
2026-08-09 22:05:37.463+09:00 [INFO ] [rig0] mined block #170 (nonce=43614, daa_score=864)
2026-08-09 22:05:37.986+09:00 [INFO ] [rig0] mined block #171 (nonce=9223372036855069182, daa_score=865)
2026-08-09 22:05:38.458+09:00 [INFO ] [rig0] mined block #172 (nonce=263068, daa_score=866)
2026-08-09 22:05:38.803+09:00 [INFO ] [rig0] mined block #173 (nonce=180503, daa_score=867)
2026-08-09 22:05:39.982+09:00 [INFO ] [rig0] mined block #174 (nonce=9223372036855425911, daa_score=868)
2026-08-09 22:05:42.002+09:00 [INFO ] [rig0] mined block #175 (nonce=9223372036855869119, daa_score=869)
2026-08-09 22:05:42.205+09:00 [INFO ] [rig0] mined block #176 (nonce=112461, daa_score=872)
2026-08-09 22:05:42.249+09:00 [INFO ] [rig0] mined block #177 (nonce=9223372036854796912, daa_score=873)
2026-08-09 22:05:43.276+09:00 [INFO ] [rig0] mined block #178 (nonce=9223372036855357910, daa_score=874)
2026-08-09 22:05:43.858+09:00 [INFO ] [rig0] mined block #179 (nonce=9223372036855106471, daa_score=875)
2026-08-09 22:05:44.454+09:00 [INFO ] [rig0] mined block #180 (nonce=9223372036855114423, daa_score=876)
2026-08-09 22:05:44.698+09:00 [INFO ] [rig0] mined block #181 (nonce=9223372036854911730, daa_score=877)
2026-08-09 22:05:44.769+09:00 [INFO ] [rig0] mined block #182 (nonce=9223372036854812124, daa_score=878)
2026-08-09 22:05:44.821+09:00 [INFO ] [rig0] mined block #183 (nonce=9223372036854800994, daa_score=879)
2026-08-09 22:05:45.842+09:00 [INFO ] [rig0] mined block #184 (nonce=9223372036855354563, daa_score=880)
2026-08-09 22:05:46.282+09:00 [INFO ] [rig0] mined block #185 (nonce=9223372036855025150, daa_score=881)
2026-08-09 22:05:46.841+09:00 [INFO ] [rig0] mined block #186 (nonce=318706, daa_score=882)
2026-08-09 22:05:47.021+09:00 [INFO ] [rig0] mined block #187 (nonce=9223372036854875389, daa_score=883)
2026-08-09 22:05:47.196+09:00 [INFO ] [rig0] mined block #188 (nonce=97049, daa_score=884)
2026-08-09 22:05:48.038+09:00 [INFO ] [rig0] mined block #189 (nonce=9223372036855257123, daa_score=885)
2026-08-09 22:05:48.107+09:00 [INFO ] [rig0] mined block #190 (nonce=35156, daa_score=886)
2026-08-09 22:05:48.753+09:00 [INFO ] [rig0] mined block #191 (nonce=368097, daa_score=887)
2026-08-09 22:05:48.893+09:00 [INFO ] [rig0] mined block #192 (nonce=9223372036854852847, daa_score=888)
2026-08-09 22:05:49.547+09:00 [INFO ] [rig0] mined block #193 (nonce=372466, daa_score=889)
2026-08-09 22:05:49.707+09:00 [INFO ] [rig0] mined block #194 (nonce=9223372036854862991, daa_score=890)
2026-08-09 22:05:51.258+09:00 [INFO ] [rig0] mined block #195 (nonce=889596, daa_score=891)
2026-08-09 22:05:52.030+09:00 [INFO ] [rig0] mined block #196 (nonce=9223372036855214143, daa_score=893)
2026-08-09 22:05:52.122+09:00 [INFO ] [rig0] mined block #197 (nonce=50063, daa_score=894)
2026-08-09 22:05:52.199+09:00 [INFO ] [rig0] mined block #198 (nonce=40191, daa_score=895)
2026-08-09 22:05:52.856+09:00 [INFO ] [rig0] mined block #199 (nonce=376645, daa_score=896)
2026-08-09 22:05:53.851+09:00 [INFO ] [rig0] mined block #200 (nonce=568217, daa_score=897)
2026-08-09 22:05:53.851+09:00 [INFO ] done: mined 200 blocks

  misaminer v1.0.0  —  MISAKA (kaspa-pq) Layer-0 CPU miner
  ---------------------------------------------------------
  pool/node : 127.0.0.1:17110
  network   : devnet
  worker    : rig0
  threads   : 2

2026-08-09 22:05:53.934+09:00 [WARN ] --allow-burn: mining to an UNSPENDABLE placeholder (rewards are lost) — PoW smoke test only.
2026-08-09 22:05:53.934+09:00 [INFO ] [rig0] connected to 127.0.0.1:17110; mining network_id=devnet to misakadev:qgqqqqqqqqqqqqqqqqqqqqqqqqqqqqqqqqqqqqqqqqqqqqqqqqqqqqqqqqqqqqqqqqqqqqqqqqqqqqqqqqqqqqqqqqqqqqqqqqqqqqqqets69efd
2026-08-09 22:05:54.167+09:00 [INFO ] [rig0] mined block #1 (nonce=9223372036854870409, daa_score=898)
2026-08-09 22:05:54.285+09:00 [INFO ] [rig0] mined block #2 (nonce=9223372036854836034, daa_score=899)
2026-08-09 22:05:54.353+09:00 [INFO ] [rig0] mined block #3 (nonce=35377, daa_score=900)
2026-08-09 22:05:54.853+09:00 [INFO ] [rig0] mined block #4 (nonce=9223372036855060287, daa_score=901)
2026-08-09 22:05:54.954+09:00 [INFO ] [rig0] mined block #5 (nonce=53788, daa_score=902)
2026-08-09 22:05:55.191+09:00 [INFO ] [rig0] mined block #6 (nonce=132357, daa_score=903)
2026-08-09 22:05:55.503+09:00 [INFO ] [rig0] mined block #7 (nonce=168966, daa_score=904)
2026-08-09 22:05:55.563+09:00 [INFO ] [rig0] mined block #8 (nonce=24008, daa_score=905)
2026-08-09 22:05:58.629+09:00 [INFO ] [rig0] mined block #9 (nonce=9223372036856534069, daa_score=906)
2026-08-09 22:05:59.248+09:00 [INFO ] [rig0] mined block #10 (nonce=9223372036855128385, daa_score=909)
2026-08-09 22:05:59.660+09:00 [INFO ] [rig0] mined block #11 (nonce=9223372036855008886, daa_score=910)
2026-08-09 22:05:59.765+09:00 [INFO ] [rig0] mined block #12 (nonce=9223372036854831784, daa_score=911)
2026-08-09 22:05:59.928+09:00 [INFO ] [rig0] mined block #13 (nonce=9223372036854866198, daa_score=912)
2026-08-09 22:06:00.080+09:00 [INFO ] [rig0] mined block #14 (nonce=84247, daa_score=913)
2026-08-09 22:06:00.118+09:00 [INFO ] [rig0] mined block #15 (nonce=18139, daa_score=914)
2026-08-09 22:06:00.125+09:00 [INFO ] [rig0] mined block #16 (nonce=64, daa_score=915)
2026-08-09 22:06:00.887+09:00 [INFO ] [rig0] mined block #17 (nonce=429982, daa_score=916)
2026-08-09 22:06:01.991+09:00 [INFO ] [rig0] mined block #18 (nonce=632500, daa_score=917)
2026-08-09 22:06:02.465+09:00 [INFO ] [rig0] mined block #19 (nonce=265580, daa_score=918)
2026-08-09 22:06:02.541+09:00 [INFO ] [rig0] mined block #20 (nonce=40158, daa_score=919)
2026-08-09 22:06:02.712+09:00 [INFO ] [rig0] mined block #21 (nonce=94495, daa_score=920)
2026-08-09 22:06:02.744+09:00 [INFO ] [rig0] mined block #22 (nonce=9223372036854789494, daa_score=921)
2026-08-09 22:06:02.988+09:00 [INFO ] [rig0] mined block #23 (nonce=136554, daa_score=922)
2026-08-09 22:06:03.006+09:00 [INFO ] [rig0] mined block #24 (nonce=5982, daa_score=923)
2026-08-09 22:06:03.589+09:00 [INFO ] [rig0] mined block #25 (nonce=9223372036855105895, daa_score=924)
2026-08-09 22:06:03.897+09:00 [INFO ] [rig0] mined block #26 (nonce=173896, daa_score=925)
2026-08-09 22:06:03.923+09:00 [INFO ] [rig0] mined block #27 (nonce=9223372036854786531, daa_score=926)
2026-08-09 22:06:04.458+09:00 [INFO ] [rig0] mined block #28 (nonce=9223372036855079520, daa_score=927)
2026-08-09 22:06:04.563+09:00 [INFO ] [rig0] mined block #29 (nonce=55912, daa_score=928)
2026-08-09 22:06:05.245+09:00 [INFO ] [rig0] mined block #30 (nonce=9223372036855164689, daa_score=929)
2026-08-09 22:06:05.311+09:00 [INFO ] [rig0] mined block #31 (nonce=33290, daa_score=930)
2026-08-09 22:06:05.362+09:00 [INFO ] [rig0] mined block #32 (nonce=9223372036854801452, daa_score=931)
2026-08-09 22:06:05.489+09:00 [INFO ] [rig0] mined block #33 (nonce=9223372036854844375, daa_score=932)
2026-08-09 22:06:08.311+09:00 [INFO ] [rig0] mined block #34 (nonce=1626269, daa_score=933)
2026-08-09 22:06:09.436+09:00 [INFO ] [rig0] mined block #35 (nonce=641542, daa_score=936)
2026-08-09 22:06:10.163+09:00 [INFO ] [rig0] mined block #36 (nonce=9223372036855156285, daa_score=937)
2026-08-09 22:06:10.278+09:00 [INFO ] [rig0] mined block #37 (nonce=9223372036854837301, daa_score=938)
2026-08-09 22:06:10.294+09:00 [INFO ] [rig0] mined block #38 (nonce=5452, daa_score=939)
2026-08-09 22:06:10.305+09:00 [INFO ] [rig0] mined block #39 (nonce=9223372036854777756, daa_score=940)
2026-08-09 22:06:10.403+09:00 [INFO ] [rig0] mined block #40 (nonce=9223372036854828792, daa_score=941)
2026-08-09 22:06:10.720+09:00 [INFO ] [rig0] mined block #41 (nonce=9223372036854955360, daa_score=942)
2026-08-09 22:06:10.740+09:00 [INFO ] [rig0] mined block #42 (nonce=9223372036854783106, daa_score=943)
2026-08-09 22:06:10.961+09:00 [INFO ] [rig0] mined block #43 (nonce=9223372036854899957, daa_score=944)
2026-08-09 22:06:12.429+09:00 [INFO ] [rig0] mined block #44 (nonce=840442, daa_score=945)
2026-08-09 22:06:13.041+09:00 [INFO ] [rig0] mined block #45 (nonce=9223372036855124618, daa_score=946)
2026-08-09 22:06:13.661+09:00 [INFO ] [rig0] mined block #46 (nonce=9223372036855130496, daa_score=947)
2026-08-09 22:06:14.198+09:00 [INFO ] [rig0] mined block #47 (nonce=9223372036855081679, daa_score=948)
2026-08-09 22:06:15.321+09:00 [INFO ] [rig0] mined block #48 (nonce=9223372036855417882, daa_score=949)
2026-08-09 22:06:15.570+09:00 [INFO ] [rig0] mined block #49 (nonce=9223372036854913361, daa_score=950)
2026-08-09 22:06:15.682+09:00 [INFO ] [rig0] mined block #50 (nonce=60123, daa_score=951)
2026-08-09 22:06:15.822+09:00 [INFO ] [rig0] mined block #51 (nonce=75648, daa_score=952)
2026-08-09 22:06:15.833+09:00 [INFO ] [rig0] mined block #52 (nonce=9223372036854777891, daa_score=954)
2026-08-09 22:06:16.095+09:00 [INFO ] [rig0] mined block #53 (nonce=9223372036854906859, daa_score=955)
2026-08-09 22:06:16.504+09:00 [INFO ] [rig0] mined block #54 (nonce=203769, daa_score=956)
2026-08-09 22:06:16.622+09:00 [INFO ] [rig0] mined block #55 (nonce=63362, daa_score=957)
2026-08-09 22:06:17.308+09:00 [INFO ] [rig0] mined block #56 (nonce=9223372036855165744, daa_score=958)
2026-08-09 22:06:17.733+09:00 [INFO ] [rig0] mined block #57 (nonce=217198, daa_score=959)
2026-08-09 22:06:17.869+09:00 [INFO ] [rig0] mined block #58 (nonce=9223372036854837306, daa_score=960)
2026-08-09 22:06:20.617+09:00 [INFO ] [rig0] mined block #59 (nonce=9223372036855532057, daa_score=961)
2026-08-09 22:06:20.938+09:00 [INFO ] [rig0] mined block #60 (nonce=9223372036854865745, daa_score=962)
2026-08-09 22:06:21.217+09:00 [INFO ] [rig0] mined block #61 (nonce=59666, daa_score=963)
2026-08-09 22:06:21.400+09:00 [INFO ] [rig0] mined block #62 (nonce=9223372036854786411, daa_score=964)
2026-08-09 22:06:27.155+09:00 [INFO ] [rig0] mined block #63 (nonce=1249040, daa_score=965)
2026-08-09 22:06:27.195+09:00 [INFO ] [rig0] mined block #64 (nonce=5795, daa_score=967)
2026-08-09 22:06:31.175+09:00 [INFO ] [rig0] mined block #65 (nonce=1062406, daa_score=968)
2026-08-09 22:06:31.592+09:00 [INFO ] [rig0] mined block #66 (nonce=132761, daa_score=969)
2026-08-09 22:06:33.075+09:00 [INFO ] [rig0] mined block #67 (nonce=385772, daa_score=970)
2026-08-09 22:06:33.235+09:00 [INFO ] [rig0] mined block #68 (nonce=9223372036854778372, daa_score=971)
2026-08-09 22:06:34.229+09:00 [INFO ] [rig0] mined block #69 (nonce=262659, daa_score=972)
2026-08-09 22:06:34.975+09:00 [INFO ] [rig0] mined block #70 (nonce=192411, daa_score=973)
2026-08-09 22:06:35.280+09:00 [INFO ] [rig0] mined block #71 (nonce=19953, daa_score=974)
2026-08-09 22:06:35.647+09:00 [INFO ] [rig0] mined block #72 (nonce=64440, daa_score=975)
2026-08-09 22:06:35.727+09:00 [INFO ] [rig0] mined block #73 (nonce=9223372036854788611, daa_score=976)
2026-08-09 22:06:36.288+09:00 [INFO ] [rig0] mined block #74 (nonce=9223372036854913895, daa_score=977)
2026-08-09 22:06:37.290+09:00 [INFO ] [rig0] mined block #75 (nonce=239073, daa_score=978)
2026-08-09 22:06:37.915+09:00 [INFO ] [rig0] mined block #76 (nonce=174631, daa_score=979)
2026-08-09 22:06:38.225+09:00 [INFO ] [rig0] mined block #77 (nonce=70226, daa_score=980)
2026-08-09 22:06:39.130+09:00 [INFO ] [rig0] mined block #78 (nonce=9223372036855042821, daa_score=981)
2026-08-09 22:06:39.902+09:00 [INFO ] [rig0] mined block #79 (nonce=9223372036854949481, daa_score=982)
2026-08-09 22:06:39.954+09:00 [INFO ] [rig0] mined block #80 (nonce=9223372036854785677, daa_score=983)
2026-08-09 22:06:43.893+09:00 [INFO ] [rig0] mined block #81 (nonce=941351, daa_score=984)
2026-08-09 22:06:44.054+09:00 [INFO ] [rig0] mined block #82 (nonce=9223372036854818177, daa_score=985)
2026-08-09 22:06:44.477+09:00 [INFO ] [rig0] mined block #83 (nonce=85053, daa_score=986)
2026-08-09 22:06:44.730+09:00 [INFO ] [rig0] mined block #84 (nonce=56443, daa_score=987)
2026-08-09 22:06:46.752+09:00 [INFO ] [rig0] mined block #85 (nonce=9223372036855268510, daa_score=988)
2026-08-09 22:06:47.102+09:00 [INFO ] [rig0] mined block #86 (nonce=9223372036854881062, daa_score=989)
2026-08-09 22:06:47.674+09:00 [INFO ] [rig0] mined block #87 (nonce=9223372036855091875, daa_score=990)
2026-08-09 22:06:47.976+09:00 [INFO ] [rig0] mined block #88 (nonce=170577, daa_score=992)
2026-08-09 22:06:49.058+09:00 [INFO ] [rig0] mined block #89 (nonce=575084, daa_score=993)
2026-08-09 22:06:49.158+09:00 [INFO ] [rig0] mined block #90 (nonce=49912, daa_score=994)
2026-08-09 22:06:50.435+09:00 [INFO ] [rig0] mined block #91 (nonce=675022, daa_score=995)
2026-08-09 22:06:51.744+09:00 [INFO ] [rig0] mined block #92 (nonce=676766, daa_score=996)
2026-08-09 22:06:52.585+09:00 [INFO ] [rig0] mined block #93 (nonce=462785, daa_score=997)
2026-08-09 22:06:52.729+09:00 [INFO ] [rig0] mined block #94 (nonce=54732, daa_score=998)
2026-08-09 22:06:54.105+09:00 [INFO ] [rig0] mined block #95 (nonce=433420, daa_score=999)
2026-08-09 22:06:55.661+09:00 [INFO ] [rig0] mined block #96 (nonce=452057, daa_score=1000)
2026-08-09 22:06:56.155+09:00 [INFO ] [rig0] mined block #97 (nonce=9223372036854972025, daa_score=1002)
2026-08-09 22:06:56.424+09:00 [INFO ] [rig0] mined block #98 (nonce=136759, daa_score=1003)
2026-08-09 22:06:56.632+09:00 [INFO ] [rig0] mined block #99 (nonce=9223372036854890562, daa_score=1004)
2026-08-09 22:06:57.126+09:00 [INFO ] [rig0] mined block #100 (nonce=9223372036855056489, daa_score=1005)
2026-08-09 22:06:57.136+09:00 [INFO ] [rig0] mined block #101 (nonce=9223372036854777633, daa_score=1006)
2026-08-09 22:06:57.396+09:00 [INFO ] [rig0] mined block #102 (nonce=9223372036854920256, daa_score=1007)
2026-08-09 22:06:57.641+09:00 [INFO ] [rig0] mined block #103 (nonce=134079, daa_score=1008)
2026-08-09 22:06:57.851+09:00 [INFO ] [rig0] mined block #104 (nonce=115627, daa_score=1009)
2026-08-09 22:06:58.051+09:00 [INFO ] [rig0] mined block #105 (nonce=109673, daa_score=1010)
2026-08-09 22:06:58.080+09:00 [INFO ] [rig0] mined block #106 (nonce=11296, daa_score=1011)
2026-08-09 22:06:58.255+09:00 [INFO ] [rig0] mined block #107 (nonce=95226, daa_score=1012)
2026-08-09 22:06:58.911+09:00 [INFO ] [rig0] mined block #108 (nonce=268165, daa_score=1013)
2026-08-09 22:06:59.641+09:00 [INFO ] [rig0] mined block #109 (nonce=9223372036854982036, daa_score=1014)
2026-08-09 22:06:59.736+09:00 [INFO ] [rig0] mined block #110 (nonce=50110, daa_score=1015)
2026-08-09 22:07:00.559+09:00 [INFO ] [rig0] mined block #111 (nonce=9223372036855229752, daa_score=1016)
2026-08-09 22:07:02.299+09:00 [INFO ] [rig0] mined block #112 (nonce=9223372036855537528, daa_score=1017)
2026-08-09 22:07:02.493+09:00 [INFO ] [rig0] mined block #113 (nonce=91131, daa_score=1018)
2026-08-09 22:07:03.210+09:00 [INFO ] [rig0] mined block #114 (nonce=9223372036855003182, daa_score=1019)
2026-08-09 22:07:03.708+09:00 [INFO ] [rig0] mined block #115 (nonce=150115, daa_score=1020)
2026-08-09 22:07:05.720+09:00 [INFO ] [rig0] mined block #116 (nonce=481221, daa_score=1021)
2026-08-09 22:07:06.281+09:00 [INFO ] [rig0] mined block #117 (nonce=275580, daa_score=1023)
2026-08-09 22:07:07.280+09:00 [INFO ] [rig0] mined block #118 (nonce=9223372036855308772, daa_score=1024)
2026-08-09 22:07:08.626+09:00 [INFO ] [rig0] mined block #119 (nonce=9223372036855367423, daa_score=1025)
2026-08-09 22:07:08.971+09:00 [INFO ] [rig0] mined block #120 (nonce=9223372036854893258, daa_score=1026)
2026-08-09 22:07:10.936+09:00 [INFO ] [rig0] mined block #121 (nonce=539671, daa_score=1027)
2026-08-09 22:07:11.608+09:00 [INFO ] [rig0] mined block #122 (nonce=149032, daa_score=1028)
2026-08-09 22:07:11.911+09:00 [INFO ] [rig0] mined block #123 (nonce=9223372036854844909, daa_score=1029)
2026-08-09 22:07:12.667+09:00 [INFO ] [rig0] mined block #124 (nonce=162448, daa_score=1030)
2026-08-09 22:07:14.772+09:00 [INFO ] [rig0] mined block #125 (nonce=543944, daa_score=1032)
2026-08-09 22:07:14.859+09:00 [INFO ] [rig0] mined block #126 (nonce=22515, daa_score=1033)
2026-08-09 22:07:15.616+09:00 [INFO ] [rig0] mined block #127 (nonce=9223372036854962711, daa_score=1034)
2026-08-09 22:07:15.910+09:00 [INFO ] [rig0] mined block #128 (nonce=79460, daa_score=1035)
2026-08-09 22:07:15.967+09:00 [INFO ] [rig0] mined block #129 (nonce=10413, daa_score=1036)
2026-08-09 22:07:16.751+09:00 [INFO ] [rig0] mined block #130 (nonce=183821, daa_score=1037)
2026-08-09 22:07:17.313+09:00 [INFO ] [rig0] mined block #131 (nonce=9223372036854933201, daa_score=1038)
2026-08-09 22:07:19.690+09:00 [INFO ] [rig0] mined block #132 (nonce=9223372036855403220, daa_score=1039)
2026-08-09 22:07:20.211+09:00 [INFO ] [rig0] mined block #133 (nonce=9223372036854928327, daa_score=1040)
2026-08-09 22:07:21.021+09:00 [INFO ] [rig0] mined block #134 (nonce=233228, daa_score=1041)
2026-08-09 22:07:21.129+09:00 [INFO ] [rig0] mined block #135 (nonce=17695, daa_score=1042)
2026-08-09 22:07:21.473+09:00 [INFO ] [rig0] mined block #136 (nonce=61272, daa_score=1043)
2026-08-09 22:07:23.632+09:00 [INFO ] [rig0] mined block #137 (nonce=9223372036855354963, daa_score=1044)
2026-08-09 22:07:23.999+09:00 [INFO ] [rig0] mined block #138 (nonce=32448, daa_score=1045)
2026-08-09 22:07:24.212+09:00 [INFO ] [rig0] mined block #139 (nonce=9223372036854797359, daa_score=1046)
2026-08-09 22:07:24.863+09:00 [INFO ] [rig0] mined block #140 (nonce=173566, daa_score=1047)
2026-08-09 22:07:26.101+09:00 [INFO ] [rig0] mined block #141 (nonce=260317, daa_score=1048)
2026-08-09 22:07:26.572+09:00 [INFO ] [rig0] mined block #142 (nonce=9223372036854897761, daa_score=1049)
2026-08-09 22:07:26.938+09:00 [INFO ] [rig0] mined block #143 (nonce=9223372036854855206, daa_score=1050)
2026-08-09 22:07:28.908+09:00 [INFO ] [rig0] mined block #144 (nonce=460598, daa_score=1051)
2026-08-09 22:07:29.407+09:00 [INFO ] [rig0] mined block #145 (nonce=9223372036854871513, daa_score=1052)
2026-08-09 22:07:30.330+09:00 [INFO ] [rig0] mined block #146 (nonce=9223372036854968037, daa_score=1053)
2026-08-09 22:07:32.754+09:00 [INFO ] [rig0] mined block #147 (nonce=412767, daa_score=1054)
2026-08-09 22:07:33.463+09:00 [INFO ] [rig0] mined block #148 (nonce=9223372036854869425, daa_score=1056)
2026-08-09 22:07:37.460+09:00 [INFO ] [rig0] mined block #149 (nonce=1030332, daa_score=1057)
2026-08-09 22:07:37.494+09:00 [INFO ] [rig0] mined block #150 (nonce=9223372036854790948, daa_score=1060)
2026-08-09 22:07:38.245+09:00 [INFO ] [rig0] mined block #151 (nonce=422852, daa_score=1061)
2026-08-09 22:07:38.493+09:00 [INFO ] [rig0] mined block #152 (nonce=9223372036854912704, daa_score=1062)
2026-08-09 22:07:38.665+09:00 [INFO ] [rig0] mined block #153 (nonce=93199, daa_score=1063)
2026-08-09 22:07:38.890+09:00 [INFO ] [rig0] mined block #154 (nonce=124704, daa_score=1064)
2026-08-09 22:07:39.369+09:00 [INFO ] [rig0] mined block #155 (nonce=271805, daa_score=1065)
2026-08-09 22:07:39.720+09:00 [INFO ] [rig0] mined block #156 (nonce=177457, daa_score=1066)
2026-08-09 22:07:40.949+09:00 [INFO ] [rig0] mined block #157 (nonce=708220, daa_score=1067)
2026-08-09 22:07:41.342+09:00 [INFO ] [rig0] mined block #158 (nonce=9223372036854989814, daa_score=1069)
2026-08-09 22:07:41.377+09:00 [INFO ] [rig0] mined block #159 (nonce=9223372036854790106, daa_score=1070)
2026-08-09 22:07:42.703+09:00 [INFO ] [rig0] mined block #160 (nonce=745769, daa_score=1071)
2026-08-09 22:07:42.958+09:00 [INFO ] [rig0] mined block #161 (nonce=139923, daa_score=1072)
2026-08-09 22:07:43.020+09:00 [INFO ] [rig0] mined block #162 (nonce=9223372036854806876, daa_score=1073)
2026-08-09 22:07:44.847+09:00 [INFO ] [rig0] mined block #163 (nonce=1052605, daa_score=1074)
2026-08-09 22:07:45.018+09:00 [INFO ] [rig0] mined block #164 (nonce=93145, daa_score=1076)
2026-08-09 22:07:45.853+09:00 [INFO ] [rig0] mined block #165 (nonce=9223372036855252335, daa_score=1077)
2026-08-09 22:07:45.883+09:00 [INFO ] [rig0] mined block #166 (nonce=9223372036854787916, daa_score=1078)
2026-08-09 22:07:46.322+09:00 [INFO ] [rig0] mined block #167 (nonce=9223372036855021359, daa_score=1079)
2026-08-09 22:07:47.340+09:00 [INFO ] [rig0] mined block #168 (nonce=578849, daa_score=1080)
2026-08-09 22:07:47.923+09:00 [INFO ] [rig0] mined block #169 (nonce=330535, daa_score=1081)
2026-08-09 22:07:48.007+09:00 [INFO ] [rig0] mined block #170 (nonce=9223372036854819114, daa_score=1082)
2026-08-09 22:07:48.050+09:00 [INFO ] [rig0] mined block #171 (nonce=9223372036854795846, daa_score=1083)
2026-08-09 22:07:48.200+09:00 [INFO ] [rig0] mined block #172 (nonce=9223372036854857131, daa_score=1084)
2026-08-09 22:07:48.635+09:00 [INFO ] [rig0] mined block #173 (nonce=9223372036855016237, daa_score=1085)
2026-08-09 22:07:49.413+09:00 [INFO ] [rig0] mined block #174 (nonce=9223372036855220588, daa_score=1086)
2026-08-09 22:07:50.077+09:00 [INFO ] [rig0] mined block #175 (nonce=376307, daa_score=1087)
2026-08-09 22:07:50.133+09:00 [INFO ] [rig0] mined block #176 (nonce=9223372036854804069, daa_score=1088)
2026-08-09 22:07:50.927+09:00 [INFO ] [rig0] mined block #177 (nonce=449246, daa_score=1089)
2026-08-09 22:07:51.013+09:00 [INFO ] [rig0] mined block #178 (nonce=9223372036854819196, daa_score=1090)
2026-08-09 22:07:51.736+09:00 [INFO ] [rig0] mined block #179 (nonce=409212, daa_score=1091)
2026-08-09 22:07:52.402+09:00 [INFO ] [rig0] mined block #180 (nonce=382020, daa_score=1092)
2026-08-09 22:07:52.680+09:00 [INFO ] [rig0] mined block #181 (nonce=156560, daa_score=1093)
2026-08-09 22:07:52.797+09:00 [INFO ] [rig0] mined block #182 (nonce=9223372036854837786, daa_score=1094)
2026-08-09 22:07:53.606+09:00 [INFO ] [rig0] mined block #183 (nonce=463780, daa_score=1095)
2026-08-09 22:07:53.814+09:00 [INFO ] [rig0] mined block #184 (nonce=115799, daa_score=1096)
2026-08-09 22:07:53.990+09:00 [INFO ] [rig0] mined block #185 (nonce=9223372036854873465, daa_score=1097)
2026-08-09 22:07:54.029+09:00 [INFO ] [rig0] mined block #186 (nonce=9223372036854793770, daa_score=1098)
2026-08-09 22:07:54.195+09:00 [INFO ] [rig0] mined block #187 (nonce=9223372036854867519, daa_score=1099)
2026-08-09 22:07:54.351+09:00 [INFO ] [rig0] mined block #188 (nonce=85957, daa_score=1100)
2026-08-09 22:07:54.697+09:00 [INFO ] [rig0] mined block #189 (nonce=9223372036854970728, daa_score=1101)
2026-08-09 22:07:56.067+09:00 [INFO ] [rig0] mined block #190 (nonce=770764, daa_score=1102)
2026-08-09 22:07:56.588+09:00 [INFO ] [rig0] mined block #191 (nonce=9223372036855065801, daa_score=1103)
2026-08-09 22:07:56.916+09:00 [INFO ] [rig0] mined block #192 (nonce=9223372036854958257, daa_score=1104)
2026-08-09 22:07:56.940+09:00 [INFO ] [rig0] mined block #193 (nonce=9223372036854784938, daa_score=1105)
2026-08-09 22:07:57.379+09:00 [INFO ] [rig0] mined block #194 (nonce=250343, daa_score=1106)
2026-08-09 22:07:57.472+09:00 [INFO ] [rig0] mined block #195 (nonce=50262, daa_score=1107)
2026-08-09 22:07:57.878+09:00 [INFO ] [rig0] mined block #196 (nonce=231790, daa_score=1108)
2026-08-09 22:07:58.471+09:00 [INFO ] [rig0] mined block #197 (nonce=9223372036855114614, daa_score=1109)
2026-08-09 22:07:59.249+09:00 [INFO ] [rig0] mined block #198 (nonce=441861, daa_score=1110)
2026-08-09 22:07:59.585+09:00 [INFO ] [rig0] mined block #199 (nonce=9223372036854962862, daa_score=1111)
2026-08-09 22:08:00.405+09:00 [INFO ] [rig0] mined block #200 (nonce=467678, daa_score=1112)
2026-08-09 22:08:00.405+09:00 [INFO ] done: mined 200 blocks

  misaminer v1.0.0  —  MISAKA (kaspa-pq) Layer-0 CPU miner
  ---------------------------------------------------------
  pool/node : 127.0.0.1:17110
  network   : devnet
  worker    : rig0
  threads   : 2

2026-08-09 22:08:00.469+09:00 [WARN ] --allow-burn: mining to an UNSPENDABLE placeholder (rewards are lost) — PoW smoke test only.
2026-08-09 22:08:00.470+09:00 [INFO ] [rig0] connected to 127.0.0.1:17110; mining network_id=devnet to misakadev:qgqqqqqqqqqqqqqqqqqqqqqqqqqqqqqqqqqqqqqqqqqqqqqqqqqqqqqqqqqqqqqqqqqqqqqqqqqqqqqqqqqqqqqqqqqqqqqqqqqqqqqqets69efd
2026-08-09 22:08:01.179+09:00 [INFO ] [rig0] mined block #1 (nonce=399641, daa_score=1113)
2026-08-09 22:08:01.496+09:00 [INFO ] [rig0] mined block #2 (nonce=9223372036854949362, daa_score=1114)
2026-08-09 22:08:02.310+09:00 [INFO ] [rig0] mined block #3 (nonce=464050, daa_score=1115)
2026-08-09 22:08:02.798+09:00 [INFO ] [rig0] mined block #4 (nonce=9223372036855051952, daa_score=1116)
2026-08-09 22:08:03.374+09:00 [INFO ] [rig0] mined block #5 (nonce=326090, daa_score=1117)
2026-08-09 22:08:03.894+09:00 [INFO ] [rig0] mined block #6 (nonce=9223372036855060710, daa_score=1118)
2026-08-09 22:08:04.180+09:00 [INFO ] [rig0] mined block #7 (nonce=156786, daa_score=1119)
2026-08-09 22:08:04.426+09:00 [INFO ] [rig0] mined block #8 (nonce=9223372036854912460, daa_score=1120)
2026-08-09 22:08:04.468+09:00 [INFO ] [rig0] mined block #9 (nonce=9223372036854794456, daa_score=1121)
2026-08-09 22:08:04.623+09:00 [INFO ] [rig0] mined block #10 (nonce=84565, daa_score=1122)
2026-08-09 22:08:04.893+09:00 [INFO ] [rig0] mined block #11 (nonce=9223372036854926464, daa_score=1123)
2026-08-09 22:08:05.515+09:00 [INFO ] [rig0] mined block #12 (nonce=9223372036855130655, daa_score=1124)
2026-08-09 22:08:05.629+09:00 [INFO ] [rig0] mined block #13 (nonce=60809, daa_score=1125)
2026-08-09 22:08:06.148+09:00 [INFO ] [rig0] mined block #14 (nonce=295232, daa_score=1126)
2026-08-09 22:08:06.178+09:00 [INFO ] [rig0] mined block #15 (nonce=12857, daa_score=1127)
2026-08-09 22:08:07.316+09:00 [INFO ] [rig0] mined block #16 (nonce=9223372036855429846, daa_score=1128)
2026-08-09 22:08:08.261+09:00 [INFO ] [rig0] mined block #17 (nonce=9223372036855316059, daa_score=1129)
2026-08-09 22:08:08.685+09:00 [INFO ] [rig0] mined block #18 (nonce=9223372036855016135, daa_score=1130)
2026-08-09 22:08:08.718+09:00 [INFO ] [rig0] mined block #19 (nonce=14518, daa_score=1131)
2026-08-09 22:08:08.756+09:00 [INFO ] [rig0] mined block #20 (nonce=17238, daa_score=1132)
2026-08-09 22:08:08.859+09:00 [INFO ] [rig0] mined block #21 (nonce=9223372036854830673, daa_score=1133)
2026-08-09 22:08:09.885+09:00 [INFO ] [rig0] mined block #22 (nonce=9223372036855363237, daa_score=1134)
2026-08-09 22:08:10.221+09:00 [INFO ] [rig0] mined block #23 (nonce=188037, daa_score=1135)
2026-08-09 22:08:10.526+09:00 [INFO ] [rig0] mined block #24 (nonce=171703, daa_score=1136)
2026-08-09 22:08:11.719+09:00 [INFO ] [rig0] mined block #25 (nonce=682243, daa_score=1137)
2026-08-09 22:08:12.655+09:00 [INFO ] [rig0] mined block #26 (nonce=9223372036855307826, daa_score=1138)
2026-08-09 22:08:13.890+09:00 [INFO ] [rig0] mined block #27 (nonce=704641, daa_score=1139)
2026-08-09 22:08:14.058+09:00 [INFO ] [rig0] mined block #28 (nonce=91289, daa_score=1140)
2026-08-09 22:08:14.445+09:00 [INFO ] [rig0] mined block #29 (nonce=9223372036854992744, daa_score=1141)
2026-08-09 22:08:14.724+09:00 [INFO ] [rig0] mined block #30 (nonce=156462, daa_score=1142)
2026-08-09 22:08:15.342+09:00 [INFO ] [rig0] mined block #31 (nonce=349524, daa_score=1143)
2026-08-09 22:08:16.754+09:00 [INFO ] [rig0] mined block #32 (nonce=801572, daa_score=1144)
2026-08-09 22:08:16.940+09:00 [INFO ] [rig0] mined block #33 (nonce=9223372036854878320, daa_score=1145)
2026-08-09 22:08:17.066+09:00 [INFO ] [rig0] mined block #34 (nonce=68648, daa_score=1146)
2026-08-09 22:08:17.333+09:00 [INFO ] [rig0] mined block #35 (nonce=9223372036854925628, daa_score=1147)
2026-08-09 22:08:17.811+09:00 [INFO ] [rig0] mined block #36 (nonce=9223372036855047678, daa_score=1148)
2026-08-09 22:08:17.826+09:00 [INFO ] [rig0] mined block #37 (nonce=4055, daa_score=1149)
2026-08-09 22:08:18.431+09:00 [INFO ] [rig0] mined block #38 (nonce=9223372036855119407, daa_score=1150)
2026-08-09 22:08:19.137+09:00 [INFO ] [rig0] mined block #39 (nonce=401534, daa_score=1151)
2026-08-09 22:08:20.099+09:00 [INFO ] [rig0] mined block #40 (nonce=546609, daa_score=1152)
2026-08-09 22:08:20.112+09:00 [INFO ] [rig0] mined block #41 (nonce=2203, daa_score=1153)
2026-08-09 22:08:21.042+09:00 [INFO ] [rig0] mined block #42 (nonce=522084, daa_score=1154)
2026-08-09 22:08:21.728+09:00 [INFO ] [rig0] mined block #43 (nonce=9223372036855165016, daa_score=1155)
2026-08-09 22:08:21.798+09:00 [INFO ] [rig0] mined block #44 (nonce=35403, daa_score=1156)
2026-08-09 22:08:21.863+09:00 [INFO ] [rig0] mined block #45 (nonce=9223372036854808659, daa_score=1157)
2026-08-09 22:08:22.664+09:00 [INFO ] [rig0] mined block #46 (nonce=9223372036855225413, daa_score=1158)
2026-08-09 22:08:23.966+09:00 [INFO ] [rig0] mined block #47 (nonce=9223372036855515199, daa_score=1159)
2026-08-09 22:08:24.021+09:00 [INFO ] [rig0] mined block #48 (nonce=9223372036854799214, daa_score=1160)
2026-08-09 22:08:24.912+09:00 [INFO ] [rig0] mined block #49 (nonce=498916, daa_score=1161)
2026-08-09 22:08:26.648+09:00 [INFO ] [rig0] mined block #50 (nonce=981314, daa_score=1162)
2026-08-09 22:08:27.465+09:00 [INFO ] [rig0] mined block #51 (nonce=9223372036855238768, daa_score=1163)
2026-08-09 22:08:27.926+09:00 [INFO ] [rig0] mined block #52 (nonce=260541, daa_score=1164)
2026-08-09 22:08:27.948+09:00 [INFO ] [rig0] mined block #53 (nonce=7782, daa_score=1165)
2026-08-09 22:08:28.471+09:00 [INFO ] [rig0] mined block #54 (nonce=296744, daa_score=1166)
2026-08-09 22:08:28.523+09:00 [INFO ] [rig0] mined block #55 (nonce=25007, daa_score=1167)
2026-08-09 22:08:28.628+09:00 [INFO ] [rig0] mined block #56 (nonce=55334, daa_score=1168)
2026-08-09 22:08:28.737+09:00 [INFO ] [rig0] mined block #57 (nonce=58072, daa_score=1169)
2026-08-09 22:08:29.462+09:00 [INFO ] [rig0] mined block #58 (nonce=413250, daa_score=1170)
2026-08-09 22:08:29.743+09:00 [INFO ] [rig0] mined block #59 (nonce=157250, daa_score=1171)
2026-08-09 22:08:30.085+09:00 [INFO ] [rig0] mined block #60 (nonce=9223372036854968040, daa_score=1172)
2026-08-09 22:08:30.098+09:00 [INFO ] [rig0] mined block #61 (nonce=2811, daa_score=1173)
2026-08-09 22:08:30.773+09:00 [INFO ] [rig0] mined block #62 (nonce=345459, daa_score=1174)
2026-08-09 22:08:31.919+09:00 [INFO ] [rig0] mined block #63 (nonce=651492, daa_score=1175)
2026-08-09 22:08:32.109+09:00 [INFO ] [rig0] mined block #64 (nonce=100649, daa_score=1176)
2026-08-09 22:08:32.314+09:00 [INFO ] [rig0] mined block #65 (nonce=110259, daa_score=1177)
2026-08-09 22:08:32.503+09:00 [INFO ] [rig0] mined block #66 (nonce=100163, daa_score=1178)
2026-08-09 22:08:32.858+09:00 [INFO ] [rig0] mined block #67 (nonce=197694, daa_score=1179)
2026-08-09 22:08:33.968+09:00 [INFO ] [rig0] mined block #68 (nonce=9223372036855402823, daa_score=1180)
2026-08-09 22:08:34.026+09:00 [INFO ] [rig0] mined block #69 (nonce=9223372036854803047, daa_score=1181)
2026-08-09 22:08:34.821+09:00 [INFO ] [rig0] mined block #70 (nonce=9223372036855228141, daa_score=1182)
2026-08-09 22:08:35.203+09:00 [INFO ] [rig0] mined block #71 (nonce=213222, daa_score=1183)
2026-08-09 22:08:35.451+09:00 [INFO ] [rig0] mined block #72 (nonce=136775, daa_score=1184)
2026-08-09 22:08:35.744+09:00 [INFO ] [rig0] mined block #73 (nonce=164195, daa_score=1185)
2026-08-09 22:08:35.939+09:00 [INFO ] [rig0] mined block #74 (nonce=9223372036854884221, daa_score=1186)
2026-08-09 22:08:36.770+09:00 [INFO ] [rig0] mined block #75 (nonce=9223372036855241561, daa_score=1187)
2026-08-09 22:08:37.495+09:00 [INFO ] [rig0] mined block #76 (nonce=409413, daa_score=1188)
2026-08-09 22:08:37.730+09:00 [INFO ] [rig0] mined block #77 (nonce=9223372036854906408, daa_score=1189)
2026-08-09 22:08:37.935+09:00 [INFO ] [rig0] mined block #78 (nonce=113437, daa_score=1190)
2026-08-09 22:08:39.914+09:00 [INFO ] [rig0] mined block #79 (nonce=9223372036855909017, daa_score=1191)
2026-08-09 22:08:40.194+09:00 [INFO ] [rig0] mined block #80 (nonce=9223372036854930222, daa_score=1192)
2026-08-09 22:08:40.365+09:00 [INFO ] [rig0] mined block #81 (nonce=91654, daa_score=1193)
2026-08-09 22:08:41.044+09:00 [INFO ] [rig0] mined block #82 (nonce=9223372036855164759, daa_score=1194)
2026-08-09 22:08:41.702+09:00 [INFO ] [rig0] mined block #83 (nonce=374215, daa_score=1195)
2026-08-09 22:08:41.780+09:00 [INFO ] [rig0] mined block #84 (nonce=9223372036854816080, daa_score=1196)
2026-08-09 22:08:42.704+09:00 [INFO ] [rig0] mined block #85 (nonce=9223372036855301683, daa_score=1197)
2026-08-09 22:08:42.917+09:00 [INFO ] [rig0] mined block #86 (nonce=9223372036854893186, daa_score=1198)
2026-08-09 22:08:44.159+09:00 [INFO ] [rig0] mined block #87 (nonce=9223372036855467157, daa_score=1199)
2026-08-09 22:08:44.387+09:00 [INFO ] [rig0] mined block #88 (nonce=9223372036854901797, daa_score=1200)
2026-08-09 22:08:44.471+09:00 [INFO ] [rig0] mined block #89 (nonce=42328, daa_score=1201)
2026-08-09 22:08:46.057+09:00 [INFO ] [rig0] mined block #90 (nonce=9223372036855654463, daa_score=1202)
2026-08-09 22:08:46.192+09:00 [INFO ] [rig0] mined block #91 (nonce=9223372036854828703, daa_score=1203)
2026-08-09 22:08:46.428+09:00 [INFO ] [rig0] mined block #92 (nonce=9223372036854876325, daa_score=1204)
2026-08-09 22:08:46.472+09:00 [INFO ] [rig0] mined block #93 (nonce=16833, daa_score=1205)
2026-08-09 22:08:46.721+09:00 [INFO ] [rig0] mined block #94 (nonce=9223372036854900984, daa_score=1206)
2026-08-09 22:08:47.622+09:00 [INFO ] [rig0] mined block #95 (nonce=514986, daa_score=1207)
2026-08-09 22:08:47.802+09:00 [INFO ] [rig0] mined block #96 (nonce=9223372036854875045, daa_score=1208)
2026-08-09 22:08:48.829+09:00 [INFO ] [rig0] mined block #97 (nonce=9223372036855358983, daa_score=1209)
2026-08-09 22:08:49.291+09:00 [INFO ] [rig0] mined block #98 (nonce=260325, daa_score=1210)
2026-08-09 22:08:49.963+09:00 [INFO ] [rig0] mined block #99 (nonce=373473, daa_score=1211)
2026-08-09 22:08:50.078+09:00 [INFO ] [rig0] mined block #100 (nonce=58766, daa_score=1212)
2026-08-09 22:08:50.883+09:00 [INFO ] [rig0] mined block #101 (nonce=9223372036855228717, daa_score=1213)
2026-08-09 22:08:51.146+09:00 [INFO ] [rig0] mined block #102 (nonce=146204, daa_score=1214)
2026-08-09 22:08:51.176+09:00 [INFO ] [rig0] mined block #103 (nonce=9223372036854788042, daa_score=1215)
2026-08-09 22:08:51.227+09:00 [INFO ] [rig0] mined block #104 (nonce=23798, daa_score=1216)
2026-08-09 22:08:51.503+09:00 [INFO ] [rig0] mined block #105 (nonce=9223372036854929129, daa_score=1217)
2026-08-09 22:08:51.581+09:00 [INFO ] [rig0] mined block #106 (nonce=9223372036854815452, daa_score=1218)
2026-08-09 22:08:51.843+09:00 [INFO ] [rig0] mined block #107 (nonce=141110, daa_score=1219)
2026-08-09 22:08:51.958+09:00 [INFO ] [rig0] mined block #108 (nonce=60699, daa_score=1220)
2026-08-09 22:08:52.523+09:00 [INFO ] [rig0] mined block #109 (nonce=9223372036855097097, daa_score=1221)
2026-08-09 22:08:52.639+09:00 [INFO ] [rig0] mined block #110 (nonce=61043, daa_score=1222)
2026-08-09 22:08:53.299+09:00 [INFO ] [rig0] mined block #111 (nonce=370685, daa_score=1223)
2026-08-09 22:08:53.549+09:00 [INFO ] [rig0] mined block #112 (nonce=134896, daa_score=1224)
2026-08-09 22:08:54.072+09:00 [INFO ] [rig0] mined block #113 (nonce=9223372036855071193, daa_score=1225)
2026-08-09 22:08:54.591+09:00 [INFO ] [rig0] mined block #114 (nonce=291124, daa_score=1226)
2026-08-09 22:08:55.016+09:00 [INFO ] [rig0] mined block #115 (nonce=233010, daa_score=1227)
2026-08-09 22:08:55.292+09:00 [INFO ] [rig0] mined block #116 (nonce=152028, daa_score=1228)
2026-08-09 22:08:55.631+09:00 [INFO ] [rig0] mined block #117 (nonce=9223372036854966588, daa_score=1229)
2026-08-09 22:08:56.808+09:00 [INFO ] [rig0] mined block #118 (nonce=9223372036855442533, daa_score=1230)
2026-08-09 22:08:57.395+09:00 [INFO ] [rig0] mined block #119 (nonce=324171, daa_score=1231)
2026-08-09 22:08:57.505+09:00 [INFO ] [rig0] mined block #120 (nonce=9223372036854832604, daa_score=1232)
2026-08-09 22:08:57.938+09:00 [INFO ] [rig0] mined block #121 (nonce=9223372036855018769, daa_score=1233)
2026-08-09 22:08:58.232+09:00 [INFO ] [rig0] mined block #122 (nonce=164827, daa_score=1234)
2026-08-09 22:08:58.266+09:00 [INFO ] [rig0] mined block #123 (nonce=9223372036854789829, daa_score=1235)
2026-08-09 22:08:58.623+09:00 [INFO ] [rig0] mined block #124 (nonce=9223372036854974829, daa_score=1236)
2026-08-09 22:08:59.097+09:00 [INFO ] [rig0] mined block #125 (nonce=9223372036855042225, daa_score=1237)
2026-08-09 22:08:59.563+09:00 [INFO ] [rig0] mined block #126 (nonce=9223372036855039568, daa_score=1238)
2026-08-09 22:09:01.847+09:00 [INFO ] [rig0] mined block #127 (nonce=9223372036856096821, daa_score=1239)
2026-08-09 22:09:02.098+09:00 [INFO ] [rig0] mined block #128 (nonce=139226, daa_score=1241)
2026-08-09 22:09:02.965+09:00 [INFO ] [rig0] mined block #129 (nonce=493570, daa_score=1242)
2026-08-09 22:09:03.804+09:00 [INFO ] [rig0] mined block #130 (nonce=9223372036855257740, daa_score=1243)
2026-08-09 22:09:03.983+09:00 [INFO ] [rig0] mined block #131 (nonce=9223372036854874515, daa_score=1244)
2026-08-09 22:09:04.110+09:00 [INFO ] [rig0] mined block #132 (nonce=67632, daa_score=1245)
2026-08-09 22:09:04.953+09:00 [INFO ] [rig0] mined block #133 (nonce=9223372036855233638, daa_score=1246)
2026-08-09 22:09:05.672+09:00 [INFO ] [rig0] mined block #134 (nonce=9223372036855184623, daa_score=1247)
2026-08-09 22:09:05.814+09:00 [INFO ] [rig0] mined block #135 (nonce=76175, daa_score=1248)
2026-08-09 22:09:06.319+09:00 [INFO ] [rig0] mined block #136 (nonce=9223372036855061410, daa_score=1249)
2026-08-09 22:09:07.381+09:00 [INFO ] [rig0] mined block #137 (nonce=9223372036855384827, daa_score=1250)
2026-08-09 22:09:07.849+09:00 [INFO ] [rig0] mined block #138 (nonce=9223372036855038174, daa_score=1251)
2026-08-09 22:09:09.277+09:00 [INFO ] [rig0] mined block #139 (nonce=9223372036855593696, daa_score=1252)
2026-08-09 22:09:10.031+09:00 [INFO ] [rig0] mined block #140 (nonce=9223372036855206281, daa_score=1253)
2026-08-09 22:09:12.358+09:00 [INFO ] [rig0] mined block #141 (nonce=9223372036856106675, daa_score=1254)
2026-08-09 22:09:13.312+09:00 [INFO ] [rig0] mined block #142 (nonce=9223372036855320394, daa_score=1256)
2026-08-09 22:09:13.393+09:00 [INFO ] [rig0] mined block #143 (nonce=39523, daa_score=1257)
2026-08-09 22:09:14.325+09:00 [INFO ] [rig0] mined block #144 (nonce=9223372036855311657, daa_score=1258)
2026-08-09 22:09:14.546+09:00 [INFO ] [rig0] mined block #145 (nonce=122803, daa_score=1260)
2026-08-09 22:09:15.352+09:00 [INFO ] [rig0] mined block #146 (nonce=9223372036855232176, daa_score=1261)
2026-08-09 22:09:15.492+09:00 [INFO ] [rig0] mined block #147 (nonce=75879, daa_score=1262)
2026-08-09 22:09:15.971+09:00 [INFO ] [rig0] mined block #148 (nonce=270862, daa_score=1263)
2026-08-09 22:09:16.425+09:00 [INFO ] [rig0] mined block #149 (nonce=256400, daa_score=1264)
2026-08-09 22:09:17.485+09:00 [INFO ] [rig0] mined block #150 (nonce=9223372036855382397, daa_score=1265)
2026-08-09 22:09:18.730+09:00 [INFO ] [rig0] mined block #151 (nonce=707872, daa_score=1266)
2026-08-09 22:09:19.416+09:00 [INFO ] [rig0] mined block #152 (nonce=9223372036855166302, daa_score=1267)
2026-08-09 22:09:19.493+09:00 [INFO ] [rig0] mined block #153 (nonce=38749, daa_score=1269)
2026-08-09 22:09:19.520+09:00 [INFO ] [rig0] mined block #154 (nonce=9509, daa_score=1270)
2026-08-09 22:09:19.551+09:00 [INFO ] [rig0] mined block #155 (nonce=9223372036854788072, daa_score=1271)
2026-08-09 22:09:19.801+09:00 [INFO ] [rig0] mined block #156 (nonce=138359, daa_score=1272)
2026-08-09 22:09:19.881+09:00 [INFO ] [rig0] mined block #157 (nonce=9223372036854817280, daa_score=1273)
2026-08-09 22:09:19.947+09:00 [INFO ] [rig0] mined block #158 (nonce=33195, daa_score=1274)
2026-08-09 22:09:20.174+09:00 [INFO ] [rig0] mined block #159 (nonce=126150, daa_score=1275)
2026-08-09 22:09:20.404+09:00 [INFO ] [rig0] mined block #160 (nonce=9223372036854901950, daa_score=1276)
2026-08-09 22:09:20.653+09:00 [INFO ] [rig0] mined block #161 (nonce=137780, daa_score=1277)
2026-08-09 22:09:21.157+09:00 [INFO ] [rig0] mined block #162 (nonce=284306, daa_score=1278)
2026-08-09 22:09:21.625+09:00 [INFO ] [rig0] mined block #163 (nonce=261732, daa_score=1279)
2026-08-09 22:09:21.755+09:00 [INFO ] [rig0] mined block #164 (nonce=9223372036854845555, daa_score=1280)
2026-08-09 22:09:21.829+09:00 [INFO ] [rig0] mined block #165 (nonce=37013, daa_score=1281)
2026-08-09 22:09:23.256+09:00 [INFO ] [rig0] mined block #166 (nonce=812679, daa_score=1282)
2026-08-09 22:09:23.664+09:00 [INFO ] [rig0] mined block #167 (nonce=9223372036854999892, daa_score=1283)
2026-08-09 22:09:23.941+09:00 [INFO ] [rig0] mined block #168 (nonce=9223372036854930949, daa_score=1284)
2026-08-09 22:09:24.612+09:00 [INFO ] [rig0] mined block #169 (nonce=9223372036855160383, daa_score=1285)
2026-08-09 22:09:26.066+09:00 [INFO ] [rig0] mined block #170 (nonce=9223372036855607285, daa_score=1286)
2026-08-09 22:09:26.197+09:00 [INFO ] [rig0] mined block #171 (nonce=69653, daa_score=1287)
2026-08-09 22:09:26.455+09:00 [INFO ] [rig0] mined block #172 (nonce=9223372036854920443, daa_score=1288)
2026-08-09 22:09:26.942+09:00 [INFO ] [rig0] mined block #173 (nonce=9223372036855047925, daa_score=1289)
2026-08-09 22:09:28.100+09:00 [INFO ] [rig0] mined block #174 (nonce=9223372036855439696, daa_score=1290)
2026-08-09 22:09:28.367+09:00 [INFO ] [rig0] mined block #175 (nonce=148666, daa_score=1291)
2026-08-09 22:09:28.989+09:00 [INFO ] [rig0] mined block #176 (nonce=353559, daa_score=1292)
2026-08-09 22:09:29.069+09:00 [INFO ] [rig0] mined block #177 (nonce=9223372036854817912, daa_score=1293)
2026-08-09 22:09:29.120+09:00 [INFO ] [rig0] mined block #178 (nonce=24434, daa_score=1294)
2026-08-09 22:09:30.812+09:00 [INFO ] [rig0] mined block #179 (nonce=971102, daa_score=1295)
2026-08-09 22:09:30.902+09:00 [INFO ] [rig0] mined block #180 (nonce=9223372036854823288, daa_score=1296)
2026-08-09 22:09:31.050+09:00 [INFO ] [rig0] mined block #181 (nonce=9223372036854855716, daa_score=1297)
2026-08-09 22:09:31.250+09:00 [INFO ] [rig0] mined block #182 (nonce=9223372036854886802, daa_score=1298)
2026-08-09 22:09:31.398+09:00 [INFO ] [rig0] mined block #183 (nonce=76806, daa_score=1299)
2026-08-09 22:09:32.174+09:00 [INFO ] [rig0] mined block #184 (nonce=444678, daa_score=1300)
2026-08-09 22:09:33.493+09:00 [INFO ] [rig0] mined block #185 (nonce=9223372036855530962, daa_score=1301)
2026-08-09 22:09:33.576+09:00 [INFO ] [rig0] mined block #186 (nonce=9223372036854818807, daa_score=1302)
2026-08-09 22:09:33.785+09:00 [INFO ] [rig0] mined block #187 (nonce=9223372036854891889, daa_score=1303)
2026-08-09 22:09:33.864+09:00 [INFO ] [rig0] mined block #188 (nonce=9223372036854816528, daa_score=1304)
2026-08-09 22:09:33.995+09:00 [INFO ] [rig0] mined block #189 (nonce=9223372036854846223, daa_score=1305)
2026-08-09 22:09:34.157+09:00 [INFO ] [rig0] mined block #190 (nonce=88879, daa_score=1306)
2026-08-09 22:09:34.772+09:00 [INFO ] [rig0] mined block #191 (nonce=348338, daa_score=1307)
2026-08-09 22:09:34.818+09:00 [INFO ] [rig0] mined block #192 (nonce=21351, daa_score=1308)
2026-08-09 22:09:34.941+09:00 [INFO ] [rig0] mined block #193 (nonce=9223372036854840335, daa_score=1309)
2026-08-09 22:09:34.961+09:00 [INFO ] [rig0] mined block #194 (nonce=9223372036854781474, daa_score=1310)
2026-08-09 22:09:35.265+09:00 [INFO ] [rig0] mined block #195 (nonce=9223372036854946891, daa_score=1311)
2026-08-09 22:09:35.510+09:00 [INFO ] [rig0] mined block #196 (nonce=9223372036854910009, daa_score=1312)
2026-08-09 22:09:36.145+09:00 [INFO ] [rig0] mined block #197 (nonce=9223372036855132095, daa_score=1313)
2026-08-09 22:09:37.213+09:00 [INFO ] [rig0] mined block #198 (nonce=9223372036855376955, daa_score=1314)
2026-08-09 22:09:37.555+09:00 [INFO ] [rig0] mined block #199 (nonce=9223372036854960861, daa_score=1315)
2026-08-09 22:09:37.821+09:00 [INFO ] [rig0] mined block #200 (nonce=148937, daa_score=1316)
2026-08-09 22:09:37.821+09:00 [INFO ] done: mined 200 blocks

  misaminer v1.0.0  —  MISAKA (kaspa-pq) Layer-0 CPU miner
  ---------------------------------------------------------
  pool/node : 127.0.0.1:17110
  network   : devnet
  worker    : rig0
  threads   : 2

2026-08-09 22:09:37.892+09:00 [WARN ] --allow-burn: mining to an UNSPENDABLE placeholder (rewards are lost) — PoW smoke test only.
2026-08-09 22:09:37.893+09:00 [INFO ] [rig0] connected to 127.0.0.1:17110; mining network_id=devnet to misakadev:qgqqqqqqqqqqqqqqqqqqqqqqqqqqqqqqqqqqqqqqqqqqqqqqqqqqqqqqqqqqqqqqqqqqqqqqqqqqqqqqqqqqqqqqqqqqqqqqqqqqqqqqets69efd
2026-08-09 22:09:38.535+09:00 [INFO ] [rig0] mined block #1 (nonce=356807, daa_score=1317)
2026-08-09 22:09:38.610+09:00 [INFO ] [rig0] mined block #2 (nonce=9223372036854812180, daa_score=1318)
2026-08-09 22:09:39.054+09:00 [INFO ] [rig0] mined block #3 (nonce=9223372036855019528, daa_score=1319)
2026-08-09 22:09:39.359+09:00 [INFO ] [rig0] mined block #4 (nonce=132538, daa_score=1320)
2026-08-09 22:09:40.369+09:00 [INFO ] [rig0] mined block #5 (nonce=9223372036855344471, daa_score=1321)
2026-08-09 22:09:41.110+09:00 [INFO ] [rig0] mined block #6 (nonce=9223372036855189864, daa_score=1322)
2026-08-09 22:09:41.640+09:00 [INFO ] [rig0] mined block #7 (nonce=9223372036855076768, daa_score=1323)
2026-08-09 22:09:41.805+09:00 [INFO ] [rig0] mined block #8 (nonce=90640, daa_score=1324)
2026-08-09 22:09:41.945+09:00 [INFO ] [rig0] mined block #9 (nonce=9223372036854851234, daa_score=1325)
2026-08-09 22:09:42.011+09:00 [INFO ] [rig0] mined block #10 (nonce=9223372036854809140, daa_score=1326)
2026-08-09 22:09:43.505+09:00 [INFO ] [rig0] mined block #11 (nonce=848854, daa_score=1327)
2026-08-09 22:09:43.784+09:00 [INFO ] [rig0] mined block #12 (nonce=9223372036854932344, daa_score=1328)
2026-08-09 22:09:44.279+09:00 [INFO ] [rig0] mined block #13 (nonce=9223372036855055833, daa_score=1329)
2026-08-09 22:09:44.375+09:00 [INFO ] [rig0] mined block #14 (nonce=49357, daa_score=1330)
2026-08-09 22:09:45.008+09:00 [INFO ] [rig0] mined block #15 (nonce=9223372036855134868, daa_score=1331)
2026-08-09 22:09:45.280+09:00 [INFO ] [rig0] mined block #16 (nonce=151113, daa_score=1332)
2026-08-09 22:09:48.101+09:00 [INFO ] [rig0] mined block #17 (nonce=9223372036856374424, daa_score=1333)
2026-08-09 22:09:48.903+09:00 [INFO ] [rig0] mined block #18 (nonce=454357, daa_score=1334)
2026-08-09 22:09:49.068+09:00 [INFO ] [rig0] mined block #19 (nonce=9223372036854865861, daa_score=1335)
2026-08-09 22:09:49.332+09:00 [INFO ] [rig0] mined block #20 (nonce=9223372036854924508, daa_score=1336)
2026-08-09 22:09:51.071+09:00 [INFO ] [rig0] mined block #21 (nonce=994216, daa_score=1337)
2026-08-09 22:09:51.837+09:00 [INFO ] [rig0] mined block #22 (nonce=436567, daa_score=1338)
2026-08-09 22:09:52.110+09:00 [INFO ] [rig0] mined block #23 (nonce=9223372036854929436, daa_score=1339)
2026-08-09 22:09:52.508+09:00 [INFO ] [rig0] mined block #24 (nonce=9223372036855002703, daa_score=1340)
2026-08-09 22:09:54.595+09:00 [INFO ] [rig0] mined block #25 (nonce=9223372036855940508, daa_score=1341)
2026-08-09 22:09:54.974+09:00 [INFO ] [rig0] mined block #26 (nonce=9223372036854989193, daa_score=1342)
2026-08-09 22:09:55.012+09:00 [INFO ] [rig0] mined block #27 (nonce=16573, daa_score=1343)
2026-08-09 22:09:57.399+09:00 [INFO ] [rig0] mined block #28 (nonce=9223372036856139888, daa_score=1344)
2026-08-09 22:09:57.762+09:00 [INFO ] [rig0] mined block #29 (nonce=200896, daa_score=1345)
2026-08-09 22:09:59.058+09:00 [INFO ] [rig0] mined block #30 (nonce=742516, daa_score=1346)
2026-08-09 22:09:59.058+09:00 [INFO ] done: mined 30 blocks
