
  misaminer v1.0.0  —  MISAKA (kaspa-pq) Layer-0 CPU miner
  ---------------------------------------------------------
  pool/node : 127.0.0.1:17110
  network   : devnet
  worker    : rig0
  threads   : 2

2026-08-09 21:59:30.363+09:00 [WARN ] --allow-burn: mining to an UNSPENDABLE placeholder (rewards are lost) — PoW smoke test only.
2026-08-09 21:59:30.364+09:00 [INFO ] [rig0] connected to 127.0.0.1:17110; mining network_id=devnet to misakadev:qgqqqqqqqqqqqqqqqqqqqqqqqqqqqqqqqqqqqqqqqqqqqqqqqqqqqqqqqqqqqqqqqqqqqqqqqqqqqqqqqqqqqqqqqqqqqqqqqqqqqqqqets69efd
2026-08-09 21:59:30.364+09:00 [INFO ] throttling block production to >= 1000 ms between blocks
2026-08-09 21:59:31.054+09:00 [INFO ] [rig0] mined block #1 (nonce=9223372036855163279, daa_score=0)
2026-08-09 21:59:33.494+09:00 [INFO ] [rig0] mined block #2 (nonce=9223372036855581210, daa_score=1)
2026-08-09 21:59:34.509+09:00 [INFO ] [rig0] mined block #3 (nonce=9223372036854781154, daa_score=2)
2026-08-09 21:59:36.076+09:00 [INFO ] [rig0] mined block #4 (nonce=309052, daa_score=3)
2026-08-09 21:59:38.027+09:00 [INFO ] [rig0] mined block #5 (nonce=9223372036855318167, daa_score=4)
2026-08-09 21:59:39.527+09:00 [INFO ] [rig0] mined block #6 (nonce=276853, daa_score=5)
2026-08-09 21:59:40.701+09:00 [INFO ] [rig0] mined block #7 (nonce=9223372036854862934, daa_score=6)
2026-08-09 21:59:41.937+09:00 [INFO ] [rig0] mined block #8 (nonce=123004, daa_score=7)
2026-08-09 21:59:43.454+09:00 [INFO ] [rig0] mined block #9 (nonce=9223372036855065694, daa_score=8)
2026-08-09 21:59:44.784+09:00 [INFO ] [rig0] mined block #10 (nonce=9223372036854962560, daa_score=9)
2026-08-09 21:59:46.114+09:00 [INFO ] [rig0] mined block #11 (nonce=9223372036854962649, daa_score=12)
2026-08-09 21:59:47.151+09:00 [INFO ] [rig0] mined block #12 (nonce=9223372036854795316, daa_score=15)
2026-08-09 21:59:48.166+09:00 [INFO ] [rig0] mined block #13 (nonce=9223372036854782506, daa_score=19)
2026-08-09 21:59:49.483+09:00 [INFO ] [rig0] mined block #14 (nonce=9223372036854955231, daa_score=25)
2026-08-09 21:59:51.474+09:00 [INFO ] [rig0] mined block #15 (nonce=569278, daa_score=28)
2026-08-09 21:59:52.758+09:00 [INFO ] [rig0] mined block #16 (nonce=9223372036854937195, daa_score=35)
2026-08-09 21:59:53.819+09:00 [INFO ] [rig0] mined block #17 (nonce=9223372036854808303, daa_score=37)
2026-08-09 21:59:55.033+09:00 [INFO ] [rig0] mined block #18 (nonce=121302, daa_score=41)
2026-08-09 21:59:56.484+09:00 [INFO ] [rig0] mined block #19 (nonce=9223372036855000568, daa_score=44)
2026-08-09 21:59:57.801+09:00 [INFO ] [rig0] mined block #20 (nonce=9223372036854955469, daa_score=46)
2026-08-09 21:59:58.811+09:00 [INFO ] [rig0] mined block #21 (nonce=3140, daa_score=48)
2026-08-09 22:00:00.620+09:00 [INFO ] [rig0] mined block #22 (nonce=9223372036855239098, daa_score=53)
2026-08-09 22:00:01.870+09:00 [INFO ] [rig0] mined block #23 (nonce=141358, daa_score=60)
2026-08-09 22:00:03.448+09:00 [INFO ] [rig0] mined block #24 (nonce=9223372036855104115, daa_score=66)
2026-08-09 22:00:05.272+09:00 [INFO ] [rig0] mined block #25 (nonce=9223372036855242958, daa_score=69)
2026-08-09 22:00:06.292+09:00 [INFO ] [rig0] mined block #26 (nonce=9223372036854784949, daa_score=73)
2026-08-09 22:00:07.534+09:00 [INFO ] [rig0] mined block #27 (nonce=135964, daa_score=75)
2026-08-09 22:00:08.542+09:00 [INFO ] [rig0] mined block #28 (nonce=9223372036854778439, daa_score=78)
2026-08-09 22:00:09.779+09:00 [INFO ] [rig0] mined block #29 (nonce=127899, daa_score=81)
2026-08-09 22:00:10.813+09:00 [INFO ] [rig0] mined block #30 (nonce=9968, daa_score=85)
2026-08-09 22:00:12.650+09:00 [INFO ] [rig0] mined block #31 (nonce=9223372036854959463, daa_score=86)
2026-08-09 22:00:13.895+09:00 [INFO ] [rig0] mined block #32 (nonce=9223372036854893327, daa_score=89)
2026-08-09 22:00:14.938+09:00 [INFO ] [rig0] mined block #33 (nonce=9223372036854797327, daa_score=94)
2026-08-09 22:00:16.289+09:00 [INFO ] [rig0] mined block #34 (nonce=9223372036854969163, daa_score=101)
2026-08-09 22:00:18.294+09:00 [INFO ] [rig0] mined block #35 (nonce=568073, daa_score=102)
2026-08-09 22:00:20.303+09:00 [INFO ] [rig0] mined block #36 (nonce=563500, daa_score=108)
2026-08-09 22:00:21.376+09:00 [INFO ] [rig0] mined block #37 (nonce=9223372036854815095, daa_score=113)
2026-08-09 22:00:22.557+09:00 [INFO ] [rig0] mined block #38 (nonce=9223372036854877061, daa_score=114)
2026-08-09 22:00:24.090+09:00 [INFO ] [rig0] mined block #39 (nonce=303954, daa_score=119)
2026-08-09 22:00:25.302+09:00 [INFO ] [rig0] mined block #40 (nonce=118652, daa_score=123)
2026-08-09 22:00:27.018+09:00 [INFO ] [rig0] mined block #41 (nonce=9223372036855183251, daa_score=126)
2026-08-09 22:00:28.311+09:00 [INFO ] [rig0] mined block #42 (nonce=9223372036854940100, daa_score=131)
2026-08-09 22:00:30.052+09:00 [INFO ] [rig0] mined block #43 (nonce=9223372036855198203, daa_score=134)
2026-08-09 22:00:31.087+09:00 [INFO ] [rig0] mined block #44 (nonce=9223372036854793183, daa_score=138)
2026-08-09 22:00:32.698+09:00 [INFO ] [rig0] mined block #45 (nonce=348949, daa_score=142)
2026-08-09 22:00:34.020+09:00 [INFO ] [rig0] mined block #46 (nonce=9223372036854958638, daa_score=145)
2026-08-09 22:00:35.107+09:00 [INFO ] [rig0] mined block #47 (nonce=9223372036854822389, daa_score=148)
2026-08-09 22:00:36.226+09:00 [INFO ] [rig0] mined block #48 (nonce=65767, daa_score=152)
2026-08-09 22:00:37.602+09:00 [INFO ] [rig0] mined block #49 (nonce=213136, daa_score=154)
2026-08-09 22:00:39.738+09:00 [INFO ] [rig0] mined block #50 (nonce=9223372036855425160, daa_score=160)
2026-08-09 22:00:41.898+09:00 [INFO ] [rig0] mined block #51 (nonce=9223372036855440948, daa_score=166)
2026-08-09 22:00:44.126+09:00 [INFO ] [rig0] mined block #52 (nonce=705442, daa_score=172)
2026-08-09 22:00:46.085+09:00 [INFO ] [rig0] mined block #53 (nonce=544423, daa_score=175)
2026-08-09 22:00:47.109+09:00 [INFO ] [rig0] mined block #54 (nonce=9223372036854787539, daa_score=180)
2026-08-09 22:00:48.366+09:00 [INFO ] [rig0] mined block #55 (nonce=9223372036854919113, daa_score=184)
2026-08-09 22:00:49.513+09:00 [INFO ] [rig0] mined block #56 (nonce=80101, daa_score=187)
2026-08-09 22:00:51.626+09:00 [INFO ] [rig0] mined block #57 (nonce=9223372036855405478, daa_score=191)
2026-08-09 22:00:53.070+09:00 [INFO ] [rig0] mined block #58 (nonce=249842, daa_score=198)
2026-08-09 22:00:54.245+09:00 [INFO ] [rig0] mined block #59 (nonce=9223372036854845873, daa_score=203)
2026-08-09 22:00:55.972+09:00 [INFO ] [rig0] mined block #60 (nonce=258201, daa_score=205)
2026-08-09 22:00:58.689+09:00 [INFO ] [rig0] mined block #61 (nonce=9223372036855455737, daa_score=207)
2026-08-09 22:01:00.290+09:00 [INFO ] [rig0] mined block #62 (nonce=235075, daa_score=212)
2026-08-09 22:01:01.598+09:00 [INFO ] [rig0] mined block #63 (nonce=117374, daa_score=216)
2026-08-09 22:01:03.865+09:00 [INFO ] [rig0] mined block #64 (nonce=503096, daa_score=217)
2026-08-09 22:01:05.532+09:00 [INFO ] [rig0] mined block #65 (nonce=9223372036855027211, daa_score=224)
2026-08-09 22:01:07.848+09:00 [INFO ] [rig0] mined block #66 (nonce=463835, daa_score=229)
2026-08-09 22:01:09.415+09:00 [INFO ] [rig0] mined block #67 (nonce=195248, daa_score=233)
2026-08-09 22:01:13.191+09:00 [INFO ] [rig0] mined block #68 (nonce=9223372036855633626, daa_score=236)
2026-08-09 22:01:14.836+09:00 [INFO ] [rig0] mined block #69 (nonce=9223372036855045247, daa_score=246)
2026-08-09 22:01:15.849+09:00 [INFO ] [rig0] mined block #70 (nonce=9223372036854778933, daa_score=250)
2026-08-09 22:01:17.098+09:00 [INFO ] [rig0] mined block #71 (nonce=9223372036854869739, daa_score=253)
2026-08-09 22:01:19.083+09:00 [INFO ] [rig0] mined block #72 (nonce=422364, daa_score=254)
2026-08-09 22:01:20.343+09:00 [INFO ] [rig0] mined block #73 (nonce=9223372036854861854, daa_score=257)
2026-08-09 22:01:21.383+09:00 [INFO ] [rig0] mined block #74 (nonce=9223372036854787854, daa_score=263)
2026-08-09 22:01:24.352+09:00 [INFO ] [rig0] mined block #75 (nonce=746249, daa_score=264)
2026-08-09 22:01:26.652+09:00 [INFO ] [rig0] mined block #76 (nonce=9223372036855296469, daa_score=272)
2026-08-09 22:01:28.618+09:00 [INFO ] [rig0] mined block #77 (nonce=9223372036855205441, daa_score=274)
2026-08-09 22:01:30.176+09:00 [INFO ] [rig0] mined block #78 (nonce=9223372036855036483, daa_score=281)
2026-08-09 22:01:31.537+09:00 [INFO ] [rig0] mined block #79 (nonce=145497, daa_score=282)
2026-08-09 22:01:33.431+09:00 [INFO ] [rig0] mined block #80 (nonce=438463, daa_score=284)
2026-08-09 22:01:34.664+09:00 [INFO ] [rig0] mined block #81 (nonce=114430, daa_score=289)
2026-08-09 22:01:38.211+09:00 [INFO ] [rig0] mined block #82 (nonce=9223372036856132633, daa_score=292)
2026-08-09 22:01:39.510+09:00 [INFO ] [rig0] mined block #83 (nonce=162296, daa_score=298)
2026-08-09 22:01:41.054+09:00 [INFO ] [rig0] mined block #84 (nonce=293273, daa_score=303)
2026-08-09 22:01:43.010+09:00 [INFO ] [rig0] mined block #85 (nonce=512145, daa_score=306)
2026-08-09 22:01:45.030+09:00 [INFO ] [rig0] mined block #86 (nonce=583143, daa_score=310)
2026-08-09 22:01:46.288+09:00 [INFO ] [rig0] mined block #87 (nonce=9223372036854921722, daa_score=313)
2026-08-09 22:01:47.461+09:00 [INFO ] [rig0] mined block #88 (nonce=9223372036854873508, daa_score=317)
2026-08-09 22:01:49.332+09:00 [INFO ] [rig0] mined block #89 (nonce=496016, daa_score=318)
2026-08-09 22:01:51.236+09:00 [INFO ] [rig0] mined block #90 (nonce=519268, daa_score=320)
2026-08-09 22:01:53.672+09:00 [INFO ] [rig0] mined block #91 (nonce=9223372036855599517, daa_score=323)
2026-08-09 22:01:55.610+09:00 [INFO ] [rig0] mined block #92 (nonce=538886, daa_score=326)
2026-08-09 22:01:56.828+09:00 [INFO ] [rig0] mined block #93 (nonce=9223372036854898974, daa_score=331)
2026-08-09 22:01:59.194+09:00 [INFO ] [rig0] mined block #94 (nonce=783449, daa_score=338)
2026-08-09 22:02:00.334+09:00 [INFO ] [rig0] mined block #95 (nonce=9223372036854853058, daa_score=339)
2026-08-09 22:02:01.521+09:00 [INFO ] [rig0] mined block #96 (nonce=106163, daa_score=345)
2026-08-09 22:02:03.047+09:00 [INFO ] [rig0] mined block #97 (nonce=301033, daa_score=348)
2026-08-09 22:02:04.627+09:00 [INFO ] [rig0] mined block #98 (nonce=332680, daa_score=352)
2026-08-09 22:02:06.501+09:00 [INFO ] [rig0] mined block #99 (nonce=501574, daa_score=355)
2026-08-09 22:02:08.416+09:00 [INFO ] [rig0] mined block #100 (nonce=525854, daa_score=358)
2026-08-09 22:02:09.882+09:00 [INFO ] [rig0] mined block #101 (nonce=9223372036855041477, daa_score=359)
2026-08-09 22:02:12.186+09:00 [INFO ] [rig0] mined block #102 (nonce=749027, daa_score=365)
2026-08-09 22:02:14.930+09:00 [INFO ] [rig0] mined block #103 (nonce=9223372036855777046, daa_score=369)
2026-08-09 22:02:16.321+09:00 [INFO ] [rig0] mined block #104 (nonce=9223372036854998178, daa_score=373)
2026-08-09 22:02:18.588+09:00 [INFO ] [rig0] mined block #105 (nonce=725487, daa_score=377)
2026-08-09 22:02:19.723+09:00 [INFO ] [rig0] mined block #106 (nonce=9223372036854850650, daa_score=383)
2026-08-09 22:02:21.294+09:00 [INFO ] [rig0] mined block #107 (nonce=326599, daa_score=385)
2026-08-09 22:02:22.483+09:00 [INFO ] [rig0] mined block #108 (nonce=9223372036854882941, daa_score=388)
2026-08-09 22:02:23.820+09:00 [INFO ] [rig0] mined block #109 (nonce=9223372036854967395, daa_score=392)
2026-08-09 22:02:25.331+09:00 [INFO ] [rig0] mined block #110 (nonce=9223372036855066204, daa_score=395)
2026-08-09 22:02:27.441+09:00 [INFO ] [rig0] mined block #111 (nonce=9223372036855410406, daa_score=397)
2026-08-09 22:02:30.625+09:00 [INFO ] [rig0] mined block #112 (nonce=9223372036856026555, daa_score=401)
2026-08-09 22:02:32.584+09:00 [INFO ] [rig0] mined block #113 (nonce=547795, daa_score=408)
2026-08-09 22:02:33.908+09:00 [INFO ] [rig0] mined block #114 (nonce=9223372036854958664, daa_score=415)
2026-08-09 22:02:34.958+09:00 [INFO ] [rig0] mined block #115 (nonce=24538, daa_score=417)
2026-08-09 22:02:36.018+09:00 [INFO ] [rig0] mined block #116 (nonce=9223372036854807462, daa_score=418)
2026-08-09 22:02:37.251+09:00 [INFO ] [rig0] mined block #117 (nonce=129656, daa_score=421)
2026-08-09 22:02:38.651+09:00 [INFO ] [rig0] mined block #118 (nonce=227470, daa_score=425)
2026-08-09 22:02:39.988+09:00 [INFO ] [rig0] mined block #119 (nonce=9223372036854966270, daa_score=427)
2026-08-09 22:02:41.727+09:00 [INFO ] [rig0] mined block #120 (nonce=9223372036855197733, daa_score=429)
2026-08-09 22:02:43.965+09:00 [INFO ] [rig0] mined block #121 (nonce=706773, daa_score=433)
2026-08-09 22:02:45.954+09:00 [INFO ] [rig0] mined block #122 (nonce=9223372036855343281, daa_score=442)
2026-08-09 22:02:47.678+09:00 [INFO ] [rig0] mined block #123 (nonce=9223372036855190909, daa_score=449)
2026-08-09 22:02:48.923+09:00 [INFO ] [rig0] mined block #124 (nonce=138226, daa_score=457)
2026-08-09 22:02:50.646+09:00 [INFO ] [rig0] mined block #125 (nonce=9223372036855189106, daa_score=460)
2026-08-09 22:02:52.003+09:00 [INFO ] [rig0] mined block #126 (nonce=201756, daa_score=461)
2026-08-09 22:02:53.764+09:00 [INFO ] [rig0] mined block #127 (nonce=9223372036855209166, daa_score=462)
2026-08-09 22:02:55.873+09:00 [INFO ] [rig0] mined block #128 (nonce=637578, daa_score=464)
2026-08-09 22:02:57.706+09:00 [INFO ] [rig0] mined block #129 (nonce=449427, daa_score=468)
2026-08-09 22:02:58.836+09:00 [INFO ] [rig0] mined block #130 (nonce=9223372036854845907, daa_score=470)
2026-08-09 22:03:00.248+09:00 [INFO ] [rig0] mined block #131 (nonce=233765, daa_score=475)
2026-08-09 22:03:01.633+09:00 [INFO ] [rig0] mined block #132 (nonce=9223372036854995334, daa_score=482)
2026-08-09 22:03:03.946+09:00 [INFO ] [rig0] mined block #133 (nonce=9223372036855527319, daa_score=485)
2026-08-09 22:03:05.624+09:00 [INFO ] [rig0] mined block #134 (nonce=9223372036855163157, daa_score=493)
2026-08-09 22:03:08.773+09:00 [INFO ] [rig0] mined block #135 (nonce=1231049, daa_score=495)
2026-08-09 22:03:11.588+09:00 [INFO ] [rig0] mined block #136 (nonce=1043727, daa_score=498)
2026-08-09 22:03:13.039+09:00 [INFO ] [rig0] mined block #137 (nonce=256767, daa_score=503)
2026-08-09 22:03:14.660+09:00 [INFO ] [rig0] mined block #138 (nonce=9223372036855131134, daa_score=506)
2026-08-09 22:03:16.136+09:00 [INFO ] [rig0] mined block #139 (nonce=270345, daa_score=510)
2026-08-09 22:03:17.610+09:00 [INFO ] [rig0] mined block #140 (nonce=9223372036855040447, daa_score=515)
2026-08-09 22:03:18.896+09:00 [INFO ] [rig0] mined block #141 (nonce=160746, daa_score=517)
2026-08-09 22:03:21.110+09:00 [INFO ] [rig0] mined block #142 (nonce=9223372036855471823, daa_score=520)
2026-08-09 22:03:23.618+09:00 [INFO ] [rig0] mined block #143 (nonce=9223372036855608174, daa_score=523)
2026-08-09 22:03:26.063+09:00 [INFO ] [rig0] mined block #144 (nonce=9223372036855598582, daa_score=528)
2026-08-09 22:03:27.197+09:00 [INFO ] [rig0] mined block #145 (nonce=9223372036854849128, daa_score=533)
2026-08-09 22:03:28.587+09:00 [INFO ] [rig0] mined block #146 (nonce=220517, daa_score=536)
2026-08-09 22:03:31.515+09:00 [INFO ] [rig0] mined block #147 (nonce=1100457, daa_score=538)
2026-08-09 22:03:33.566+09:00 [INFO ] [rig0] mined block #148 (nonce=596735, daa_score=544)
2026-08-09 22:03:35.407+09:00 [INFO ] [rig0] mined block #149 (nonce=9223372036855256857, daa_score=548)
2026-08-09 22:03:37.065+09:00 [INFO ] [rig0] mined block #150 (nonce=376450, daa_score=555)
2026-08-09 22:03:38.166+09:00 [INFO ] [rig0] mined block #151 (nonce=54910, daa_score=557)
2026-08-09 22:03:39.780+09:00 [INFO ] [rig0] mined block #152 (nonce=9223372036855126368, daa_score=562)
2026-08-09 22:03:41.370+09:00 [INFO ] [rig0] mined block #153 (nonce=9223372036855113390, daa_score=567)
2026-08-09 22:03:42.723+09:00 [INFO ] [rig0] mined block #154 (nonce=201693, daa_score=570)
2026-08-09 22:03:44.288+09:00 [INFO ] [rig0] mined block #155 (nonce=9223372036855098643, daa_score=577)
2026-08-09 22:03:45.804+09:00 [INFO ] [rig0] mined block #156 (nonce=9223372036855070352, daa_score=583)
2026-08-09 22:03:47.500+09:00 [INFO ] [rig0] mined block #157 (nonce=9223372036855171982, daa_score=587)
2026-08-09 22:03:49.115+09:00 [INFO ] [rig0] mined block #158 (nonce=9223372036855125696, daa_score=593)
2026-08-09 22:03:51.321+09:00 [INFO ] [rig0] mined block #159 (nonce=691871, daa_score=595)
2026-08-09 22:03:53.148+09:00 [INFO ] [rig0] mined block #160 (nonce=472799, daa_score=601)
2026-08-09 22:03:54.524+09:00 [INFO ] [rig0] mined block #161 (nonce=214365, daa_score=604)
2026-08-09 22:03:56.285+09:00 [INFO ] [rig0] mined block #162 (nonce=434230, daa_score=609)
2026-08-09 22:03:57.673+09:00 [INFO ] [rig0] mined block #163 (nonce=9223372036854996674, daa_score=614)
2026-08-09 22:03:58.726+09:00 [INFO ] [rig0] mined block #164 (nonce=9223372036854804035, daa_score=616)
2026-08-09 22:04:00.391+09:00 [INFO ] [rig0] mined block #165 (nonce=379901, daa_score=619)
2026-08-09 22:04:01.759+09:00 [INFO ] [rig0] mined block #166 (nonce=207711, daa_score=624)
2026-08-09 22:04:03.221+09:00 [INFO ] [rig0] mined block #167 (nonce=9223372036855036271, daa_score=629)
2026-08-09 22:04:04.691+09:00 [INFO ] [rig0] mined block #168 (nonce=9223372036855042761, daa_score=632)
2026-08-09 22:04:06.217+09:00 [INFO ] [rig0] mined block #169 (nonce=9223372036855070726, daa_score=636)
2026-08-09 22:04:07.371+09:00 [INFO ] [rig0] mined block #170 (nonce=9223372036854860658, daa_score=641)
2026-08-09 22:04:09.046+09:00 [INFO ] [rig0] mined block #171 (nonce=381976, daa_score=645)
2026-08-09 22:04:11.199+09:00 [INFO ] [rig0] mined block #172 (nonce=657545, daa_score=648)
2026-08-09 22:04:12.621+09:00 [INFO ] [rig0] mined block #173 (nonce=9223372036855017330, daa_score=655)
2026-08-09 22:04:14.489+09:00 [INFO ] [rig0] mined block #174 (nonce=496315, daa_score=659)
2026-08-09 22:04:16.662+09:00 [INFO ] [rig0] mined block #175 (nonce=9223372036855447607, daa_score=663)
2026-08-09 22:04:18.348+09:00 [INFO ] [rig0] mined block #176 (nonce=9223372036855166612, daa_score=669)
2026-08-09 22:04:19.481+09:00 [INFO ] [rig0] mined block #177 (nonce=9223372036854847028, daa_score=670)
2026-08-09 22:04:20.533+09:00 [INFO ] [rig0] mined block #178 (nonce=26515, daa_score=674)
2026-08-09 22:04:22.314+09:00 [INFO ] [rig0] mined block #179 (nonce=9223372036855223254, daa_score=678)
2026-08-09 22:04:23.407+09:00 [INFO ] [rig0] mined block #180 (nonce=9223372036854824068, daa_score=679)
2026-08-09 22:04:25.147+09:00 [INFO ] [rig0] mined block #181 (nonce=422057, daa_score=682)
2026-08-09 22:04:26.481+09:00 [INFO ] [rig0] mined block #182 (nonce=189188, daa_score=688)
2026-08-09 22:04:27.516+09:00 [INFO ] [rig0] mined block #183 (nonce=9223372036854790278, daa_score=689)
2026-08-09 22:04:29.233+09:00 [INFO ] [rig0] mined block #184 (nonce=410146, daa_score=694)
2026-08-09 22:04:30.358+09:00 [INFO ] [rig0] mined block #185 (nonce=66632, daa_score=695)
2026-08-09 22:04:31.838+09:00 [INFO ] [rig0] mined block #186 (nonce=272897, daa_score=697)
2026-08-09 22:04:32.979+09:00 [INFO ] [rig0] mined block #187 (nonce=74748, daa_score=700)
2026-08-09 22:04:34.253+09:00 [INFO ] [rig0] mined block #188 (nonce=155618, daa_score=704)
2026-08-09 22:04:35.742+09:00 [INFO ] [rig0] mined block #189 (nonce=9223372036855054363, daa_score=707)
2026-08-09 22:04:37.554+09:00 [INFO ] [rig0] mined block #190 (nonce=9223372036855240726, daa_score=709)
2026-08-09 22:04:39.163+09:00 [INFO ] [rig0] mined block #191 (nonce=346698, daa_score=712)
2026-08-09 22:04:40.463+09:00 [INFO ] [rig0] mined block #192 (nonce=9223372036854945573, daa_score=718)
2026-08-09 22:04:41.739+09:00 [INFO ] [rig0] mined block #193 (nonce=151460, daa_score=720)
2026-08-09 22:04:43.095+09:00 [INFO ] [rig0] mined block #194 (nonce=200602, daa_score=726)
2026-08-09 22:04:44.716+09:00 [INFO ] [rig0] mined block #195 (nonce=9223372036855130043, daa_score=729)
2026-08-09 22:04:46.119+09:00 [INFO ] [rig0] mined block #196 (nonce=228156, daa_score=731)
2026-08-09 22:04:47.254+09:00 [INFO ] [rig0] mined block #197 (nonce=74575, daa_score=737)
2026-08-09 22:04:48.644+09:00 [INFO ] [rig0] mined block #198 (nonce=221510, daa_score=741)
2026-08-09 22:04:50.216+09:00 [INFO ] [rig0] mined block #199 (nonce=9223372036855101705, daa_score=746)
2026-08-09 22:04:51.906+09:00 [INFO ] [rig0] mined block #200 (nonce=394060, daa_score=748)
2026-08-09 22:04:53.932+09:00 [INFO ] [rig0] mined block #201 (nonce=9223372036855365101, daa_score=750)
2026-08-09 22:04:55.055+09:00 [INFO ] [rig0] mined block #202 (nonce=66893, daa_score=757)
2026-08-09 22:04:56.113+09:00 [INFO ] [rig0] mined block #203 (nonce=30544, daa_score=762)
2026-08-09 22:04:57.531+09:00 [INFO ] [rig0] mined block #204 (nonce=9223372036855008725, daa_score=763)
2026-08-09 22:04:59.120+09:00 [INFO ] [rig0] mined block #205 (nonce=335043, daa_score=766)
2026-08-09 22:05:00.952+09:00 [INFO ] [rig0] mined block #206 (nonce=9223372036855251934, daa_score=770)
2026-08-09 22:05:02.469+09:00 [INFO ] [rig0] mined block #207 (nonce=9223372036855068636, daa_score=775)
2026-08-09 22:05:03.765+09:00 [INFO ] [rig0] mined block #208 (nonce=165782, daa_score=779)
2026-08-09 22:05:05.210+09:00 [INFO ] [rig0] mined block #209 (nonce=9223372036855027397, daa_score=782)
2026-08-09 22:05:06.595+09:00 [INFO ] [rig0] mined block #210 (nonce=9223372036854993289, daa_score=787)
2026-08-09 22:05:09.073+09:00 [INFO ] [rig0] mined block #211 (nonce=9223372036855621631, daa_score=789)
2026-08-09 22:05:11.665+09:00 [INFO ] [rig0] mined block #212 (nonce=9223372036855687323, daa_score=794)
2026-08-09 22:05:12.995+09:00 [INFO ] [rig0] mined block #213 (nonce=9223372036854961051, daa_score=800)
2026-08-09 22:05:14.210+09:00 [INFO ] [rig0] mined block #214 (nonce=120268, daa_score=806)
2026-08-09 22:05:16.580+09:00 [INFO ] [rig0] mined block #215 (nonce=9223372036855544999, daa_score=811)
2026-08-09 22:05:18.446+09:00 [INFO ] [rig0] mined block #216 (nonce=468879, daa_score=815)
2026-08-09 22:05:19.716+09:00 [INFO ] [rig0] mined block #217 (nonce=9223372036854922650, daa_score=822)
2026-08-09 22:05:21.737+09:00 [INFO ] [rig0] mined block #218 (nonce=544648, daa_score=826)
2026-08-09 22:05:23.429+09:00 [INFO ] [rig0] mined block #219 (nonce=9223372036855170941, daa_score=831)
2026-08-09 22:05:25.179+09:00 [INFO ] [rig0] mined block #220 (nonce=427858, daa_score=833)
2026-08-09 22:05:27.558+09:00 [INFO ] [rig0] mined block #221 (nonce=9223372036855529946, daa_score=835)
2026-08-09 22:05:29.446+09:00 [INFO ] [rig0] mined block #222 (nonce=9223372036855211068, daa_score=842)
2026-08-09 22:05:30.543+09:00 [INFO ] [rig0] mined block #223 (nonce=9223372036854824651, daa_score=848)
2026-08-09 22:05:32.600+09:00 [INFO ] [rig0] mined block #224 (nonce=595822, daa_score=853)
2026-08-09 22:05:34.163+09:00 [INFO ] [rig0] mined block #225 (nonce=308317, daa_score=859)
2026-08-09 22:05:36.414+09:00 [INFO ] [rig0] mined block #226 (nonce=681658, daa_score=862)
2026-08-09 22:05:37.497+09:00 [INFO ] [rig0] mined block #227 (nonce=43614, daa_score=864)
2026-08-09 22:05:38.841+09:00 [INFO ] [rig0] mined block #228 (nonce=180503, daa_score=867)
2026-08-09 22:05:40.461+09:00 [INFO ] [rig0] mined block #229 (nonce=302854, daa_score=868)
2026-08-09 22:05:41.533+09:00 [INFO ] [rig0] mined block #230 (nonce=9223372036854810182, daa_score=870)
2026-08-09 22:05:43.559+09:00 [INFO ] [rig0] mined block #231 (nonce=9223372036855357910, daa_score=874)
2026-08-09 22:05:44.802+09:00 [INFO ] [rig0] mined block #232 (nonce=9223372036854911730, daa_score=877)
2026-08-09 22:05:46.814+09:00 [INFO ] [rig0] mined block #233 (nonce=9223372036855354563, daa_score=880)
2026-08-09 22:05:48.657+09:00 [INFO ] [rig0] mined block #234 (nonce=9223372036855257123, daa_score=885)
2026-08-09 22:05:49.814+09:00 [INFO ] [rig0] mined block #235 (nonce=9223372036854862991, daa_score=890)
2026-08-09 22:05:51.142+09:00 [INFO ] [rig0] mined block #236 (nonce=9223372036854957344, daa_score=891)
2026-08-09 22:05:52.217+09:00 [INFO ] [rig0] mined block #237 (nonce=40191, daa_score=895)
2026-08-09 22:05:54.281+09:00 [INFO ] [rig0] mined block #238 (nonce=568217, daa_score=897)
2026-08-09 22:05:55.602+09:00 [INFO ] [rig0] mined block #239 (nonce=168966, daa_score=904)
2026-08-09 22:05:56.643+09:00 [INFO ] [rig0] mined block #240 (nonce=9223372036854794193, daa_score=906)
2026-08-09 22:05:58.437+09:00 [INFO ] [rig0] mined block #241 (nonce=9223372036855225496, daa_score=907)
2026-08-09 22:05:59.846+09:00 [INFO ] [rig0] mined block #242 (nonce=9223372036855008886, daa_score=910)
2026-08-09 22:06:01.598+09:00 [INFO ] [rig0] mined block #243 (nonce=429982, daa_score=916)
2026-08-09 22:06:02.768+09:00 [INFO ] [rig0] mined block #244 (nonce=94495, daa_score=920)
2026-08-09 22:06:04.073+09:00 [INFO ] [rig0] mined block #245 (nonce=173896, daa_score=925)
2026-08-09 22:06:05.751+09:00 [INFO ] [rig0] mined block #246 (nonce=9223372036855164689, daa_score=929)
2026-08-09 22:06:06.895+09:00 [INFO ] [rig0] mined block #247 (nonce=9223372036854853271, daa_score=933)
2026-08-09 22:06:08.109+09:00 [INFO ] [rig0] mined block #248 (nonce=117702, daa_score=934)
2026-08-09 22:06:10.286+09:00 [INFO ] [rig0] mined block #249 (nonce=641542, daa_score=936)
2026-08-09 22:06:12.749+09:00 [INFO ] [rig0] mined block #250 (nonce=840442, daa_score=945)
2026-08-09 22:06:14.282+09:00 [INFO ] [rig0] mined block #251 (nonce=9223372036855081679, daa_score=948)
2026-08-09 22:06:15.712+09:00 [INFO ] [rig0] mined block #252 (nonce=9223372036855017611, daa_score=949)
2026-08-09 22:06:17.397+09:00 [INFO ] [rig0] mined block #253 (nonce=9223372036855165744, daa_score=958)
2026-08-09 22:06:21.880+09:00 [INFO ] [rig0] mined block #254 (nonce=9223372036855532057, daa_score=961)
2026-08-09 22:06:26.300+09:00 [INFO ] [rig0] mined block #255 (nonce=721129, daa_score=965)
2026-08-09 22:06:31.348+09:00 [INFO ] [rig0] mined block #256 (nonce=1062406, daa_score=968)
2026-08-09 22:06:33.746+09:00 [INFO ] [rig0] mined block #257 (nonce=385772, daa_score=970)
2026-08-09 22:06:35.297+09:00 [INFO ] [rig0] mined block #258 (nonce=192411, daa_score=973)
2026-08-09 22:06:37.178+09:00 [INFO ] [rig0] mined block #259 (nonce=239073, daa_score=978)
2026-08-09 22:06:38.344+09:00 [INFO ] [rig0] mined block #260 (nonce=70226, daa_score=980)
2026-08-09 22:06:39.851+09:00 [INFO ] [rig0] mined block #261 (nonce=9223372036854949481, daa_score=982)
2026-08-09 22:06:44.815+09:00 [INFO ] [rig0] mined block #262 (nonce=941351, daa_score=984)
2026-08-09 22:06:47.486+09:00 [INFO ] [rig0] mined block #263 (nonce=9223372036855358390, daa_score=988)
2026-08-09 22:06:49.640+09:00 [INFO ] [rig0] mined block #264 (nonce=575084, daa_score=993)
2026-08-09 22:06:51.966+09:00 [INFO ] [rig0] mined block #265 (nonce=676766, daa_score=996)
2026-08-09 22:06:54.123+09:00 [INFO ] [rig0] mined block #266 (nonce=433420, daa_score=999)
2026-08-09 22:06:55.568+09:00 [INFO ] [rig0] mined block #267 (nonce=9223372036854914712, daa_score=1000)
2026-08-09 22:06:56.772+09:00 [INFO ] [rig0] mined block #268 (nonce=9223372036854890562, daa_score=1004)
2026-08-09 22:06:57.979+09:00 [INFO ] [rig0] mined block #269 (nonce=115627, daa_score=1009)
2026-08-09 22:06:59.636+09:00 [INFO ] [rig0] mined block #270 (nonce=9223372036854982036, daa_score=1014)
2026-08-09 22:07:02.386+09:00 [INFO ] [rig0] mined block #271 (nonce=9223372036855537528, daa_score=1017)
2026-08-09 22:07:03.866+09:00 [INFO ] [rig0] mined block #272 (nonce=150115, daa_score=1020)
2026-08-09 22:07:05.227+09:00 [INFO ] [rig0] mined block #273 (nonce=116563, daa_score=1021)
2026-08-09 22:07:06.788+09:00 [INFO ] [rig0] mined block #274 (nonce=275580, daa_score=1023)
2026-08-09 22:07:09.597+09:00 [INFO ] [rig0] mined block #275 (nonce=9223372036855367423, daa_score=1025)
2026-08-09 22:07:12.442+09:00 [INFO ] [rig0] mined block #276 (nonce=9223372036855256055, daa_score=1027)
2026-08-09 22:07:15.309+09:00 [INFO ] [rig0] mined block #277 (nonce=543944, daa_score=1032)
2026-08-09 22:07:16.880+09:00 [INFO ] [rig0] mined block #278 (nonce=183821, daa_score=1037)
2026-08-09 22:07:20.080+09:00 [INFO ] [rig0] mined block #279 (nonce=9223372036855403220, daa_score=1039)
2026-08-09 22:07:21.162+09:00 [INFO ] [rig0] mined block #280 (nonce=17695, daa_score=1042)
2026-08-09 22:07:24.379+09:00 [INFO ] [rig0] mined block #281 (nonce=9223372036855354963, daa_score=1044)
2026-08-09 22:07:26.317+09:00 [INFO ] [rig0] mined block #282 (nonce=260317, daa_score=1048)
2026-08-09 22:07:29.204+09:00 [INFO ] [rig0] mined block #283 (nonce=460598, daa_score=1051)
2026-08-09 22:07:31.101+09:00 [INFO ] [rig0] mined block #284 (nonce=9223372036854968037, daa_score=1053)
2026-08-09 22:07:32.453+09:00 [INFO ] [rig0] mined block #285 (nonce=9223372036854872849, daa_score=1054)
2026-08-09 22:07:34.001+09:00 [INFO ] [rig0] mined block #286 (nonce=9223372036854869425, daa_score=1056)
2026-08-09 22:07:35.469+09:00 [INFO ] [rig0] mined block #287 (nonce=89505, daa_score=1057)
2026-08-09 22:07:36.709+09:00 [INFO ] [rig0] mined block #288 (nonce=122307, daa_score=1058)
2026-08-09 22:07:38.461+09:00 [INFO ] [rig0] mined block #289 (nonce=422852, daa_score=1061)
2026-08-09 22:07:39.799+09:00 [INFO ] [rig0] mined block #290 (nonce=177457, daa_score=1066)
2026-08-09 22:07:40.837+09:00 [INFO ] [rig0] mined block #291 (nonce=9223372036854791557, daa_score=1067)
2026-08-09 22:07:43.162+09:00 [INFO ] [rig0] mined block #292 (nonce=745769, daa_score=1071)
2026-08-09 22:07:44.203+09:00 [INFO ] [rig0] mined block #293 (nonce=17900, daa_score=1074)
2026-08-09 22:07:46.036+09:00 [INFO ] [rig0] mined block #294 (nonce=9223372036855252335, daa_score=1077)
2026-08-09 22:07:48.045+09:00 [INFO ] [rig0] mined block #295 (nonce=578849, daa_score=1080)
2026-08-09 22:07:49.823+09:00 [INFO ] [rig0] mined block #296 (nonce=9223372036855220588, daa_score=1086)
2026-08-09 22:07:51.611+09:00 [INFO ] [rig0] mined block #297 (nonce=449246, daa_score=1089)
2026-08-09 22:07:52.888+09:00 [INFO ] [rig0] mined block #298 (nonce=156560, daa_score=1093)
2026-08-09 22:07:54.065+09:00 [INFO ] [rig0] mined block #299 (nonce=9223372036854873465, daa_score=1097)
2026-08-09 22:07:56.446+09:00 [INFO ] [rig0] mined block #300 (nonce=770764, daa_score=1102)
2026-08-09 22:07:57.538+09:00 [INFO ] [rig0] mined block #301 (nonce=50262, daa_score=1107)
2026-08-09 22:07:59.310+09:00 [INFO ] [rig0] mined block #302 (nonce=441861, daa_score=1110)
2026-08-09 22:08:01.132+09:00 [INFO ] [rig0] mined block #303 (nonce=467678, daa_score=1112)
2026-08-09 22:08:02.942+09:00 [INFO ] [rig0] mined block #304 (nonce=464050, daa_score=1115)
2026-08-09 22:08:04.221+09:00 [INFO ] [rig0] mined block #305 (nonce=156786, daa_score=1119)
2026-08-09 22:08:05.843+09:00 [INFO ] [rig0] mined block #306 (nonce=9223372036855130655, daa_score=1124)
2026-08-09 22:08:07.989+09:00 [INFO ] [rig0] mined block #307 (nonce=9223372036855429846, daa_score=1128)
2026-08-09 22:08:10.014+09:00 [INFO ] [rig0] mined block #308 (nonce=9223372036855363237, daa_score=1134)
2026-08-09 22:08:12.209+09:00 [INFO ] [rig0] mined block #309 (nonce=682243, daa_score=1137)
2026-08-09 22:08:14.438+09:00 [INFO ] [rig0] mined block #310 (nonce=704641, daa_score=1139)
2026-08-09 22:08:16.844+09:00 [INFO ] [rig0] mined block #311 (nonce=801572, daa_score=1144)
2026-08-09 22:08:18.446+09:00 [INFO ] [rig0] mined block #312 (nonce=9223372036855119407, daa_score=1150)
2026-08-09 22:08:20.412+09:00 [INFO ] [rig0] mined block #313 (nonce=546609, daa_score=1152)
2026-08-09 22:08:22.092+09:00 [INFO ] [rig0] mined block #314 (nonce=9223372036855165016, daa_score=1155)
2026-08-09 22:08:24.388+09:00 [INFO ] [rig0] mined block #315 (nonce=9223372036855515199, daa_score=1159)
2026-08-09 22:08:27.115+09:00 [INFO ] [rig0] mined block #316 (nonce=981314, daa_score=1162)
2026-08-09 22:08:28.635+09:00 [INFO ] [rig0] mined block #317 (nonce=296744, daa_score=1166)
2026-08-09 22:08:29.915+09:00 [INFO ] [rig0] mined block #318 (nonce=157250, daa_score=1171)
2026-08-09 22:08:32.057+09:00 [INFO ] [rig0] mined block #319 (nonce=651492, daa_score=1175)
2026-08-09 22:08:34.160+09:00 [INFO ] [rig0] mined block #320 (nonce=9223372036855402823, daa_score=1180)
2026-08-09 22:08:35.537+09:00 [INFO ] [rig0] mined block #321 (nonce=213222, daa_score=1183)
2026-08-09 22:08:37.354+09:00 [INFO ] [rig0] mined block #322 (nonce=9223372036855241561, daa_score=1187)
2026-08-09 22:08:40.334+09:00 [INFO ] [rig0] mined block #323 (nonce=9223372036855909017, daa_score=1191)
2026-08-09 22:08:41.993+09:00 [INFO ] [rig0] mined block #324 (nonce=374215, daa_score=1195)
2026-08-09 22:08:44.229+09:00 [INFO ] [rig0] mined block #325 (nonce=9223372036855467157, daa_score=1199)
2026-08-09 22:08:46.904+09:00 [INFO ] [rig0] mined block #326 (nonce=9223372036855654463, daa_score=1202)
2026-08-09 22:08:48.929+09:00 [INFO ] [rig0] mined block #327 (nonce=9223372036855358983, daa_score=1209)
2026-08-09 22:08:50.592+09:00 [INFO ] [rig0] mined block #328 (nonce=373473, daa_score=1211)
2026-08-09 22:08:51.846+09:00 [INFO ] [rig0] mined block #329 (nonce=141110, daa_score=1219)
2026-08-09 22:08:53.504+09:00 [INFO ] [rig0] mined block #330 (nonce=370685, daa_score=1223)
2026-08-09 22:08:55.022+09:00 [INFO ] [rig0] mined block #331 (nonce=291124, daa_score=1226)
2026-08-09 22:08:57.205+09:00 [INFO ] [rig0] mined block #332 (nonce=9223372036855442533, daa_score=1230)
2026-08-09 22:08:58.497+09:00 [INFO ] [rig0] mined block #333 (nonce=164827, daa_score=1234)
2026-08-09 22:08:59.960+09:00 [INFO ] [rig0] mined block #334 (nonce=9223372036855039568, daa_score=1238)
2026-08-09 22:09:01.100+09:00 [INFO ] [rig0] mined block #335 (nonce=71733, daa_score=1239)
2026-08-09 22:09:02.965+09:00 [INFO ] [rig0] mined block #336 (nonce=493570, daa_score=1242)
2026-08-09 22:09:04.146+09:00 [INFO ] [rig0] mined block #337 (nonce=9223372036854874515, daa_score=1244)
2026-08-09 22:09:05.863+09:00 [INFO ] [rig0] mined block #338 (nonce=9223372036855184623, daa_score=1247)
2026-08-09 22:09:07.934+09:00 [INFO ] [rig0] mined block #339 (nonce=9223372036855384827, daa_score=1250)
2026-08-09 22:09:11.182+09:00 [INFO ] [rig0] mined block #340 (nonce=9223372036856056939, daa_score=1252)
2026-08-09 22:09:13.652+09:00 [INFO ] [rig0] mined block #341 (nonce=9223372036855613210, daa_score=1255)
2026-08-09 22:09:15.452+09:00 [INFO ] [rig0] mined block #342 (nonce=9223372036855232176, daa_score=1261)
2026-08-09 22:09:17.511+09:00 [INFO ] [rig0] mined block #343 (nonce=9223372036855382397, daa_score=1265)
2026-08-09 22:09:18.810+09:00 [INFO ] [rig0] mined block #344 (nonce=9223372036854939118, daa_score=1266)
2026-08-09 22:09:19.889+09:00 [INFO ] [rig0] mined block #345 (nonce=9223372036854817280, daa_score=1273)
2026-08-09 22:09:21.383+09:00 [INFO ] [rig0] mined block #346 (nonce=284306, daa_score=1278)
2026-08-09 22:09:23.810+09:00 [INFO ] [rig0] mined block #347 (nonce=812679, daa_score=1282)
2026-08-09 22:09:26.261+09:00 [INFO ] [rig0] mined block #348 (nonce=9223372036855607285, daa_score=1286)
2026-08-09 22:09:28.426+09:00 [INFO ] [rig0] mined block #349 (nonce=9223372036855439696, daa_score=1290)
2026-08-09 22:09:31.117+09:00 [INFO ] [rig0] mined block #350 (nonce=971102, daa_score=1295)
2026-08-09 22:09:32.892+09:00 [INFO ] [rig0] mined block #351 (nonce=444678, daa_score=1300)
2026-08-09 22:09:34.016+09:00 [INFO ] [rig0] mined block #352 (nonce=9223372036854846223, daa_score=1305)
2026-08-09 22:09:35.317+09:00 [INFO ] [rig0] mined block #353 (nonce=9223372036854946891, daa_score=1311)
2026-08-09 22:09:37.380+09:00 [INFO ] [rig0] mined block #354 (nonce=9223372036855376955, daa_score=1314)
2026-08-09 22:09:39.014+09:00 [INFO ] [rig0] mined block #355 (nonce=356807, daa_score=1317)
2026-08-09 22:09:41.029+09:00 [INFO ] [rig0] mined block #356 (nonce=9223372036855344471, daa_score=1321)
2026-08-09 22:09:43.518+09:00 [INFO ] [rig0] mined block #357 (nonce=848854, daa_score=1327)
2026-08-09 22:09:45.149+09:00 [INFO ] [rig0] mined block #358 (nonce=9223372036855134868, daa_score=1331)
2026-08-09 22:09:48.969+09:00 [INFO ] [rig0] mined block #359 (nonce=9223372036856374424, daa_score=1333)
2026-08-09 22:09:51.720+09:00 [INFO ] [rig0] mined block #360 (nonce=994216, daa_score=1337)
2026-08-09 22:09:54.816+09:00 [INFO ] [rig0] mined block #361 (nonce=9223372036855940508, daa_score=1341)
2026-08-09 22:09:58.212+09:00 [INFO ] [rig0] mined block #362 (nonce=9223372036856139888, daa_score=1344)
2026-08-09 22:09:59.214+09:00 [WARN ] get_block_template failed: Not connected to server; retrying in 1s
2026-08-09 22:10:00.215+09:00 [WARN ] get_block_template failed: Not connected to server; retrying in 1s
2026-08-09 22:10:01.217+09:00 [WARN ] get_block_template failed: Not connected to server; retrying in 1s
2026-08-09 22:10:02.220+09:00 [WARN ] get_block_template failed: Not connected to server; retrying in 1s
2026-08-09 22:10:03.221+09:00 [WARN ] get_block_template failed: Not connected to server; retrying in 1s
2026-08-09 22:10:04.223+09:00 [WARN ] get_block_template failed: Not connected to server; retrying in 1s
2026-08-09 22:10:05.226+09:00 [WARN ] get_block_template failed: Not connected to server; retrying in 1s
2026-08-09 22:10:06.228+09:00 [WARN ] get_block_template failed: Not connected to server; retrying in 1s
2026-08-09 22:10:07.229+09:00 [WARN ] get_block_template failed: Not connected to server; retrying in 1s
2026-08-09 22:10:08.231+09:00 [WARN ] get_block_template failed: Not connected to server; retrying in 1s
2026-08-09 22:10:09.232+09:00 [WARN ] get_block_template failed: Not connected to server; retrying in 1s
2026-08-09 22:10:10.234+09:00 [WARN ] get_block_template failed: Not connected to server; retrying in 1s
2026-08-09 22:10:11.236+09:00 [WARN ] get_block_template failed: Not connected to server; retrying in 1s
2026-08-09 22:10:12.238+09:00 [WARN ] get_block_template failed: Not connected to server; retrying in 1s
2026-08-09 22:10:13.241+09:00 [WARN ] get_block_template failed: Not connected to server; retrying in 1s
2026-08-09 22:10:14.244+09:00 [WARN ] get_block_template failed: Not connected to server; retrying in 1s
2026-08-09 22:10:15.351+09:00 [INFO ] [rig0] mined block #363 (nonce=48220, daa_score=1347)
2026-08-09 22:10:16.427+09:00 [INFO ] [rig0] mined block #364 (nonce=9223372036854803509, daa_score=1348)
2026-08-09 22:10:17.526+09:00 [INFO ] [rig0] mined block #365 (nonce=49827, daa_score=1349)
2026-08-09 22:10:18.931+09:00 [INFO ] [rig0] mined block #366 (nonce=220418, daa_score=1350)
2026-08-09 22:10:20.028+09:00 [INFO ] [rig0] mined block #367 (nonce=43077, daa_score=1351)
2026-08-09 22:10:21.082+09:00 [INFO ] [rig0] mined block #368 (nonce=9223372036854799821, daa_score=1352)
2026-08-09 22:10:24.282+09:00 [INFO ] [rig0] mined block #369 (nonce=9223372036856026291, daa_score=1353)
2026-08-09 22:10:26.535+09:00 [INFO ] [rig0] mined block #370 (nonce=9223372036855474395, daa_score=1354)
2026-08-09 22:10:28.241+09:00 [INFO ] [rig0] mined block #371 (nonce=396685, daa_score=1355)
2026-08-09 22:10:29.256+09:00 [INFO ] [rig0] mined block #372 (nonce=1200, daa_score=1356)
2026-08-09 22:10:30.382+09:00 [INFO ] [rig0] mined block #373 (nonce=52357, daa_score=1357)
2026-08-09 22:10:31.936+09:00 [INFO ] [rig0] mined block #374 (nonce=300031, daa_score=1358)
2026-08-09 22:10:33.328+09:00 [INFO ] [rig0] mined block #375 (nonce=208015, daa_score=1359)
2026-08-09 22:10:35.710+09:00 [INFO ] [rig0] mined block #376 (nonce=9223372036855571273, daa_score=1360)
2026-08-09 22:10:36.882+09:00 [INFO ] [rig0] mined block #377 (nonce=9223372036854866916, daa_score=1361)
2026-08-09 22:10:38.194+09:00 [INFO ] [rig0] mined block #378 (nonce=9223372036854935594, daa_score=1362)
2026-08-09 22:10:39.221+09:00 [INFO ] [rig0] mined block #379 (nonce=9223372036854778745, daa_score=1363)
2026-08-09 22:10:41.660+09:00 [INFO ] [rig0] mined block #380 (nonce=827186, daa_score=1364)
2026-08-09 22:10:42.792+09:00 [INFO ] [rig0] mined block #381 (nonce=9223372036854845564, daa_score=1365)
2026-08-09 22:10:44.168+09:00 [INFO ] [rig0] mined block #382 (nonce=197312, daa_score=1366)
2026-08-09 22:10:45.336+09:00 [INFO ] [rig0] mined block #383 (nonce=76786, daa_score=1367)
2026-08-09 22:10:46.410+09:00 [INFO ] [rig0] mined block #384 (nonce=9223372036854795942, daa_score=1368)
2026-08-09 22:10:47.442+09:00 [INFO ] [rig0] mined block #385 (nonce=10415, daa_score=1369)
2026-08-09 22:10:48.542+09:00 [INFO ] [rig0] mined block #386 (nonce=50076, daa_score=1370)
2026-08-09 22:10:49.869+09:00 [INFO ] [rig0] mined block #387 (nonce=9223372036854949045, daa_score=1371)
2026-08-09 22:10:51.577+09:00 [INFO ] [rig0] mined block #388 (nonce=9223372036855164888, daa_score=1372)
2026-08-09 22:10:53.132+09:00 [INFO ] [rig0] mined block #389 (nonce=303451, daa_score=1373)
2026-08-09 22:10:54.318+09:00 [INFO ] [rig0] mined block #390 (nonce=87264, daa_score=1374)
2026-08-09 22:10:55.358+09:00 [INFO ] [rig0] mined block #391 (nonce=5593, daa_score=1375)
2026-08-09 22:10:57.266+09:00 [INFO ] [rig0] mined block #392 (nonce=9223372036855276951, daa_score=1376)
2026-08-09 22:10:58.900+09:00 [INFO ] [rig0] mined block #393 (nonce=9223372036855123092, daa_score=1377)
2026-08-09 22:10:59.937+09:00 [INFO ] [rig0] mined block #394 (nonce=9223372036854782413, daa_score=1378)
2026-08-09 22:11:01.569+09:00 [INFO ] [rig0] mined block #395 (nonce=348133, daa_score=1379)
2026-08-09 22:11:03.840+09:00 [INFO ] [rig0] mined block #396 (nonce=9223372036855485094, daa_score=1380)
2026-08-09 22:11:04.904+09:00 [INFO ] [rig0] mined block #397 (nonce=15328, daa_score=1381)
2026-08-09 22:11:06.040+09:00 [INFO ] [rig0] mined block #398 (nonce=9223372036854839902, daa_score=1382)
2026-08-09 22:11:07.483+09:00 [INFO ] [rig0] mined block #399 (nonce=9223372036854991454, daa_score=1383)
2026-08-09 22:11:08.665+09:00 [INFO ] [rig0] mined block #400 (nonce=88473, daa_score=1384)
2026-08-09 22:11:09.764+09:00 [INFO ] [rig0] mined block #401 (nonce=9223372036854825213, daa_score=1385)
2026-08-09 22:11:11.266+09:00 [INFO ] [rig0] mined block #402 (nonce=278939, daa_score=1386)
2026-08-09 22:11:12.292+09:00 [INFO ] [rig0] mined block #403 (nonce=9223372036854777994, daa_score=1387)
2026-08-09 22:11:13.320+09:00 [INFO ] [rig0] mined block #404 (nonce=4253, daa_score=1388)
2026-08-09 22:11:17.007+09:00 [INFO ] [rig0] mined block #405 (nonce=9223372036856316028, daa_score=1389)
2026-08-09 22:11:19.179+09:00 [INFO ] [rig0] mined block #406 (nonce=656872, daa_score=1390)
2026-08-09 22:11:20.437+09:00 [INFO ] [rig0] mined block #407 (nonce=115258, daa_score=1391)
2026-08-09 22:11:21.464+09:00 [INFO ] [rig0] mined block #408 (nonce=1790, daa_score=1392)
2026-08-09 22:11:23.523+09:00 [INFO ] [rig0] mined block #409 (nonce=9223372036855369923, daa_score=1393)
2026-08-09 22:11:25.928+09:00 [INFO ] [rig0] mined block #410 (nonce=793751, daa_score=1394)
2026-08-09 22:11:27.819+09:00 [INFO ] [rig0] mined block #411 (nonce=9223372036855222734, daa_score=1395)
2026-08-09 22:11:29.137+09:00 [INFO ] [rig0] mined block #412 (nonce=9223372036854942684, daa_score=1396)
2026-08-09 22:11:31.270+09:00 [INFO ] [rig0] mined block #413 (nonce=9223372036855377157, daa_score=1397)
2026-08-09 22:11:32.618+09:00 [INFO ] [rig0] mined block #414 (nonce=9223372036854956192, daa_score=1398)
2026-08-09 22:11:33.692+09:00 [INFO ] [rig0] mined block #415 (nonce=9223372036854797956, daa_score=1399)
2026-08-09 22:11:34.869+09:00 [INFO ] [rig0] mined block #416 (nonce=74070, daa_score=1400)
2026-08-09 22:11:36.249+09:00 [INFO ] [rig0] mined block #417 (nonce=9223372036854967105, daa_score=1401)
2026-08-09 22:11:37.476+09:00 [INFO ] [rig0] mined block #418 (nonce=9223372036854884535, daa_score=1402)
2026-08-09 22:11:39.017+09:00 [INFO ] [rig0] mined block #419 (nonce=9223372036855067124, daa_score=1403)
2026-08-09 22:11:40.446+09:00 [INFO ] [rig0] mined block #420 (nonce=9223372036854999512, daa_score=1404)
2026-08-09 22:11:41.575+09:00 [INFO ] [rig0] mined block #421 (nonce=9223372036854825237, daa_score=1405)
2026-08-09 22:11:43.442+09:00 [INFO ] [rig0] mined block #422 (nonce=481762, daa_score=1406)
2026-08-09 22:11:44.921+09:00 [INFO ] [rig0] mined block #423 (nonce=9223372036855029722, daa_score=1407)
2026-08-09 22:11:46.553+09:00 [INFO ] [rig0] mined block #424 (nonce=350567, daa_score=1408)
2026-08-09 22:11:47.657+09:00 [INFO ] [rig0] mined block #425 (nonce=9223372036854825089, daa_score=1409)
2026-08-09 22:11:48.877+09:00 [INFO ] [rig0] mined block #426 (nonce=117704, daa_score=1410)
2026-08-09 22:11:50.583+09:00 [INFO ] [rig0] mined block #427 (nonce=9223372036855135774, daa_score=1411)
2026-08-09 22:11:51.662+09:00 [INFO ] [rig0] mined block #428 (nonce=20440, daa_score=1412)
2026-08-09 22:11:53.651+09:00 [INFO ] [rig0] mined block #429 (nonce=550592, daa_score=1413)
2026-08-09 22:11:55.128+09:00 [INFO ] [rig0] mined block #430 (nonce=252982, daa_score=1414)
2026-08-09 22:11:56.155+09:00 [INFO ] [rig0] mined block #431 (nonce=3261, daa_score=1415)
2026-08-09 22:11:57.963+09:00 [INFO ] [rig0] mined block #432 (nonce=445806, daa_score=1416)
2026-08-09 22:11:59.266+09:00 [INFO ] [rig0] mined block #433 (nonce=9223372036854927838, daa_score=1417)
2026-08-09 22:12:00.390+09:00 [INFO ] [rig0] mined block #434 (nonce=9223372036854833978, daa_score=1418)
2026-08-09 22:12:01.537+09:00 [INFO ] [rig0] mined block #435 (nonce=9223372036854838799, daa_score=1419)
2026-08-09 22:12:04.735+09:00 [INFO ] [rig0] mined block #436 (nonce=9223372036856045412, daa_score=1420)
2026-08-09 22:12:05.970+09:00 [INFO ] [rig0] mined block #437 (nonce=9223372036854888152, daa_score=1421)
2026-08-09 22:12:07.069+09:00 [INFO ] [rig0] mined block #438 (nonce=45896, daa_score=1422)
2026-08-09 22:12:08.118+09:00 [INFO ] [rig0] mined block #439 (nonce=9223372036854785691, daa_score=1423)
2026-08-09 22:12:09.777+09:00 [INFO ] [rig0] mined block #440 (nonce=365006, daa_score=1424)
2026-08-09 22:12:11.018+09:00 [INFO ] [rig0] mined block #441 (nonce=127198, daa_score=1425)
2026-08-09 22:12:12.193+09:00 [INFO ] [rig0] mined block #442 (nonce=91552, daa_score=1426)
2026-08-09 22:12:13.381+09:00 [INFO ] [rig0] mined block #443 (nonce=96038, daa_score=1427)
2026-08-09 22:12:15.153+09:00 [INFO ] [rig0] mined block #444 (nonce=437415, daa_score=1428)
2026-08-09 22:12:16.555+09:00 [INFO ] [rig0] mined block #445 (nonce=9223372036854996486, daa_score=1429)
2026-08-09 22:12:18.095+09:00 [INFO ] [rig0] mined block #446 (nonce=9223372036855076044, daa_score=1430)
2026-08-09 22:12:21.761+09:00 [INFO ] [rig0] mined block #447 (nonce=9223372036856292099, daa_score=1431)
2026-08-09 22:12:23.630+09:00 [INFO ] [rig0] mined block #448 (nonce=9223372036855253245, daa_score=1432)
2026-08-09 22:12:24.997+09:00 [INFO ] [rig0] mined block #449 (nonce=162486, daa_score=1433)
2026-08-09 22:12:26.129+09:00 [INFO ] [rig0] mined block #450 (nonce=9223372036854829652, daa_score=1434)
2026-08-09 22:12:27.724+09:00 [INFO ] [rig0] mined block #451 (nonce=9223372036855101231, daa_score=1435)
2026-08-09 22:12:29.106+09:00 [INFO ] [rig0] mined block #452 (nonce=208379, daa_score=1436)
2026-08-09 22:12:30.265+09:00 [INFO ] [rig0] mined block #453 (nonce=67872, daa_score=1437)
2026-08-09 22:12:31.327+09:00 [INFO ] [rig0] mined block #454 (nonce=18964, daa_score=1438)
2026-08-09 22:12:32.936+09:00 [INFO ] [rig0] mined block #455 (nonce=9223372036855113578, daa_score=1439)
2026-08-09 22:12:34.870+09:00 [INFO ] [rig0] mined block #456 (nonce=9223372036855300124, daa_score=1440)
2026-08-09 22:12:36.422+09:00 [INFO ] [rig0] mined block #457 (nonce=304680, daa_score=1441)
2026-08-09 22:12:39.153+09:00 [INFO ] [rig0] mined block #458 (nonce=962391, daa_score=1442)
2026-08-09 22:12:40.212+09:00 [INFO ] [rig0] mined block #459 (nonce=14275, daa_score=1443)
2026-08-09 22:12:41.685+09:00 [INFO ] [rig0] mined block #460 (nonce=253438, daa_score=1444)
2026-08-09 22:12:42.921+09:00 [INFO ] [rig0] mined block #461 (nonce=113141, daa_score=1445)
2026-08-09 22:12:44.648+09:00 [INFO ] [rig0] mined block #462 (nonce=397802, daa_score=1446)
2026-08-09 22:12:46.860+09:00 [INFO ] [rig0] mined block #463 (nonce=671744, daa_score=1447)
2026-08-09 22:12:47.953+09:00 [INFO ] [rig0] mined block #464 (nonce=42274, daa_score=1448)
2026-08-09 22:12:48.998+09:00 [INFO ] [rig0] mined block #465 (nonce=15972, daa_score=1449)
2026-08-09 22:12:51.024+09:00 [INFO ] [rig0] mined block #466 (nonce=9223372036855358985, daa_score=1450)
2026-08-09 22:12:52.208+09:00 [INFO ] [rig0] mined block #467 (nonce=9223372036854862134, daa_score=1451)
2026-08-09 22:12:53.501+09:00 [INFO ] [rig0] mined block #468 (nonce=157732, daa_score=1452)
2026-08-09 22:12:54.543+09:00 [INFO ] [rig0] mined block #469 (nonce=8264, daa_score=1453)
2026-08-09 22:12:55.773+09:00 [INFO ] [rig0] mined block #470 (nonce=115327, daa_score=1454)
2026-08-09 22:12:56.877+09:00 [INFO ] [rig0] mined block #471 (nonce=9223372036854819573, daa_score=1455)
2026-08-09 22:12:58.732+09:00 [INFO ] [rig0] mined block #472 (nonce=9223372036855262238, daa_score=1456)
2026-08-09 22:13:00.244+09:00 [INFO ] [rig0] mined block #473 (nonce=9223372036855060186, daa_score=1457)
2026-08-09 22:13:01.412+09:00 [INFO ] [rig0] mined block #474 (nonce=86746, daa_score=1458)
2026-08-09 22:13:02.817+09:00 [INFO ] [rig0] mined block #475 (nonce=223119, daa_score=1459)
2026-08-09 22:13:04.165+09:00 [INFO ] [rig0] mined block #476 (nonce=192082, daa_score=1460)
2026-08-09 22:13:05.567+09:00 [INFO ] [rig0] mined block #477 (nonce=9223372036854986861, daa_score=1461)
2026-08-09 22:13:06.709+09:00 [INFO ] [rig0] mined block #478 (nonce=9223372036854843759, daa_score=1462)
2026-08-09 22:13:07.897+09:00 [INFO ] [rig0] mined block #479 (nonce=9223372036854871701, daa_score=1463)
2026-08-09 22:13:09.009+09:00 [INFO ] [rig0] mined block #480 (nonce=47479, daa_score=1464)
2026-08-09 22:13:10.388+09:00 [INFO ] [rig0] mined block #481 (nonce=204456, daa_score=1465)
2026-08-09 22:13:11.999+09:00 [INFO ] [rig0] mined block #482 (nonce=9223372036855118608, daa_score=1466)
2026-08-09 22:13:13.097+09:00 [INFO ] [rig0] mined block #483 (nonce=9223372036854817188, daa_score=1467)
2026-08-09 22:13:14.941+09:00 [INFO ] [rig0] mined block #484 (nonce=477645, daa_score=1468)
2026-08-09 22:13:16.138+09:00 [INFO ] [rig0] mined block #485 (nonce=9223372036854879475, daa_score=1469)
2026-08-09 22:13:17.303+09:00 [INFO ] [rig0] mined block #486 (nonce=9223372036854861177, daa_score=1470)
2026-08-09 22:13:18.432+09:00 [INFO ] [rig0] mined block #487 (nonce=9223372036854839929, daa_score=1471)
2026-08-09 22:13:19.488+09:00 [INFO ] [rig0] mined block #488 (nonce=16089, daa_score=1472)
2026-08-09 22:13:20.555+09:00 [INFO ] [rig0] mined block #489 (nonce=24610, daa_score=1473)
2026-08-09 22:13:21.710+09:00 [INFO ] [rig0] mined block #490 (nonce=9223372036854842734, daa_score=1474)
2026-08-09 22:13:23.540+09:00 [INFO ] [rig0] mined block #491 (nonce=454828, daa_score=1475)
2026-08-09 22:13:25.424+09:00 [INFO ] [rig0] mined block #492 (nonce=9223372036855262458, daa_score=1476)
2026-08-09 22:13:26.603+09:00 [INFO ] [rig0] mined block #493 (nonce=9223372036854853849, daa_score=1477)
2026-08-09 22:13:28.987+09:00 [INFO ] [rig0] mined block #494 (nonce=9223372036855561229, daa_score=1478)
2026-08-09 22:13:31.083+09:00 [INFO ] [rig0] mined block #495 (nonce=611602, daa_score=1479)
2026-08-09 22:13:33.561+09:00 [INFO ] [rig0] mined block #496 (nonce=833190, daa_score=1480)
2026-08-09 22:13:35.305+09:00 [INFO ] [rig0] mined block #497 (nonce=412646, daa_score=1481)
2026-08-09 22:13:36.717+09:00 [INFO ] [rig0] mined block #498 (nonce=9223372036854988795, daa_score=1482)
2026-08-09 22:13:38.096+09:00 [INFO ] [rig0] mined block #499 (nonce=9223372036854962749, daa_score=1483)
2026-08-09 22:13:40.841+09:00 [INFO ] [rig0] mined block #500 (nonce=9223372036855766623, daa_score=1484)
2026-08-09 22:13:42.175+09:00 [INFO ] [rig0] mined block #501 (nonce=9223372036854944655, daa_score=1485)
2026-08-09 22:13:43.409+09:00 [INFO ] [rig0] mined block #502 (nonce=110038, daa_score=1486)
2026-08-09 22:13:44.527+09:00 [INFO ] [rig0] mined block #503 (nonce=9223372036854818413, daa_score=1487)
2026-08-09 22:13:46.040+09:00 [INFO ] [rig0] mined block #504 (nonce=271088, daa_score=1488)
2026-08-09 22:13:47.276+09:00 [INFO ] [rig0] mined block #505 (nonce=9223372036854901738, daa_score=1489)
2026-08-09 22:13:49.740+09:00 [INFO ] [rig0] mined block #506 (nonce=9223372036855618106, daa_score=1490)
2026-08-09 22:13:50.796+09:00 [INFO ] [rig0] mined block #507 (nonce=7953, daa_score=1491)
2026-08-09 22:13:52.802+09:00 [INFO ] [rig0] mined block #508 (nonce=559274, daa_score=1492)
2026-08-09 22:13:54.030+09:00 [INFO ] [rig0] mined block #509 (nonce=9223372036854894963, daa_score=1493)
2026-08-09 22:13:55.604+09:00 [INFO ] [rig0] mined block #510 (nonce=309125, daa_score=1494)
2026-08-09 22:13:57.461+09:00 [INFO ] [rig0] mined block #511 (nonce=468964, daa_score=1495)
2026-08-09 22:13:58.597+09:00 [INFO ] [rig0] mined block #512 (nonce=55042, daa_score=1496)
2026-08-09 22:13:59.649+09:00 [INFO ] [rig0] mined block #513 (nonce=6626, daa_score=1497)
2026-08-09 22:14:00.703+09:00 [INFO ] [rig0] mined block #514 (nonce=8919, daa_score=1498)
2026-08-09 22:14:01.845+09:00 [INFO ] [rig0] mined block #515 (nonce=9223372036854830800, daa_score=1499)
2026-08-09 22:14:03.735+09:00 [INFO ] [rig0] mined block #516 (nonce=493325, daa_score=1500)
2026-08-09 22:14:05.213+09:00 [INFO ] [rig0] mined block #517 (nonce=9223372036855028471, daa_score=1501)
2026-08-09 22:14:06.837+09:00 [INFO ] [rig0] mined block #518 (nonce=9223372036855111550, daa_score=1502)
2026-08-09 22:14:08.166+09:00 [INFO ] [rig0] mined block #519 (nonce=167473, daa_score=1503)
2026-08-09 22:14:09.891+09:00 [INFO ] [rig0] mined block #520 (nonce=397467, daa_score=1504)
2026-08-09 22:14:10.975+09:00 [INFO ] [rig0] mined block #521 (nonce=9223372036854798730, daa_score=1505)
2026-08-09 22:14:12.207+09:00 [INFO ] [rig0] mined block #522 (nonce=112668, daa_score=1506)
2026-08-09 22:14:13.293+09:00 [INFO ] [rig0] mined block #523 (nonce=24257, daa_score=1507)
2026-08-09 22:14:15.339+09:00 [INFO ] [rig0] mined block #524 (nonce=9223372036855363524, daa_score=1508)
2026-08-09 22:14:18.045+09:00 [INFO ] [rig0] mined block #525 (nonce=9223372036855744057, daa_score=1509)
2026-08-09 22:14:19.742+09:00 [INFO ] [rig0] mined block #526 (nonce=379026, daa_score=1510)
2026-08-09 22:14:22.046+09:00 [INFO ] [rig0] mined block #527 (nonce=9223372036855506612, daa_score=1511)
2026-08-09 22:14:23.172+09:00 [INFO ] [rig0] mined block #528 (nonce=48207, daa_score=1512)
2026-08-09 22:14:24.486+09:00 [INFO ] [rig0] mined block #529 (nonce=158281, daa_score=1513)
2026-08-09 22:14:25.792+09:00 [INFO ] [rig0] mined block #530 (nonce=153205, daa_score=1514)
2026-08-09 22:14:28.330+09:00 [INFO ] [rig0] mined block #531 (nonce=9223372036855645997, daa_score=1515)
2026-08-09 22:14:29.373+09:00 [INFO ] [rig0] mined block #532 (nonce=5455, daa_score=1516)
2026-08-09 22:14:30.422+09:00 [INFO ] [rig0] mined block #533 (nonce=9223372036854781687, daa_score=1517)
2026-08-09 22:14:31.639+09:00 [INFO ] [rig0] mined block #534 (nonce=104690, daa_score=1518)
2026-08-09 22:14:33.257+09:00 [INFO ] [rig0] mined block #535 (nonce=334684, daa_score=1519)
2026-08-09 22:14:34.575+09:00 [INFO ] [rig0] mined block #536 (nonce=172789, daa_score=1520)
2026-08-09 22:14:35.748+09:00 [INFO ] [rig0] mined block #537 (nonce=9223372036854850371, daa_score=1521)
2026-08-09 22:14:37.247+09:00 [INFO ] [rig0] mined block #538 (nonce=263649, daa_score=1522)
2026-08-09 22:14:38.544+09:00 [INFO ] [rig0] mined block #539 (nonce=9223372036854922019, daa_score=1523)
2026-08-09 22:14:40.076+09:00 [INFO ] [rig0] mined block #540 (nonce=292165, daa_score=1524)
2026-08-09 22:14:41.184+09:00 [INFO ] [rig0] mined block #541 (nonce=9223372036854815902, daa_score=1525)
2026-08-09 22:14:42.223+09:00 [INFO ] [rig0] mined block #542 (nonce=1965, daa_score=1526)
2026-08-09 22:14:44.007+09:00 [INFO ] [rig0] mined block #543 (nonce=9223372036855205434, daa_score=1527)
2026-08-09 22:14:45.945+09:00 [INFO ] [rig0] mined block #544 (nonce=520106, daa_score=1528)
2026-08-09 22:14:48.698+09:00 [INFO ] [rig0] mined block #545 (nonce=1010858, daa_score=1529)
2026-08-09 22:14:50.915+09:00 [INFO ] [rig0] mined block #546 (nonce=683635, daa_score=1530)
2026-08-09 22:14:52.667+09:00 [INFO ] [rig0] mined block #547 (nonce=412705, daa_score=1531)
2026-08-09 22:14:53.831+09:00 [INFO ] [rig0] mined block #548 (nonce=9223372036854846014, daa_score=1532)
2026-08-09 22:14:55.072+09:00 [INFO ] [rig0] mined block #549 (nonce=9223372036854890613, daa_score=1533)
2026-08-09 22:14:56.752+09:00 [INFO ] [rig0] mined block #550 (nonce=9223372036855143931, daa_score=1534)
2026-08-09 22:14:57.961+09:00 [INFO ] [rig0] mined block #551 (nonce=96212, daa_score=1535)
2026-08-09 22:14:59.894+09:00 [INFO ] [rig0] mined block #552 (nonce=514306, daa_score=1536)
2026-08-09 22:15:01.556+09:00 [INFO ] [rig0] mined block #553 (nonce=359523, daa_score=1537)
2026-08-09 22:15:02.899+09:00 [INFO ] [rig0] mined block #554 (nonce=9223372036854949338, daa_score=1538)
2026-08-09 22:15:04.040+09:00 [INFO ] [rig0] mined block #555 (nonce=55004, daa_score=1539)
2026-08-09 22:15:05.500+09:00 [INFO ] [rig0] mined block #556 (nonce=9223372036855017843, daa_score=1540)
2026-08-09 22:15:06.927+09:00 [INFO ] [rig0] mined block #557 (nonce=9223372036854997318, daa_score=1541)
2026-08-09 22:15:09.124+09:00 [INFO ] [rig0] mined block #558 (nonce=674527, daa_score=1542)
2026-08-09 22:15:10.354+09:00 [INFO ] [rig0] mined block #559 (nonce=9223372036854882938, daa_score=1543)
2026-08-09 22:15:11.569+09:00 [INFO ] [rig0] mined block #560 (nonce=9223372036854873435, daa_score=1544)
2026-08-09 22:15:12.736+09:00 [INFO ] [rig0] mined block #561 (nonce=9223372036854850680, daa_score=1545)
2026-08-09 22:15:13.768+09:00 [INFO ] [rig0] mined block #562 (nonce=215, daa_score=1546)
2026-08-09 22:15:14.811+09:00 [INFO ] [rig0] mined block #563 (nonce=3380, daa_score=1547)
2026-08-09 22:15:16.304+09:00 [INFO ] [rig0] mined block #564 (nonce=9223372036855035370, daa_score=1548)
2026-08-09 22:15:17.688+09:00 [INFO ] [rig0] mined block #565 (nonce=9223372036854972504, daa_score=1549)
2026-08-09 22:15:19.129+09:00 [INFO ] [rig0] mined block #566 (nonce=233871, daa_score=1550)
2026-08-09 22:15:20.479+09:00 [INFO ] [rig0] mined block #567 (nonce=9223372036854959249, daa_score=1551)
2026-08-09 22:15:21.547+09:00 [INFO ] [rig0] mined block #568 (nonce=16338, daa_score=1552)
2026-08-09 22:15:22.848+09:00 [INFO ] [rig0] mined block #569 (nonce=9223372036854926963, daa_score=1553)
2026-08-09 22:15:24.507+09:00 [INFO ] [rig0] mined block #570 (nonce=358343, daa_score=1554)
2026-08-09 22:15:26.376+09:00 [INFO ] [rig0] mined block #571 (nonce=9223372036855261769, daa_score=1555)
2026-08-09 22:15:27.795+09:00 [INFO ] [rig0] mined block #572 (nonce=229221, daa_score=1556)
2026-08-09 22:15:28.935+09:00 [INFO ] [rig0] mined block #573 (nonce=59161, daa_score=1557)
2026-08-09 22:15:30.158+09:00 [INFO ] [rig0] mined block #574 (nonce=106732, daa_score=1558)
2026-08-09 22:15:31.251+09:00 [INFO ] [rig0] mined block #575 (nonce=29383, daa_score=1559)
2026-08-09 22:15:32.767+09:00 [INFO ] [rig0] mined block #576 (nonce=9223372036855050512, daa_score=1560)
2026-08-09 22:15:34.160+09:00 [INFO ] [rig0] mined block #577 (nonce=205230, daa_score=1561)
2026-08-09 22:15:35.628+09:00 [INFO ] [rig0] mined block #578 (nonce=9223372036855018807, daa_score=1562)
2026-08-09 22:15:37.286+09:00 [INFO ] [rig0] mined block #579 (nonce=354686, daa_score=1563)
2026-08-09 22:15:38.472+09:00 [INFO ] [rig0] mined block #580 (nonce=84666, daa_score=1564)
2026-08-09 22:15:39.801+09:00 [INFO ] [rig0] mined block #581 (nonce=9223372036854942506, daa_score=1565)
2026-08-09 22:15:41.696+09:00 [INFO ] [rig0] mined block #582 (nonce=9223372036855266906, daa_score=1566)
2026-08-09 22:15:42.971+09:00 [INFO ] [rig0] mined block #583 (nonce=137191, daa_score=1567)
2026-08-09 22:15:44.040+09:00 [INFO ] [rig0] mined block #584 (nonce=9223372036854793482, daa_score=1568)
2026-08-09 22:15:45.578+09:00 [INFO ] [rig0] mined block #585 (nonce=9223372036855062483, daa_score=1569)
2026-08-09 22:15:46.777+09:00 [INFO ] [rig0] mined block #586 (nonce=88480, daa_score=1570)
2026-08-09 22:15:48.260+09:00 [INFO ] [rig0] mined block #587 (nonce=9223372036855031554, daa_score=1571)
2026-08-09 22:15:49.588+09:00 [INFO ] [rig0] mined block #588 (nonce=165596, daa_score=1572)
2026-08-09 22:15:50.868+09:00 [INFO ] [rig0] mined block #589 (nonce=138407, daa_score=1573)
2026-08-09 22:15:52.371+09:00 [INFO ] [rig0] mined block #590 (nonce=267508, daa_score=1574)
2026-08-09 22:15:53.442+09:00 [INFO ] [rig0] mined block #591 (nonce=9223372036854798171, daa_score=1575)
2026-08-09 22:15:54.747+09:00 [INFO ] [rig0] mined block #592 (nonce=9223372036854926294, daa_score=1576)
2026-08-09 22:15:57.151+09:00 [INFO ] [rig0] mined block #593 (nonce=9223372036855564018, daa_score=1577)
2026-08-09 22:15:58.823+09:00 [INFO ] [rig0] mined block #594 (nonce=9223372036855141346, daa_score=1578)
2026-08-09 22:16:00.291+09:00 [INFO ] [rig0] mined block #595 (nonce=9223372036855020929, daa_score=1579)
2026-08-09 22:16:02.216+09:00 [INFO ] [rig0] mined block #596 (nonce=512584, daa_score=1580)
2026-08-09 22:16:03.736+09:00 [INFO ] [rig0] mined block #597 (nonce=9223372036855052129, daa_score=1581)
2026-08-09 22:16:05.397+09:00 [INFO ] [rig0] mined block #598 (nonce=9223372036855136898, daa_score=1582)
2026-08-09 22:16:06.669+09:00 [INFO ] [rig0] mined block #599 (nonce=9223372036854908204, daa_score=1583)
2026-08-09 22:16:07.894+09:00 [INFO ] [rig0] mined block #600 (nonce=106098, daa_score=1584)
2026-08-09 22:16:09.888+09:00 [INFO ] [rig0] mined block #601 (nonce=9223372036855328289, daa_score=1585)
2026-08-09 22:16:11.548+09:00 [INFO ] [rig0] mined block #602 (nonce=9223372036855138827, daa_score=1586)
2026-08-09 22:16:13.415+09:00 [INFO ] [rig0] mined block #603 (nonce=9223372036855259746, daa_score=1587)
2026-08-09 22:16:15.003+09:00 [INFO ] [rig0] mined block #604 (nonce=325802, daa_score=1588)
2026-08-09 22:16:16.456+09:00 [INFO ] [rig0] mined block #605 (nonce=239710, daa_score=1589)
2026-08-09 22:16:17.766+09:00 [INFO ] [rig0] mined block #606 (nonce=9223372036854945616, daa_score=1590)
2026-08-09 22:16:18.817+09:00 [INFO ] [rig0] mined block #607 (nonce=18435, daa_score=1591)
2026-08-09 22:16:20.736+09:00 [INFO ] [rig0] mined block #608 (nonce=507452, daa_score=1592)
2026-08-09 22:16:22.345+09:00 [INFO ] [rig0] mined block #609 (nonce=9223372036855102016, daa_score=1593)
2026-08-09 22:16:23.541+09:00 [INFO ] [rig0] mined block #610 (nonce=9223372036854862148, daa_score=1594)
2026-08-09 22:16:24.899+09:00 [INFO ] [rig0] mined block #611 (nonce=9223372036854968688, daa_score=1595)
2026-08-09 22:16:26.554+09:00 [INFO ] [rig0] mined block #612 (nonce=9223372036855129373, daa_score=1596)
2026-08-09 22:16:27.867+09:00 [INFO ] [rig0] mined block #613 (nonce=9223372036854932261, daa_score=1597)
2026-08-09 22:16:29.294+09:00 [INFO ] [rig0] mined block #614 (nonce=237103, daa_score=1598)
2026-08-09 22:16:31.143+09:00 [INFO ] [rig0] mined block #615 (nonce=463394, daa_score=1599)
2026-08-09 22:16:32.184+09:00 [INFO ] [rig0] mined block #616 (nonce=1113, daa_score=1600)
2026-08-09 22:16:33.639+09:00 [INFO ] [rig0] mined block #617 (nonce=239556, daa_score=1601)
2026-08-09 22:16:35.213+09:00 [INFO ] [rig0] mined block #618 (nonce=9223372036855087184, daa_score=1602)
2026-08-09 22:16:37.210+09:00 [INFO ] [rig0] mined block #619 (nonce=9223372036855327311, daa_score=1603)
2026-08-09 22:16:38.580+09:00 [INFO ] [rig0] mined block #620 (nonce=9223372036854970158, daa_score=1604)
2026-08-09 22:16:40.159+09:00 [INFO ] [rig0] mined block #621 (nonce=314567, daa_score=1605)
2026-08-09 22:16:41.517+09:00 [INFO ] [rig0] mined block #622 (nonce=152488, daa_score=1606)
2026-08-09 22:16:42.797+09:00 [INFO ] [rig0] mined block #623 (nonce=9223372036854914715, daa_score=1607)
2026-08-09 22:16:44.192+09:00 [INFO ] [rig0] mined block #624 (nonce=200767, daa_score=1608)
2026-08-09 22:16:45.583+09:00 [INFO ] [rig0] mined block #625 (nonce=9223372036854977280, daa_score=1609)
2026-08-09 22:16:46.922+09:00 [INFO ] [rig0] mined block #626 (nonce=9223372036854949986, daa_score=1610)
2026-08-09 22:16:48.348+09:00 [INFO ] [rig0] mined block #627 (nonce=9223372036855012909, daa_score=1611)
2026-08-09 22:16:49.470+09:00 [INFO ] [rig0] mined block #628 (nonce=9223372036854835157, daa_score=1612)
2026-08-09 22:16:50.656+09:00 [INFO ] [rig0] mined block #629 (nonce=9223372036854859181, daa_score=1613)
2026-08-09 22:16:51.829+09:00 [INFO ] [rig0] mined block #630 (nonce=75325, daa_score=1614)
2026-08-09 22:16:52.959+09:00 [INFO ] [rig0] mined block #631 (nonce=9223372036854826699, daa_score=1615)
2026-08-09 22:16:54.797+09:00 [INFO ] [rig0] mined block #632 (nonce=459603, daa_score=1616)
2026-08-09 22:16:56.509+09:00 [INFO ] [rig0] mined block #633 (nonce=389124, daa_score=1617)
2026-08-09 22:16:58.108+09:00 [INFO ] [rig0] mined block #634 (nonce=9223372036855100203, daa_score=1618)
2026-08-09 22:16:59.605+09:00 [INFO ] [rig0] mined block #635 (nonce=261705, daa_score=1619)
2026-08-09 22:17:00.989+09:00 [INFO ] [rig0] mined block #636 (nonce=9223372036854986818, daa_score=1620)
2026-08-09 22:17:02.259+09:00 [INFO ] [rig0] mined block #637 (nonce=146497, daa_score=1621)
2026-08-09 22:17:03.452+09:00 [INFO ] [rig0] mined block #638 (nonce=9223372036854877386, daa_score=1622)
2026-08-09 22:17:04.688+09:00 [INFO ] [rig0] mined block #639 (nonce=9223372036854900515, daa_score=1623)
2026-08-09 22:17:06.594+09:00 [INFO ] [rig0] mined block #640 (nonce=9223372036855292376, daa_score=1624)
2026-08-09 22:17:08.440+09:00 [INFO ] [rig0] mined block #641 (nonce=469080, daa_score=1625)
2026-08-09 22:17:10.296+09:00 [INFO ] [rig0] mined block #642 (nonce=9223372036855255868, daa_score=1626)
2026-08-09 22:17:12.970+09:00 [INFO ] [rig0] mined block #643 (nonce=9223372036855739687, daa_score=1627)
2026-08-09 22:17:14.827+09:00 [INFO ] [rig0] mined block #644 (nonce=9223372036855262733, daa_score=1628)
2026-08-09 22:17:17.059+09:00 [INFO ] [rig0] mined block #645 (nonce=9223372036855481027, daa_score=1629)
2026-08-09 22:17:20.991+09:00 [INFO ] [rig0] mined block #646 (nonce=9223372036856459480, daa_score=1630)
2026-08-09 22:17:22.528+09:00 [INFO ] [rig0] mined block #647 (nonce=301539, daa_score=1631)
2026-08-09 22:17:23.581+09:00 [INFO ] [rig0] mined block #648 (nonce=6560, daa_score=1632)
2026-08-09 22:17:25.778+09:00 [INFO ] [rig0] mined block #649 (nonce=668820, daa_score=1633)
2026-08-09 22:17:27.452+09:00 [INFO ] [rig0] mined block #650 (nonce=9223372036855143067, daa_score=1634)
2026-08-09 22:17:30.226+09:00 [INFO ] [rig0] mined block #651 (nonce=9223372036855792395, daa_score=1635)
2026-08-09 22:17:31.434+09:00 [INFO ] [rig0] mined block #652 (nonce=9223372036854869171, daa_score=1636)
2026-08-09 22:17:33.307+09:00 [INFO ] [rig0] mined block #653 (nonce=488129, daa_score=1637)
2026-08-09 22:17:34.660+09:00 [INFO ] [rig0] mined block #654 (nonce=193879, daa_score=1638)
2026-08-09 22:17:37.061+09:00 [INFO ] [rig0] mined block #655 (nonce=800312, daa_score=1639)
2026-08-09 22:17:38.283+09:00 [INFO ] [rig0] mined block #656 (nonce=9223372036854873699, daa_score=1640)
2026-08-09 22:17:39.646+09:00 [INFO ] [rig0] mined block #657 (nonce=189423, daa_score=1641)
2026-08-09 22:17:40.918+09:00 [INFO ] [rig0] mined block #658 (nonce=144370, daa_score=1642)
2026-08-09 22:17:41.971+09:00 [INFO ] [rig0] mined block #659 (nonce=9223372036854782301, daa_score=1643)
2026-08-09 22:17:43.048+09:00 [INFO ] [rig0] mined block #660 (nonce=22847, daa_score=1644)
2026-08-09 22:17:44.288+09:00 [INFO ] [rig0] mined block #661 (nonce=111719, daa_score=1645)
2026-08-09 22:17:46.062+09:00 [INFO ] [rig0] mined block #662 (nonce=435778, daa_score=1646)
2026-08-09 22:17:47.884+09:00 [INFO ] [rig0] mined block #663 (nonce=9223372036855222284, daa_score=1647)
2026-08-09 22:17:49.432+09:00 [INFO ] [rig0] mined block #664 (nonce=9223372036855077350, daa_score=1648)
2026-08-09 22:17:50.784+09:00 [INFO ] [rig0] mined block #665 (nonce=182889, daa_score=1649)
2026-08-09 22:17:52.256+09:00 [INFO ] [rig0] mined block #666 (nonce=260552, daa_score=1650)
2026-08-09 22:17:53.491+09:00 [INFO ] [rig0] mined block #667 (nonce=124255, daa_score=1651)
2026-08-09 22:17:55.221+09:00 [INFO ] [rig0] mined block #668 (nonce=9223372036855173330, daa_score=1652)
2026-08-09 22:17:57.038+09:00 [INFO ] [rig0] mined block #669 (nonce=9223372036855238223, daa_score=1653)
2026-08-09 22:17:58.443+09:00 [INFO ] [rig0] mined block #670 (nonce=221688, daa_score=1654)
2026-08-09 22:18:00.189+09:00 [INFO ] [rig0] mined block #671 (nonce=422495, daa_score=1655)
2026-08-09 22:18:01.535+09:00 [INFO ] [rig0] mined block #672 (nonce=9223372036854963354, daa_score=1656)
2026-08-09 22:18:02.617+09:00 [INFO ] [rig0] mined block #673 (nonce=22295, daa_score=1657)
2026-08-09 22:18:04.185+09:00 [INFO ] [rig0] mined block #674 (nonce=304714, daa_score=1658)
2026-08-09 22:18:06.075+09:00 [INFO ] [rig0] mined block #675 (nonce=497010, daa_score=1659)
2026-08-09 22:18:07.504+09:00 [INFO ] [rig0] mined block #676 (nonce=9223372036855008913, daa_score=1660)
2026-08-09 22:18:08.624+09:00 [INFO ] [rig0] mined block #677 (nonce=55710, daa_score=1661)
2026-08-09 22:18:09.735+09:00 [INFO ] [rig0] mined block #678 (nonce=49897, daa_score=1662)
2026-08-09 22:18:11.046+09:00 [INFO ] [rig0] mined block #679 (nonce=9223372036854941329, daa_score=1663)
2026-08-09 22:18:12.150+09:00 [INFO ] [rig0] mined block #680 (nonce=46732, daa_score=1664)
2026-08-09 22:18:13.388+09:00 [INFO ] [rig0] mined block #681 (nonce=9223372036854891638, daa_score=1665)
2026-08-09 22:18:16.622+09:00 [INFO ] [rig0] mined block #682 (nonce=9223372036856047557, daa_score=1666)
2026-08-09 22:18:18.185+09:00 [INFO ] [rig0] mined block #683 (nonce=9223372036855081657, daa_score=1667)
2026-08-09 22:18:19.728+09:00 [INFO ] [rig0] mined block #684 (nonce=291590, daa_score=1668)
2026-08-09 22:18:21.014+09:00 [INFO ] [rig0] mined block #685 (nonce=9223372036854921154, daa_score=1669)
2026-08-09 22:18:22.295+09:00 [INFO ] [rig0] mined block #686 (nonce=9223372036854914430, daa_score=1670)
2026-08-09 22:18:23.496+09:00 [INFO ] [rig0] mined block #687 (nonce=9223372036854868033, daa_score=1671)
2026-08-09 22:18:25.037+09:00 [INFO ] [rig0] mined block #688 (nonce=293396, daa_score=1672)
2026-08-09 22:18:26.202+09:00 [INFO ] [rig0] mined block #689 (nonce=9223372036854850670, daa_score=1673)
2026-08-09 22:18:27.315+09:00 [INFO ] [rig0] mined block #690 (nonce=50662, daa_score=1674)
2026-08-09 22:18:29.059+09:00 [INFO ] [rig0] mined block #691 (nonce=9223372036855181151, daa_score=1675)
2026-08-09 22:18:30.158+09:00 [INFO ] [rig0] mined block #692 (nonce=9223372036854807441, daa_score=1676)
2026-08-09 22:18:31.257+09:00 [INFO ] [rig0] mined block #693 (nonce=29588, daa_score=1677)
2026-08-09 22:18:32.506+09:00 [INFO ] [rig0] mined block #694 (nonce=9223372036854891777, daa_score=1678)
2026-08-09 22:18:33.590+09:00 [INFO ] [rig0] mined block #695 (nonce=9223372036854795293, daa_score=1679)
2026-08-09 22:18:34.809+09:00 [INFO ] [rig0] mined block #696 (nonce=9223372036854875826, daa_score=1680)
2026-08-09 22:18:35.870+09:00 [INFO ] [rig0] mined block #697 (nonce=9223372036854793854, daa_score=1681)
2026-08-09 22:18:37.851+09:00 [INFO ] [rig0] mined block #698 (nonce=9223372036855323526, daa_score=1682)
2026-08-09 22:18:38.962+09:00 [INFO ] [rig0] mined block #699 (nonce=43562, daa_score=1683)
2026-08-09 22:18:40.525+09:00 [INFO ] [rig0] mined block #700 (nonce=298156, daa_score=1684)
2026-08-09 22:18:41.766+09:00 [INFO ] [rig0] mined block #701 (nonce=111589, daa_score=1685)
2026-08-09 22:18:42.834+09:00 [INFO ] [rig0] mined block #702 (nonce=9223372036854788824, daa_score=1686)
2026-08-09 22:18:44.196+09:00 [INFO ] [rig0] mined block #703 (nonce=9223372036854957304, daa_score=1687)
2026-08-09 22:18:45.310+09:00 [INFO ] [rig0] mined block #704 (nonce=47147, daa_score=1688)
2026-08-09 22:18:46.503+09:00 [INFO ] [rig0] mined block #705 (nonce=9223372036854869223, daa_score=1689)
2026-08-09 22:18:48.007+09:00 [INFO ] [rig0] mined block #706 (nonce=9223372036855052400, daa_score=1690)
2026-08-09 22:18:49.158+09:00 [INFO ] [rig0] mined block #707 (nonce=70235, daa_score=1691)
2026-08-09 22:18:50.364+09:00 [INFO ] [rig0] mined block #708 (nonce=94468, daa_score=1692)
2026-08-09 22:18:52.112+09:00 [INFO ] [rig0] mined block #709 (nonce=403036, daa_score=1693)
2026-08-09 22:18:53.238+09:00 [INFO ] [rig0] mined block #710 (nonce=9223372036854829012, daa_score=1694)
2026-08-09 22:18:54.501+09:00 [INFO ] [rig0] mined block #711 (nonce=9223372036854911392, daa_score=1695)
2026-08-09 22:18:56.055+09:00 [INFO ] [rig0] mined block #712 (nonce=9223372036855060764, daa_score=1696)
2026-08-09 22:18:57.639+09:00 [INFO ] [rig0] mined block #713 (nonce=9223372036855088884, daa_score=1697)
2026-08-09 22:18:58.769+09:00 [INFO ] [rig0] mined block #714 (nonce=59401, daa_score=1698)
2026-08-09 22:19:00.098+09:00 [INFO ] [rig0] mined block #715 (nonce=169941, daa_score=1699)
2026-08-09 22:19:02.400+09:00 [INFO ] [rig0] mined block #716 (nonce=735531, daa_score=1700)
2026-08-09 22:19:03.728+09:00 [INFO ] [rig0] mined block #717 (nonce=162662, daa_score=1701)
2026-08-09 22:19:04.807+09:00 [INFO ] [rig0] mined block #718 (nonce=23938, daa_score=1702)
2026-08-09 22:19:07.486+09:00 [INFO ] [rig0] mined block #719 (nonce=9223372036855729292, daa_score=1703)
2026-08-09 22:19:08.795+09:00 [INFO ] [rig0] mined block #720 (nonce=150901, daa_score=1704)
2026-08-09 22:19:10.116+09:00 [INFO ] [rig0] mined block #721 (nonce=159183, daa_score=1705)
2026-08-09 22:19:11.325+09:00 [INFO ] [rig0] mined block #722 (nonce=9223372036854878235, daa_score=1706)
2026-08-09 22:19:12.548+09:00 [INFO ] [rig0] mined block #723 (nonce=9223372036854887698, daa_score=1707)
2026-08-09 22:19:14.104+09:00 [INFO ] [rig0] mined block #724 (nonce=303599, daa_score=1708)
2026-08-09 22:19:15.411+09:00 [INFO ] [rig0] mined block #725 (nonce=159665, daa_score=1709)
2026-08-09 22:19:16.595+09:00 [INFO ] [rig0] mined block #726 (nonce=73505, daa_score=1710)
2026-08-09 22:19:17.799+09:00 [INFO ] [rig0] mined block #727 (nonce=94122, daa_score=1711)
2026-08-09 22:19:18.915+09:00 [INFO ] [rig0] mined block #728 (nonce=9223372036854820626, daa_score=1712)
2026-08-09 22:19:20.073+09:00 [INFO ] [rig0] mined block #729 (nonce=74001, daa_score=1713)
2026-08-09 22:19:21.159+09:00 [INFO ] [rig0] mined block #730 (nonce=31477, daa_score=1714)
2026-08-09 22:19:22.362+09:00 [INFO ] [rig0] mined block #731 (nonce=93629, daa_score=1715)
2026-08-09 22:19:23.634+09:00 [INFO ] [rig0] mined block #732 (nonce=9223372036854902113, daa_score=1716)
2026-08-09 22:19:25.487+09:00 [INFO ] [rig0] mined block #733 (nonce=9223372036855216266, daa_score=1717)
2026-08-09 22:19:26.813+09:00 [INFO ] [rig0] mined block #734 (nonce=9223372036854934018, daa_score=1718)
2026-08-09 22:19:29.016+09:00 [INFO ] [rig0] mined block #735 (nonce=9223372036855439061, daa_score=1719)
2026-08-09 22:19:30.195+09:00 [INFO ] [rig0] mined block #736 (nonce=9223372036854850921, daa_score=1720)
2026-08-09 22:19:31.626+09:00 [INFO ] [rig0] mined block #737 (nonce=219838, daa_score=1721)
2026-08-09 22:19:33.332+09:00 [INFO ] [rig0] mined block #738 (nonce=9223372036855152131, daa_score=1722)
2026-08-09 22:19:34.571+09:00 [INFO ] [rig0] mined block #739 (nonce=108318, daa_score=1723)
2026-08-09 22:19:36.843+09:00 [INFO ] [rig0] mined block #740 (nonce=9223372036855490586, daa_score=1724)
2026-08-09 22:19:37.968+09:00 [INFO ] [rig0] mined block #741 (nonce=41992, daa_score=1725)
2026-08-09 22:19:39.115+09:00 [INFO ] [rig0] mined block #742 (nonce=57962, daa_score=1726)
2026-08-09 22:19:40.254+09:00 [INFO ] [rig0] mined block #743 (nonce=9223372036854828243, daa_score=1727)
2026-08-09 22:19:41.845+09:00 [INFO ] [rig0] mined block #744 (nonce=311554, daa_score=1728)
2026-08-09 22:19:42.919+09:00 [INFO ] [rig0] mined block #745 (nonce=14030, daa_score=1729)
2026-08-09 22:19:44.734+09:00 [INFO ] [rig0] mined block #746 (nonce=442804, daa_score=1730)
2026-08-09 22:19:46.687+09:00 [INFO ] [rig0] mined block #747 (nonce=513898, daa_score=1731)
2026-08-09 22:19:48.275+09:00 [INFO ] [rig0] mined block #748 (nonce=9223372036855089725, daa_score=1732)
2026-08-09 22:19:49.817+09:00 [INFO ] [rig0] mined block #749 (nonce=9223372036855057222, daa_score=1733)
2026-08-09 22:19:50.978+09:00 [INFO ] [rig0] mined block #750 (nonce=9223372036854837717, daa_score=1734)
2026-08-09 22:19:53.491+09:00 [INFO ] [rig0] mined block #751 (nonce=842518, daa_score=1735)
2026-08-09 22:19:55.392+09:00 [INFO ] [rig0] mined block #752 (nonce=488283, daa_score=1736)
2026-08-09 22:19:56.748+09:00 [INFO ] [rig0] mined block #753 (nonce=173273, daa_score=1737)
2026-08-09 22:19:58.203+09:00 [INFO ] [rig0] mined block #754 (nonce=231182, daa_score=1738)
2026-08-09 22:19:59.524+09:00 [INFO ] [rig0] mined block #755 (nonce=9223372036854930109, daa_score=1739)
2026-08-09 22:20:01.000+09:00 [INFO ] [rig0] mined block #756 (nonce=243757, daa_score=1740)
2026-08-09 22:20:02.236+09:00 [INFO ] [rig0] mined block #757 (nonce=9223372036854882652, daa_score=1741)
2026-08-09 22:20:03.761+09:00 [INFO ] [rig0] mined block #758 (nonce=275376, daa_score=1742)
2026-08-09 22:20:05.382+09:00 [INFO ] [rig0] mined block #759 (nonce=340473, daa_score=1743)
2026-08-09 22:20:07.036+09:00 [INFO ] [rig0] mined block #760 (nonce=362029, daa_score=1744)
2026-08-09 22:20:08.967+09:00 [INFO ] [rig0] mined block #761 (nonce=503093, daa_score=1745)
2026-08-09 22:20:11.382+09:00 [INFO ] [rig0] mined block #762 (nonce=793282, daa_score=1746)
2026-08-09 22:20:13.581+09:00 [INFO ] [rig0] mined block #763 (nonce=9223372036855432479, daa_score=1747)
2026-08-09 22:20:15.471+09:00 [INFO ] [rig0] mined block #764 (nonce=493556, daa_score=1748)
2026-08-09 22:20:17.315+09:00 [INFO ] [rig0] mined block #765 (nonce=456710, daa_score=1749)
2026-08-09 22:20:18.869+09:00 [INFO ] [rig0] mined block #766 (nonce=9223372036855061753, daa_score=1750)
2026-08-09 22:20:20.025+09:00 [INFO ] [rig0] mined block #767 (nonce=9223372036854835126, daa_score=1751)
2026-08-09 22:20:21.086+09:00 [INFO ] [rig0] mined block #768 (nonce=9223372036854792895, daa_score=1752)
2026-08-09 22:20:22.220+09:00 [INFO ] [rig0] mined block #769 (nonce=58274, daa_score=1753)
2026-08-09 22:20:24.065+09:00 [INFO ] [rig0] mined block #770 (nonce=9223372036855241086, daa_score=1754)
2026-08-09 22:20:25.292+09:00 [INFO ] [rig0] mined block #771 (nonce=112870, daa_score=1755)
2026-08-09 22:20:26.415+09:00 [INFO ] [rig0] mined block #772 (nonce=40249, daa_score=1756)
2026-08-09 22:20:28.296+09:00 [INFO ] [rig0] mined block #773 (nonce=9223372036855253398, daa_score=1757)
2026-08-09 22:20:29.463+09:00 [INFO ] [rig0] mined block #774 (nonce=67463, daa_score=1758)
2026-08-09 22:20:30.766+09:00 [INFO ] [rig0] mined block #775 (nonce=147384, daa_score=1759)
2026-08-09 22:20:32.153+09:00 [INFO ] [rig0] mined block #776 (nonce=9223372036854976640, daa_score=1760)
2026-08-09 22:20:33.762+09:00 [INFO ] [rig0] mined block #777 (nonce=9223372036855098967, daa_score=1761)
2026-08-09 22:20:34.945+09:00 [INFO ] [rig0] mined block #778 (nonce=9223372036854858401, daa_score=1762)
2026-08-09 22:20:36.259+09:00 [INFO ] [rig0] mined block #779 (nonce=163325, daa_score=1763)
2026-08-09 22:20:38.311+09:00 [INFO ] [rig0] mined block #780 (nonce=551161, daa_score=1764)
2026-08-09 22:20:40.055+09:00 [INFO ] [rig0] mined block #781 (nonce=9223372036855171975, daa_score=1765)
2026-08-09 22:20:41.147+09:00 [INFO ] [rig0] mined block #782 (nonce=23759, daa_score=1766)
2026-08-09 22:20:42.384+09:00 [INFO ] [rig0] mined block #783 (nonce=9223372036854881926, daa_score=1767)
2026-08-09 22:20:43.481+09:00 [INFO ] [rig0] mined block #784 (nonce=9223372036854806385, daa_score=1768)
2026-08-09 22:20:45.010+09:00 [INFO ] [rig0] mined block #785 (nonce=282744, daa_score=1769)
2026-08-09 22:20:46.253+09:00 [INFO ] [rig0] mined block #786 (nonce=109007, daa_score=1770)
2026-08-09 22:20:48.195+09:00 [INFO ] [rig0] mined block #787 (nonce=9223372036855288888, daa_score=1771)
2026-08-09 22:20:51.587+09:00 [INFO ] [rig0] mined block #788 (nonce=9223372036856123258, daa_score=1772)
2026-08-09 22:20:52.979+09:00 [INFO ] [rig0] mined block #789 (nonce=192778, daa_score=1773)
2026-08-09 22:20:54.039+09:00 [INFO ] [rig0] mined block #790 (nonce=4091, daa_score=1774)
2026-08-09 22:20:55.266+09:00 [INFO ] [rig0] mined block #791 (nonce=9223372036854878429, daa_score=1775)
2026-08-09 22:20:57.865+09:00 [INFO ] [rig0] mined block #792 (nonce=884513, daa_score=1776)
2026-08-09 22:20:59.104+09:00 [INFO ] [rig0] mined block #793 (nonce=9223372036854882632, daa_score=1777)
2026-08-09 22:21:00.540+09:00 [INFO ] [rig0] mined block #794 (nonce=221461, daa_score=1778)
2026-08-09 22:21:02.093+09:00 [INFO ] [rig0] mined block #795 (nonce=284300, daa_score=1779)
2026-08-09 22:21:03.254+09:00 [INFO ] [rig0] mined block #796 (nonce=9223372036854838559, daa_score=1780)
2026-08-09 22:21:04.425+09:00 [INFO ] [rig0] mined block #797 (nonce=9223372036854843044, daa_score=1781)
2026-08-09 22:21:05.774+09:00 [INFO ] [rig0] mined block #798 (nonce=183487, daa_score=1782)
2026-08-09 22:21:07.010+09:00 [INFO ] [rig0] mined block #799 (nonce=117654, daa_score=1783)
2026-08-09 22:21:08.905+09:00 [INFO ] [rig0] mined block #800 (nonce=9223372036855259815, daa_score=1784)
2026-08-09 22:21:10.243+09:00 [INFO ] [rig0] mined block #801 (nonce=161896, daa_score=1785)
2026-08-09 22:21:11.724+09:00 [INFO ] [rig0] mined block #802 (nonce=9223372036854977573, daa_score=1786)
2026-08-09 22:21:13.256+09:00 [INFO ] [rig0] mined block #803 (nonce=272883, daa_score=1787)
2026-08-09 22:21:14.440+09:00 [INFO ] [rig0] mined block #804 (nonce=9223372036854858989, daa_score=1788)
2026-08-09 22:21:15.919+09:00 [INFO ] [rig0] mined block #805 (nonce=9223372036855019841, daa_score=1789)
2026-08-09 22:21:17.198+09:00 [INFO ] [rig0] mined block #806 (nonce=126599, daa_score=1790)
2026-08-09 22:21:18.456+09:00 [INFO ] [rig0] mined block #807 (nonce=9223372036854902933, daa_score=1791)
2026-08-09 22:21:20.442+09:00 [INFO ] [rig0] mined block #808 (nonce=9223372036855315218, daa_score=1792)
2026-08-09 22:21:22.124+09:00 [INFO ] [rig0] mined block #809 (nonce=360482, daa_score=1793)
2026-08-09 22:21:23.386+09:00 [INFO ] [rig0] mined block #810 (nonce=9223372036854895183, daa_score=1794)
2026-08-09 22:21:24.620+09:00 [INFO ] [rig0] mined block #811 (nonce=9223372036854876948, daa_score=1795)
2026-08-09 22:21:26.564+09:00 [INFO ] [rig0] mined block #812 (nonce=512235, daa_score=1796)
2026-08-09 22:21:27.722+09:00 [INFO ] [rig0] mined block #813 (nonce=9223372036854835147, daa_score=1797)
2026-08-09 22:21:28.854+09:00 [INFO ] [rig0] mined block #814 (nonce=9223372036854831264, daa_score=1798)
2026-08-09 22:21:30.259+09:00 [INFO ] [rig0] mined block #815 (nonce=9223372036854975714, daa_score=1799)
2026-08-09 22:21:31.388+09:00 [INFO ] [rig0] mined block #816 (nonce=9223372036854818298, daa_score=1800)
2026-08-09 22:21:32.654+09:00 [INFO ] [rig0] mined block #817 (nonce=9223372036854905296, daa_score=1801)
2026-08-09 22:21:34.233+09:00 [INFO ] [rig0] mined block #818 (nonce=313450, daa_score=1802)
2026-08-09 22:21:35.541+09:00 [INFO ] [rig0] mined block #819 (nonce=159722, daa_score=1803)
2026-08-09 22:21:36.634+09:00 [INFO ] [rig0] mined block #820 (nonce=9223372036854811057, daa_score=1804)
2026-08-09 22:21:38.321+09:00 [INFO ] [rig0] mined block #821 (nonce=374035, daa_score=1805)
2026-08-09 22:21:39.986+09:00 [INFO ] [rig0] mined block #822 (nonce=9223372036855138799, daa_score=1806)
2026-08-09 22:21:42.343+09:00 [INFO ] [rig0] mined block #823 (nonce=9223372036855530254, daa_score=1807)
2026-08-09 22:21:44.224+09:00 [INFO ] [rig0] mined block #824 (nonce=9223372036855262663, daa_score=1808)
2026-08-09 22:21:45.678+09:00 [INFO ] [rig0] mined block #825 (nonce=9223372036855006962, daa_score=1809)
2026-08-09 22:21:47.025+09:00 [INFO ] [rig0] mined block #826 (nonce=9223372036854948855, daa_score=1810)
2026-08-09 22:21:48.240+09:00 [INFO ] [rig0] mined block #827 (nonce=90414, daa_score=1811)
2026-08-09 22:21:49.548+09:00 [INFO ] [rig0] mined block #828 (nonce=9223372036854925579, daa_score=1812)
2026-08-09 22:21:50.920+09:00 [INFO ] [rig0] mined block #829 (nonce=9223372036854957416, daa_score=1813)
2026-08-09 22:21:52.064+09:00 [INFO ] [rig0] mined block #830 (nonce=55265, daa_score=1814)
2026-08-09 22:21:53.692+09:00 [INFO ] [rig0] mined block #831 (nonce=9223372036855101685, daa_score=1815)
2026-08-09 22:21:55.025+09:00 [INFO ] [rig0] mined block #832 (nonce=162422, daa_score=1816)
2026-08-09 22:21:56.202+09:00 [INFO ] [rig0] mined block #833 (nonce=9223372036854845477, daa_score=1817)
2026-08-09 22:21:57.567+09:00 [INFO ] [rig0] mined block #834 (nonce=174377, daa_score=1818)
2026-08-09 22:21:59.123+09:00 [INFO ] [rig0] mined block #835 (nonce=291745, daa_score=1819)
2026-08-09 22:22:00.738+09:00 [INFO ] [rig0] mined block #836 (nonce=324088, daa_score=1820)
2026-08-09 22:22:02.202+09:00 [INFO ] [rig0] mined block #837 (nonce=237721, daa_score=1821)
2026-08-09 22:22:04.442+09:00 [INFO ] [rig0] mined block #838 (nonce=695636, daa_score=1822)
2026-08-09 22:22:06.028+09:00 [INFO ] [rig0] mined block #839 (nonce=316748, daa_score=1823)
2026-08-09 22:22:07.369+09:00 [INFO ] [rig0] mined block #840 (nonce=9223372036854940958, daa_score=1824)
2026-08-09 22:22:08.823+09:00 [INFO ] [rig0] mined block #841 (nonce=9223372036855010059, daa_score=1825)
2026-08-09 22:22:09.935+09:00 [INFO ] [rig0] mined block #842 (nonce=36055, daa_score=1826)
2026-08-09 22:22:11.223+09:00 [INFO ] [rig0] mined block #843 (nonce=134830, daa_score=1827)
2026-08-09 22:22:12.578+09:00 [INFO ] [rig0] mined block #844 (nonce=174962, daa_score=1828)
2026-08-09 22:22:13.847+09:00 [INFO ] [rig0] mined block #845 (nonce=9223372036854899335, daa_score=1829)
2026-08-09 22:22:15.228+09:00 [INFO ] [rig0] mined block #846 (nonce=9223372036854963251, daa_score=1830)
2026-08-09 22:22:16.534+09:00 [INFO ] [rig0] mined block #847 (nonce=144447, daa_score=1831)
2026-08-09 22:22:18.044+09:00 [INFO ] [rig0] mined block #848 (nonce=263035, daa_score=1832)
2026-08-09 22:22:19.207+09:00 [INFO ] [rig0] mined block #849 (nonce=64234, daa_score=1833)
2026-08-09 22:22:21.101+09:00 [INFO ] [rig0] mined block #850 (nonce=9223372036855263232, daa_score=1834)
2026-08-09 22:22:22.557+09:00 [INFO ] [rig0] mined block #851 (nonce=236009, daa_score=1835)
2026-08-09 22:22:24.040+09:00 [INFO ] [rig0] mined block #852 (nonce=9223372036855024375, daa_score=1836)
2026-08-09 22:22:25.222+09:00 [INFO ] [rig0] mined block #853 (nonce=9223372036854851024, daa_score=1837)
2026-08-09 22:22:26.449+09:00 [INFO ] [rig0] mined block #854 (nonce=100281, daa_score=1838)
2026-08-09 22:22:27.542+09:00 [INFO ] [rig0] mined block #855 (nonce=25953, daa_score=1839)
2026-08-09 22:22:28.926+09:00 [INFO ] [rig0] mined block #856 (nonce=190744, daa_score=1840)
2026-08-09 22:22:30.185+09:00 [INFO ] [rig0] mined block #857 (nonce=9223372036854893286, daa_score=1841)
2026-08-09 22:22:31.767+09:00 [INFO ] [rig0] mined block #858 (nonce=9223372036855076502, daa_score=1842)
2026-08-09 22:22:33.174+09:00 [INFO ] [rig0] mined block #859 (nonce=202522, daa_score=1843)
2026-08-09 22:22:34.285+09:00 [INFO ] [rig0] mined block #860 (nonce=9223372036854809315, daa_score=1844)
2026-08-09 22:22:36.073+09:00 [INFO ] [rig0] mined block #861 (nonce=9223372036855215269, daa_score=1845)
2026-08-09 22:22:37.449+09:00 [INFO ] [rig0] mined block #862 (nonce=9223372036854970366, daa_score=1846)
2026-08-09 22:22:39.841+09:00 [INFO ] [rig0] mined block #863 (nonce=9223372036855551113, daa_score=1847)
2026-08-09 22:22:42.015+09:00 [INFO ] [rig0] mined block #864 (nonce=9223372036855427710, daa_score=1848)
2026-08-09 22:22:44.642+09:00 [INFO ] [rig0] mined block #865 (nonce=9223372036855675125, daa_score=1849)
2026-08-09 22:22:46.228+09:00 [INFO ] [rig0] mined block #866 (nonce=301706, daa_score=1850)
2026-08-09 22:22:47.467+09:00 [INFO ] [rig0] mined block #867 (nonce=9223372036854889225, daa_score=1851)
2026-08-09 22:22:48.930+09:00 [INFO ] [rig0] mined block #868 (nonce=232789, daa_score=1852)
2026-08-09 22:22:51.631+09:00 [INFO ] [rig0] mined block #869 (nonce=9223372036855680260, daa_score=1853)
2026-08-09 22:22:53.000+09:00 [INFO ] [rig0] mined block #870 (nonce=9223372036854963277, daa_score=1854)
2026-08-09 22:22:54.333+09:00 [INFO ] [rig0] mined block #871 (nonce=9223372036854938916, daa_score=1855)
2026-08-09 22:22:55.437+09:00 [INFO ] [rig0] mined block #872 (nonce=27868, daa_score=1856)
2026-08-09 22:22:56.669+09:00 [INFO ] [rig0] mined block #873 (nonce=9223372036854875981, daa_score=1857)
2026-08-09 22:22:57.737+09:00 [INFO ] [rig0] mined block #874 (nonce=11208, daa_score=1858)
2026-08-09 22:22:59.136+09:00 [INFO ] [rig0] mined block #875 (nonce=9223372036854969362, daa_score=1859)
2026-08-09 22:23:00.343+09:00 [INFO ] [rig0] mined block #876 (nonce=84928, daa_score=1860)
2026-08-09 22:23:01.539+09:00 [INFO ] [rig0] mined block #877 (nonce=9223372036854861078, daa_score=1861)
2026-08-09 22:23:03.264+09:00 [INFO ] [rig0] mined block #878 (nonce=389578, daa_score=1862)
2026-08-09 22:23:05.000+09:00 [INFO ] [rig0] mined block #879 (nonce=9223372036855168299, daa_score=1863)
2026-08-09 22:23:06.224+09:00 [INFO ] [rig0] mined block #880 (nonce=9223372036854882795, daa_score=1864)
2026-08-09 22:23:07.750+09:00 [INFO ] [rig0] mined block #881 (nonce=9223372036855047881, daa_score=1865)
2026-08-09 22:23:09.366+09:00 [INFO ] [rig0] mined block #882 (nonce=323875, daa_score=1866)
2026-08-09 22:23:10.551+09:00 [INFO ] [rig0] mined block #883 (nonce=72091, daa_score=1867)
2026-08-09 22:23:11.683+09:00 [INFO ] [rig0] mined block #884 (nonce=40944, daa_score=1868)
2026-08-09 22:23:13.533+09:00 [INFO ] [rig0] mined block #885 (nonce=9223372036855228790, daa_score=1869)
2026-08-09 22:23:15.156+09:00 [INFO ] [rig0] mined block #886 (nonce=329049, daa_score=1870)
2026-08-09 22:23:16.381+09:00 [INFO ] [rig0] mined block #887 (nonce=94462, daa_score=1871)
2026-08-09 22:23:17.608+09:00 [INFO ] [rig0] mined block #888 (nonce=95816, daa_score=1872)
2026-08-09 22:23:19.310+09:00 [INFO ] [rig0] mined block #889 (nonce=373879, daa_score=1873)
2026-08-09 22:23:20.526+09:00 [INFO ] [rig0] mined block #890 (nonce=89789, daa_score=1874)
2026-08-09 22:23:22.731+09:00 [INFO ] [rig0] mined block #891 (nonce=9223372036855453871, daa_score=1875)
2026-08-09 22:23:23.977+09:00 [INFO ] [rig0] mined block #892 (nonce=107966, daa_score=1876)
2026-08-09 22:23:25.312+09:00 [INFO ] [rig0] mined block #893 (nonce=9223372036854934503, daa_score=1877)
2026-08-09 22:23:27.548+09:00 [INFO ] [rig0] mined block #894 (nonce=677043, daa_score=1878)
2026-08-09 22:23:28.697+09:00 [INFO ] [rig0] mined block #895 (nonce=9223372036854826867, daa_score=1879)
2026-08-09 22:23:30.751+09:00 [INFO ] [rig0] mined block #896 (nonce=9223372036855350977, daa_score=1880)
2026-08-09 22:23:32.989+09:00 [INFO ] [rig0] mined block #897 (nonce=677598, daa_score=1881)
2026-08-09 22:23:35.063+09:00 [INFO ] [rig0] mined block #898 (nonce=9223372036855359689, daa_score=1882)
2026-08-09 22:23:36.277+09:00 [INFO ] [rig0] mined block #899 (nonce=104288, daa_score=1883)
2026-08-09 22:23:37.546+09:00 [INFO ] [rig0] mined block #900 (nonce=9223372036854897721, daa_score=1884)
2026-08-09 22:23:38.701+09:00 [INFO ] [rig0] mined block #901 (nonce=9223372036854832613, daa_score=1885)
2026-08-09 22:23:40.256+09:00 [INFO ] [rig0] mined block #902 (nonce=288831, daa_score=1886)
2026-08-09 22:23:41.482+09:00 [INFO ] [rig0] mined block #903 (nonce=95533, daa_score=1887)
2026-08-09 22:23:42.778+09:00 [INFO ] [rig0] mined block #904 (nonce=9223372036854913353, daa_score=1888)
2026-08-09 22:23:45.446+09:00 [INFO ] [rig0] mined block #905 (nonce=946478, daa_score=1889)
2026-08-09 22:23:47.472+09:00 [INFO ] [rig0] mined block #906 (nonce=556784, daa_score=1890)
2026-08-09 22:23:49.608+09:00 [INFO ] [rig0] mined block #907 (nonce=624791, daa_score=1891)
2026-08-09 22:23:50.744+09:00 [INFO ] [rig0] mined block #908 (nonce=41960, daa_score=1892)
2026-08-09 22:23:51.893+09:00 [INFO ] [rig0] mined block #909 (nonce=50274, daa_score=1893)
2026-08-09 22:23:53.188+09:00 [INFO ] [rig0] mined block #910 (nonce=9223372036854911882, daa_score=1894)
2026-08-09 22:23:54.339+09:00 [INFO ] [rig0] mined block #911 (nonce=52143, daa_score=1895)
2026-08-09 22:23:55.523+09:00 [INFO ] [rig0] mined block #912 (nonce=82219, daa_score=1896)
2026-08-09 22:23:56.793+09:00 [INFO ] [rig0] mined block #913 (nonce=122154, daa_score=1897)
2026-08-09 22:23:58.058+09:00 [INFO ] [rig0] mined block #914 (nonce=120750, daa_score=1898)
2026-08-09 22:23:59.322+09:00 [INFO ] [rig0] mined block #915 (nonce=110335, daa_score=1899)
2026-08-09 22:24:00.580+09:00 [INFO ] [rig0] mined block #916 (nonce=9223372036854895986, daa_score=1900)
2026-08-09 22:24:01.709+09:00 [INFO ] [rig0] mined block #917 (nonce=9223372036854812837, daa_score=1901)
2026-08-09 22:24:03.454+09:00 [INFO ] [rig0] mined block #918 (nonce=9223372036855175214, daa_score=1902)
2026-08-09 22:24:05.057+09:00 [INFO ] [rig0] mined block #919 (nonce=304688, daa_score=1903)
2026-08-09 22:24:06.654+09:00 [INFO ] [rig0] mined block #920 (nonce=322901, daa_score=1904)
2026-08-09 22:24:07.717+09:00 [INFO ] [rig0] mined block #921 (nonce=11506, daa_score=1905)
2026-08-09 22:24:10.074+09:00 [INFO ] [rig0] mined block #922 (nonce=751650, daa_score=1906)
2026-08-09 22:24:11.759+09:00 [INFO ] [rig0] mined block #923 (nonce=9223372036855139458, daa_score=1907)
2026-08-09 22:24:13.006+09:00 [INFO ] [rig0] mined block #924 (nonce=118138, daa_score=1908)
2026-08-09 22:24:14.164+09:00 [INFO ] [rig0] mined block #925 (nonce=56993, daa_score=1909)
2026-08-09 22:24:15.669+09:00 [INFO ] [rig0] mined block #926 (nonce=270095, daa_score=1910)
2026-08-09 22:24:16.893+09:00 [INFO ] [rig0] mined block #927 (nonce=9223372036854878289, daa_score=1911)
2026-08-09 22:24:18.361+09:00 [INFO ] [rig0] mined block #928 (nonce=234037, daa_score=1912)
2026-08-09 22:24:19.868+09:00 [INFO ] [rig0] mined block #929 (nonce=9223372036855036128, daa_score=1913)
2026-08-09 22:24:21.004+09:00 [INFO ] [rig0] mined block #930 (nonce=9223372036854821899, daa_score=1914)
2026-08-09 22:24:22.048+09:00 [INFO ] [rig0] mined block #931 (nonce=9223372036854777903, daa_score=1915)
2026-08-09 22:24:23.301+09:00 [INFO ] [rig0] mined block #932 (nonce=9223372036854884575, daa_score=1916)
2026-08-09 22:24:25.402+09:00 [INFO ] [rig0] mined block #933 (nonce=599920, daa_score=1917)
2026-08-09 22:24:28.074+09:00 [INFO ] [rig0] mined block #934 (nonce=9223372036855712232, daa_score=1918)
2026-08-09 22:24:29.412+09:00 [INFO ] [rig0] mined block #935 (nonce=158991, daa_score=1919)
2026-08-09 22:24:30.544+09:00 [INFO ] [rig0] mined block #936 (nonce=9223372036854814793, daa_score=1920)
2026-08-09 22:24:31.850+09:00 [INFO ] [rig0] mined block #937 (nonce=141626, daa_score=1921)
2026-08-09 22:24:33.381+09:00 [INFO ] [rig0] mined block #938 (nonce=9223372036855053058, daa_score=1922)
2026-08-09 22:24:34.834+09:00 [INFO ] [rig0] mined block #939 (nonce=232850, daa_score=1923)
2026-08-09 22:24:36.279+09:00 [INFO ] [rig0] mined block #940 (nonce=226269, daa_score=1924)
2026-08-09 22:24:37.793+09:00 [INFO ] [rig0] mined block #941 (nonce=9223372036855039300, daa_score=1925)
2026-08-09 22:24:39.200+09:00 [INFO ] [rig0] mined block #942 (nonce=9223372036854971680, daa_score=1926)
2026-08-09 22:24:40.820+09:00 [INFO ] [rig0] mined block #943 (nonce=323565, daa_score=1927)
2026-08-09 22:24:43.596+09:00 [INFO ] [rig0] mined block #944 (nonce=9223372036855775026, daa_score=1928)
2026-08-09 22:24:45.495+09:00 [INFO ] [rig0] mined block #945 (nonce=9223372036855256833, daa_score=1929)
2026-08-09 22:24:48.244+09:00 [INFO ] [rig0] mined block #946 (nonce=9223372036855764482, daa_score=1930)
2026-08-09 22:24:50.821+09:00 [INFO ] [rig0] mined block #947 (nonce=9223372036855624589, daa_score=1931)
2026-08-09 22:24:53.514+09:00 [INFO ] [rig0] mined block #948 (nonce=950216, daa_score=1932)
2026-08-09 22:24:55.018+09:00 [INFO ] [rig0] mined block #949 (nonce=247659, daa_score=1933)
2026-08-09 22:24:56.533+09:00 [INFO ] [rig0] mined block #950 (nonce=9223372036855032487, daa_score=1934)
2026-08-09 22:24:58.057+09:00 [INFO ] [rig0] mined block #951 (nonce=9223372036855044162, daa_score=1935)
2026-08-09 22:24:59.357+09:00 [INFO ] [rig0] mined block #952 (nonce=9223372036854907156, daa_score=1936)
2026-08-09 22:25:00.609+09:00 [INFO ] [rig0] mined block #953 (nonce=104723, daa_score=1937)
2026-08-09 22:25:01.815+09:00 [INFO ] [rig0] mined block #954 (nonce=9223372036854856797, daa_score=1938)
2026-08-09 22:25:03.164+09:00 [INFO ] [rig0] mined block #955 (nonce=165601, daa_score=1939)
2026-08-09 22:25:05.235+09:00 [INFO ] [rig0] mined block #956 (nonce=9223372036855359106, daa_score=1940)
2026-08-09 22:25:06.807+09:00 [INFO ] [rig0] mined block #957 (nonce=303814, daa_score=1941)
2026-08-09 22:25:08.189+09:00 [INFO ] [rig0] mined block #958 (nonce=9223372036854955993, daa_score=1942)
2026-08-09 22:25:09.315+09:00 [INFO ] [rig0] mined block #959 (nonce=35491, daa_score=1943)
2026-08-09 22:25:11.317+09:00 [INFO ] [rig0] mined block #960 (nonce=547386, daa_score=1944)
2026-08-09 22:25:12.918+09:00 [INFO ] [rig0] mined block #961 (nonce=314424, daa_score=1945)
2026-08-09 22:25:14.214+09:00 [INFO ] [rig0] mined block #962 (nonce=9223372036854907091, daa_score=1946)
2026-08-09 22:25:16.020+09:00 [INFO ] [rig0] mined block #963 (nonce=444060, daa_score=1947)
2026-08-09 22:25:17.124+09:00 [INFO ] [rig0] mined block #964 (nonce=22325, daa_score=1948)
2026-08-09 22:25:18.256+09:00 [INFO ] [rig0] mined block #965 (nonce=9223372036854810340, daa_score=1949)
2026-08-09 22:25:21.108+09:00 [INFO ] [rig0] mined block #966 (nonce=9223372036855822769, daa_score=1950)
2026-08-09 22:25:22.502+09:00 [INFO ] [rig0] mined block #967 (nonce=200867, daa_score=1951)
2026-08-09 22:25:23.811+09:00 [INFO ] [rig0] mined block #968 (nonce=139934, daa_score=1952)
2026-08-09 22:25:25.221+09:00 [INFO ] [rig0] mined block #969 (nonce=9223372036854989472, daa_score=1953)
2026-08-09 22:25:26.272+09:00 [INFO ] [rig0] mined block #970 (nonce=9223372036854781758, daa_score=1954)
2026-08-09 22:25:27.831+09:00 [INFO ] [rig0] mined block #971 (nonce=300701, daa_score=1955)
2026-08-09 22:25:29.642+09:00 [INFO ] [rig0] mined block #972 (nonce=447228, daa_score=1956)
2026-08-09 22:25:31.233+09:00 [INFO ] [rig0] mined block #973 (nonce=308608, daa_score=1957)
2026-08-09 22:25:32.365+09:00 [INFO ] [rig0] mined block #974 (nonce=37262, daa_score=1958)
2026-08-09 22:25:33.499+09:00 [INFO ] [rig0] mined block #975 (nonce=9223372036854813468, daa_score=1959)
2026-08-09 22:25:34.641+09:00 [INFO ] [rig0] mined block #976 (nonce=9223372036854819596, daa_score=1960)
2026-08-09 22:25:36.142+09:00 [INFO ] [rig0] mined block #977 (nonce=260251, daa_score=1961)
2026-08-09 22:25:38.956+09:00 [INFO ] [rig0] mined block #978 (nonce=9223372036855797822, daa_score=1962)
2026-08-09 22:25:40.448+09:00 [INFO ] [rig0] mined block #979 (nonce=9223372036855036721, daa_score=1963)
2026-08-09 22:25:42.480+09:00 [INFO ] [rig0] mined block #980 (nonce=9223372036855334183, daa_score=1964)
2026-08-09 22:25:43.682+09:00 [INFO ] [rig0] mined block #981 (nonce=9223372036854861574, daa_score=1965)
2026-08-09 22:25:44.867+09:00 [INFO ] [rig0] mined block #982 (nonce=9223372036854854075, daa_score=1966)
2026-08-09 22:25:46.420+09:00 [INFO ] [rig0] mined block #983 (nonce=9223372036855061789, daa_score=1967)
2026-08-09 22:25:47.506+09:00 [INFO ] [rig0] mined block #984 (nonce=26961, daa_score=1968)
2026-08-09 22:25:49.003+09:00 [INFO ] [rig0] mined block #985 (nonce=240380, daa_score=1969)
2026-08-09 22:25:50.123+09:00 [INFO ] [rig0] mined block #986 (nonce=9223372036854818612, daa_score=1970)
2026-08-09 22:25:51.572+09:00 [INFO ] [rig0] mined block #987 (nonce=9223372036855012814, daa_score=1971)
2026-08-09 22:25:53.098+09:00 [INFO ] [rig0] mined block #988 (nonce=9223372036855057041, daa_score=1972)
2026-08-09 22:25:54.915+09:00 [INFO ] [rig0] mined block #989 (nonce=9223372036855219437, daa_score=1973)
2026-08-09 22:25:56.003+09:00 [INFO ] [rig0] mined block #990 (nonce=9223372036854801967, daa_score=1974)
2026-08-09 22:25:57.103+09:00 [INFO ] [rig0] mined block #991 (nonce=9223372036854809355, daa_score=1975)
2026-08-09 22:25:58.350+09:00 [INFO ] [rig0] mined block #992 (nonce=9223372036854892383, daa_score=1976)
2026-08-09 22:25:59.969+09:00 [INFO ] [rig0] mined block #993 (nonce=322420, daa_score=1977)
2026-08-09 22:26:01.543+09:00 [INFO ] [rig0] mined block #994 (nonce=287925, daa_score=1978)
2026-08-09 22:26:02.730+09:00 [INFO ] [rig0] mined block #995 (nonce=9223372036854841218, daa_score=1979)
2026-08-09 22:26:05.262+09:00 [INFO ] [rig0] mined block #996 (nonce=9223372036855632595, daa_score=1980)
2026-08-09 22:26:06.502+09:00 [INFO ] [rig0] mined block #997 (nonce=9223372036854876651, daa_score=1981)
2026-08-09 22:26:07.945+09:00 [INFO ] [rig0] mined block #998 (nonce=9223372036855001732, daa_score=1982)
2026-08-09 22:26:09.260+09:00 [INFO ] [rig0] mined block #999 (nonce=139703, daa_score=1983)
2026-08-09 22:26:10.875+09:00 [INFO ] [rig0] mined block #1000 (nonce=316235, daa_score=1984)
2026-08-09 22:26:12.355+09:00 [INFO ] [rig0] mined block #1001 (nonce=249335, daa_score=1985)
2026-08-09 22:26:13.423+09:00 [INFO ] [rig0] mined block #1002 (nonce=9223372036854779110, daa_score=1986)
2026-08-09 22:26:14.963+09:00 [INFO ] [rig0] mined block #1003 (nonce=9223372036855051540, daa_score=1987)
2026-08-09 22:26:16.060+09:00 [INFO ] [rig0] mined block #1004 (nonce=16051, daa_score=1988)
2026-08-09 22:26:18.271+09:00 [INFO ] [rig0] mined block #1005 (nonce=9223372036855439715, daa_score=1989)
2026-08-09 22:26:19.966+09:00 [INFO ] [rig0] mined block #1006 (nonce=9223372036855138765, daa_score=1990)
2026-08-09 22:26:21.336+09:00 [INFO ] [rig0] mined block #1007 (nonce=171181, daa_score=1991)
2026-08-09 22:26:22.732+09:00 [INFO ] [rig0] mined block #1008 (nonce=9223372036854967143, daa_score=1992)
2026-08-09 22:26:24.131+09:00 [INFO ] [rig0] mined block #1009 (nonce=9223372036854967931, daa_score=1993)
2026-08-09 22:26:25.615+09:00 [INFO ] [rig0] mined block #1010 (nonce=241858, daa_score=1994)
2026-08-09 22:26:27.006+09:00 [INFO ] [rig0] mined block #1011 (nonce=9223372036854973515, daa_score=1995)
2026-08-09 22:26:28.988+09:00 [INFO ] [rig0] mined block #1012 (nonce=533842, daa_score=1996)
2026-08-09 22:26:30.503+09:00 [INFO ] [rig0] mined block #1013 (nonce=9223372036855032920, daa_score=1997)
2026-08-09 22:26:31.784+09:00 [INFO ] [rig0] mined block #1014 (nonce=119804, daa_score=1998)
2026-08-09 22:26:32.917+09:00 [INFO ] [rig0] mined block #1015 (nonce=30152, daa_score=1999)
2026-08-09 22:26:34.111+09:00 [INFO ] [rig0] mined block #1016 (nonce=71522, daa_score=2000)
2026-08-09 22:26:35.303+09:00 [INFO ] [rig0] mined block #1017 (nonce=9223372036854845561, daa_score=2001)
2026-08-09 22:26:36.483+09:00 [INFO ] [rig0] mined block #1018 (nonce=9223372036854852850, daa_score=2002)
2026-08-09 22:26:38.104+09:00 [INFO ] [rig0] mined block #1019 (nonce=9223372036855095593, daa_score=2003)
2026-08-09 22:26:39.652+09:00 [INFO ] [rig0] mined block #1020 (nonce=279533, daa_score=2004)
2026-08-09 22:26:41.580+09:00 [INFO ] [rig0] mined block #1021 (nonce=9223372036855285575, daa_score=2005)
2026-08-09 22:26:43.732+09:00 [INFO ] [rig0] mined block #1022 (nonce=9223372036855399988, daa_score=2006)
2026-08-09 22:26:44.967+09:00 [INFO ] [rig0] mined block #1023 (nonce=9223372036854882991, daa_score=2007)
2026-08-09 22:26:46.424+09:00 [INFO ] [rig0] mined block #1024 (nonce=9223372036855010438, daa_score=2008)
2026-08-09 22:26:47.612+09:00 [INFO ] [rig0] mined block #1025 (nonce=79129, daa_score=2009)
2026-08-09 22:26:49.503+09:00 [INFO ] [rig0] mined block #1026 (nonce=9223372036855258139, daa_score=2010)
2026-08-09 22:26:51.068+09:00 [INFO ] [rig0] mined block #1027 (nonce=9223372036855067928, daa_score=2011)
2026-08-09 22:26:52.438+09:00 [INFO ] [rig0] mined block #1028 (nonce=9223372036854964933, daa_score=2012)
2026-08-09 22:26:55.026+09:00 [INFO ] [rig0] mined block #1029 (nonce=9223372036855662546, daa_score=2013)
2026-08-09 22:26:56.220+09:00 [INFO ] [rig0] mined block #1030 (nonce=9223372036854865447, daa_score=2014)
2026-08-09 22:26:58.119+09:00 [INFO ] [rig0] mined block #1031 (nonce=489519, daa_score=2015)
2026-08-09 22:26:59.248+09:00 [INFO ] [rig0] mined block #1032 (nonce=49317, daa_score=2016)
2026-08-09 22:27:00.766+09:00 [INFO ] [rig0] mined block #1033 (nonce=9223372036855049669, daa_score=2017)
2026-08-09 22:27:02.051+09:00 [INFO ] [rig0] mined block #1034 (nonce=130226, daa_score=2018)
2026-08-09 22:27:03.645+09:00 [INFO ] [rig0] mined block #1035 (nonce=9223372036855099453, daa_score=2019)
2026-08-09 22:27:05.208+09:00 [INFO ] [rig0] mined block #1036 (nonce=9223372036855079726, daa_score=2020)
2026-08-09 22:27:06.324+09:00 [INFO ] [rig0] mined block #1037 (nonce=9223372036854816377, daa_score=2021)
2026-08-09 22:27:08.207+09:00 [INFO ] [rig0] mined block #1038 (nonce=9223372036855213132, daa_score=2022)
2026-08-09 22:27:09.269+09:00 [INFO ] [rig0] mined block #1039 (nonce=2442, daa_score=2023)
2026-08-09 22:27:10.336+09:00 [INFO ] [rig0] mined block #1040 (nonce=9223372036854785349, daa_score=2024)
2026-08-09 22:27:12.085+09:00 [INFO ] [rig0] mined block #1041 (nonce=9223372036855184179, daa_score=2025)
2026-08-09 22:27:13.563+09:00 [INFO ] [rig0] mined block #1042 (nonce=249446, daa_score=2026)
2026-08-09 22:27:14.683+09:00 [INFO ] [rig0] mined block #1043 (nonce=43204, daa_score=2027)
2026-08-09 22:27:16.501+09:00 [INFO ] [rig0] mined block #1044 (nonce=448253, daa_score=2028)
2026-08-09 22:27:18.510+09:00 [INFO ] [rig0] mined block #1045 (nonce=9223372036855326746, daa_score=2029)
2026-08-09 22:27:19.870+09:00 [INFO ] [rig0] mined block #1046 (nonce=9223372036854956445, daa_score=2030)
2026-08-09 22:27:20.980+09:00 [INFO ] [rig0] mined block #1047 (nonce=9223372036854814984, daa_score=2031)
2026-08-09 22:27:22.065+09:00 [INFO ] [rig0] mined block #1048 (nonce=24892, daa_score=2032)
2026-08-09 22:27:24.686+09:00 [INFO ] [rig0] mined block #1049 (nonce=908276, daa_score=2033)
2026-08-09 22:27:26.225+09:00 [INFO ] [rig0] mined block #1050 (nonce=279777, daa_score=2034)
2026-08-09 22:27:27.383+09:00 [INFO ] [rig0] mined block #1051 (nonce=9223372036854835386, daa_score=2035)
2026-08-09 22:27:28.717+09:00 [INFO ] [rig0] mined block #1052 (nonce=9223372036854944802, daa_score=2036)
2026-08-09 22:27:30.818+09:00 [INFO ] [rig0] mined block #1053 (nonce=593922, daa_score=2037)
2026-08-09 22:27:32.254+09:00 [INFO ] [rig0] mined block #1054 (nonce=9223372036854956994, daa_score=2038)
2026-08-09 22:27:33.731+09:00 [INFO ] [rig0] mined block #1055 (nonce=236510, daa_score=2039)
2026-08-09 22:27:34.925+09:00 [INFO ] [rig0] mined block #1056 (nonce=86464, daa_score=2040)
2026-08-09 22:27:37.651+09:00 [INFO ] [rig0] mined block #1057 (nonce=959233, daa_score=2041)
2026-08-09 22:27:38.733+09:00 [INFO ] [rig0] mined block #1058 (nonce=9223372036854783927, daa_score=2042)
2026-08-09 22:27:40.608+09:00 [INFO ] [rig0] mined block #1059 (nonce=9223372036855243365, daa_score=2043)
2026-08-09 22:27:41.947+09:00 [INFO ] [rig0] mined block #1060 (nonce=161479, daa_score=2044)
2026-08-09 22:27:43.084+09:00 [INFO ] [rig0] mined block #1061 (nonce=42906, daa_score=2045)
2026-08-09 22:27:44.513+09:00 [INFO ] [rig0] mined block #1062 (nonce=9223372036854984001, daa_score=2046)
2026-08-09 22:27:45.592+09:00 [INFO ] [rig0] mined block #1063 (nonce=9223372036854794188, daa_score=2047)
2026-08-09 22:27:46.667+09:00 [INFO ] [rig0] mined block #1064 (nonce=18090, daa_score=2048)
2026-08-09 22:27:49.223+09:00 [INFO ] [rig0] mined block #1065 (nonce=9223372036855647682, daa_score=2049)
2026-08-09 22:27:50.292+09:00 [INFO ] [rig0] mined block #1066 (nonce=9197, daa_score=2050)
2026-08-09 22:27:51.464+09:00 [INFO ] [rig0] mined block #1067 (nonce=70193, daa_score=2051)
2026-08-09 22:27:53.371+09:00 [INFO ] [rig0] mined block #1068 (nonce=9223372036855259280, daa_score=2052)
2026-08-09 22:27:54.759+09:00 [INFO ] [rig0] mined block #1069 (nonce=184541, daa_score=2053)
2026-08-09 22:27:56.096+09:00 [INFO ] [rig0] mined block #1070 (nonce=9223372036854934913, daa_score=2054)
2026-08-09 22:27:57.457+09:00 [INFO ] [rig0] mined block #1071 (nonce=167009, daa_score=2055)
2026-08-09 22:27:58.936+09:00 [INFO ] [rig0] mined block #1072 (nonce=9223372036855010637, daa_score=2056)
2026-08-09 22:28:00.445+09:00 [INFO ] [rig0] mined block #1073 (nonce=9223372036855032806, daa_score=2057)
2026-08-09 22:28:01.831+09:00 [INFO ] [rig0] mined block #1074 (nonce=9223372036854959256, daa_score=2058)
2026-08-09 22:28:03.351+09:00 [INFO ] [rig0] mined block #1075 (nonce=262644, daa_score=2059)
2026-08-09 22:28:04.782+09:00 [INFO ] [rig0] mined block #1076 (nonce=208728, daa_score=2060)
2026-08-09 22:28:05.898+09:00 [INFO ] [rig0] mined block #1077 (nonce=9223372036854815231, daa_score=2061)
2026-08-09 22:28:07.138+09:00 [INFO ] [rig0] mined block #1078 (nonce=109486, daa_score=2062)
2026-08-09 22:28:08.299+09:00 [INFO ] [rig0] mined block #1079 (nonce=9223372036854841416, daa_score=2063)
2026-08-09 22:28:09.407+09:00 [INFO ] [rig0] mined block #1080 (nonce=35261, daa_score=2064)
2026-08-09 22:28:11.484+09:00 [INFO ] [rig0] mined block #1081 (nonce=9223372036855362087, daa_score=2065)
2026-08-09 22:28:13.092+09:00 [INFO ] [rig0] mined block #1082 (nonce=318331, daa_score=2066)
2026-08-09 22:28:14.230+09:00 [INFO ] [rig0] mined block #1083 (nonce=9223372036854825830, daa_score=2067)
2026-08-09 22:28:15.339+09:00 [INFO ] [rig0] mined block #1084 (nonce=21686, daa_score=2068)
2026-08-09 22:28:16.576+09:00 [INFO ] [rig0] mined block #1085 (nonce=9223372036854883242, daa_score=2069)
2026-08-09 22:28:18.260+09:00 [INFO ] [rig0] mined block #1086 (nonce=349200, daa_score=2070)
2026-08-09 22:28:19.334+09:00 [INFO ] [rig0] mined block #1087 (nonce=9223372036854781694, daa_score=2071)
2026-08-09 22:28:20.866+09:00 [INFO ] [rig0] mined block #1088 (nonce=273668, daa_score=2072)
2026-08-09 22:28:23.143+09:00 [INFO ] [rig0] mined block #1089 (nonce=694722, daa_score=2073)
2026-08-09 22:28:24.662+09:00 [INFO ] [rig0] mined block #1090 (nonce=265461, daa_score=2074)
2026-08-09 22:28:26.094+09:00 [INFO ] [rig0] mined block #1091 (nonce=9223372036854998509, daa_score=2075)
2026-08-09 22:28:27.876+09:00 [INFO ] [rig0] mined block #1092 (nonce=9223372036855196888, daa_score=2076)
2026-08-09 22:28:29.055+09:00 [INFO ] [rig0] mined block #1093 (nonce=65292, daa_score=2077)
2026-08-09 22:28:30.154+09:00 [INFO ] [rig0] mined block #1094 (nonce=9223372036854797389, daa_score=2078)
2026-08-09 22:28:31.388+09:00 [INFO ] [rig0] mined block #1095 (nonce=9223372036854822911, daa_score=2079)
2026-08-09 22:28:33.295+09:00 [INFO ] [rig0] mined block #1096 (nonce=275188, daa_score=2080)
2026-08-09 22:28:35.535+09:00 [INFO ] [rig0] mined block #1097 (nonce=9223372036855368627, daa_score=2081)
2026-08-09 22:28:36.771+09:00 [INFO ] [rig0] mined block #1098 (nonce=9223372036854881842, daa_score=2082)
2026-08-09 22:28:37.956+09:00 [INFO ] [rig0] mined block #1099 (nonce=9223372036854831014, daa_score=2083)
2026-08-09 22:28:39.080+09:00 [INFO ] [rig0] mined block #1100 (nonce=40265, daa_score=2084)
2026-08-09 22:28:40.848+09:00 [INFO ] [rig0] mined block #1101 (nonce=370166, daa_score=2085)
2026-08-09 22:28:42.314+09:00 [INFO ] [rig0] mined block #1102 (nonce=9223372036855016056, daa_score=2086)
2026-08-09 22:28:43.487+09:00 [INFO ] [rig0] mined block #1103 (nonce=34774, daa_score=2087)
2026-08-09 22:28:44.543+09:00 [INFO ] [rig0] mined block #1104 (nonce=3171, daa_score=2088)
2026-08-09 22:28:45.762+09:00 [INFO ] [rig0] mined block #1105 (nonce=9223372036854846663, daa_score=2089)
2026-08-09 22:28:47.264+09:00 [INFO ] [rig0] mined block #1106 (nonce=9223372036854898476, daa_score=2090)
2026-08-09 22:28:49.217+09:00 [INFO ] [rig0] mined block #1107 (nonce=288368, daa_score=2091)
2026-08-09 22:28:50.340+09:00 [INFO ] [rig0] mined block #1108 (nonce=37383, daa_score=2092)
2026-08-09 22:28:54.073+09:00 [INFO ] [rig0] mined block #1109 (nonce=9223372036855559546, daa_score=2093)
2026-08-09 22:28:58.223+09:00 [INFO ] [rig0] mined block #1110 (nonce=953574, daa_score=2094)
2026-08-09 22:29:01.821+09:00 [INFO ] [rig0] mined block #1111 (nonce=731589, daa_score=2095)
2026-08-09 22:29:04.955+09:00 [INFO ] [rig0] mined block #1112 (nonce=583944, daa_score=2096)
2026-08-09 22:29:06.520+09:00 [INFO ] [rig0] mined block #1113 (nonce=9223372036854937538, daa_score=2097)
2026-08-09 22:29:08.423+09:00 [INFO ] [rig0] mined block #1114 (nonce=9223372036854985280, daa_score=2098)
2026-08-09 22:29:09.618+09:00 [INFO ] [rig0] mined block #1115 (nonce=9223372036854798369, daa_score=2099)
2026-08-09 22:29:11.615+09:00 [INFO ] [rig0] mined block #1116 (nonce=9223372036854995951, daa_score=2100)
2026-08-09 22:29:14.446+09:00 [INFO ] [rig0] mined block #1117 (nonce=9223372036855056324, daa_score=2101)
2026-08-09 22:29:16.941+09:00 [INFO ] [rig0] mined block #1118 (nonce=9223372036855129609, daa_score=2102)
2026-08-09 22:29:19.254+09:00 [INFO ] [rig0] mined block #1119 (nonce=725980, daa_score=2103)
2026-08-09 22:29:20.917+09:00 [INFO ] [rig0] mined block #1120 (nonce=9223372036855128109, daa_score=2104)
2026-08-09 22:29:22.117+09:00 [INFO ] [rig0] mined block #1121 (nonce=9223372036854849583, daa_score=2105)
2026-08-09 22:29:25.119+09:00 [INFO ] [rig0] mined block #1122 (nonce=9223372036855906184, daa_score=2106)
2026-08-09 22:29:26.595+09:00 [INFO ] [rig0] mined block #1123 (nonce=244230, daa_score=2107)
2026-08-09 22:29:27.833+09:00 [INFO ] [rig0] mined block #1124 (nonce=106323, daa_score=2108)
2026-08-09 22:29:29.568+09:00 [INFO ] [rig0] mined block #1125 (nonce=9223372036855171209, daa_score=2109)
2026-08-09 22:29:30.705+09:00 [INFO ] [rig0] mined block #1126 (nonce=48811, daa_score=2110)
2026-08-09 22:29:32.408+09:00 [INFO ] [rig0] mined block #1127 (nonce=377774, daa_score=2111)
2026-08-09 22:29:35.009+09:00 [INFO ] [rig0] mined block #1128 (nonce=897685, daa_score=2112)
2026-08-09 22:29:36.801+09:00 [INFO ] [rig0] mined block #1129 (nonce=428278, daa_score=2113)
2026-08-09 22:29:38.262+09:00 [INFO ] [rig0] mined block #1130 (nonce=236496, daa_score=2114)
2026-08-09 22:29:39.792+09:00 [INFO ] [rig0] mined block #1131 (nonce=9223372036855051950, daa_score=2115)
2026-08-09 22:29:41.552+09:00 [INFO ] [rig0] mined block #1132 (nonce=408188, daa_score=2116)
2026-08-09 22:29:42.711+09:00 [INFO ] [rig0] mined block #1133 (nonce=9223372036854836809, daa_score=2117)
2026-08-09 22:29:43.828+09:00 [INFO ] [rig0] mined block #1134 (nonce=35406, daa_score=2118)
2026-08-09 22:29:45.524+09:00 [INFO ] [rig0] mined block #1135 (nonce=371209, daa_score=2119)
2026-08-09 22:29:46.603+09:00 [INFO ] [rig0] mined block #1136 (nonce=9223372036854789522, daa_score=2120)
2026-08-09 22:29:48.108+09:00 [INFO ] [rig0] mined block #1137 (nonce=260674, daa_score=2121)
2026-08-09 22:29:49.333+09:00 [INFO ] [rig0] mined block #1138 (nonce=99471, daa_score=2122)
2026-08-09 22:29:52.771+09:00 [INFO ] [rig0] mined block #1139 (nonce=9223372036856160729, daa_score=2123)
2026-08-09 22:29:53.877+09:00 [INFO ] [rig0] mined block #1140 (nonce=9223372036854805455, daa_score=2124)
2026-08-09 22:29:55.324+09:00 [INFO ] [rig0] mined block #1141 (nonce=9223372036855003263, daa_score=2125)
2026-08-09 22:29:56.818+09:00 [INFO ] [rig0] mined block #1142 (nonce=255656, daa_score=2126)
2026-08-09 22:29:58.008+09:00 [INFO ] [rig0] mined block #1143 (nonce=79805, daa_score=2127)
2026-08-09 22:29:59.353+09:00 [INFO ] [rig0] mined block #1144 (nonce=168931, daa_score=2128)
2026-08-09 22:30:00.647+09:00 [INFO ] [rig0] mined block #1145 (nonce=9223372036854915555, daa_score=2129)
2026-08-09 22:30:01.985+09:00 [INFO ] [rig0] mined block #1146 (nonce=9223372036854940596, daa_score=2130)
2026-08-09 22:30:03.142+09:00 [INFO ] [rig0] mined block #1147 (nonce=9223372036854835888, daa_score=2131)
2026-08-09 22:30:04.283+09:00 [INFO ] [rig0] mined block #1148 (nonce=49645, daa_score=2132)
2026-08-09 22:30:05.400+09:00 [INFO ] [rig0] mined block #1149 (nonce=9223372036854810888, daa_score=2133)
2026-08-09 22:30:06.707+09:00 [INFO ] [rig0] mined block #1150 (nonce=9223372036854923760, daa_score=2134)
2026-08-09 22:30:08.333+09:00 [INFO ] [rig0] mined block #1151 (nonce=9223372036855107179, daa_score=2135)
2026-08-09 22:30:09.904+09:00 [INFO ] [rig0] mined block #1152 (nonce=298728, daa_score=2136)
2026-08-09 22:30:11.309+09:00 [INFO ] [rig0] mined block #1153 (nonce=9223372036854981057, daa_score=2137)
2026-08-09 22:30:13.786+09:00 [INFO ] [rig0] mined block #1154 (nonce=825523, daa_score=2138)
2026-08-09 22:30:15.455+09:00 [INFO ] [rig0] mined block #1155 (nonce=9223372036855131470, daa_score=2139)
2026-08-09 22:30:16.715+09:00 [INFO ] [rig0] mined block #1156 (nonce=9223372036854893276, daa_score=2140)
2026-08-09 22:30:17.843+09:00 [INFO ] [rig0] mined block #1157 (nonce=9223372036854823438, daa_score=2141)
2026-08-09 22:30:19.023+09:00 [INFO ] [rig0] mined block #1158 (nonce=72178, daa_score=2142)
2026-08-09 22:30:20.317+09:00 [INFO ] [rig0] mined block #1159 (nonce=9223372036854914402, daa_score=2143)
2026-08-09 22:30:22.012+09:00 [INFO ] [rig0] mined block #1160 (nonce=9223372036855145339, daa_score=2144)
2026-08-09 22:30:23.166+09:00 [INFO ] [rig0] mined block #1161 (nonce=9223372036854834095, daa_score=2145)
2026-08-09 22:30:24.788+09:00 [INFO ] [rig0] mined block #1162 (nonce=9223372036855104199, daa_score=2146)
2026-08-09 22:30:26.358+09:00 [INFO ] [rig0] mined block #1163 (nonce=9223372036855076389, daa_score=2147)
2026-08-09 22:30:27.841+09:00 [INFO ] [rig0] mined block #1164 (nonce=244750, daa_score=2148)
2026-08-09 22:30:29.697+09:00 [INFO ] [rig0] mined block #1165 (nonce=465710, daa_score=2149)
2026-08-09 22:30:30.917+09:00 [INFO ] [rig0] mined block #1166 (nonce=96848, daa_score=2150)
2026-08-09 22:30:32.611+09:00 [INFO ] [rig0] mined block #1167 (nonce=370401, daa_score=2151)
2026-08-09 22:30:33.711+09:00 [INFO ] [rig0] mined block #1168 (nonce=9223372036854803920, daa_score=2152)
2026-08-09 22:30:34.897+09:00 [INFO ] [rig0] mined block #1169 (nonce=75686, daa_score=2153)
2026-08-09 22:30:36.397+09:00 [INFO ] [rig0] mined block #1170 (nonce=9223372036855036231, daa_score=2154)
2026-08-09 22:30:37.540+09:00 [INFO ] [rig0] mined block #1171 (nonce=40877, daa_score=2155)
2026-08-09 22:30:39.042+09:00 [INFO ] [rig0] mined block #1172 (nonce=9223372036855023433, daa_score=2156)
2026-08-09 22:30:40.149+09:00 [INFO ] [rig0] mined block #1173 (nonce=32395, daa_score=2157)
2026-08-09 22:30:41.755+09:00 [INFO ] [rig0] mined block #1174 (nonce=9223372036855096548, daa_score=2158)
2026-08-09 22:30:43.292+09:00 [INFO ] [rig0] mined block #1175 (nonce=281346, daa_score=2159)
2026-08-09 22:30:44.448+09:00 [INFO ] [rig0] mined block #1176 (nonce=47136, daa_score=2160)
2026-08-09 22:30:45.781+09:00 [INFO ] [rig0] mined block #1177 (nonce=9223372036854938273, daa_score=2161)
2026-08-09 22:30:47.293+09:00 [INFO ] [rig0] mined block #1178 (nonce=9223372036855042478, daa_score=2162)
2026-08-09 22:30:48.887+09:00 [INFO ] [rig0] mined block #1179 (nonce=313732, daa_score=2163)
2026-08-09 22:30:50.094+09:00 [INFO ] [rig0] mined block #1180 (nonce=9223372036854864295, daa_score=2164)
2026-08-09 22:30:51.528+09:00 [INFO ] [rig0] mined block #1181 (nonce=9223372036854986303, daa_score=2165)
2026-08-09 22:30:52.611+09:00 [INFO ] [rig0] mined block #1182 (nonce=9223372036854794017, daa_score=2166)
2026-08-09 22:30:53.804+09:00 [INFO ] [rig0] mined block #1183 (nonce=9223372036854856208, daa_score=2167)
2026-08-09 22:30:55.520+09:00 [INFO ] [rig0] mined block #1184 (nonce=9223372036855144056, daa_score=2168)
2026-08-09 22:30:56.973+09:00 [INFO ] [rig0] mined block #1185 (nonce=9223372036855008788, daa_score=2169)
2026-08-09 22:30:58.312+09:00 [INFO ] [rig0] mined block #1186 (nonce=9223372036854941669, daa_score=2170)
2026-08-09 22:30:59.816+09:00 [INFO ] [rig0] mined block #1187 (nonce=249722, daa_score=2171)
2026-08-09 22:31:02.220+09:00 [INFO ] [rig0] mined block #1188 (nonce=9223372036855544585, daa_score=2172)
2026-08-09 22:31:03.496+09:00 [INFO ] [rig0] mined block #1189 (nonce=9223372036854905973, daa_score=2173)
2026-08-09 22:31:04.814+09:00 [INFO ] [rig0] mined block #1190 (nonce=9223372036854929673, daa_score=2174)
2026-08-09 22:31:06.386+09:00 [INFO ] [rig0] mined block #1191 (nonce=9223372036855077032, daa_score=2175)
2026-08-09 22:31:08.033+09:00 [INFO ] [rig0] mined block #1192 (nonce=9223372036855107703, daa_score=2176)
2026-08-09 22:31:10.268+09:00 [INFO ] [rig0] mined block #1193 (nonce=9223372036855448498, daa_score=2177)
2026-08-09 22:31:11.969+09:00 [INFO ] [rig0] mined block #1194 (nonce=375754, daa_score=2178)
2026-08-09 22:31:13.111+09:00 [INFO ] [rig0] mined block #1195 (nonce=9223372036854827281, daa_score=2179)
2026-08-09 22:31:14.880+09:00 [INFO ] [rig0] mined block #1196 (nonce=9223372036855191169, daa_score=2180)
2026-08-09 22:31:16.339+09:00 [INFO ] [rig0] mined block #1197 (nonce=9223372036855011689, daa_score=2181)
2026-08-09 22:31:17.797+09:00 [INFO ] [rig0] mined block #1198 (nonce=9223372036855003756, daa_score=2182)
2026-08-09 22:31:18.956+09:00 [INFO ] [rig0] mined block #1199 (nonce=49995, daa_score=2183)
2026-08-09 22:31:20.393+09:00 [INFO ] [rig0] mined block #1200 (nonce=208103, daa_score=2184)
2026-08-09 22:31:21.536+09:00 [INFO ] [rig0] mined block #1201 (nonce=48813, daa_score=2185)
2026-08-09 22:31:22.746+09:00 [INFO ] [rig0] mined block #1202 (nonce=89043, daa_score=2186)
2026-08-09 22:31:24.106+09:00 [INFO ] [rig0] mined block #1203 (nonce=9223372036854939653, daa_score=2187)
2026-08-09 22:31:25.328+09:00 [INFO ] [rig0] mined block #1204 (nonce=9223372036854858693, daa_score=2188)
2026-08-09 22:31:27.245+09:00 [INFO ] [rig0] mined block #1205 (nonce=501026, daa_score=2189)
2026-08-09 22:31:29.449+09:00 [INFO ] [rig0] mined block #1206 (nonce=668697, daa_score=2190)
2026-08-09 22:31:31.564+09:00 [INFO ] [rig0] mined block #1207 (nonce=616292, daa_score=2191)
2026-08-09 22:31:32.887+09:00 [INFO ] [rig0] mined block #1208 (nonce=9223372036854931004, daa_score=2192)
2026-08-09 22:31:34.636+09:00 [INFO ] [rig0] mined block #1209 (nonce=391084, daa_score=2193)
2026-08-09 22:31:36.204+09:00 [INFO ] [rig0] mined block #1210 (nonce=9223372036855073721, daa_score=2194)
2026-08-09 22:31:38.080+09:00 [INFO ] [rig0] mined block #1211 (nonce=9223372036855247227, daa_score=2195)
2026-08-09 22:31:40.219+09:00 [INFO ] [rig0] mined block #1212 (nonce=610144, daa_score=2196)
2026-08-09 22:31:41.942+09:00 [INFO ] [rig0] mined block #1213 (nonce=370850, daa_score=2197)
2026-08-09 22:31:43.686+09:00 [INFO ] [rig0] mined block #1214 (nonce=386401, daa_score=2198)
2026-08-09 22:31:45.147+09:00 [INFO ] [rig0] mined block #1215 (nonce=217684, daa_score=2199)
2026-08-09 22:31:48.360+09:00 [INFO ] [rig0] mined block #1216 (nonce=1224504, daa_score=2200)
2026-08-09 22:31:49.864+09:00 [INFO ] [rig0] mined block #1217 (nonce=9223372036855023957, daa_score=2201)
2026-08-09 22:31:51.655+09:00 [INFO ] [rig0] mined block #1218 (nonce=9223372036855189118, daa_score=2202)
2026-08-09 22:31:52.808+09:00 [INFO ] [rig0] mined block #1219 (nonce=57005, daa_score=2203)
2026-08-09 22:31:54.040+09:00 [INFO ] [rig0] mined block #1220 (nonce=9223372036854877061, daa_score=2204)
2026-08-09 22:31:55.751+09:00 [INFO ] [rig0] mined block #1221 (nonce=365977, daa_score=2205)
2026-08-09 22:31:57.802+09:00 [INFO ] [rig0] mined block #1222 (nonce=9223372036855337949, daa_score=2206)
2026-08-09 22:31:59.465+09:00 [INFO ] [rig0] mined block #1223 (nonce=339379, daa_score=2207)
2026-08-09 22:32:02.481+09:00 [INFO ] [rig0] mined block #1224 (nonce=9223372036855892314, daa_score=2208)
2026-08-09 22:32:03.821+09:00 [INFO ] [rig0] mined block #1225 (nonce=9223372036854942227, daa_score=2209)
2026-08-09 22:32:04.937+09:00 [INFO ] [rig0] mined block #1226 (nonce=35839, daa_score=2210)
2026-08-09 22:32:06.373+09:00 [INFO ] [rig0] mined block #1227 (nonce=219097, daa_score=2211)
2026-08-09 22:32:08.069+09:00 [INFO ] [rig0] mined block #1228 (nonce=9223372036855146209, daa_score=2212)
2026-08-09 22:32:09.927+09:00 [INFO ] [rig0] mined block #1229 (nonce=9223372036855235191, daa_score=2213)
2026-08-09 22:32:11.486+09:00 [INFO ] [rig0] mined block #1230 (nonce=276668, daa_score=2214)
2026-08-09 22:32:13.478+09:00 [INFO ] [rig0] mined block #1231 (nonce=522705, daa_score=2215)
2026-08-09 22:32:15.710+09:00 [INFO ] [rig0] mined block #1232 (nonce=676939, daa_score=2216)
2026-08-09 22:32:16.898+09:00 [INFO ] [rig0] mined block #1233 (nonce=9223372036854854643, daa_score=2217)
2026-08-09 22:32:19.092+09:00 [INFO ] [rig0] mined block #1234 (nonce=644952, daa_score=2218)
2026-08-09 22:32:20.269+09:00 [INFO ] [rig0] mined block #1235 (nonce=9223372036854834420, daa_score=2219)
2026-08-09 22:32:21.437+09:00 [INFO ] [rig0] mined block #1236 (nonce=9223372036854841318, daa_score=2220)
2026-08-09 22:32:23.001+09:00 [INFO ] [rig0] mined block #1237 (nonce=9223372036855071121, daa_score=2221)
2026-08-09 22:32:25.040+09:00 [INFO ] [rig0] mined block #1238 (nonce=9223372036855329180, daa_score=2222)
2026-08-09 22:32:26.246+09:00 [INFO ] [rig0] mined block #1239 (nonce=87634, daa_score=2223)
2026-08-09 22:32:27.352+09:00 [INFO ] [rig0] mined block #1240 (nonce=30154, daa_score=2224)
2026-08-09 22:32:28.448+09:00 [INFO ] [rig0] mined block #1241 (nonce=9223372036854798543, daa_score=2225)
2026-08-09 22:32:29.615+09:00 [INFO ] [rig0] mined block #1242 (nonce=64957, daa_score=2226)
2026-08-09 22:32:31.290+09:00 [INFO ] [rig0] mined block #1243 (nonce=345289, daa_score=2227)
2026-08-09 22:32:32.398+09:00 [INFO ] [rig0] mined block #1244 (nonce=9223372036854806901, daa_score=2228)
2026-08-09 22:32:33.604+09:00 [INFO ] [rig0] mined block #1245 (nonce=9223372036854850641, daa_score=2229)
2026-08-09 22:32:34.728+09:00 [INFO ] [rig0] mined block #1246 (nonce=33356, daa_score=2230)
2026-08-09 22:32:35.851+09:00 [INFO ] [rig0] mined block #1247 (nonce=26822, daa_score=2231)
2026-08-09 22:32:37.070+09:00 [INFO ] [rig0] mined block #1248 (nonce=9223372036854859805, daa_score=2232)
2026-08-09 22:32:38.221+09:00 [INFO ] [rig0] mined block #1249 (nonce=42984, daa_score=2233)
2026-08-09 22:32:39.436+09:00 [INFO ] [rig0] mined block #1250 (nonce=78727, daa_score=2234)
2026-08-09 22:32:40.636+09:00 [INFO ] [rig0] mined block #1251 (nonce=72826, daa_score=2235)
2026-08-09 22:32:41.886+09:00 [INFO ] [rig0] mined block #1252 (nonce=9223372036854875613, daa_score=2236)
2026-08-09 22:32:42.986+09:00 [INFO ] [rig0] mined block #1253 (nonce=15362, daa_score=2237)
2026-08-09 22:32:44.156+09:00 [INFO ] [rig0] mined block #1254 (nonce=9223372036854829550, daa_score=2238)
2026-08-09 22:32:45.609+09:00 [INFO ] [rig0] mined block #1255 (nonce=220949, daa_score=2239)
2026-08-09 22:32:47.613+09:00 [INFO ] [rig0] mined block #1256 (nonce=532508, daa_score=2240)
2026-08-09 22:32:48.949+09:00 [INFO ] [rig0] mined block #1257 (nonce=9223372036854934636, daa_score=2241)
2026-08-09 22:32:50.455+09:00 [INFO ] [rig0] mined block #1258 (nonce=247876, daa_score=2242)
2026-08-09 22:32:52.013+09:00 [INFO ] [rig0] mined block #1259 (nonce=9223372036855067644, daa_score=2243)
2026-08-09 22:32:53.311+09:00 [INFO ] [rig0] mined block #1260 (nonce=141547, daa_score=2244)
2026-08-09 22:32:55.472+09:00 [INFO ] [rig0] mined block #1261 (nonce=630701, daa_score=2245)
2026-08-09 22:32:56.973+09:00 [INFO ] [rig0] mined block #1262 (nonce=252548, daa_score=2246)
2026-08-09 22:32:58.046+09:00 [INFO ] [rig0] mined block #1263 (nonce=9223372036854786305, daa_score=2247)
2026-08-09 22:32:59.239+09:00 [INFO ] [rig0] mined block #1264 (nonce=78205, daa_score=2248)
2026-08-09 22:33:00.424+09:00 [INFO ] [rig0] mined block #1265 (nonce=9223372036854839523, daa_score=2249)
2026-08-09 22:33:02.439+09:00 [INFO ] [rig0] mined block #1266 (nonce=551554, daa_score=2250)
2026-08-09 22:33:03.672+09:00 [INFO ] [rig0] mined block #1267 (nonce=9223372036854864692, daa_score=2251)
2026-08-09 22:33:04.915+09:00 [INFO ] [rig0] mined block #1268 (nonce=9223372036854872065, daa_score=2252)
2026-08-09 22:33:06.122+09:00 [INFO ] [rig0] mined block #1269 (nonce=83974, daa_score=2253)
2026-08-09 22:33:07.312+09:00 [INFO ] [rig0] mined block #1270 (nonce=9223372036854842996, daa_score=2254)
2026-08-09 22:33:08.849+09:00 [INFO ] [rig0] mined block #1271 (nonce=266579, daa_score=2255)
2026-08-09 22:33:10.696+09:00 [INFO ] [rig0] mined block #1272 (nonce=439059, daa_score=2256)
2026-08-09 22:33:12.159+09:00 [INFO ] [rig0] mined block #1273 (nonce=225789, daa_score=2257)
2026-08-09 22:33:14.156+09:00 [INFO ] [rig0] mined block #1274 (nonce=532292, daa_score=2258)
2026-08-09 22:33:15.293+09:00 [INFO ] [rig0] mined block #1275 (nonce=9223372036854810328, daa_score=2259)
2026-08-09 22:33:16.617+09:00 [INFO ] [rig0] mined block #1276 (nonce=9223372036854919320, daa_score=2260)
2026-08-09 22:33:17.699+09:00 [INFO ] [rig0] mined block #1277 (nonce=5396, daa_score=2261)
2026-08-09 22:33:18.971+09:00 [INFO ] [rig0] mined block #1278 (nonce=112170, daa_score=2262)
2026-08-09 22:33:20.204+09:00 [INFO ] [rig0] mined block #1279 (nonce=9223372036854867420, daa_score=2263)
2026-08-09 22:33:21.332+09:00 [INFO ] [rig0] mined block #1280 (nonce=28282, daa_score=2264)
2026-08-09 22:33:22.514+09:00 [INFO ] [rig0] mined block #1281 (nonce=74732, daa_score=2265)
2026-08-09 22:33:23.902+09:00 [INFO ] [rig0] mined block #1282 (nonce=194049, daa_score=2266)
2026-08-09 22:33:25.485+09:00 [INFO ] [rig0] mined block #1283 (nonce=292215, daa_score=2267)
2026-08-09 22:33:26.801+09:00 [INFO ] [rig0] mined block #1284 (nonce=137950, daa_score=2268)
2026-08-09 22:33:27.915+09:00 [INFO ] [rig0] mined block #1285 (nonce=21837, daa_score=2269)
2026-08-09 22:33:29.601+09:00 [INFO ] [rig0] mined block #1286 (nonce=9223372036855125176, daa_score=2270)
2026-08-09 22:33:30.796+09:00 [INFO ] [rig0] mined block #1287 (nonce=68126, daa_score=2271)
2026-08-09 22:33:31.874+09:00 [INFO ] [rig0] mined block #1288 (nonce=6261, daa_score=2272)
2026-08-09 22:33:32.979+09:00 [INFO ] [rig0] mined block #1289 (nonce=9223372036854792495, daa_score=2273)
2026-08-09 22:33:34.332+09:00 [INFO ] [rig0] mined block #1290 (nonce=9223372036854933961, daa_score=2274)
2026-08-09 22:33:35.635+09:00 [INFO ] [rig0] mined block #1291 (nonce=130681, daa_score=2275)
2026-08-09 22:33:37.259+09:00 [INFO ] [rig0] mined block #1292 (nonce=9223372036855090698, daa_score=2276)
2026-08-09 22:33:38.975+09:00 [INFO ] [rig0] mined block #1293 (nonce=372178, daa_score=2277)
2026-08-09 22:33:40.765+09:00 [INFO ] [rig0] mined block #1294 (nonce=9223372036855186785, daa_score=2278)
2026-08-09 22:33:42.001+09:00 [INFO ] [rig0] mined block #1295 (nonce=9223372036854868877, daa_score=2279)
2026-08-09 22:33:44.017+09:00 [INFO ] [rig0] mined block #1296 (nonce=9223372036855318166, daa_score=2280)
2026-08-09 22:33:45.989+09:00 [INFO ] [rig0] mined block #1297 (nonce=9223372036855292919, daa_score=2281)
2026-08-09 22:33:47.100+09:00 [INFO ] [rig0] mined block #1298 (nonce=18879, daa_score=2282)
2026-08-09 22:33:48.235+09:00 [INFO ] [rig0] mined block #1299 (nonce=9223372036854811710, daa_score=2283)
2026-08-09 22:33:50.106+09:00 [INFO ] [rig0] mined block #1300 (nonce=9223372036855236239, daa_score=2284)
2026-08-09 22:33:51.481+09:00 [INFO ] [rig0] mined block #1301 (nonce=171694, daa_score=2285)
2026-08-09 22:33:53.099+09:00 [INFO ] [rig0] mined block #1302 (nonce=9223372036855101205, daa_score=2286)
2026-08-09 22:33:54.240+09:00 [INFO ] [rig0] mined block #1303 (nonce=44826, daa_score=2287)
2026-08-09 22:33:55.731+09:00 [INFO ] [rig0] mined block #1304 (nonce=237031, daa_score=2288)
2026-08-09 22:33:57.012+09:00 [INFO ] [rig0] mined block #1305 (nonce=115728, daa_score=2289)
2026-08-09 22:33:58.133+09:00 [INFO ] [rig0] mined block #1306 (nonce=9223372036854801131, daa_score=2290)
2026-08-09 22:33:59.365+09:00 [INFO ] [rig0] mined block #1307 (nonce=89110, daa_score=2291)
2026-08-09 22:34:00.785+09:00 [INFO ] [rig0] mined block #1308 (nonce=9223372036854977657, daa_score=2292)
2026-08-09 22:34:01.998+09:00 [INFO ] [rig0] mined block #1309 (nonce=9223372036854858289, daa_score=2293)
2026-08-09 22:34:03.082+09:00 [INFO ] [rig0] mined block #1310 (nonce=9223372036854783451, daa_score=2294)
2026-08-09 22:34:04.235+09:00 [INFO ] [rig0] mined block #1311 (nonce=9223372036854819543, daa_score=2295)
2026-08-09 22:34:06.101+09:00 [INFO ] [rig0] mined block #1312 (nonce=455627, daa_score=2296)
2026-08-09 22:34:07.315+09:00 [INFO ] [rig0] mined block #1313 (nonce=9223372036854855080, daa_score=2297)
2026-08-09 22:34:08.918+09:00 [INFO ] [rig0] mined block #1314 (nonce=9223372036855081984, daa_score=2298)
2026-08-09 22:34:10.660+09:00 [INFO ] [rig0] mined block #1315 (nonce=9223372036855151933, daa_score=2299)
2026-08-09 22:34:12.380+09:00 [INFO ] [rig0] mined block #1316 (nonce=9223372036855149046, daa_score=2300)
2026-08-09 22:34:13.539+09:00 [INFO ] [rig0] mined block #1317 (nonce=47830, daa_score=2301)
2026-08-09 22:34:14.721+09:00 [INFO ] [rig0] mined block #1318 (nonce=9223372036854836573, daa_score=2302)
2026-08-09 22:34:15.934+09:00 [INFO ] [rig0] mined block #1319 (nonce=80421, daa_score=2303)
2026-08-09 22:34:17.277+09:00 [INFO ] [rig0] mined block #1320 (nonce=155284, daa_score=2304)
2026-08-09 22:34:19.939+09:00 [INFO ] [rig0] mined block #1321 (nonce=928880, daa_score=2305)
2026-08-09 22:34:22.038+09:00 [INFO ] [rig0] mined block #1322 (nonce=595221, daa_score=2306)
2026-08-09 22:34:23.637+09:00 [INFO ] [rig0] mined block #1323 (nonce=316931, daa_score=2307)
2026-08-09 22:34:25.235+09:00 [INFO ] [rig0] mined block #1324 (nonce=9223372036855077279, daa_score=2308)
2026-08-09 22:34:26.521+09:00 [INFO ] [rig0] mined block #1325 (nonce=123198, daa_score=2309)
2026-08-09 22:34:27.904+09:00 [INFO ] [rig0] mined block #1326 (nonce=186438, daa_score=2310)
2026-08-09 22:34:29.353+09:00 [INFO ] [rig0] mined block #1327 (nonce=9223372036854993243, daa_score=2311)
2026-08-09 22:34:30.582+09:00 [INFO ] [rig0] mined block #1328 (nonce=90311, daa_score=2312)
2026-08-09 22:34:31.667+09:00 [INFO ] [rig0] mined block #1329 (nonce=9223372036854782441, daa_score=2313)
2026-08-09 22:34:33.174+09:00 [INFO ] [rig0] mined block #1330 (nonce=9223372036855028071, daa_score=2314)
2026-08-09 22:34:34.396+09:00 [INFO ] [rig0] mined block #1331 (nonce=9223372036854864838, daa_score=2315)
2026-08-09 22:34:37.552+09:00 [INFO ] [rig0] mined block #1332 (nonce=9223372036855977477, daa_score=2316)
2026-08-09 22:34:38.860+09:00 [INFO ] [rig0] mined block #1333 (nonce=9223372036854911349, daa_score=2317)
2026-08-09 22:34:41.980+09:00 [INFO ] [rig0] mined block #1334 (nonce=9223372036855960846, daa_score=2318)
2026-08-09 22:34:43.145+09:00 [INFO ] [rig0] mined block #1335 (nonce=50048, daa_score=2319)
2026-08-09 22:34:44.271+09:00 [INFO ] [rig0] mined block #1336 (nonce=27964, daa_score=2320)
2026-08-09 22:34:45.587+09:00 [INFO ] [rig0] mined block #1337 (nonce=9223372036854919213, daa_score=2321)
2026-08-09 22:34:46.743+09:00 [INFO ] [rig0] mined block #1338 (nonce=46763, daa_score=2322)
2026-08-09 22:34:47.864+09:00 [INFO ] [rig0] mined block #1339 (nonce=9223372036854803130, daa_score=2323)
2026-08-09 22:34:49.038+09:00 [INFO ] [rig0] mined block #1340 (nonce=9223372036854833018, daa_score=2324)
2026-08-09 22:34:50.179+09:00 [INFO ] [rig0] mined block #1341 (nonce=9223372036854814688, daa_score=2325)
2026-08-09 22:34:51.465+09:00 [INFO ] [rig0] mined block #1342 (nonce=9223372036854911587, daa_score=2326)
2026-08-09 22:34:53.016+09:00 [INFO ] [rig0] mined block #1343 (nonce=290902, daa_score=2327)
2026-08-09 22:34:54.208+09:00 [INFO ] [rig0] mined block #1344 (nonce=68091, daa_score=2328)
2026-08-09 22:34:55.605+09:00 [INFO ] [rig0] mined block #1345 (nonce=187716, daa_score=2329)
2026-08-09 22:34:57.235+09:00 [INFO ] [rig0] mined block #1346 (nonce=9223372036855099483, daa_score=2330)
2026-08-09 22:34:58.380+09:00 [INFO ] [rig0] mined block #1347 (nonce=9223372036854814824, daa_score=2331)
2026-08-09 22:35:00.126+09:00 [INFO ] [rig0] mined block #1348 (nonce=9223372036855161570, daa_score=2332)
2026-08-09 22:35:01.677+09:00 [INFO ] [rig0] mined block #1349 (nonce=272056, daa_score=2333)
2026-08-09 22:35:02.894+09:00 [INFO ] [rig0] mined block #1350 (nonce=81939, daa_score=2334)
2026-08-09 22:35:04.598+09:00 [INFO ] [rig0] mined block #1351 (nonce=364050, daa_score=2335)
2026-08-09 22:35:05.802+09:00 [INFO ] [rig0] mined block #1352 (nonce=75916, daa_score=2336)
2026-08-09 22:35:07.243+09:00 [INFO ] [rig0] mined block #1353 (nonce=214753, daa_score=2337)
2026-08-09 22:35:08.606+09:00 [INFO ] [rig0] mined block #1354 (nonce=171407, daa_score=2338)
2026-08-09 22:35:10.070+09:00 [INFO ] [rig0] mined block #1355 (nonce=225078, daa_score=2339)
2026-08-09 22:35:11.688+09:00 [INFO ] [rig0] mined block #1356 (nonce=324973, daa_score=2340)
2026-08-09 22:35:12.960+09:00 [INFO ] [rig0] mined block #1357 (nonce=119744, daa_score=2341)
2026-08-09 22:35:14.412+09:00 [INFO ] [rig0] mined block #1358 (nonce=9223372036854997452, daa_score=2342)
2026-08-09 22:35:16.080+09:00 [INFO ] [rig0] mined block #1359 (nonce=347328, daa_score=2343)
2026-08-09 22:35:17.872+09:00 [INFO ] [rig0] mined block #1360 (nonce=9223372036855197531, daa_score=2344)
2026-08-09 22:35:19.031+09:00 [INFO ] [rig0] mined block #1361 (nonce=9223372036854833509, daa_score=2345)
2026-08-09 22:35:21.457+09:00 [INFO ] [rig0] mined block #1362 (nonce=789201, daa_score=2346)
2026-08-09 22:35:22.517+09:00 [INFO ] [rig0] mined block #1363 (nonce=5954, daa_score=2347)
2026-08-09 22:35:24.065+09:00 [INFO ] [rig0] mined block #1364 (nonce=289454, daa_score=2348)
2026-08-09 22:35:25.862+09:00 [INFO ] [rig0] mined block #1365 (nonce=424893, daa_score=2349)
2026-08-09 22:35:27.416+09:00 [INFO ] [rig0] mined block #1366 (nonce=282038, daa_score=2350)
2026-08-09 22:35:28.727+09:00 [INFO ] [rig0] mined block #1367 (nonce=9223372036854913551, daa_score=2351)
2026-08-09 22:35:29.890+09:00 [INFO ] [rig0] mined block #1368 (nonce=57073, daa_score=2352)
2026-08-09 22:35:31.761+09:00 [INFO ] [rig0] mined block #1369 (nonce=465257, daa_score=2353)
2026-08-09 22:35:33.261+09:00 [INFO ] [rig0] mined block #1370 (nonce=249732, daa_score=2354)
2026-08-09 22:35:34.533+09:00 [INFO ] [rig0] mined block #1371 (nonce=9223372036854892972, daa_score=2355)
2026-08-09 22:35:35.760+09:00 [INFO ] [rig0] mined block #1372 (nonce=88451, daa_score=2356)
2026-08-09 22:35:37.143+09:00 [INFO ] [rig0] mined block #1373 (nonce=9223372036854956685, daa_score=2357)
2026-08-09 22:35:38.774+09:00 [INFO ] [rig0] mined block #1374 (nonce=9223372036855102019, daa_score=2358)
2026-08-09 22:35:40.481+09:00 [INFO ] [rig0] mined block #1375 (nonce=9223372036855143164, daa_score=2359)
2026-08-09 22:35:41.621+09:00 [INFO ] [rig0] mined block #1376 (nonce=9223372036854814567, daa_score=2360)
2026-08-09 22:35:42.761+09:00 [INFO ] [rig0] mined block #1377 (nonce=36726, daa_score=2361)
2026-08-09 22:35:43.936+09:00 [INFO ] [rig0] mined block #1378 (nonce=65135, daa_score=2362)
2026-08-09 22:35:45.157+09:00 [INFO ] [rig0] mined block #1379 (nonce=92997, daa_score=2363)
2026-08-09 22:35:46.559+09:00 [INFO ] [rig0] mined block #1380 (nonce=190824, daa_score=2364)
2026-08-09 22:35:48.501+09:00 [INFO ] [rig0] mined block #1381 (nonce=502235, daa_score=2365)
2026-08-09 22:35:49.693+09:00 [INFO ] [rig0] mined block #1382 (nonce=9223372036854846300, daa_score=2366)
2026-08-09 22:35:50.946+09:00 [INFO ] [rig0] mined block #1383 (nonce=106324, daa_score=2367)
2026-08-09 22:35:52.321+09:00 [INFO ] [rig0] mined block #1384 (nonce=187461, daa_score=2368)
2026-08-09 22:35:54.377+09:00 [INFO ] [rig0] mined block #1385 (nonce=9223372036855363948, daa_score=2369)
2026-08-09 22:35:55.473+09:00 [INFO ] [rig0] mined block #1386 (nonce=9223372036854789411, daa_score=2370)
2026-08-09 22:35:56.735+09:00 [INFO ] [rig0] mined block #1387 (nonce=107612, daa_score=2371)
2026-08-09 22:35:57.893+09:00 [INFO ] [rig0] mined block #1388 (nonce=51658, daa_score=2372)
2026-08-09 22:35:59.012+09:00 [INFO ] [rig0] mined block #1389 (nonce=25578, daa_score=2373)
2026-08-09 22:36:01.037+09:00 [INFO ] [rig0] mined block #1390 (nonce=552468, daa_score=2374)
2026-08-09 22:36:02.423+09:00 [INFO ] [rig0] mined block #1391 (nonce=185984, daa_score=2375)
2026-08-09 22:36:03.883+09:00 [INFO ] [rig0] mined block #1392 (nonce=225650, daa_score=2376)
2026-08-09 22:36:05.008+09:00 [INFO ] [rig0] mined block #1393 (nonce=31536, daa_score=2377)
2026-08-09 22:36:06.227+09:00 [INFO ] [rig0] mined block #1394 (nonce=86979, daa_score=2378)
2026-08-09 22:36:08.988+09:00 [INFO ] [rig0] mined block #1395 (nonce=991828, daa_score=2379)
2026-08-09 22:36:10.968+09:00 [INFO ] [rig0] mined block #1396 (nonce=9223372036855306108, daa_score=2380)
2026-08-09 22:36:12.811+09:00 [INFO ] [rig0] mined block #1397 (nonce=425123, daa_score=2381)
2026-08-09 22:36:13.898+09:00 [INFO ] [rig0] mined block #1398 (nonce=9223372036854793209, daa_score=2382)
2026-08-09 22:36:15.170+09:00 [INFO ] [rig0] mined block #1399 (nonce=118336, daa_score=2383)
2026-08-09 22:36:16.886+09:00 [INFO ] [rig0] mined block #1400 (nonce=9223372036855129354, daa_score=2384)
2026-08-09 22:36:18.025+09:00 [INFO ] [rig0] mined block #1401 (nonce=9223372036854810660, daa_score=2385)
2026-08-09 22:36:19.371+09:00 [INFO ] [rig0] mined block #1402 (nonce=157597, daa_score=2386)
2026-08-09 22:36:21.439+09:00 [INFO ] [rig0] mined block #1403 (nonce=9223372036855354136, daa_score=2387)
2026-08-09 22:36:22.781+09:00 [INFO ] [rig0] mined block #1404 (nonce=9223372036854946095, daa_score=2388)
2026-08-09 22:36:23.928+09:00 [INFO ] [rig0] mined block #1405 (nonce=39700, daa_score=2389)
2026-08-09 22:36:25.764+09:00 [INFO ] [rig0] mined block #1406 (nonce=443105, daa_score=2390)
2026-08-09 22:36:26.923+09:00 [INFO ] [rig0] mined block #1407 (nonce=9223372036854822677, daa_score=2391)
2026-08-09 22:36:28.658+09:00 [INFO ] [rig0] mined block #1408 (nonce=9223372036855162275, daa_score=2392)
2026-08-09 22:36:30.174+09:00 [INFO ] [rig0] mined block #1409 (nonce=258641, daa_score=2393)
2026-08-09 22:36:31.574+09:00 [INFO ] [rig0] mined block #1410 (nonce=187340, daa_score=2394)
2026-08-09 22:36:33.086+09:00 [INFO ] [rig0] mined block #1411 (nonce=9223372036855033358, daa_score=2395)
2026-08-09 22:36:34.690+09:00 [INFO ] [rig0] mined block #1412 (nonce=9223372036855087466, daa_score=2396)
2026-08-09 22:36:35.767+09:00 [INFO ] [rig0] mined block #1413 (nonce=9223372036854779968, daa_score=2397)
2026-08-09 22:36:37.435+09:00 [INFO ] [rig0] mined block #1414 (nonce=9223372036855124536, daa_score=2398)
2026-08-09 22:36:39.556+09:00 [INFO ] [rig0] mined block #1415 (nonce=590795, daa_score=2399)
2026-08-09 22:36:40.652+09:00 [INFO ] [rig0] mined block #1416 (nonce=11661, daa_score=2400)
2026-08-09 22:36:42.410+09:00 [INFO ] [rig0] mined block #1417 (nonce=390375, daa_score=2401)
2026-08-09 22:36:44.166+09:00 [INFO ] [rig0] mined block #1418 (nonce=9223372036855175513, daa_score=2402)
2026-08-09 22:36:45.702+09:00 [INFO ] [rig0] mined block #1419 (nonce=185904, daa_score=2403)
2026-08-09 22:36:46.817+09:00 [INFO ] [rig0] mined block #1420 (nonce=9223372036854802535, daa_score=2404)
2026-08-09 22:36:48.950+09:00 [INFO ] [rig0] mined block #1421 (nonce=623449, daa_score=2405)
2026-08-09 22:36:50.076+09:00 [INFO ] [rig0] mined block #1422 (nonce=9223372036854805884, daa_score=2406)
2026-08-09 22:36:51.251+09:00 [INFO ] [rig0] mined block #1423 (nonce=62404, daa_score=2407)
2026-08-09 22:36:52.623+09:00 [INFO ] [rig0] mined block #1424 (nonce=9223372036854951997, daa_score=2408)
2026-08-09 22:36:53.750+09:00 [INFO ] [rig0] mined block #1425 (nonce=36504, daa_score=2409)
2026-08-09 22:36:55.007+09:00 [INFO ] [rig0] mined block #1426 (nonce=9223372036854878076, daa_score=2410)
2026-08-09 22:36:56.117+09:00 [INFO ] [rig0] mined block #1427 (nonce=26068, daa_score=2411)
2026-08-09 22:36:58.498+09:00 [INFO ] [rig0] mined block #1428 (nonce=9223372036855548362, daa_score=2412)
2026-08-09 22:36:59.594+09:00 [INFO ] [rig0] mined block #1429 (nonce=19991, daa_score=2413)
2026-08-09 22:37:01.469+09:00 [INFO ] [rig0] mined block #1430 (nonce=9223372036855255060, daa_score=2414)
2026-08-09 22:37:02.729+09:00 [INFO ] [rig0] mined block #1431 (nonce=9223372036854895159, daa_score=2415)
2026-08-09 22:37:04.148+09:00 [INFO ] [rig0] mined block #1432 (nonce=9223372036854984937, daa_score=2416)
2026-08-09 22:37:05.793+09:00 [INFO ] [rig0] mined block #1433 (nonce=331789, daa_score=2417)
2026-08-09 22:37:07.107+09:00 [INFO ] [rig0] mined block #1434 (nonce=9223372036854916688, daa_score=2418)
2026-08-09 22:37:08.814+09:00 [INFO ] [rig0] mined block #1435 (nonce=9223372036855155807, daa_score=2419)
2026-08-09 22:37:10.121+09:00 [INFO ] [rig0] mined block #1436 (nonce=9223372036854919346, daa_score=2420)
2026-08-09 22:37:12.280+09:00 [INFO ] [rig0] mined block #1437 (nonce=621326, daa_score=2421)
2026-08-09 22:37:14.383+09:00 [INFO ] [rig0] mined block #1438 (nonce=9223372036855368827, daa_score=2422)
2026-08-09 22:37:15.895+09:00 [INFO ] [rig0] mined block #1439 (nonce=252638, daa_score=2423)
2026-08-09 22:37:18.564+09:00 [INFO ] [rig0] mined block #1440 (nonce=9223372036855709682, daa_score=2424)
2026-08-09 22:37:20.137+09:00 [INFO ] [rig0] mined block #1441 (nonce=291764, daa_score=2425)
2026-08-09 22:37:21.559+09:00 [INFO ] [rig0] mined block #1442 (nonce=203603, daa_score=2426)
2026-08-09 22:37:22.608+09:00 [INFO ] [rig0] mined block #1443 (nonce=9223372036854776237, daa_score=2427)
2026-08-09 22:37:24.635+09:00 [INFO ] [rig0] mined block #1444 (nonce=9223372036855336762, daa_score=2428)
2026-08-09 22:37:26.710+09:00 [INFO ] [rig0] mined block #1445 (nonce=9223372036855359180, daa_score=2429)
2026-08-09 22:37:28.081+09:00 [INFO ] [rig0] mined block #1446 (nonce=173384, daa_score=2430)
2026-08-09 22:37:29.511+09:00 [INFO ] [rig0] mined block #1447 (nonce=208069, daa_score=2431)
2026-08-09 22:37:31.647+09:00 [INFO ] [rig0] mined block #1448 (nonce=9223372036855392544, daa_score=2432)
2026-08-09 22:37:33.091+09:00 [INFO ] [rig0] mined block #1449 (nonce=214572, daa_score=2433)
2026-08-09 22:37:34.374+09:00 [INFO ] [rig0] mined block #1450 (nonce=131359, daa_score=2434)
2026-08-09 22:37:35.693+09:00 [INFO ] [rig0] mined block #1451 (nonce=151054, daa_score=2435)
2026-08-09 22:37:37.184+09:00 [INFO ] [rig0] mined block #1452 (nonce=9223372036855020189, daa_score=2436)
2026-08-09 22:37:38.348+09:00 [INFO ] [rig0] mined block #1453 (nonce=51680, daa_score=2437)
2026-08-09 22:37:40.295+09:00 [INFO ] [rig0] mined block #1454 (nonce=501964, daa_score=2438)
2026-08-09 22:37:42.160+09:00 [INFO ] [rig0] mined block #1455 (nonce=463194, daa_score=2439)
2026-08-09 22:37:43.353+09:00 [INFO ] [rig0] mined block #1456 (nonce=9223372036854847748, daa_score=2440)
2026-08-09 22:37:45.014+09:00 [INFO ] [rig0] mined block #1457 (nonce=344002, daa_score=2441)
2026-08-09 22:37:46.129+09:00 [INFO ] [rig0] mined block #1458 (nonce=25595, daa_score=2442)
2026-08-09 22:37:47.831+09:00 [INFO ] [rig0] mined block #1459 (nonce=9223372036855133966, daa_score=2443)
2026-08-09 22:37:49.089+09:00 [INFO ] [rig0] mined block #1460 (nonce=9223372036854878929, daa_score=2444)
2026-08-09 22:37:50.372+09:00 [INFO ] [rig0] mined block #1461 (nonce=118600, daa_score=2445)
2026-08-09 22:37:51.428+09:00 [INFO ] [rig0] mined block #1462 (nonce=9223372036854780706, daa_score=2446)
2026-08-09 22:37:52.699+09:00 [INFO ] [rig0] mined block #1463 (nonce=9223372036854903860, daa_score=2447)
2026-08-09 22:37:54.907+09:00 [INFO ] [rig0] mined block #1464 (nonce=653084, daa_score=2448)
2026-08-09 22:37:56.206+09:00 [INFO ] [rig0] mined block #1465 (nonce=131064, daa_score=2449)
2026-08-09 22:37:57.958+09:00 [INFO ] [rig0] mined block #1466 (nonce=9223372036855170014, daa_score=2450)
2026-08-09 22:37:59.073+09:00 [INFO ] [rig0] mined block #1467 (nonce=9223372036854802176, daa_score=2451)
2026-08-09 22:38:00.547+09:00 [INFO ] [rig0] mined block #1468 (nonce=215850, daa_score=2452)
2026-08-09 22:38:02.411+09:00 [INFO ] [rig0] mined block #1469 (nonce=9223372036855235116, daa_score=2453)
2026-08-09 22:38:03.823+09:00 [INFO ] [rig0] mined block #1470 (nonce=199053, daa_score=2454)
2026-08-09 22:38:05.049+09:00 [INFO ] [rig0] mined block #1471 (nonce=9223372036854865808, daa_score=2455)
2026-08-09 22:38:06.562+09:00 [INFO ] [rig0] mined block #1472 (nonce=9223372036855034677, daa_score=2456)
2026-08-09 22:38:07.968+09:00 [INFO ] [rig0] mined block #1473 (nonce=9223372036854967548, daa_score=2457)
2026-08-09 22:38:09.275+09:00 [INFO ] [rig0] mined block #1474 (nonce=137909, daa_score=2458)
2026-08-09 22:38:10.547+09:00 [INFO ] [rig0] mined block #1475 (nonce=9223372036854903207, daa_score=2459)
2026-08-09 22:38:11.647+09:00 [INFO ] [rig0] mined block #1476 (nonce=9223372036854803368, daa_score=2460)
2026-08-09 22:38:12.877+09:00 [INFO ] [rig0] mined block #1477 (nonce=9223372036854869381, daa_score=2461)
2026-08-09 22:38:13.949+09:00 [INFO ] [rig0] mined block #1478 (nonce=9223372036854782044, daa_score=2462)
2026-08-09 22:38:15.549+09:00 [INFO ] [rig0] mined block #1479 (nonce=9223372036855093728, daa_score=2463)
2026-08-09 22:38:16.980+09:00 [INFO ] [rig0] mined block #1480 (nonce=204819, daa_score=2464)
2026-08-09 22:38:18.204+09:00 [INFO ] [rig0] mined block #1481 (nonce=9223372036854858708, daa_score=2465)
2026-08-09 22:38:19.546+09:00 [INFO ] [rig0] mined block #1482 (nonce=9223372036854945076, daa_score=2466)
2026-08-09 22:38:21.537+09:00 [INFO ] [rig0] mined block #1483 (nonce=9223372036855312184, daa_score=2467)
2026-08-09 22:38:22.597+09:00 [INFO ] [rig0] mined block #1484 (nonce=6025, daa_score=2468)
2026-08-09 22:38:23.707+09:00 [INFO ] [rig0] mined block #1485 (nonce=35184, daa_score=2469)
2026-08-09 22:38:26.835+09:00 [INFO ] [rig0] mined block #1486 (nonce=9223372036855994682, daa_score=2470)
2026-08-09 22:38:28.549+09:00 [INFO ] [rig0] mined block #1487 (nonce=387892, daa_score=2471)
2026-08-09 22:38:30.331+09:00 [INFO ] [rig0] mined block #1488 (nonce=9223372036855204314, daa_score=2472)
2026-08-09 22:38:31.637+09:00 [INFO ] [rig0] mined block #1489 (nonce=140362, daa_score=2473)
2026-08-09 22:38:32.903+09:00 [INFO ] [rig0] mined block #1490 (nonce=9223372036854886906, daa_score=2474)
2026-08-09 22:38:34.516+09:00 [INFO ] [rig0] mined block #1491 (nonce=9223372036855088578, daa_score=2475)
2026-08-09 22:38:35.622+09:00 [INFO ] [rig0] mined block #1492 (nonce=20392, daa_score=2476)
2026-08-09 22:38:37.252+09:00 [INFO ] [rig0] mined block #1493 (nonce=337143, daa_score=2477)
2026-08-09 22:38:38.594+09:00 [INFO ] [rig0] mined block #1494 (nonce=9223372036854937818, daa_score=2478)
2026-08-09 22:38:39.676+09:00 [INFO ] [rig0] mined block #1495 (nonce=2793, daa_score=2479)
2026-08-09 22:38:41.059+09:00 [INFO ] [rig0] mined block #1496 (nonce=9223372036854968993, daa_score=2480)
2026-08-09 22:38:42.556+09:00 [INFO ] [rig0] mined block #1497 (nonce=9223372036855036485, daa_score=2481)
2026-08-09 22:38:43.630+09:00 [INFO ] [rig0] mined block #1498 (nonce=9223372036854789313, daa_score=2482)
2026-08-09 22:38:45.420+09:00 [INFO ] [rig0] mined block #1499 (nonce=9223372036855205569, daa_score=2483)
2026-08-09 22:38:46.621+09:00 [INFO ] [rig0] mined block #1500 (nonce=84486, daa_score=2484)
2026-08-09 22:38:47.873+09:00 [INFO ] [rig0] mined block #1501 (nonce=117311, daa_score=2485)
2026-08-09 22:38:49.242+09:00 [INFO ] [rig0] mined block #1502 (nonce=9223372036854948260, daa_score=2486)
2026-08-09 22:38:50.611+09:00 [INFO ] [rig0] mined block #1503 (nonce=171692, daa_score=2487)
2026-08-09 22:38:52.858+09:00 [INFO ] [rig0] mined block #1504 (nonce=9223372036855391083, daa_score=2488)
2026-08-09 22:38:53.974+09:00 [INFO ] [rig0] mined block #1505 (nonce=9223372036854810862, daa_score=2489)
2026-08-09 22:38:55.156+09:00 [INFO ] [rig0] mined block #1506 (nonce=63166, daa_score=2490)
2026-08-09 22:38:56.411+09:00 [INFO ] [rig0] mined block #1507 (nonce=9223372036854885189, daa_score=2491)
2026-08-09 22:38:57.723+09:00 [INFO ] [rig0] mined block #1508 (nonce=152679, daa_score=2492)
2026-08-09 22:39:00.000+09:00 [INFO ] [rig0] mined block #1509 (nonce=9223372036855469359, daa_score=2493)
2026-08-09 22:39:01.258+09:00 [INFO ] [rig0] mined block #1510 (nonce=9223372036854893595, daa_score=2494)
2026-08-09 22:39:02.986+09:00 [INFO ] [rig0] mined block #1511 (nonce=389528, daa_score=2495)
2026-08-09 22:39:04.302+09:00 [INFO ] [rig0] mined block #1512 (nonce=140711, daa_score=2496)
2026-08-09 22:39:05.390+09:00 [INFO ] [rig0] mined block #1513 (nonce=22303, daa_score=2497)
2026-08-09 22:39:06.509+09:00 [INFO ] [rig0] mined block #1514 (nonce=41449, daa_score=2498)
2026-08-09 22:39:08.078+09:00 [INFO ] [rig0] mined block #1515 (nonce=9223372036855065886, daa_score=2499)
2026-08-09 22:39:09.232+09:00 [INFO ] [rig0] mined block #1516 (nonce=9223372036854836606, daa_score=2500)
2026-08-09 22:39:10.532+09:00 [INFO ] [rig0] mined block #1517 (nonce=144980, daa_score=2501)
2026-08-09 22:39:11.616+09:00 [INFO ] [rig0] mined block #1518 (nonce=20607, daa_score=2502)
2026-08-09 22:39:12.724+09:00 [INFO ] [rig0] mined block #1519 (nonce=9223372036854799376, daa_score=2503)
2026-08-09 22:39:13.887+09:00 [INFO ] [rig0] mined block #1520 (nonce=50496, daa_score=2504)
2026-08-09 22:39:15.099+09:00 [INFO ] [rig0] mined block #1521 (nonce=79084, daa_score=2505)
2026-08-09 22:39:16.609+09:00 [INFO ] [rig0] mined block #1522 (nonce=255936, daa_score=2506)
2026-08-09 22:39:18.368+09:00 [INFO ] [rig0] mined block #1523 (nonce=9223372036855171570, daa_score=2507)
2026-08-09 22:39:19.436+09:00 [INFO ] [rig0] mined block #1524 (nonce=9223372036854786163, daa_score=2508)
2026-08-09 22:39:20.963+09:00 [INFO ] [rig0] mined block #1525 (nonce=9223372036855046781, daa_score=2509)
2026-08-09 22:39:22.181+09:00 [INFO ] [rig0] mined block #1526 (nonce=92948, daa_score=2510)
2026-08-09 22:39:24.203+09:00 [INFO ] [rig0] mined block #1527 (nonce=9223372036855339590, daa_score=2511)
2026-08-09 22:39:25.663+09:00 [INFO ] [rig0] mined block #1528 (nonce=234940, daa_score=2512)
2026-08-09 22:39:26.801+09:00 [INFO ] [rig0] mined block #1529 (nonce=9223372036854825406, daa_score=2513)
2026-08-09 22:39:27.908+09:00 [INFO ] [rig0] mined block #1530 (nonce=17858, daa_score=2514)
2026-08-09 22:39:29.685+09:00 [INFO ] [rig0] mined block #1531 (nonce=9223372036855189724, daa_score=2515)
2026-08-09 22:39:30.883+09:00 [INFO ] [rig0] mined block #1532 (nonce=51026, daa_score=2516)
2026-08-09 22:39:32.024+09:00 [INFO ] [rig0] mined block #1533 (nonce=50119, daa_score=2517)
2026-08-09 22:39:33.317+09:00 [INFO ] [rig0] mined block #1534 (nonce=9223372036854916992, daa_score=2518)
2026-08-09 22:39:34.635+09:00 [INFO ] [rig0] mined block #1535 (nonce=135378, daa_score=2519)
2026-08-09 22:39:36.299+09:00 [INFO ] [rig0] mined block #1536 (nonce=9223372036855131894, daa_score=2520)
2026-08-09 22:39:38.648+09:00 [INFO ] [rig0] mined block #1537 (nonce=9223372036855515260, daa_score=2521)
2026-08-09 22:39:39.784+09:00 [INFO ] [rig0] mined block #1538 (nonce=39042, daa_score=2522)
2026-08-09 22:39:41.789+09:00 [INFO ] [rig0] mined block #1539 (nonce=543826, daa_score=2523)
2026-08-09 22:39:43.064+09:00 [INFO ] [rig0] mined block #1540 (nonce=118563, daa_score=2524)
2026-08-09 22:39:44.246+09:00 [INFO ] [rig0] mined block #1541 (nonce=62732, daa_score=2525)
2026-08-09 22:39:45.437+09:00 [INFO ] [rig0] mined block #1542 (nonce=9223372036854844898, daa_score=2526)
2026-08-09 22:39:47.108+09:00 [INFO ] [rig0] mined block #1543 (nonce=9223372036855123986, daa_score=2527)
2026-08-09 22:39:48.276+09:00 [INFO ] [rig0] mined block #1544 (nonce=68201, daa_score=2528)
2026-08-09 22:39:49.404+09:00 [INFO ] [rig0] mined block #1545 (nonce=44797, daa_score=2529)
2026-08-09 22:39:50.873+09:00 [INFO ] [rig0] mined block #1546 (nonce=9223372036855009444, daa_score=2530)
2026-08-09 22:39:52.391+09:00 [INFO ] [rig0] mined block #1547 (nonce=260090, daa_score=2531)
2026-08-09 22:39:53.476+09:00 [INFO ] [rig0] mined block #1548 (nonce=7990, daa_score=2532)
2026-08-09 22:39:55.430+09:00 [INFO ] [rig0] mined block #1549 (nonce=511574, daa_score=2533)
2026-08-09 22:39:57.232+09:00 [INFO ] [rig0] mined block #1550 (nonce=9223372036855199678, daa_score=2534)
2026-08-09 22:39:58.377+09:00 [INFO ] [rig0] mined block #1551 (nonce=9223372036854815851, daa_score=2535)
2026-08-09 22:39:59.763+09:00 [INFO ] [rig0] mined block #1552 (nonce=181930, daa_score=2536)
2026-08-09 22:40:01.725+09:00 [INFO ] [rig0] mined block #1553 (nonce=515793, daa_score=2537)
2026-08-09 22:40:03.384+09:00 [INFO ] [rig0] mined block #1554 (nonce=325935, daa_score=2538)
2026-08-09 22:40:04.520+09:00 [INFO ] [rig0] mined block #1555 (nonce=9223372036854810528, daa_score=2539)
2026-08-09 22:40:05.635+09:00 [INFO ] [rig0] mined block #1556 (nonce=9223372036854801317, daa_score=2540)
2026-08-09 22:40:06.898+09:00 [INFO ] [rig0] mined block #1557 (nonce=9223372036854897350, daa_score=2541)
2026-08-09 22:40:07.983+09:00 [INFO ] [rig0] mined block #1558 (nonce=9223372036854788389, daa_score=2542)
2026-08-09 22:40:09.707+09:00 [INFO ] [rig0] mined block #1559 (nonce=9223372036855155267, daa_score=2543)
2026-08-09 22:40:10.782+09:00 [INFO ] [rig0] mined block #1560 (nonce=9223372036854779320, daa_score=2544)
2026-08-09 22:40:12.023+09:00 [INFO ] [rig0] mined block #1561 (nonce=99047, daa_score=2545)
2026-08-09 22:40:13.752+09:00 [INFO ] [rig0] mined block #1562 (nonce=9223372036855160123, daa_score=2546)
2026-08-09 22:40:15.412+09:00 [INFO ] [rig0] mined block #1563 (nonce=340657, daa_score=2547)
2026-08-09 22:40:17.874+09:00 [INFO ] [rig0] mined block #1564 (nonce=796693, daa_score=2548)
2026-08-09 22:40:19.419+09:00 [INFO ] [rig0] mined block #1565 (nonce=9223372036855063792, daa_score=2549)
2026-08-09 22:40:20.516+09:00 [INFO ] [rig0] mined block #1566 (nonce=13253, daa_score=2550)
2026-08-09 22:40:21.589+09:00 [INFO ] [rig0] mined block #1567 (nonce=5063, daa_score=2551)
2026-08-09 22:40:23.077+09:00 [INFO ] [rig0] mined block #1568 (nonce=9223372036855020501, daa_score=2552)
2026-08-09 22:40:24.279+09:00 [INFO ] [rig0] mined block #1569 (nonce=78924, daa_score=2553)
2026-08-09 22:40:25.913+09:00 [INFO ] [rig0] mined block #1570 (nonce=9223372036855099176, daa_score=2554)
2026-08-09 22:40:27.073+09:00 [INFO ] [rig0] mined block #1571 (nonce=9223372036854829453, daa_score=2555)
2026-08-09 22:40:28.142+09:00 [INFO ] [rig0] mined block #1572 (nonce=1736, daa_score=2556)
2026-08-09 22:40:29.258+09:00 [INFO ] [rig0] mined block #1573 (nonce=9223372036854810144, daa_score=2557)
2026-08-09 22:40:30.319+09:00 [INFO ] [rig0] mined block #1574 (nonce=5677, daa_score=2558)
2026-08-09 22:40:31.423+09:00 [INFO ] [rig0] mined block #1575 (nonce=21363, daa_score=2559)
2026-08-09 22:40:33.180+09:00 [INFO ] [rig0] mined block #1576 (nonce=407213, daa_score=2560)
2026-08-09 22:40:34.274+09:00 [INFO ] [rig0] mined block #1577 (nonce=9223372036854791119, daa_score=2561)
2026-08-09 22:40:36.114+09:00 [INFO ] [rig0] mined block #1578 (nonce=450459, daa_score=2562)
2026-08-09 22:40:37.533+09:00 [INFO ] [rig0] mined block #1579 (nonce=9223372036854979212, daa_score=2563)
2026-08-09 22:40:38.880+09:00 [INFO ] [rig0] mined block #1580 (nonce=9223372036854936098, daa_score=2564)
2026-08-09 22:40:40.962+09:00 [INFO ] [rig0] mined block #1581 (nonce=9223372036855364147, daa_score=2565)
2026-08-09 22:40:43.291+09:00 [INFO ] [rig0] mined block #1582 (nonce=733130, daa_score=2566)
2026-08-09 22:40:44.959+09:00 [INFO ] [rig0] mined block #1583 (nonce=9223372036855125742, daa_score=2567)
2026-08-09 22:40:46.093+09:00 [INFO ] [rig0] mined block #1584 (nonce=45595, daa_score=2568)
2026-08-09 22:40:47.270+09:00 [INFO ] [rig0] mined block #1585 (nonce=9223372036854843357, daa_score=2569)
2026-08-09 22:40:48.458+09:00 [INFO ] [rig0] mined block #1586 (nonce=9223372036854857873, daa_score=2570)
2026-08-09 22:40:49.740+09:00 [INFO ] [rig0] mined block #1587 (nonce=9223372036854912358, daa_score=2571)
2026-08-09 22:40:50.963+09:00 [INFO ] [rig0] mined block #1588 (nonce=9223372036854864214, daa_score=2572)
2026-08-09 22:40:52.254+09:00 [INFO ] [rig0] mined block #1589 (nonce=9223372036854904266, daa_score=2573)
2026-08-09 22:40:54.048+09:00 [INFO ] [rig0] mined block #1590 (nonce=9223372036855203443, daa_score=2574)
2026-08-09 22:40:55.203+09:00 [INFO ] [rig0] mined block #1591 (nonce=63493, daa_score=2575)
2026-08-09 22:40:56.413+09:00 [INFO ] [rig0] mined block #1592 (nonce=94235, daa_score=2576)
2026-08-09 22:40:57.477+09:00 [INFO ] [rig0] mined block #1593 (nonce=9223372036854784901, daa_score=2577)
2026-08-09 22:40:59.237+09:00 [INFO ] [rig0] mined block #1594 (nonce=9223372036855188890, daa_score=2578)
2026-08-09 22:41:00.335+09:00 [INFO ] [rig0] mined block #1595 (nonce=9223372036854804955, daa_score=2579)
2026-08-09 22:41:01.592+09:00 [INFO ] [rig0] mined block #1596 (nonce=9223372036854893009, daa_score=2580)
2026-08-09 22:41:03.923+09:00 [INFO ] [rig0] mined block #1597 (nonce=718533, daa_score=2581)
2026-08-09 22:41:05.385+09:00 [INFO ] [rig0] mined block #1598 (nonce=9223372036855001534, daa_score=2582)
2026-08-09 22:41:07.795+09:00 [INFO ] [rig0] mined block #1599 (nonce=780910, daa_score=2583)
2026-08-09 22:41:09.253+09:00 [INFO ] [rig0] mined block #1600 (nonce=222841, daa_score=2584)
2026-08-09 22:41:10.454+09:00 [INFO ] [rig0] mined block #1601 (nonce=74899, daa_score=2585)
2026-08-09 22:41:11.792+09:00 [INFO ] [rig0] mined block #1602 (nonce=156175, daa_score=2586)
2026-08-09 22:41:13.423+09:00 [INFO ] [rig0] mined block #1603 (nonce=9223372036855100814, daa_score=2587)
2026-08-09 22:41:15.679+09:00 [INFO ] [rig0] mined block #1604 (nonce=9223372036855472005, daa_score=2588)
2026-08-09 22:41:16.867+09:00 [INFO ] [rig0] mined block #1605 (nonce=9223372036854847125, daa_score=2589)
2026-08-09 22:41:18.102+09:00 [INFO ] [rig0] mined block #1606 (nonce=9223372036854885906, daa_score=2590)
2026-08-09 22:41:19.237+09:00 [INFO ] [rig0] mined block #1607 (nonce=9223372036854828498, daa_score=2591)
2026-08-09 22:41:20.335+09:00 [INFO ] [rig0] mined block #1608 (nonce=19111, daa_score=2592)
2026-08-09 22:41:21.508+09:00 [INFO ] [rig0] mined block #1609 (nonce=61491, daa_score=2593)
2026-08-09 22:41:22.663+09:00 [INFO ] [rig0] mined block #1610 (nonce=9223372036854827271, daa_score=2594)
2026-08-09 22:41:23.738+09:00 [INFO ] [rig0] mined block #1611 (nonce=5753, daa_score=2595)
2026-08-09 22:41:24.953+09:00 [INFO ] [rig0] mined block #1612 (nonce=9223372036854859256, daa_score=2596)
2026-08-09 22:41:26.636+09:00 [INFO ] [rig0] mined block #1613 (nonce=9223372036855135848, daa_score=2597)
2026-08-09 22:41:28.181+09:00 [INFO ] [rig0] mined block #1614 (nonce=9223372036855052262, daa_score=2598)
2026-08-09 22:41:29.274+09:00 [INFO ] [rig0] mined block #1615 (nonce=9223372036854784075, daa_score=2599)
2026-08-09 22:41:31.575+09:00 [INFO ] [rig0] mined block #1616 (nonce=700542, daa_score=2600)
2026-08-09 22:41:33.080+09:00 [INFO ] [rig0] mined block #1617 (nonce=254521, daa_score=2601)
2026-08-09 22:41:35.101+09:00 [INFO ] [rig0] mined block #1618 (nonce=9223372036855335780, daa_score=2602)
2026-08-09 22:41:37.518+09:00 [INFO ] [rig0] mined block #1619 (nonce=9223372036855561706, daa_score=2603)
2026-08-09 22:41:38.858+09:00 [INFO ] [rig0] mined block #1620 (nonce=9223372036854929177, daa_score=2604)
2026-08-09 22:41:40.277+09:00 [INFO ] [rig0] mined block #1621 (nonce=213925, daa_score=2605)
2026-08-09 22:41:41.722+09:00 [INFO ] [rig0] mined block #1622 (nonce=218456, daa_score=2606)
2026-08-09 22:41:42.819+09:00 [INFO ] [rig0] mined block #1623 (nonce=31053, daa_score=2607)
2026-08-09 22:41:43.959+09:00 [INFO ] [rig0] mined block #1624 (nonce=9223372036854819359, daa_score=2608)
2026-08-09 22:41:45.303+09:00 [INFO ] [rig0] mined block #1625 (nonce=171818, daa_score=2609)
2026-08-09 22:41:46.468+09:00 [INFO ] [rig0] mined block #1626 (nonce=9223372036854844422, daa_score=2610)
2026-08-09 22:41:47.633+09:00 [INFO ] [rig0] mined block #1627 (nonce=67814, daa_score=2611)
2026-08-09 22:41:48.827+09:00 [INFO ] [rig0] mined block #1628 (nonce=9223372036854853741, daa_score=2612)
2026-08-09 22:41:50.282+09:00 [INFO ] [rig0] mined block #1629 (nonce=235324, daa_score=2613)
2026-08-09 22:41:51.357+09:00 [INFO ] [rig0] mined block #1630 (nonce=9223372036854783170, daa_score=2614)
2026-08-09 22:41:53.158+09:00 [INFO ] [rig0] mined block #1631 (nonce=439990, daa_score=2615)
2026-08-09 22:41:54.444+09:00 [INFO ] [rig0] mined block #1632 (nonce=126243, daa_score=2616)
2026-08-09 22:41:55.526+09:00 [INFO ] [rig0] mined block #1633 (nonce=13671, daa_score=2617)
2026-08-09 22:41:56.974+09:00 [INFO ] [rig0] mined block #1634 (nonce=218893, daa_score=2618)
2026-08-09 22:41:58.364+09:00 [INFO ] [rig0] mined block #1635 (nonce=9223372036854961141, daa_score=2619)
2026-08-09 22:41:59.462+09:00 [INFO ] [rig0] mined block #1636 (nonce=26548, daa_score=2620)
2026-08-09 22:42:00.981+09:00 [INFO ] [rig0] mined block #1637 (nonce=262402, daa_score=2621)
2026-08-09 22:42:02.131+09:00 [INFO ] [rig0] mined block #1638 (nonce=45730, daa_score=2622)
2026-08-09 22:42:03.259+09:00 [INFO ] [rig0] mined block #1639 (nonce=32646, daa_score=2623)
2026-08-09 22:42:04.468+09:00 [INFO ] [rig0] mined block #1640 (nonce=80580, daa_score=2624)
2026-08-09 22:42:05.716+09:00 [INFO ] [rig0] mined block #1641 (nonce=9223372036854880112, daa_score=2625)
2026-08-09 22:42:06.859+09:00 [INFO ] [rig0] mined block #1642 (nonce=9223372036854820028, daa_score=2626)
2026-08-09 22:42:08.094+09:00 [INFO ] [rig0] mined block #1643 (nonce=9223372036854886544, daa_score=2627)
2026-08-09 22:42:10.529+09:00 [INFO ] [rig0] mined block #1644 (nonce=684320, daa_score=2628)
2026-08-09 22:42:11.880+09:00 [INFO ] [rig0] mined block #1645 (nonce=98139, daa_score=2629)
2026-08-09 22:42:12.988+09:00 [INFO ] [rig0] mined block #1646 (nonce=18239, daa_score=2630)
2026-08-09 22:42:14.956+09:00 [INFO ] [rig0] mined block #1647 (nonce=357839, daa_score=2631)
2026-08-09 22:42:16.265+09:00 [INFO ] [rig0] mined block #1648 (nonce=9223372036854844494, daa_score=2632)
2026-08-09 22:42:17.390+09:00 [INFO ] [rig0] mined block #1649 (nonce=14107, daa_score=2633)
2026-08-09 22:42:19.565+09:00 [INFO ] [rig0] mined block #1650 (nonce=9223372036855080293, daa_score=2634)
2026-08-09 22:42:24.128+09:00 [INFO ] [rig0] mined block #1651 (nonce=391765, daa_score=2635)
2026-08-09 22:42:25.427+09:00 [INFO ] [rig0] mined block #1652 (nonce=9223372036854835306, daa_score=2636)
2026-08-09 22:42:27.598+09:00 [INFO ] [rig0] mined block #1653 (nonce=155955, daa_score=2637)
2026-08-09 22:42:29.405+09:00 [INFO ] [rig0] mined block #1654 (nonce=111495, daa_score=2638)
2026-08-09 22:42:34.217+09:00 [INFO ] [rig0] mined block #1655 (nonce=441416, daa_score=2639)
2026-08-09 22:42:36.529+09:00 [INFO ] [rig0] mined block #1656 (nonce=177712, daa_score=2640)
2026-08-09 22:42:37.614+09:00 [INFO ] [rig0] mined block #1657 (nonce=3923, daa_score=2641)
2026-08-09 22:42:38.998+09:00 [INFO ] [rig0] mined block #1658 (nonce=62980, daa_score=2642)
2026-08-09 22:42:40.406+09:00 [INFO ] [rig0] mined block #1659 (nonce=9223372036854845308, daa_score=2643)
2026-08-09 22:42:41.770+09:00 [INFO ] [rig0] mined block #1660 (nonce=9223372036854839584, daa_score=2644)
2026-08-09 22:42:44.961+09:00 [INFO ] [rig0] mined block #1661 (nonce=444853, daa_score=2645)
2026-08-09 22:42:46.399+09:00 [INFO ] [rig0] mined block #1662 (nonce=9223372036854886705, daa_score=2646)
2026-08-09 22:42:48.336+09:00 [INFO ] [rig0] mined block #1663 (nonce=169545, daa_score=2647)
2026-08-09 22:42:50.541+09:00 [INFO ] [rig0] mined block #1664 (nonce=251930, daa_score=2648)
2026-08-09 22:42:54.517+09:00 [INFO ] [rig0] mined block #1665 (nonce=691143, daa_score=2649)
2026-08-09 22:42:57.840+09:00 [INFO ] [rig0] mined block #1666 (nonce=632541, daa_score=2650)
2026-08-09 22:42:59.011+09:00 [INFO ] [rig0] mined block #1667 (nonce=9223372036854793052, daa_score=2651)
2026-08-09 22:43:00.923+09:00 [INFO ] [rig0] mined block #1668 (nonce=9223372036855069166, daa_score=2652)
2026-08-09 22:43:02.156+09:00 [INFO ] [rig0] mined block #1669 (nonce=9223372036854812148, daa_score=2653)
2026-08-09 22:43:03.841+09:00 [INFO ] [rig0] mined block #1670 (nonce=161804, daa_score=2654)
2026-08-09 22:43:04.920+09:00 [INFO ] [rig0] mined block #1671 (nonce=18984, daa_score=2655)
2026-08-09 22:43:06.015+09:00 [INFO ] [rig0] mined block #1672 (nonce=9223372036854805740, daa_score=2656)
2026-08-09 22:43:07.067+09:00 [INFO ] [rig0] mined block #1673 (nonce=4983, daa_score=2657)
2026-08-09 22:43:08.324+09:00 [INFO ] [rig0] mined block #1674 (nonce=80832, daa_score=2658)
2026-08-09 22:43:09.720+09:00 [INFO ] [rig0] mined block #1675 (nonce=9223372036854892073, daa_score=2659)
2026-08-09 22:43:10.920+09:00 [INFO ] [rig0] mined block #1676 (nonce=87146, daa_score=2660)
2026-08-09 22:43:12.128+09:00 [INFO ] [rig0] mined block #1677 (nonce=9223372036854866586, daa_score=2661)
2026-08-09 22:43:13.249+09:00 [INFO ] [rig0] mined block #1678 (nonce=45014, daa_score=2662)
2026-08-09 22:43:14.372+09:00 [INFO ] [rig0] mined block #1679 (nonce=44381, daa_score=2663)
2026-08-09 22:43:15.740+09:00 [INFO ] [rig0] mined block #1680 (nonce=159145, daa_score=2664)
2026-08-09 22:43:18.140+09:00 [INFO ] [rig0] mined block #1681 (nonce=9223372036855264300, daa_score=2665)
2026-08-09 22:43:20.320+09:00 [INFO ] [rig0] mined block #1682 (nonce=9223372036855121706, daa_score=2666)
2026-08-09 22:43:22.100+09:00 [INFO ] [rig0] mined block #1683 (nonce=239928, daa_score=2667)
2026-08-09 22:43:23.573+09:00 [INFO ] [rig0] mined block #1684 (nonce=9223372036854951567, daa_score=2668)
2026-08-09 22:43:24.705+09:00 [INFO ] [rig0] mined block #1685 (nonce=9223372036854797593, daa_score=2669)
2026-08-09 22:43:27.323+09:00 [INFO ] [rig0] mined block #1686 (nonce=9223372036855020921, daa_score=2670)
2026-08-09 22:43:28.431+09:00 [INFO ] [rig0] mined block #1687 (nonce=9223372036854784427, daa_score=2671)
2026-08-09 22:43:30.014+09:00 [INFO ] [rig0] mined block #1688 (nonce=109012, daa_score=2672)
2026-08-09 22:43:31.761+09:00 [INFO ] [rig0] mined block #1689 (nonce=120345, daa_score=2673)
2026-08-09 22:43:34.008+09:00 [INFO ] [rig0] mined block #1690 (nonce=9223372036854967394, daa_score=2674)
2026-08-09 22:43:37.101+09:00 [INFO ] [rig0] mined block #1691 (nonce=282000, daa_score=2675)
2026-08-09 22:43:38.193+09:00 [INFO ] [rig0] mined block #1692 (nonce=9223372036854776339, daa_score=2676)
2026-08-09 22:43:41.339+09:00 [INFO ] [rig0] mined block #1693 (nonce=355591, daa_score=2677)
2026-08-09 22:43:42.462+09:00 [INFO ] [rig0] mined block #1694 (nonce=9223372036854784103, daa_score=2678)
2026-08-09 22:43:43.706+09:00 [INFO ] [rig0] mined block #1695 (nonce=72171, daa_score=2679)
2026-08-09 22:43:47.328+09:00 [INFO ] [rig0] mined block #1696 (nonce=9223372036855159319, daa_score=2680)
2026-08-09 22:43:49.521+09:00 [INFO ] [rig0] mined block #1697 (nonce=162279, daa_score=2681)
2026-08-09 22:43:54.131+09:00 [INFO ] [rig0] mined block #1698 (nonce=9223372036855118550, daa_score=2682)
2026-08-09 22:43:56.128+09:00 [INFO ] [rig0] mined block #1699 (nonce=9223372036855067982, daa_score=2683)
2026-08-09 22:43:57.746+09:00 [INFO ] [rig0] mined block #1700 (nonce=9223372036854942742, daa_score=2684)
2026-08-09 22:43:58.886+09:00 [INFO ] [rig0] mined block #1701 (nonce=27014, daa_score=2685)
2026-08-09 22:44:00.119+09:00 [INFO ] [rig0] mined block #1702 (nonce=9223372036854827220, daa_score=2686)
2026-08-09 22:44:01.803+09:00 [INFO ] [rig0] mined block #1703 (nonce=170864, daa_score=2687)
2026-08-09 22:44:04.770+09:00 [INFO ] [rig0] mined block #1704 (nonce=9223372036855323542, daa_score=2688)
2026-08-09 22:44:05.925+09:00 [INFO ] [rig0] mined block #1705 (nonce=25838, daa_score=2689)
2026-08-09 22:44:07.273+09:00 [INFO ] [rig0] mined block #1706 (nonce=172444, daa_score=2690)
2026-08-09 22:44:08.511+09:00 [INFO ] [rig0] mined block #1707 (nonce=111923, daa_score=2691)
2026-08-09 22:44:10.238+09:00 [INFO ] [rig0] mined block #1708 (nonce=395465, daa_score=2692)
2026-08-09 22:44:11.473+09:00 [INFO ] [rig0] mined block #1709 (nonce=9223372036854838745, daa_score=2693)
2026-08-09 22:44:13.064+09:00 [INFO ] [rig0] mined block #1710 (nonce=131931, daa_score=2694)
2026-08-09 22:44:14.313+09:00 [INFO ] [rig0] mined block #1711 (nonce=67162, daa_score=2695)
2026-08-09 22:44:15.457+09:00 [INFO ] [rig0] mined block #1712 (nonce=23990, daa_score=2696)
2026-08-09 22:44:17.059+09:00 [INFO ] [rig0] mined block #1713 (nonce=185684, daa_score=2697)
2026-08-09 22:44:19.667+09:00 [INFO ] [rig0] mined block #1714 (nonce=9223372036855283762, daa_score=2698)
2026-08-09 22:44:21.242+09:00 [INFO ] [rig0] mined block #1715 (nonce=9223372036854957095, daa_score=2699)
2026-08-09 22:44:22.875+09:00 [INFO ] [rig0] mined block #1716 (nonce=283105, daa_score=2700)
2026-08-09 22:44:24.108+09:00 [INFO ] [rig0] mined block #1717 (nonce=42060, daa_score=2701)
2026-08-09 22:44:25.642+09:00 [INFO ] [rig0] mined block #1718 (nonce=9223372036854903073, daa_score=2702)
2026-08-09 22:44:27.008+09:00 [INFO ] [rig0] mined block #1719 (nonce=172482, daa_score=2703)
2026-08-09 22:44:29.170+09:00 [INFO ] [rig0] mined block #1720 (nonce=357133, daa_score=2704)
2026-08-09 22:44:30.315+09:00 [INFO ] [rig0] mined block #1721 (nonce=9223372036854788808, daa_score=2705)
2026-08-09 22:44:33.253+09:00 [INFO ] [rig0] mined block #1722 (nonce=332773, daa_score=2706)
2026-08-09 22:44:37.578+09:00 [INFO ] [rig0] mined block #1723 (nonce=507307, daa_score=2707)
2026-08-09 22:44:40.608+09:00 [INFO ] [rig0] mined block #1724 (nonce=311452, daa_score=2708)
2026-08-09 22:44:42.757+09:00 [INFO ] [rig0] mined block #1725 (nonce=182203, daa_score=2709)
2026-08-09 22:44:45.709+09:00 [INFO ] [rig0] mined block #1726 (nonce=9223372036855058342, daa_score=2710)
2026-08-09 22:44:46.891+09:00 [INFO ] [rig0] mined block #1727 (nonce=48325, daa_score=2711)
2026-08-09 22:44:48.107+09:00 [INFO ] [rig0] mined block #1728 (nonce=9223372036854823808, daa_score=2712)
2026-08-09 22:44:52.103+09:00 [INFO ] [rig0] mined block #1729 (nonce=436979, daa_score=2713)
2026-08-09 22:44:53.359+09:00 [INFO ] [rig0] mined block #1730 (nonce=45629, daa_score=2714)
2026-08-09 22:44:54.471+09:00 [INFO ] [rig0] mined block #1731 (nonce=1777, daa_score=2715)
2026-08-09 22:44:55.743+09:00 [INFO ] [rig0] mined block #1732 (nonce=67717, daa_score=2716)
2026-08-09 22:45:00.082+09:00 [INFO ] [rig0] mined block #1733 (nonce=9223372036855260810, daa_score=2717)
2026-08-09 22:45:01.241+09:00 [INFO ] [rig0] mined block #1734 (nonce=32501, daa_score=2718)
2026-08-09 22:45:02.410+09:00 [INFO ] [rig0] mined block #1735 (nonce=49497, daa_score=2719)
2026-08-09 22:45:04.511+09:00 [INFO ] [rig0] mined block #1736 (nonce=189100, daa_score=2720)
2026-08-09 22:45:10.478+09:00 [INFO ] [rig0] mined block #1737 (nonce=9223372036855379925, daa_score=2721)
2026-08-09 22:45:12.959+09:00 [INFO ] [rig0] mined block #1738 (nonce=9223372036854937842, daa_score=2722)
2026-08-09 22:45:14.078+09:00 [INFO ] [rig0] mined block #1739 (nonce=11948, daa_score=2723)
2026-08-09 22:45:18.288+09:00 [INFO ] [rig0] mined block #1740 (nonce=440691, daa_score=2724)
2026-08-09 22:45:19.376+09:00 [INFO ] [rig0] mined block #1741 (nonce=9223372036854777488, daa_score=2725)
2026-08-09 22:45:21.161+09:00 [INFO ] [rig0] mined block #1742 (nonce=9223372036854900209, daa_score=2726)
2026-08-09 22:45:23.355+09:00 [INFO ] [rig0] mined block #1743 (nonce=9223372036855143296, daa_score=2727)
2026-08-09 22:45:24.612+09:00 [INFO ] [rig0] mined block #1744 (nonce=107987, daa_score=2728)
2026-08-09 22:45:25.703+09:00 [INFO ] [rig0] mined block #1745 (nonce=26603, daa_score=2729)
2026-08-09 22:45:27.190+09:00 [INFO ] [rig0] mined block #1746 (nonce=257681, daa_score=2730)
2026-08-09 22:45:28.491+09:00 [INFO ] [rig0] mined block #1747 (nonce=9223372036854913266, daa_score=2731)
2026-08-09 22:45:31.302+09:00 [INFO ] [rig0] mined block #1748 (nonce=9223372036855779073, daa_score=2732)
2026-08-09 22:45:32.531+09:00 [INFO ] [rig0] mined block #1749 (nonce=9223372036854869678, daa_score=2733)
2026-08-09 22:45:33.669+09:00 [INFO ] [rig0] mined block #1750 (nonce=9223372036854816663, daa_score=2734)
2026-08-09 22:45:34.793+09:00 [INFO ] [rig0] mined block #1751 (nonce=33700, daa_score=2735)
2026-08-09 22:45:36.158+09:00 [INFO ] [rig0] mined block #1752 (nonce=172635, daa_score=2736)
2026-08-09 22:45:37.219+09:00 [INFO ] [rig0] mined block #1753 (nonce=9223372036854776625, daa_score=2737)
2026-08-09 22:45:38.591+09:00 [INFO ] [rig0] mined block #1754 (nonce=9223372036854952222, daa_score=2738)
2026-08-09 22:45:40.069+09:00 [INFO ] [rig0] mined block #1755 (nonce=9223372036855012396, daa_score=2739)
2026-08-09 22:45:41.276+09:00 [INFO ] [rig0] mined block #1756 (nonce=9223372036854870083, daa_score=2740)
2026-08-09 22:45:42.372+09:00 [INFO ] [rig0] mined block #1757 (nonce=21121, daa_score=2741)
2026-08-09 22:45:44.466+09:00 [INFO ] [rig0] mined block #1758 (nonce=9223372036855379197, daa_score=2742)
2026-08-09 22:45:46.128+09:00 [INFO ] [rig0] mined block #1759 (nonce=357639, daa_score=2743)
2026-08-09 22:45:47.562+09:00 [INFO ] [rig0] mined block #1760 (nonce=225119, daa_score=2744)
2026-08-09 22:45:49.498+09:00 [INFO ] [rig0] mined block #1761 (nonce=9223372036855290679, daa_score=2745)
2026-08-09 22:45:51.151+09:00 [INFO ] [rig0] mined block #1762 (nonce=9223372036855128141, daa_score=2746)
2026-08-09 22:45:52.262+09:00 [INFO ] [rig0] mined block #1763 (nonce=9223372036854814485, daa_score=2747)
2026-08-09 22:45:54.229+09:00 [INFO ] [rig0] mined block #1764 (nonce=9223372036855290019, daa_score=2748)
2026-08-09 22:45:55.588+09:00 [INFO ] [rig0] mined block #1765 (nonce=181744, daa_score=2749)
2026-08-09 22:45:57.185+09:00 [INFO ] [rig0] mined block #1766 (nonce=9223372036855094945, daa_score=2750)
2026-08-09 22:45:58.392+09:00 [INFO ] [rig0] mined block #1767 (nonce=9223372036854869327, daa_score=2751)
2026-08-09 22:45:59.632+09:00 [INFO ] [rig0] mined block #1768 (nonce=113770, daa_score=2752)
2026-08-09 22:46:01.816+09:00 [INFO ] [rig0] mined block #1769 (nonce=9223372036855434324, daa_score=2753)
2026-08-09 22:46:03.428+09:00 [INFO ] [rig0] mined block #1770 (nonce=9223372036855104038, daa_score=2754)
2026-08-09 22:46:04.911+09:00 [INFO ] [rig0] mined block #1771 (nonce=9223372036855029076, daa_score=2755)
2026-08-09 22:46:06.865+09:00 [INFO ] [rig0] mined block #1772 (nonce=9223372036855299448, daa_score=2756)
2026-08-09 22:46:08.536+09:00 [INFO ] [rig0] mined block #1773 (nonce=353274, daa_score=2757)
2026-08-09 22:46:09.818+09:00 [INFO ] [rig0] mined block #1774 (nonce=138033, daa_score=2758)
2026-08-09 22:46:10.998+09:00 [INFO ] [rig0] mined block #1775 (nonce=79099, daa_score=2759)
2026-08-09 22:46:12.135+09:00 [INFO ] [rig0] mined block #1776 (nonce=52521, daa_score=2760)
2026-08-09 22:46:13.392+09:00 [INFO ] [rig0] mined block #1777 (nonce=9223372036854898274, daa_score=2761)
2026-08-09 22:46:14.474+09:00 [INFO ] [rig0] mined block #1778 (nonce=9223372036854797107, daa_score=2762)
2026-08-09 22:46:18.000+09:00 [INFO ] [rig0] mined block #1779 (nonce=9223372036856210733, daa_score=2763)
2026-08-09 22:46:19.483+09:00 [INFO ] [rig0] mined block #1780 (nonce=9223372036855029076, daa_score=2764)
2026-08-09 22:46:20.561+09:00 [INFO ] [rig0] mined block #1781 (nonce=19191, daa_score=2765)
2026-08-09 22:46:21.611+09:00 [INFO ] [rig0] mined block #1782 (nonce=3411, daa_score=2766)
2026-08-09 22:46:23.305+09:00 [INFO ] [rig0] mined block #1783 (nonce=375291, daa_score=2767)
2026-08-09 22:46:24.510+09:00 [INFO ] [rig0] mined block #1784 (nonce=9223372036854868309, daa_score=2768)
2026-08-09 22:46:25.930+09:00 [INFO ] [rig0] mined block #1785 (nonce=9223372036854992064, daa_score=2769)
2026-08-09 22:46:28.053+09:00 [INFO ] [rig0] mined block #1786 (nonce=9223372036855398124, daa_score=2770)
2026-08-09 22:46:29.371+09:00 [INFO ] [rig0] mined block #1787 (nonce=9223372036854933858, daa_score=2771)
2026-08-09 22:46:30.831+09:00 [INFO ] [rig0] mined block #1788 (nonce=9223372036855016995, daa_score=2772)
2026-08-09 22:46:32.913+09:00 [INFO ] [rig0] mined block #1789 (nonce=598994, daa_score=2773)
2026-08-09 22:46:34.024+09:00 [INFO ] [rig0] mined block #1790 (nonce=39497, daa_score=2774)
2026-08-09 22:46:35.214+09:00 [INFO ] [rig0] mined block #1791 (nonce=83223, daa_score=2775)
2026-08-09 22:46:36.586+09:00 [INFO ] [rig0] mined block #1792 (nonce=9223372036854965637, daa_score=2776)
2026-08-09 22:46:38.048+09:00 [INFO ] [rig0] mined block #1793 (nonce=9223372036855015579, daa_score=2777)
2026-08-09 22:46:40.610+09:00 [INFO ] [rig0] mined block #1794 (nonce=880088, daa_score=2778)
2026-08-09 22:46:41.696+09:00 [INFO ] [rig0] mined block #1795 (nonce=9223372036854799261, daa_score=2779)
2026-08-09 22:46:43.358+09:00 [INFO ] [rig0] mined block #1796 (nonce=9223372036855132463, daa_score=2780)
2026-08-09 22:46:44.515+09:00 [INFO ] [rig0] mined block #1797 (nonce=9223372036854841608, daa_score=2781)
2026-08-09 22:46:47.182+09:00 [INFO ] [rig0] mined block #1798 (nonce=936839, daa_score=2782)
2026-08-09 22:46:48.673+09:00 [INFO ] [rig0] mined block #1799 (nonce=9223372036855033559, daa_score=2783)
2026-08-09 22:46:50.604+09:00 [INFO ] [rig0] mined block #1800 (nonce=512272, daa_score=2784)
2026-08-09 22:46:52.652+09:00 [INFO ] [rig0] mined block #1801 (nonce=578461, daa_score=2785)
2026-08-09 22:46:54.281+09:00 [INFO ] [rig0] mined block #1802 (nonce=9223372036855112374, daa_score=2786)
2026-08-09 22:46:55.328+09:00 [INFO ] [rig0] mined block #1803 (nonce=9223372036854776376, daa_score=2787)
2026-08-09 22:46:57.020+09:00 [INFO ] [rig0] mined block #1804 (nonce=9223372036855152902, daa_score=2788)
2026-08-09 22:46:59.211+09:00 [INFO ] [rig0] mined block #1805 (nonce=9223372036855439029, daa_score=2789)
2026-08-09 22:47:00.584+09:00 [INFO ] [rig0] mined block #1806 (nonce=190214, daa_score=2790)
2026-08-09 22:47:02.234+09:00 [INFO ] [rig0] mined block #1807 (nonce=9223372036855114521, daa_score=2791)
2026-08-09 22:47:03.865+09:00 [INFO ] [rig0] mined block #1808 (nonce=9223372036855117228, daa_score=2792)
2026-08-09 22:47:05.582+09:00 [INFO ] [rig0] mined block #1809 (nonce=377803, daa_score=2793)
2026-08-09 22:47:07.103+09:00 [INFO ] [rig0] mined block #1810 (nonce=9223372036855053017, daa_score=2794)
2026-08-09 22:47:08.945+09:00 [INFO ] [rig0] mined block #1811 (nonce=9223372036855236476, daa_score=2795)
2026-08-09 22:47:10.464+09:00 [INFO ] [rig0] mined block #1812 (nonce=9223372036855049908, daa_score=2796)
2026-08-09 22:47:11.508+09:00 [INFO ] [rig0] mined block #1813 (nonce=9223372036854776166, daa_score=2797)
2026-08-09 22:47:13.647+09:00 [INFO ] [rig0] mined block #1814 (nonce=630731, daa_score=2798)
2026-08-09 22:47:14.732+09:00 [INFO ] [rig0] mined block #1815 (nonce=17171, daa_score=2799)
2026-08-09 22:47:15.989+09:00 [INFO ] [rig0] mined block #1816 (nonce=124495, daa_score=2800)
2026-08-09 22:47:17.347+09:00 [INFO ] [rig0] mined block #1817 (nonce=9223372036854944412, daa_score=2801)
2026-08-09 22:47:18.744+09:00 [INFO ] [rig0] mined block #1818 (nonce=9223372036854968867, daa_score=2802)
2026-08-09 22:47:20.688+09:00 [INFO ] [rig0] mined block #1819 (nonce=9223372036855299338, daa_score=2803)
2026-08-09 22:47:23.332+09:00 [INFO ] [rig0] mined block #1820 (nonce=934334, daa_score=2804)
2026-08-09 22:47:25.049+09:00 [INFO ] [rig0] mined block #1821 (nonce=394128, daa_score=2805)
2026-08-09 22:47:26.518+09:00 [INFO ] [rig0] mined block #1822 (nonce=244293, daa_score=2806)
2026-08-09 22:47:27.591+09:00 [INFO ] [rig0] mined block #1823 (nonce=9223372036854794608, daa_score=2807)
2026-08-09 22:47:30.027+09:00 [INFO ] [rig0] mined block #1824 (nonce=762963, daa_score=2808)
2026-08-09 22:47:31.303+09:00 [INFO ] [rig0] mined block #1825 (nonce=135195, daa_score=2809)
2026-08-09 22:47:32.637+09:00 [INFO ] [rig0] mined block #1826 (nonce=9223372036854933616, daa_score=2810)
2026-08-09 22:47:34.767+09:00 [INFO ] [rig0] mined block #1827 (nonce=624897, daa_score=2811)
2026-08-09 22:47:36.113+09:00 [INFO ] [rig0] mined block #1828 (nonce=9223372036854952262, daa_score=2812)
2026-08-09 22:47:37.509+09:00 [INFO ] [rig0] mined block #1829 (nonce=9223372036854975505, daa_score=2813)
