2026-08-09 21:59:20.281+09:00 [INFO ] kaspad v1.1.0-c856839
2026-08-09 21:59:20.281+09:00 [INFO ] Application directory: /Users/wata/Downloads/MISAKA-testnet/.misaka-vlt-devnet-3/node-4
2026-08-09 21:59:20.281+09:00 [INFO ] Data directory: /Users/wata/Downloads/MISAKA-testnet/.misaka-vlt-devnet-3/node-4/misaka-devnet/datadir
2026-08-09 21:59:20.281+09:00 [INFO ] Logs directory: /Users/wata/Downloads/MISAKA-testnet/.misaka-vlt-devnet-3/node-4/misaka-devnet/logs
2026-08-09 21:59:20.281+09:00 [INFO ] Utxoindex Data directory /Users/wata/Downloads/MISAKA-testnet/.misaka-vlt-devnet-3/node-4/misaka-devnet/datadir/utxoindex
2026-08-09 21:59:20.284+09:00 [INFO ] P2P bootstrap: DNS seed disabled (--nodnsseed) — using explicit peers + the address manager
2026-08-09 21:59:20.287+09:00 [WARN ] [vlt-state] none -> pre_shadow at daa=0
2026-08-09 21:59:20.287+09:00 [INFO ] Importing the UTXO set of the pruning point c31bfae8fc7a45010d6aab0e38ebdcce1e87b1444eb9aac6ed2d00de7f286aa6785eb88416b7e7b3c4b46750c2ae9e17bfa6e9f0312a4db82eb5652f17674f12
2026-08-09 21:59:20.289+09:00 [INFO ] Resyncing the utxoindex...
2026-08-09 21:59:20.289+09:00 [INFO ] [UPnP] Attempting to register upnp... (to disable run the node with --disable-upnp)
2026-08-09 21:59:30.290+09:00 [WARN ] [UPnP] Error adding port mapping: IO error: Resource temporarily unavailable (os error 35)
2026-08-09 21:59:30.290+09:00 [INFO ] [validator-service] loaded validator signing key from /Users/wata/Downloads/MISAKA-testnet/.misaka-vlt-devnet-3/node-4/validator.key (validator_id=fc61569c056a235bdf4b867bf82e0cf9b962a3b81998e0d70d2cbbed78f6d8b53bc1e337a2d3d6d179e7064b6303bf3b64ab939f46fb79eb631b1e1c3dd23e96)
2026-08-09 21:59:30.290+09:00 [INFO ] [validator-service] funding address: misakadev:qttx9vfrnxye6epur3jfm6hytwlhquy4rmd8mfl5vxw8yrx8rmy390nc8dj3kgjxud3kvl8e44pk28c8z77wmr58gy4cmmdlk2gwffp0gkhvcmrr — send UTXOs here to fund attestation-shard submission
2026-08-09 21:59:30.291+09:00 [WARN ] [validator-compute] --enable-compute without --compute-worker: using the DEVNET VLT FIXTURE runtime.                      Deterministic, not a model — valid only where the fixture profile is registered.
2026-08-09 21:59:30.291+09:00 [INFO ] [validator-compute] executor job input: /Users/wata/Downloads/MISAKA-testnet/.misaka-vlt-devnet-3/node-4/compute-prompt.txt (41 bytes)
2026-08-09 21:59:30.291+09:00 [INFO ] [validator-compute] devnet fixture: max_tokens pinned to the fixed job shape (15 = 10 prefill + 5 decode, 50 VLT/job); --compute-max-tokens=512 ignored
2026-08-09 21:59:30.291+09:00 [INFO ] [validator-compute] enabled: runtime=7ee20f6e853b2fb413bbbef94f7a6fc8951e82d55efec7c739f2c5267fea6eae7d68b9bf9f29566505ec539068b0677e7a16f833ad18d106f54556d3a6ecce7d class=8d416f720772b533f43006c4cbdc1effa7fc5d1e3fb7974dfecaa9589f1e2865a6144ef5d8d996e456d64429d6d42d9b32cc2fe98a97c5f08704d43c420c89ed max_tokens=15 auto_challenge=false
2026-08-09 21:59:30.291+09:00 [INFO ] [validator-compute] fixture quota: 0/3 job(s) certified, 0 slot(s) claimed (plan 7ee20f6e853b2fb413bbbef94f7a6fc8951e82d55efec7c739f2c5267fea6eae7d68b9bf9f29566505ec539068b0677e7a16f833ad18d106f54556d3a6ecce7d:3:15:41)
2026-08-09 21:59:30.291+09:00 [INFO ] MISAKA node endpoints (network devnet):
2026-08-09 21:59:30.291+09:00 [INFO ]   P2P:             127.0.0.1:17151   node-to-node only (not RPC)
2026-08-09 21:59:30.291+09:00 [INFO ]   node-grpc:       127.0.0.1:17150   miner / low-level node RPC
2026-08-09 21:59:30.291+09:00 [INFO ]   node-wrpc-borsh: 127.0.0.1:17152   validator / wallet / operator
2026-08-09 21:59:30.291+09:00 [INFO ]   node-wrpc-json:  disabled   explorer / browser
2026-08-09 21:59:30.291+09:00 [INFO ]   evm-rpc-http:    disabled   Ethereum JSON-RPC (EVM lane)
2026-08-09 21:59:30.291+09:00 [INFO ] Startup pruning recovery deferred (consensus transitional or catching up); the pruning worker will retry on its first message
2026-08-09 21:59:30.292+09:00 [INFO ] GRPC Server starting on: 127.0.0.1:17150
2026-08-09 21:59:30.292+09:00 [INFO ] P2P Server starting on: 127.0.0.1:17151
2026-08-09 21:59:30.292+09:00 [INFO ] [validator-service] starting (mode=active, validator_id=fc61569c056a235bdf4b867bf82e0cf9b962a3b81998e0d70d2cbbed78f6d8b53bc1e337a2d3d6d179e7064b6303bf3b64ab939f46fb79eb631b1e1c3dd23e96, stake-bond=none)
2026-08-09 21:59:30.292+09:00 [INFO ] WRPC Server starting on: 127.0.0.1:17152
2026-08-09 21:59:30.293+09:00 [INFO ] Registering p2p flows for peer 127.0.0.1:17111 for protocol version 102
2026-08-09 21:59:30.293+09:00 [INFO ] P2P Connected to outgoing peer 127.0.0.1:17111 (outbound: 1)
2026-08-09 21:59:30.294+09:00 [INFO ] Registering p2p flows for peer 127.0.0.1:17121 for protocol version 102
2026-08-09 21:59:30.294+09:00 [INFO ] P2P Connected to outgoing peer 127.0.0.1:17121 (outbound: 2)
2026-08-09 21:59:30.295+09:00 [INFO ] Registering p2p flows for peer 127.0.0.1:17131 for protocol version 102
2026-08-09 21:59:30.295+09:00 [INFO ] P2P Connected to outgoing peer 127.0.0.1:17131 (outbound: 3)
2026-08-09 21:59:30.295+09:00 [INFO ] Registering p2p flows for peer 127.0.0.1:17141 for protocol version 102
2026-08-09 21:59:30.295+09:00 [INFO ] P2P Connected to outgoing peer 127.0.0.1:17141 (outbound: 4)
2026-08-09 21:59:32.057+09:00 [INFO ] Accepted block 8a924d9be79aea370368dc25342cdecddd846549fd080f51d0c3db42f0770e6d42562a96dbf7c7dcc5f0b11dd9917294112a8dd32c5ee186c1a7b451f720e12e via relay
2026-08-09 21:59:34.497+09:00 [INFO ] Accepted block cc58733737d4999e74b2866693de85832676ed9f1d3d09d61791ecdb8dfb0c90ab0a166cca9801c0035c7600f52dcda3cae3f747bd8ed2240a26ef78d536dc18 via relay
2026-08-09 21:59:35.512+09:00 [INFO ] Accepted block 5b6fd220fbffff811311e34d366022f08ae2d29a7c61a36183fd40490b9cbb9b7cdc90614309784affa92a33c7a25ea275a5226c685b68813c3dcd5a2050fa3c via relay
2026-08-09 21:59:37.078+09:00 [INFO ] Accepted block 312244e521371d2538e14f5314a6df3ba7569c84c228d1eada254f442b12ca98185d083146978265885dd195c7f55c77b6318ef5c871d5a3492b2fcdbd6e7df8 via relay
2026-08-09 21:59:39.030+09:00 [INFO ] Accepted block e869a4a0f6ed44426398b9c6f74c5ab09b8597478b70a71965e7732692692999b567d0ab3ffe340498c81be637c28175586f8f2897c0bd6e49d2638bcf139de5 via relay
2026-08-09 21:59:40.295+09:00 [INFO ] Processed 6 blocks and 6 headers in the last 10.00s (6 transactions; 6 UTXO-validated blocks; 1.00 parents; 1.00 mergeset; 1.00 TPB; 0.0 mass)
2026-08-09 21:59:40.295+09:00 [INFO ] [ibd-perf] 6 hdrs avg: validate(A,parallelizable) 75.0us | commit(serial) 74.5us [add_block 8.8 + db.write 38.8; held-lock 55.9] | f_serial=0.498 f_reach=0.059 | parallelize-ceiling 2.01x
2026-08-09 21:59:40.530+09:00 [INFO ] Accepted block ee345943dd0b4aabb053e64e3fca3d820775e3de06dfa705c4500a567b239a23a5575d2f807cd0e4227d42adb221a60ff6800ad013b96b9c1eb2b28fddeffa3c via relay
2026-08-09 21:59:41.704+09:00 [INFO ] Accepted block bfccf5f999f402b7880ac6c6c6734411d0c3940f192fa2b46c9f5e513399175962ba7d5ab437838e0379b0b7e4ec54cb8b249d4f9f220d8c800666fad6ec195e via relay
2026-08-09 21:59:42.940+09:00 [INFO ] Accepted block 339393cb3bf5657f68f7a5253544bdd9a51c8874cf2794b5003f9bae7f5c72a872c963dc5aa67c8bc99e520ac994e94070e1b817a4acd59d2fb7bbb1ec88a49e via relay
2026-08-09 21:59:44.456+09:00 [INFO ] Accepted block 682b49a84c085ee82ec1ca92883d4a428f89a00b12052bb38fc524026b696c54ba403346e390afa3b49a0e45bc747bfa39441ad6ec652b6dfa24329c4e212112 via relay
2026-08-09 21:59:45.526+09:00 [INFO ] Accepted 3 blocks ...af9e14bc8ff380a8f2644d83159b47e0ac7b58630717d65a15ea26810646ea09855423c4cf824c79635a035ae589c582e03f1eff8d15e0a55b929cab7ff14d64 via relay
2026-08-09 21:59:46.897+09:00 [INFO ] Accepted 2 blocks ...0ab8abf9600627ea329fde30cfd7706c79a15470e8ec0ef5cd31cfe06ad6ecfe7df93782df113d02413524780d1cb927ff9edb23d2369ae1da036f91c2004b61 via relay
2026-08-09 21:59:48.117+09:00 [INFO ] Accepted 5 blocks ...71c9fdb3889677c412e91f315bf5b881a4f833bc05aaf23fc0bc20ff3ea529f0bfff8ed9df1ad96b24b0e535479950079d83557b05c9c1df5cd138d21ec7167d via relay
2026-08-09 21:59:49.168+09:00 [INFO ] Accepted 6 blocks ...f19af2faef7622ce117a1c791f9ed182bb19ed24d04786dc17bd7fe308dfb9d29a4fb98f58cb683fc7b46ad8002874677d12530fc59a1cfb8238d76c40373df5 via relay
2026-08-09 21:59:50.297+09:00 [INFO ] Processed 22 blocks and 22 headers in the last 10.00s (22 transactions; 20 UTXO-validated blocks; 1.32 parents; 1.32 mergeset; 1.00 TPB; 0.0 mass)
2026-08-09 21:59:50.297+09:00 [INFO ] [ibd-perf] 22 hdrs avg: validate(A,parallelizable) 86.2us | commit(serial) 57.6us [add_block 7.3 + db.write 22.3; held-lock 38.2] | f_serial=0.400 f_reach=0.051 | parallelize-ceiling 2.50x
2026-08-09 21:59:50.486+09:00 [INFO ] Accepted 3 blocks ...21e1f18d59aca59a6eb69b2720047c05530a005820d5946016b216835b3c94dd413dcc9c56c9f4b03a269151fc317a1e095fe928f5e64673e7756b0a8a9a2753 via relay
2026-08-09 21:59:52.476+09:00 [INFO ] Accepted 7 blocks ...5ce1d0899ebe8273a82e51912e99f5921c2aa60f6cec83cd349ab145659986a7e5438857f98d92ff66db86969e8a6a765bcd4bebb4fd812bb42f09a292b515d1 via relay
2026-08-09 21:59:53.760+09:00 [INFO ] Accepted 2 blocks ...9c35c875de2b032a152aa4dd0146be477bec13c92844a36c26c3e6f5a1f52e0b69cad4f413f4add33fb46cae6714921f6a971a85fa4bea4f17d1fa46ab7e4ed3 via relay
2026-08-09 21:59:54.820+09:00 [INFO ] Accepted 4 blocks ...1e1859d07317d90748c9644b80b969cf1013be85bdc5e6835fdd89fddd8183753e2dac53a2ac06dc657698a925f2786dcae340add5db19bab86e6eb378db0182 via relay
2026-08-09 21:59:56.035+09:00 [INFO ] Accepted 3 blocks ...dc004a26f01a94730eae978339b6f05f3aad31be263016598cd11fb2ffe65089a7c605306cb9527375e99f66e19f05002306786bd7f15f57f10cfe1fe8f91bba via relay
2026-08-09 21:59:57.486+09:00 [INFO ] Accepted 2 blocks ...1f05c7e3c81bbd510f08231c128d3d86e2d269998443673e86dd5586dd5c8115c9c2e718e2e35961a231d6d89c81c166d620c19d9b496132d57f10be8fa1211e via relay
2026-08-09 21:59:58.804+09:00 [INFO ] Accepted 2 blocks ...2e80d5cac5ef5277fa27a742affc681c43ddbec907315f7eb528f87dce9a8910f9119fb00b18c58f98effe96a083089c8822acee818707dea024aa84161d1900 via relay
2026-08-09 21:59:59.814+09:00 [INFO ] Accepted 5 blocks ...76514b10f3b8521950656010b2425e2a85ee8c7222b8766ce084a18be4989168d1ad2ce10393f6d52c94474063045a80d50e0f7ca0b2882a99aa0f3aae2390d0 via relay
2026-08-09 22:00:00.294+09:00 [INFO ] [validator-service] heartbeat: mode=active sink_daa=55 bond=unconfigured active_set=[epoch=0 is_active_validator=false (active_validators=0)] dns_overlay=configured (stage=Bootstrap, dns_confirmed=false)
2026-08-09 22:00:00.299+09:00 [INFO ] Processed 28 blocks and 28 headers in the last 10.00s (28 transactions; 24 UTXO-validated blocks; 1.36 parents; 1.36 mergeset; 1.00 TPB; 0.0 mass)
2026-08-09 22:00:00.299+09:00 [INFO ] [ibd-perf] 28 hdrs avg: validate(A,parallelizable) 82.9us | commit(serial) 58.6us [add_block 7.4 + db.write 21.9; held-lock 37.8] | f_serial=0.414 f_reach=0.053 | parallelize-ceiling 2.41x
2026-08-09 22:00:00.875+09:00 [INFO ] Accepted 4 blocks ...de89c96f886ec7ee605ba764dd0a81e6bb34d647b7ab81b7724bd7dd739cb6c886261f03c1387e5527d6d0f44f04b3e9e0714689b6e3825d801be2e34ab61db1 via relay
2026-08-09 22:00:02.322+09:00 [INFO ] Accepted 7 blocks ...ab8a4876caa9ba79d5d213524dac0316c2e25295ff42839d3d03bbf80fcf1d9d22ec1284f9808c34f4525bc9eabff5e54bc78ef95dae120de1b369b41244f988 via relay
2026-08-09 22:00:03.679+09:00 [INFO ] Accepted 3 blocks ...c43db4c95c7c25bc8bf863c749d76f90bc5806cafabf26e4e3651b3e36a7ec4b9261b0f35cd4164daa83610878ed86c49a08b9d54863e17b6bbb67b21b0a7b96 via relay
2026-08-09 22:00:04.891+09:00 [INFO ] Accepted 2 blocks ...924f1de0a9bc24193c03ede0c7b0e2af150cca876ccf0019c8d3accb87fdb73414a4a8b58f7649615b9a59316e47b4ca3bafccd7e8c37bd5226b5330d28bad59 via relay
2026-08-09 22:00:06.066+09:00 [INFO ] Accepted 4 blocks ...6b24923d9a2b6b6ac992fe8aa308559042ebc1b23020e480b6858d7babd66f44797cc380a0ed46155392689a12d83b967d4c87c9c259311b41807e5296cf5555 via relay
2026-08-09 22:00:07.295+09:00 [INFO ] Accepted 2 blocks ...52e0e7c2e93b5f36769aeb2878cdbc4d92bf3fb50e08c3257decdedb074536916e0eef7febdd2a8a6b6652692533139d52829853942ea9e3cd681c76fa4de797 via relay
2026-08-09 22:00:08.534+09:00 [INFO ] Accepted 3 blocks ...0cb456a20d52d6d1b66f6dcbb1ce66750b6ae7c09ff3ccd1a11e9c8045c2897155104ebf5c76d815c9ff952dd15d1f98c9a4422d5464dc1c594ae55030123b0f via relay
2026-08-09 22:00:09.545+09:00 [INFO ] Accepted 3 blocks ...55f4c41a477382215ab77e6fe9e74a8aa6c0fca0c03c71eacf5bc34b69c1f583412837a6883db7be4dae18d51f4f77cc26d4fe3d10b26dd46cdf148cdf104d3d via relay
2026-08-09 22:00:10.301+09:00 [INFO ] Processed 27 blocks and 27 headers in the last 10.00s (27 transactions; 20 UTXO-validated blocks; 1.33 parents; 1.33 mergeset; 1.00 TPB; 0.0 mass)
2026-08-09 22:00:10.301+09:00 [INFO ] [ibd-perf] 27 hdrs avg: validate(A,parallelizable) 97.7us | commit(serial) 65.6us [add_block 11.2 + db.write 24.8; held-lock 45.6] | f_serial=0.402 f_reach=0.069 | parallelize-ceiling 2.49x
2026-08-09 22:00:10.782+09:00 [INFO ] Accepted 4 blocks ...66c4b280e15eef7ac15d918041ae2cdeaf9511dfd4a8d782c008bcb76adab78367d24555f45a171d03a7f2b69af476af15e19ba924bcb4bb5a829b4c1c8e5c6d via relay
2026-08-09 22:00:11.819+09:00 [INFO ] Accepted block e6609b47fc7661033994cf263efcb2696935adba462b5b64ffab216e3eaacf36d384b3f0b23c6f56b29628dfb2ba299cf255915a5c18884bd074b324d25d2af0 via relay
2026-08-09 22:00:13.095+09:00 [INFO ] Accepted 2 blocks ...b5e6d278af60a0b15d1091dc4ae2b0b375abd67e4e18dc1f813be7259d310c24bdd1e503e865b2b4952698b68898f70fa27fa9705b15eda135e382ccf3ae0cb3 via relay
2026-08-09 22:00:14.594+09:00 [INFO ] Accepted 6 blocks ...5fa6ec8c12093228fcfc4561a0bfeeb885a3fc7861bbdecced65de1913094c078efb5a52d4af899ac5bd051bf73cd6a361af2da58f13e4acd9d5e3a352ae8c44 via relay
2026-08-09 22:00:15.940+09:00 [INFO ] Accepted 7 blocks ...dbd51bb6444fe7b4d47944e8b7e7611bc01787ffdcad162fcedd57e95cdcc709055a2eab520a50b073eca950f67b0ffde12b6f4cc37f89fcedc75ef50235724b via relay
2026-08-09 22:00:17.292+09:00 [INFO ] Accepted block 0e0511f9713b9efda40b9464ed2918aeb78aa9ec048701e023526c12da92c4d7551952abfb8471e594b964b5fd989805dcc2f13c6f072f5b28fac4025ef30166 via relay
2026-08-09 22:00:19.175+09:00 [INFO ] Accepted 6 blocks ...cebed555a11f53c6cbb6829993327a29e901f484f01b19ba8c32600b254b41fca02f3f8e1829e1363c09cdcca6e1d0cc691cb7be9da91259e0c4a9e183b7461b via relay
2026-08-09 22:00:20.302+09:00 [INFO ] Processed 29 blocks and 29 headers in the last 10.00s (29 transactions; 26 UTXO-validated blocks; 1.28 parents; 1.28 mergeset; 1.00 TPB; 0.0 mass)
2026-08-09 22:00:20.302+09:00 [INFO ] [ibd-perf] 29 hdrs avg: validate(A,parallelizable) 102.8us | commit(serial) 84.3us [add_block 17.6 + db.write 31.7; held-lock 60.7] | f_serial=0.450 f_reach=0.094 | parallelize-ceiling 2.22x
2026-08-09 22:00:20.586+09:00 [INFO ] Accepted 5 blocks ...39e8b9463aef6da9e5be4ae030c8b84007f53547a77e21677eff209b8cedc0287e75c8f1af7b4ebf9ef55329a1b52bba202399192dc16cc9679f9918f71957f7 via relay
2026-08-09 22:00:22.379+09:00 [INFO ] Accepted block d4021953f0b960ef84a3650fa73ad9e4c32b34ce8ea440bb29402e50f9376567f8e577f2dc26c43a30c8e0ec1e921c32f7279990c5369b93fd0d8db386cfbba3 via relay
2026-08-09 22:00:23.528+09:00 [INFO ] Accepted 5 blocks ...42bf40a5b2a4650337eab73300c437be9578820053e220b9127edc8e95f593d9f10c4ce19bf46306783a87216816a7b4dab88b0277306b010e54b800aad161c4 via relay
2026-08-09 22:00:24.810+09:00 [INFO ] Accepted 4 blocks ...4d374b00c293c80daeee2c55d8f1573572b8eb91823551e29f8ed4f363cfa57d7e44dc33ceeb4fdf718de7154d86876a0ac8302cb32d91a352add7e89b6196fe via relay
2026-08-09 22:00:26.304+09:00 [INFO ] Accepted 3 blocks ...31993a452569b117b68a252811063f5c4b3997f26a33084130366b91d0dc8853a8aba27f07adf8bfde91863ce6e323651367eb3402e40f7fb14cbc7296b76254 via relay
2026-08-09 22:00:27.607+09:00 [INFO ] Accepted 4 blocks ...452c934f50b1a857b89d133400f7daba42b11c65e3c13fee17269702390f74a2b799dfaa4e0e12c84dc3ec09c8c6668449aaa6b36b1566046223d52cd919aa3c via relay
2026-08-09 22:00:28.714+09:00 [INFO ] Accepted 3 blocks ...d387badd621bdb41ef853300de2afd0545b82df0c0c615d08464032c45942992255366c13a4180cbe19115818dbfd0d2919f7244d6118d1b271a00906be284a2 via relay
2026-08-09 22:00:30.192+09:00 [INFO ] Accepted 3 blocks ...72c455443990d63cc03b05d503eac6480dcb71d74fbb7dfee74cb25c035dd8cdffa4c97aa965387d08a13cadeceb4eabb4b728f650b38db932a49156ef450f79 via relay
2026-08-09 22:00:30.295+09:00 [INFO ] [validator-service] heartbeat: mode=active sink_daa=135 bond=unconfigured active_set=[epoch=1 is_active_validator=false (active_validators=0)] dns_overlay=configured (stage=Bootstrap, dns_confirmed=false)
2026-08-09 22:00:30.305+09:00 [INFO ] Processed 25 blocks and 25 headers in the last 10.00s (25 transactions; 19 UTXO-validated blocks; 1.32 parents; 1.32 mergeset; 1.00 TPB; 0.0 mass)
2026-08-09 22:00:30.305+09:00 [INFO ] [ibd-perf] 25 hdrs avg: validate(A,parallelizable) 81.0us | commit(serial) 134.3us [add_block 13.7 + db.write 77.9; held-lock 113.6] | f_serial=0.624 f_reach=0.063 | parallelize-ceiling 1.60x
2026-08-09 22:00:31.248+09:00 [INFO ] Accepted 3 blocks ...d56f04edd05980d4a46968d7a01bf65544c8737e8b25f740783d2933a8e18c466e48899c166f2c6b7bbde8094a70e065afc97ec57f25f6e2c52cc172e77c215f via relay
2026-08-09 22:00:32.834+09:00 [INFO ] Accepted 5 blocks ...9e5c6df4bfdae75818f7a00c5c7ae634aeea0ceb6866c71e58f0e9c47e35c5a14ae1d1eaaf922b2fb95c41c89e6b96ff5ba470e450e65ad2812c2af26e1d99ae via relay
2026-08-09 22:00:33.862+09:00 [INFO ] Accepted block 272d52ec8147b949ea1bb0ca41539c409b65412117131b665be94c531e20e2d9c3025f091ee74665822d3938b40128c96f916d2742fad7df9b644304f7421a8d via relay
2026-08-09 22:00:34.886+09:00 [INFO ] Accepted 3 blocks ...cdbc27f8de4748ebe022e67d528a47cf1adfb1aa53070c23f1fc416fa539531756f9368a8aacb9ebc0f4952511ef73a2bc7500afe79c3540684544d88af12871 via relay
2026-08-09 22:00:36.110+09:00 [INFO ] Accepted 4 blocks ...4a19e8b80dc33a09268d598dd71c62b525ffc7180ea2eb5536f6faef4c60b38850fcdbc5a5d17beee44f736291316e659af4c1e3c95da3ed69da060f52b26d79 via relay
2026-08-09 22:00:37.228+09:00 [INFO ] Accepted 2 blocks ...c4980426d7bb97411c48ed238c674efa7a553a56e7646b798648ee5a6d14f8b43f4fd2a9bc7a31764c51ebce11acfffcd5ac0a0310e81079024e9b70eb5066f6 via relay
2026-08-09 22:00:38.605+09:00 [INFO ] Accepted 6 blocks ...97436f999adb697dbd1a35df0746944b103abb33d6a931f4f06c18ecccfdb85af747a8deb84738e8e9249d209b3f9544cfd778dff4517d07da72cd1fd9e27804 via relay
2026-08-09 22:00:40.142+09:00 [INFO ] Accepted 5 blocks ...66b2d0421cca920eae3386999e5cd220152f00e388110ed48ae3c86d23f981f71e72c984c030d48268619c25ac37309256d37f82a8a856dc4fd54a54c935eac0 via relay
2026-08-09 22:00:40.306+09:00 [INFO ] Processed 28 blocks and 28 headers in the last 10.00s (28 transactions; 25 UTXO-validated blocks; 1.39 parents; 1.39 mergeset; 1.00 TPB; 0.0 mass)
2026-08-09 22:00:40.307+09:00 [INFO ] [ibd-perf] 28 hdrs avg: validate(A,parallelizable) 83.7us | commit(serial) 137.3us [add_block 8.5 + db.write 54.5; held-lock 118.7] | f_serial=0.621 f_reach=0.039 | parallelize-ceiling 1.61x
2026-08-09 22:00:41.463+09:00 [INFO ] Accepted 2 blocks ...5954fbed6c90ab2bf81ae55483b94c4aa84c8bde3b00bb3f7116efca153a0667d72b816317af45937711ff84827336daa856ee006976cf2df2a38baf385827fe via relay
2026-08-09 22:00:42.887+09:00 [INFO ] Accepted 5 blocks ...f86a99b65ac552238cc429b91bf2eddfff538f65a33978e9d3e5254e8dac5bd72faa6657835a2b6a3b1bfffef8b28b573caf18bca6814e8eedd833927c2a6e44 via relay
2026-08-09 22:00:44.110+09:00 [INFO ] Accepted block 6d3ce5565e8b039a63562cd346574671e38eaf77bbf1b41ea0133782cfc061c0093be0b02ab090ced1b93e833983e31e76ae5f810923ce9860ec3d1ab8be84a2 via relay
2026-08-09 22:00:45.128+09:00 [INFO ] Accepted 2 blocks ...6e2b32d32bc8d473162d0ba1ca6f0bdf78b33f7e9a5cf39ade097a5bd168051c2f8d46a5907597bf9e6917754c5880116128719fac06ba30269df6421a3ab837 via relay
2026-08-09 22:00:46.690+09:00 [INFO ] Accepted 5 blocks ...a22e08510356569cd173ce620b15f917ad94262321f5786bacf3f7e52f6c0eab4ba19ab4282fd927eabd2fb614e0b65d692afce1868981cf7d0fd2d611c07da1 via relay
2026-08-09 22:00:48.112+09:00 [INFO ] Accepted 4 blocks ...ff6924ddebab759f518761c7fbb8f4996ab4ba39b84daa8bc89b61a2d0fa33861005be1e304d15f583eb7b014ecf7d3c239eb5dd9790f18f10ac46f344329d36 via relay
2026-08-09 22:00:49.129+09:00 [INFO ] Accepted 3 blocks ...3f9e0fcff89fbf932859b7afa9f46a60d736fb37706db98dfc4d99395e32e577e39fc3964835b6c3115b3b6b4de5886a988a70987e71e25854545b543c4a2f55 via relay
2026-08-09 22:00:50.309+09:00 [INFO ] Processed 26 blocks and 26 headers in the last 10.00s (26 transactions; 22 UTXO-validated blocks; 1.31 parents; 1.31 mergeset; 1.00 TPB; 0.0 mass)
2026-08-09 22:00:50.309+09:00 [INFO ] [ibd-perf] 26 hdrs avg: validate(A,parallelizable) 89.8us | commit(serial) 155.0us [add_block 8.1 + db.write 65.0; held-lock 129.5] | f_serial=0.633 f_reach=0.033 | parallelize-ceiling 1.58x
2026-08-09 22:00:50.382+09:00 [INFO ] Accepted 4 blocks ...35381e58e21640e18aff77380dff6560953bbe7d8d93c8b3e15807dc1829469f8d77a9b0a7e2a824058ce13ffa20a2a5729361ec15279c1b476ac49f5fe82c3a via relay
2026-08-09 22:00:52.346+09:00 [INFO ] Accepted 6 blocks ...13afd4110be4fe4e79bf63c9b11f2fa5682491e7d2d32500966560796a9e831b6384b31e839b04567ee705dbe0be09e88a4a0402d89033e1ce9fe5c157c195ce via relay
2026-08-09 22:00:53.213+09:00 [INFO ] [vlt-credit] swept 0 capability declaration(s) out of history into the capability store
2026-08-09 22:00:53.408+09:00 [INFO ] Accepted 6 blocks ...ddb63fe1033875c61971faf05c3da57dad51da83e0682662e07aa9198ad869f3b337f4cf10f45e7848c0a2040dd1e5077329d0b84fdd22673279fec720041639 via relay
2026-08-09 22:00:55.249+09:00 [INFO ] Accepted 2 blocks ...fd17dd85052dfea5315b65e94cf780b745bfa038de378fa4e04550f2177395599dbeb6cab18f596e683b6d3d72513954b884f122b8901dce475e101daaa841ad via relay
2026-08-09 22:00:56.594+09:00 [INFO ] Accepted 2 blocks ...3953aaf2c5ae42d2aca6220781841ad4de5c85dbbd2403fe646a2be16adcf06239c07427702eec5c1ea9678159431b1d9aa07a69df46781f1223d9e87f26810f via relay
2026-08-09 22:00:58.070+09:00 [INFO ] Accepted 2 blocks ...de8fc7e737bb85781e1f7c9281a7f4b4aa8b2a00bc2762500484299d0ec8cc970a07e2460a7a4c805841b38ac431eb08313f23bf181f021446d3ebfcd13602bb via relay
2026-08-09 22:00:59.692+09:00 [INFO ] Accepted 3 blocks ...332f1e41c6224e5772cda849acbbcf7ac83a5de0f4817b1b83c2939b036df0d2789cb9d8d74b19416ad2f3d25e3031727c6d81b3eabc03c0081cbf44eb433fe1 via relay
2026-08-09 22:01:00.298+09:00 [INFO ] [validator-service] heartbeat: mode=active sink_daa=212 bond=unconfigured active_set=[epoch=2 is_active_validator=false (active_validators=0)] dns_overlay=configured (stage=Bootstrap, dns_confirmed=false)
2026-08-09 22:01:00.311+09:00 [INFO ] Processed 22 blocks and 22 headers in the last 10.00s (22 transactions; 19 UTXO-validated blocks; 1.32 parents; 1.32 mergeset; 1.00 TPB; 0.0 mass)
2026-08-09 22:01:00.311+09:00 [INFO ] [ibd-perf] 22 hdrs avg: validate(A,parallelizable) 123.1us | commit(serial) 262.8us [add_block 11.3 + db.write 126.0; held-lock 233.8] | f_serial=0.681 f_reach=0.029 | parallelize-ceiling 1.47x
2026-08-09 22:01:01.293+09:00 [INFO ] Accepted 4 blocks ...4917b257dfd1f0d4a77fb5df8d700e8015591c92a8de0ea10cd9ec9a3b264828464ef0000acba06c51e28c9d8b0199a992439a57dda15513fcbeccc9d032c9a3 via relay
2026-08-09 22:01:02.611+09:00 [INFO ] Accepted block cc86f6cc0ffbc1dedc137fd06a97d2cebb2e7629f0ac1bb518c81bfe68b54aaa692ae8ce4f799f82c258fc00e3a74a731bce3d0e9add45c13ba3f36a6cea7841 via relay
2026-08-09 22:01:03.843+09:00 [INFO ] Accepted 4 blocks ...0196b06a82bfe30c8dc35adbd87198887172c515db8c8d5e0d37561bf386e8355b686c5bff796e1d6fcd567890037ade3d0e392926e0b01ee1e87e1a9a9ace8a via relay
2026-08-09 22:01:04.868+09:00 [INFO ] Accepted 3 blocks ...3aa0580bc77d4d244dd4e97612bda1824457551ac115c68b1ea69a3d7cfe0dc2b2ec2bd6d80bf599514142b5061b8a583e1b58c57452db898dc88d646ec341e2 via relay
2026-08-09 22:01:05.929+09:00 [INFO ] Accepted 3 blocks ...e596e821b8f0e917948f0150e6ec3cc87f5b5899ec71a56291d81134a3b48d5af9ad370a00ce6e7512d8b02112b8cda4bcc590d8145cdd81b5f0951bf2bcb04f via relay
2026-08-09 22:01:07.092+09:00 [INFO ] Accepted 3 blocks ...69126b4d37707273ef5cb1592a30ee1dd04754fc928599a1a45b192a682bec9e10cd2fe3f09e1ff420e65f374d28c19da4a16edf4d04ecca2e881107288d9c70 via relay
2026-08-09 22:01:08.588+09:00 [INFO ] Accepted 3 blocks ...15124066fbf50e2813e73d02a9879f1cd52b06588c37522a64043e800596e7e932a14469ed0c1f59e6058ff7df6cbe031d0a6891bae0bb030f413572270ed023 via relay
2026-08-09 22:01:10.239+09:00 [INFO ] Accepted 3 blocks ...d811c49685d1180b0d97dc9d9fd035b4ecc09a6090e6dac9e1038d403f9865b4a25c64651bb3113ff8039edfbfcdc6b8d6c56cf73f055ad0670fb697818c1666 via relay
2026-08-09 22:01:10.312+09:00 [INFO ] Processed 23 blocks and 23 headers in the last 10.00s (23 transactions; 18 UTXO-validated blocks; 1.26 parents; 1.26 mergeset; 1.00 TPB; 0.0 mass)
2026-08-09 22:01:10.312+09:00 [INFO ] [ibd-perf] 23 hdrs avg: validate(A,parallelizable) 124.8us | commit(serial) 442.0us [add_block 16.0 + db.write 292.9; held-lock 411.6] | f_serial=0.780 f_reach=0.028 | parallelize-ceiling 1.28x
2026-08-09 22:01:11.575+09:00 [INFO ] Accepted 3 blocks ...7bdd65c6b59a735142ed9ede6929ede3bf8eac648c8791d8dbcae2e5cf8a815532abaaa73b60e0b619d4cf9e1027cca7333ed11a5a7d471b71bb6ee93a19a9bc via relay
2026-08-09 22:01:12.584+09:00 [INFO ] Accepted 2 blocks ...73433432f595e992d73a9ad7c1cdf35160d3536f0c688bf821330ff2cbeb1d73a53811c0770179df265e27a63bc0183af421202ea02c56dab754396bae693741 via relay
2026-08-09 22:01:13.781+09:00 [INFO ] Accepted 5 blocks ...7cd972b2285dbb1d32dbadfdcd4bf0b434460fd5dfc3cc35b428f0594de1541f612720a25b5fe349bd57b82a0d90f3b19476a0ec8c648630211a25c1fcacb7b3 via relay
2026-08-09 22:01:15.370+09:00 [INFO ] Accepted 3 blocks ...6b740a2721f9542f4e3610a5c7ea07dabaef825b1417d0808ba64eb2ebe416303ee649aaa56f7247fe43705d6ff95fb93e890842dc312bd76cc84e6f1360fb15 via relay
2026-08-09 22:01:16.736+09:00 [INFO ] Accepted 4 blocks ...2a79c6e12c12e41cafb3dfab95d06a35f2d5e27a0b1b3a9cd42ac15a0c36dd4507bbce7c757d9d5ca41ccd4f70455228aea0e3042a2089427db8098481d62a3b via relay
2026-08-09 22:01:18.100+09:00 [INFO ] Accepted block 310d42dab3ce4d4bf9aa5b2e3744b43187e7cec89c888abdc589bd9b04f7faf1ba9dccc9e65a413b8e6010ff04c9b2340a13684c19a7e4cf6cb2fc302db3e2cb via relay
2026-08-09 22:01:19.602+09:00 [INFO ] Accepted 3 blocks ...2d0d120bfc6132f8db4756af62ade0ade89248638fd08ba27b464ec6aec8b89d1eafe08f0dc1e58bfe0c76c1e110881e6c0d9e5adc95d421f99c4f53e4c51af7 via relay
2026-08-09 22:01:20.315+09:00 [INFO ] Processed 22 blocks and 22 headers in the last 10.00s (22 transactions; 19 UTXO-validated blocks; 1.36 parents; 1.36 mergeset; 1.00 TPB; 0.0 mass)
2026-08-09 22:01:20.315+09:00 [INFO ] [ibd-perf] 22 hdrs avg: validate(A,parallelizable) 137.0us | commit(serial) 262.5us [add_block 13.3 + db.write 119.7; held-lock 222.7] | f_serial=0.657 f_reach=0.033 | parallelize-ceiling 1.52x
2026-08-09 22:01:21.165+09:00 [INFO ] Accepted 6 blocks ...b3e7660262528e8f9ab8ed836c4f86e6bb32934367d896a84b817840380841f42e2ca275f41a6dfcd08008b6c50d78ddd439820e425342e09abdc35fdbab7630 via relay
2026-08-09 22:01:22.386+09:00 [INFO ] Accepted block 790867102b0e942ba6cd261c01f5a0169dc01e8b8f02c02ee45df54073322b2383aa87bd60dca6364f08ac3ab3e45e0d43978dad3f4e162712ffa803ce0190b1 via relay
2026-08-09 22:01:23.436+09:00 [INFO ] Accepted 3 blocks ...2deafb296d5e6b11b0cd9176894390a7d2e27de63d517cc6c6e3fad054fc6eaa361e13cea62fccb425f0ec3aa64ce5326fe9e0a8094f9cab2f1df0a825d64991 via relay
2026-08-09 22:01:24.616+09:00 [INFO ] Accepted 3 blocks ...8257eb562e0ff2001ff5705d5c1afaaab6f35d44e245bf9d2483bd5e473cd5e03e71f6835ce62107a153344910844ffc4fe689283e1eb3fa35caf071f10e2c4e via relay
2026-08-09 22:01:26.038+09:00 [INFO ] Accepted 2 blocks ...0577334f3595ca4143c31bd635417e25f0246f70c6151f2d5840f69287252d39d8f4f0b63a38bd5f39d61c69a84d9a56845c46e2a4dc29c21e254109fc72fbb4 via relay
2026-08-09 22:01:27.655+09:00 [INFO ] Accepted 2 blocks ...7ec1237239a425d3f3e3b0f033ef511df761f63af6b039ab9d160929e0e698ffc7a206291347779d1e6a61c96f61f9ac0634a578708c8f8f40e6aa5547507a35 via relay
2026-08-09 22:01:28.802+09:00 [INFO ] Accepted 3 blocks ...b43a0b033ab6f841adeb1ddc65faf01c5176efd91b9cce9397b652a9dbbb0ea6339910a0a04f896f61f94bf114168b67d22331933aa39e31eb77337950094dc6 via relay
2026-08-09 22:01:30.022+09:00 [INFO ] Accepted 4 blocks ...28257087b820f4e56283a9c694ddc51945492d92e2d937ab869dc35f86c36c593282de82c706bf2a86153f0fbc7ceccf638e5c493322c1152a631caf758e424e via relay
2026-08-09 22:01:30.299+09:00 [INFO ] [validator-service] heartbeat: mode=active sink_daa=281 bond=unconfigured active_set=[epoch=2 is_active_validator=false (active_validators=0)] dns_overlay=configured (stage=Bootstrap, dns_confirmed=false)
2026-08-09 22:01:30.317+09:00 [INFO ] Processed 24 blocks and 24 headers in the last 10.00s (24 transactions; 21 UTXO-validated blocks; 1.33 parents; 1.33 mergeset; 1.00 TPB; 0.0 mass)
2026-08-09 22:01:30.317+09:00 [INFO ] [ibd-perf] 24 hdrs avg: validate(A,parallelizable) 160.4us | commit(serial) 282.1us [add_block 20.2 + db.write 134.7; held-lock 246.0] | f_serial=0.637 f_reach=0.046 | parallelize-ceiling 1.57x
2026-08-09 22:01:31.067+09:00 [INFO ] Accepted block c86489249e9fd3fb247ff3cffd3e12cb79fde3bd92213a800190f82a94aa18d6459318c61040a3b02fe26ec459b7b73e00f39683fc09882631bd0039e247f368 via relay
2026-08-09 22:01:32.540+09:00 [INFO ] Accepted 2 blocks ...d9e16eadcdf3e0041cbe4a4b944d6b4edae5271f164a336d55eb05b0cf809265f1fe01c14908166a378f20d586fb1f0d1e021b054966811438bbe7329a6a8731 via relay
2026-08-09 22:01:34.368+09:00 [INFO ] Accepted 5 blocks ...c662af8b9691855b21e3661b67fd2e5f6a7ad867e47c846e0603a1e0272dfbc1c62f72a26bcb6f1f7f7c06a4decacabb15d4d8674a8b632d6aa686ffe385e6b6 via relay
2026-08-09 22:01:35.524+09:00 [INFO ] Accepted 3 blocks ...505575a1dda165f10979ec28845807fe2b5ecf420e27fa88c67c5d1d7a9377a0853763ff280da7441322aeb4226309f4a41d4a67a8df4348e8a20f435ecf1e0b via relay
2026-08-09 22:01:38.252+09:00 [INFO ] Accepted 4 blocks ...cfe3d9f8f79bd6cb6deac97216bf4bb9e7774deec5925fb19bf77ae196541d18271a31316399a37b5144e25d436a16dab1c34304634fed4c144a3f22a56442a9 via relay
2026-08-09 22:01:39.338+09:00 [INFO ] EVM lane KPI (O9): 256 chain blocks, avg mergeset 1.30, avg accepted-gas utilization 0.00%, 0 deposit-claims applied (cumulative)
2026-08-09 22:01:39.670+09:00 [INFO ] Accepted 3 blocks ...7a71fa2ed39ed8145b08f273cec2e9351cfc59230e66314ca616d95e0e696e340b85b5d896d6b0f88b3d983e223b19b84c705731cce6ccab492ad9ae84c0a503 via relay
2026-08-09 22:01:39.777+09:00 [INFO ] [vlt-shadow] sink_daa=299 0 validator(s) with credit; 0/2 epoch(s) would reach quorum; newest epoch Some(1): W(E)=0 signed=0 snapshot_root=ae1f1bb5a2266ca12350a781a3f7c60e896eae9f87b9f60d5c479ff132b9dd5d3438dd9f85f932386b2ecfa36d6fca90c1f7f0ea8c044fde89dd1b1a85645ac9 — the weight fence is at 18446744073709551615
2026-08-09 22:01:39.777+09:00 [WARN ] [vlt-state] pre_shadow -> shadow at daa=299
2026-08-09 22:01:40.319+09:00 [INFO ] Processed 18 blocks and 18 headers in the last 10.00s (18 transactions; 18 UTXO-validated blocks; 1.06 parents; 1.06 mergeset; 1.00 TPB; 0.0 mass)
2026-08-09 22:01:40.319+09:00 [INFO ] [ibd-perf] 18 hdrs avg: validate(A,parallelizable) 105.7us | commit(serial) 199.6us [add_block 8.6 + db.write 98.0; held-lock 177.6] | f_serial=0.654 f_reach=0.028 | parallelize-ceiling 1.53x
2026-08-09 22:01:40.779+09:00 [INFO ] Accepted 4 blocks ...46345adad5aaf46bf346e25ca3a8946851d82bec944bff41dd91607ab16582f75d9377717e99c39dd161b32ff362cc6c2622abe61b988c91f291208234be088e via relay
2026-08-09 22:01:41.961+09:00 [INFO ] Accepted 3 blocks ...9a2d836c2e48fc35dc9a36a1e67fbe98a7f0d16955525019f06ee35c8abc481daf4cb446db38b101752143ae1fdf789d9971f3947f1e392e314e1cc760eeb62d via relay
2026-08-09 22:01:43.321+09:00 [INFO ] Accepted 2 blocks ...eeab5df0cc5a6bc82c16bb78b04bb84644ed0db19620c9777e932ba50b6043a7e778a4450741de92c62e7e724856cf2ce20d9197b42fe3de4799a620be0bfe12 via relay
2026-08-09 22:01:44.380+09:00 [INFO ] Accepted 2 blocks ...f633b45ebb08f86fc53ba0d653cc82e6d31f86491c63acb02a9137a3599e9f1103da86d41013ecf34b3114b68995f65784b600b9ae6f633b0d9011aeac4d05cd via relay
2026-08-09 22:01:45.795+09:00 [INFO ] Accepted 2 blocks ...77cb8d80c35deb27cc428559915ca03cbc848ef29f2ae29cbd1fab70970175024cc693a607fea199240f6bd56a900729fce554cd246e9887cadcbef2f79a42f2 via relay
2026-08-09 22:01:46.911+09:00 [INFO ] Accepted 4 blocks ...f58a7b4cb4185eafd867f42e9cd9a980287d37fc5ef6c084d52e78c361c6447a4f297d18c32af537b34593f9656394d9690c576b85add644e9e262f70e9587b6 via relay
2026-08-09 22:01:48.264+09:00 [INFO ] Accepted 2 blocks ...218d682fc7f041f42134bb322094c259cabcd7153d35a4d9f726040b7046e167935344c7c7a411ec66c11e049a5a56b161ff94cfbd140eaffae4598d0503d3ef via relay
2026-08-09 22:01:50.321+09:00 [INFO ] Processed 20 blocks and 20 headers in the last 10.00s (20 transactions; 20 UTXO-validated blocks; 1.00 parents; 1.00 mergeset; 1.00 TPB; 0.0 mass)
2026-08-09 22:01:50.321+09:00 [INFO ] [ibd-perf] 20 hdrs avg: validate(A,parallelizable) 91.7us | commit(serial) 200.9us [add_block 9.4 + db.write 101.1; held-lock 179.4] | f_serial=0.687 f_reach=0.032 | parallelize-ceiling 1.46x
2026-08-09 22:01:50.335+09:00 [INFO ] Accepted 2 blocks ...ccab89d1b673806f8a9c4af70f2940656d2f90531c1df7cf0d38316bb632af885cd990268af65155002b5c2e3d3ab2b2389651af6bb188d0293ebb5ea3f2964f via relay
2026-08-09 22:01:51.823+09:00 [INFO ] Accepted 3 blocks ...0e20400d760fd5b02dff19fe45bf2d86e6663f292f8b3cd6c510e95992f28405ff00cbcfcbb6f702556d8bacd202d6b63600c7054b771072dc3d0fde4039e0e0 via relay
2026-08-09 22:01:54.033+09:00 [INFO ] Accepted 3 blocks ...f574b47dde99e3783ffd777a20574c1669c21fae579614d774e08ef6d6810be29fab572c69591e3e1307de7fafd90411f58674178efd7d8d58118325605ae45f via relay
2026-08-09 22:01:55.717+09:00 [INFO ] Accepted 3 blocks ...00925856909e182739fca5cc64bd017d584c383cf7d11a515da8e28101b4fb7ef78c9fba1bd50b2335251da976e7fb9ca23a738fa2e9dcb816ddee131628ac88 via relay
2026-08-09 22:01:57.370+09:00 [INFO ] Accepted 6 blocks ...dae610cae77bf0bf01457e73bb285f93d6b0e3efb5296554773cb0bec51fcdb78d7178383dd058c0960c0894a69304a5325cde61874fbf5ff67c8a6acfc9f235 via relay
2026-08-09 22:01:58.382+09:00 [INFO ] Accepted 3 blocks ...ce35dad776e288ea73011516b0b3d180f9aa5a60a34e4a83dc3818174de7351a4462ee319a6cbbc7cb45cbbba4eaec19fa8d7c231aa2bc6f68e21147e8540746 via relay
2026-08-09 22:02:00.032+09:00 [INFO ] Accepted block a06101ffca41879eb47b7f7755e2b89649b6163c22a47135d538a9ed42d40c35f7d38e745df1c5a0d4725bb287e1e5409bc2264df611033dd373a42a6e9b1738 via relay
2026-08-09 22:02:00.301+09:00 [INFO ] [validator-service] heartbeat: mode=active sink_daa=338 bond=unconfigured active_set=[epoch=3 is_active_validator=false (active_validators=0)] dns_overlay=configured (stage=Bootstrap, dns_confirmed=false)
2026-08-09 22:02:00.324+09:00 [INFO ] Processed 19 blocks and 19 headers in the last 10.00s (19 transactions; 19 UTXO-validated blocks; 1.05 parents; 1.05 mergeset; 1.00 TPB; 0.0 mass)
2026-08-09 22:02:00.324+09:00 [INFO ] [ibd-perf] 19 hdrs avg: validate(A,parallelizable) 82.5us | commit(serial) 174.9us [add_block 7.8 + db.write 86.0; held-lock 155.1] | f_serial=0.680 f_reach=0.030 | parallelize-ceiling 1.47x
2026-08-09 22:02:01.336+09:00 [INFO ] Accepted 6 blocks ...de1d1900bef02d0145b3fb769680e90dce0b8c877ff223392eb7e93fda8693e166634eb3628565e7129c60cbc255d0b15121cd294af8ff2222d6974902da17db via relay
2026-08-09 22:02:02.502+09:00 [INFO ] Accepted 3 blocks ...9cf16eb3cf39b5d3a38e029694f56acd769e091207a648ad652e02b6ce44ad9c4b3cfe95caf085453efb366cb6c3f11a7ec84fabcd7998edff5e62716b24d457 via relay
2026-08-09 22:02:03.672+09:00 [INFO ] Accepted 4 blocks ...7930e06765b3e3488aadaa3822a544f9f9744f8a4877ffca0a94fd02b0edee492afdd8db700b23e87321a8de828064e61a9340ef599d492b3e9bb13fba4d77ba via relay
2026-08-09 22:02:05.133+09:00 [INFO ] Accepted 3 blocks ...3c37377178683a6bdcb7ce3209f402b257344e11e38b21b207f72ba3c10b7aa198a67ab1a2133ec80f07e22430736b870fd862780497cde556a80944d99842a4 via relay
2026-08-09 22:02:06.651+09:00 [INFO ] Accepted 2 blocks ...254e675f5b5a72defa2bdd7a49ec2038aa910bd64675f3b19d417291bff85e84d5ba9fe062f5948c313863ce47b8f6aa5ed99f2ca35cf1e073d903e102c1f445 via relay
2026-08-09 22:02:07.697+09:00 [INFO ] Accepted 2 blocks ...fb70663dd0958260299bff5bf7a131d2c0111af23332f3859e35f30c41f1ce575cbf4f55ba9a23e866dc8de7f5ee5c25a8271fb63f1b6e54f183eedfd78f9386 via relay
2026-08-09 22:02:10.325+09:00 [INFO ] Processed 25 blocks and 25 headers in the last 10.00s (25 transactions; 23 UTXO-validated blocks; 1.04 parents; 1.04 mergeset; 1.00 TPB; 0.0 mass)
2026-08-09 22:02:10.325+09:00 [INFO ] [ibd-perf] 25 hdrs avg: validate(A,parallelizable) 95.0us | commit(serial) 170.5us [add_block 8.5 + db.write 85.5; held-lock 152.0] | f_serial=0.642 f_reach=0.032 | parallelize-ceiling 1.56x
2026-08-09 22:02:10.436+09:00 [INFO ] Accepted 5 blocks ...048abbcb12b71ea8e8f9f2dc98be4254388b02793507ae92010358ef0b4f4188fbe50ea2d0ab36ccdf7c1cbca1e5b1e6879113e0bb59a3494cb92f9d9373ad2d via relay
2026-08-09 22:02:11.725+09:00 [INFO ] Accepted block 73c8785c81271309fabc0f764b54fa6ef0992f6f015ca84d6400e36887ce8bfd3ba21fa976a31e4fc5cf2c3af04505d3021b11a50cda6bb32e2fff308a11650c via relay
2026-08-09 22:02:13.020+09:00 [INFO ] Accepted 4 blocks ...702479fa59bde5aa24784c67017744adf72c3ec7e41cfab778d106ed27aa4d0cb176061d537f5b1e145e3a13e699e29cecde112dd5de6b8933ad7517dc419ff0 via relay
2026-08-09 22:02:15.401+09:00 [INFO ] Accepted 3 blocks ...1d7b51bd94fe47730a157e31d907eee22cfd17c182a7b82cef17e1434e7467a1cb3f527ea1360e8924329470f0ae925da088fb496ca03aed3f6acb05164f1ed8 via relay
2026-08-09 22:02:16.656+09:00 [INFO ] Accepted 5 blocks ...704b5e53cb9948852d44b3ca1aca9428d0dea9d3fb7c35d9a071e1eaf26047f98cf94e1587b95195b0d8869f6edaaf0b0279743b13bbf8a08501d958ebfb0517 via relay
2026-08-09 22:02:18.870+09:00 [INFO ] Accepted 3 blocks ...16c9c6534acc44e12b7d1e785b59908c15b73ad277b2159127fe34e1b68240fad9730dc290553381e97176c5057502ca4aa0abb6f5cbdcf94f8cba97ba4d36fc via relay
2026-08-09 22:02:20.291+09:00 [INFO ] Accepted 4 blocks ...a647a9d93954e7d8f0cf4f1334f097962373a73ba0c047016d48283a57538ff7395fe71cce063fe99565e73e72d8e9c73bb00ebfce13d75fac261406bd6f143b via relay
2026-08-09 22:02:20.327+09:00 [INFO ] Processed 20 blocks and 20 headers in the last 10.00s (20 transactions; 20 UTXO-validated blocks; 1.05 parents; 1.05 mergeset; 1.00 TPB; 0.0 mass)
2026-08-09 22:02:20.327+09:00 [INFO ] [ibd-perf] 20 hdrs avg: validate(A,parallelizable) 80.7us | commit(serial) 173.8us [add_block 8.3 + db.write 86.6; held-lock 152.4] | f_serial=0.683 f_reach=0.033 | parallelize-ceiling 1.46x
2026-08-09 22:02:21.345+09:00 [INFO ] Accepted 2 blocks ...5539c1553e3bce5931a7ecb2e48b21342918c9ffaac036aa0456b7add32b337cf85df5645f5023e1d99b5a68b70876420562baa1453aff8ad6c2554e325bbabd via relay
2026-08-09 22:02:22.610+09:00 [INFO ] Accepted 3 blocks ...2f1a5b324bab60d20687684511e90f3b9c6aebf1a226d02275f0e76801b207cf59bf88f6fb22aa1cc4fa0d9c892cf6a028849e5d099c83dd043948476c6da99e via relay
2026-08-09 22:02:23.958+09:00 [INFO ] Accepted 4 blocks ...72126d3d85c93fea4e59628f6a51fe8c72b05bb93166e6a7ff257b9cab40f2224bdfca71d285623d47f6051193eb603b6a423475e221cc8e982ee2e01029d401 via relay
2026-08-09 22:02:25.122+09:00 [INFO ] Accepted 2 blocks ...f84085eda80d4dea27c1391f5cfcd8dcd1002caee3265625a26bc7440ceff3c27ae0e25d3436ba868a48a3c3db094f0b0524b3a7f7466c61ad4cb6f36135b01d via relay
2026-08-09 22:02:26.149+09:00 [INFO ] Accepted 2 blocks ...ee0e715954ba58748e012bf772d4e53cd7484a3d8c098cc2e13fcd62791713acc9dd7c52b68227a8a830935137123b258f22df3d029872a5d123683836ebb407 via relay
2026-08-09 22:02:27.123+09:00 [INFO ] [vlt-shadow] sink_daa=399 0 validator(s) with credit; 0/3 epoch(s) would reach quorum; newest epoch Some(2): W(E)=0 signed=0 snapshot_root=ae00f286af0801391d07c997ebe6819d34249e70d2931667c733204defc9ceb13c888b82c6adac03acde9fa6dfbc47bc70418403c5149ff6baacce810f858257 — the weight fence is at 18446744073709551615
2026-08-09 22:02:27.533+09:00 [INFO ] Accepted 3 blocks ...f2ca7277a375bda43b7b45acedc308a22be376ae9556d7a3aafe8200170d3931176b687d2a7d62e661bc03d812484d5daadf1b7fa2f6627c9ad303ea98b45c14 via relay
2026-08-09 22:02:28.662+09:00 [INFO ] Accepted block f6db59e5267bec917b3c70ed6649cea186257822ce5b4912b4d0bb420391512c3f6b082d0893ab2d5226af7a525855b0eb77ac59c8e712063e13e13ba83061fd via relay
2026-08-09 22:02:30.303+09:00 [INFO ] [validator-service] heartbeat: mode=active sink_daa=402 bond=unconfigured active_set=[epoch=4 is_active_validator=false (active_validators=0)] dns_overlay=configured (stage=Bootstrap, dns_confirmed=false)
2026-08-09 22:02:30.329+09:00 [INFO ] Processed 19 blocks and 19 headers in the last 10.00s (19 transactions; 19 UTXO-validated blocks; 1.00 parents; 1.00 mergeset; 1.00 TPB; 0.0 mass)
2026-08-09 22:02:30.329+09:00 [INFO ] [ibd-perf] 19 hdrs avg: validate(A,parallelizable) 87.1us | commit(serial) 183.3us [add_block 8.5 + db.write 89.5; held-lock 162.3] | f_serial=0.678 f_reach=0.031 | parallelize-ceiling 1.48x
2026-08-09 22:02:30.829+09:00 [INFO ] Accepted 3 blocks ...41980a0c31a06a733e8da422f39a2b93d96260f5066ce7c8f83c800925cd7f794dda9c5e2340fcacfdbeb55bd87346cd321a736813ee9c111fb76d5a7bce6028 via relay
2026-08-09 22:02:31.860+09:00 [INFO ] Accepted 4 blocks ...325416c6b458b2244bef3075cd8a9d8a94e6a9d0ce7156edbc5af077d22feab0122a3684f7500196d416908fd247ef9a570c5a629a6c96a73d50d40f634558b7 via relay
2026-08-09 22:02:33.343+09:00 [INFO ] Accepted 6 blocks ...364e5f3672948e675724e0594ae5a6df3498881599110cb85bc7c4bce90e8404f0e8ca5fbf07043e88d3bcb766e8e5fd7c363626c6548ec84d6727eecf78f020 via relay
2026-08-09 22:02:34.429+09:00 [INFO ] Accepted 3 blocks ...9ca44c75c89fd7409ef9b66317422b1a23d00b82edf40036e36fe84b84ed10fb10699b4984352fd358411d643e1b5b39a06499edc19a82bfe37e5b248e90fb26 via relay
2026-08-09 22:02:35.960+09:00 [INFO ] Accepted block 9ae4e46e7a5b4a43b315617e0feccc8996e2616f560a364e78f0e68d5a66a7511a929aa25d05ee9113dcc95fa1cbc797a883f7ef344b2b3e5cd7f9c4b4640c91 via relay
2026-08-09 22:02:36.978+09:00 [INFO ] Accepted 3 blocks ...6155c2021678fa898c5f73cec1931cc2694bc4b92bca8a4abf79b514cb42f1d2da6fd1d640b47618b41b7f6c9efaa026ae58ef598d15c7fd2dd063be87676386 via relay
2026-08-09 22:02:38.254+09:00 [INFO ] Accepted 4 blocks ...e0d703ccc8112b687f5325c0fed7ab9bbb879b2613212756627bd03eccebd0e1e966fd8949d9c18d6bfde7646b80849cb7bfd0859551e9c800c1232eabea2a31 via relay
2026-08-09 22:02:39.644+09:00 [INFO ] Accepted 2 blocks ...bfaf817dd0e46c91f6990a2879709b4448b3cd1de68d973b40384bdba640794907bc447b88cdacd3d18f7a9e4034b9e5a77bede856725c02bc7c4a5261abeb81 via relay
2026-08-09 22:02:40.332+09:00 [INFO ] Processed 25 blocks and 25 headers in the last 10.00s (25 transactions; 22 UTXO-validated blocks; 1.12 parents; 1.12 mergeset; 1.00 TPB; 0.0 mass)
2026-08-09 22:02:40.332+09:00 [INFO ] [ibd-perf] 25 hdrs avg: validate(A,parallelizable) 94.9us | commit(serial) 182.9us [add_block 10.0 + db.write 88.6; held-lock 159.2] | f_serial=0.658 f_reach=0.036 | parallelize-ceiling 1.52x
2026-08-09 22:02:40.875+09:00 [INFO ] Accepted 2 blocks ...5db4e1a22a26413b58dba4a17b1d6b0e5276f2f823e8fa9873c4fb1938067b3f7961c7567b5f22e7af6d8cfa772996b79a88322a96b884b1630cd7aa60828328 via relay
2026-08-09 22:02:42.377+09:00 [INFO ] Accepted 4 blocks ...b6530b7a460e137e4d057744c65f0081e6883262de7fca45663df99b82573630de962e441420960972599b3274ea3350352227be55f7ad44cd9a219e04edecc4 via relay
2026-08-09 22:02:44.466+09:00 [INFO ] Accepted 8 blocks ...a14960c43f76c136244e64fe9373bcb6648a7dd401cd4b2752fa45206561e846de6fdda94e82f96b9e803811018b59a2802c04c1b97eaa85d0bb95f5717638fe via relay
2026-08-09 22:02:45.664+09:00 [INFO ] Accepted 3 blocks ...b82342145b9a1ae98b00e676b23789c43faec18099ec36dce490ecb9bbce78e155b3d5cee9859713f212c131eba76db16798c863d85c2fb8d66d55d56c7621a7 via relay
2026-08-09 22:02:46.717+09:00 [INFO ] Accepted 3 blocks ...18820ff39a71fc282b840178440debda811360b9c8844a0ae4d1376fa56b5f9e990de67a92bf037610e6a5e90e89524437ea7ee8ac960c2949340e937a4e5359 via relay
2026-08-09 22:02:47.761+09:00 [INFO ] Accepted 3 blocks ...5c170093689c6cb5ce20c6d875f24a34d233ef43aa6b8c79e09d989315960ffae3a14dd7b696265c80a8891d0eeef9f0ac37d25dda867d29471ae269fc4162b9 via relay
2026-08-09 22:02:48.799+09:00 [INFO ] Accepted 9 blocks ...318acc2bbde2a8dd08e35159ccb4f72650795eb6519ffc22d17a5b90bc6cfd5b537a0a77bee6fbc35572c15019e1feaa7296d6037a8a05063d32aae198cc6a8f via relay
2026-08-09 22:02:50.319+09:00 [INFO ] Accepted 2 blocks ...1a17ae595d3d70d544aef9edc01b1168e6663385cc2100231ea64759c382fa1f92549e82337b74d689c06b5489225b34a61fee764f5174f31ab851d2368aa4d5 via relay
2026-08-09 22:02:50.336+09:00 [INFO ] Processed 33 blocks and 33 headers in the last 10.00s (33 transactions; 33 UTXO-validated blocks; 1.00 parents; 1.00 mergeset; 1.00 TPB; 0.0 mass)
2026-08-09 22:02:50.336+09:00 [INFO ] [ibd-perf] 33 hdrs avg: validate(A,parallelizable) 85.0us | commit(serial) 182.9us [add_block 8.5 + db.write 92.0; held-lock 162.0] | f_serial=0.683 f_reach=0.032 | parallelize-ceiling 1.46x
2026-08-09 22:02:53.007+09:00 [INFO ] Accepted block 5945dd8ffb7ca0d0f94cdb993e8d550826853a0bbcb9e48c252a3c6f73b23301802ece191fc7f9f49e3d3933445e881f09b5b9039811d6553866d4e4955418b4 via relay
2026-08-09 22:02:54.768+09:00 [INFO ] Accepted 2 blocks ...337ea38c15c66ec89a763388ec66eea3f6e8d457e8b20b8a5387493df714293fb9bb8543a88f2f96d51ac525c24b9b17f138cbabe4ddb1462f1cd94422c2b86e via relay
2026-08-09 22:02:56.368+09:00 [INFO ] Accepted 3 blocks ...391d77385e93c2bcc06e65eb825c24077f1d05511e91e2a6f6849f9ee3e71cd5be91d88ab5c8896d285d491777d04e4559624c3a5a7d727f7ee0edcae8890415 via relay
2026-08-09 22:02:57.815+09:00 [INFO ] Accepted 3 blocks ...5727fe01503ef11a5b77c385673f91569d6fee819ff4d456c26d602448f78a03c03c94a01c4c2593531fc853bb3de8eeef1c29e99c1ae9d6294327dc0124c202 via relay
2026-08-09 22:02:59.840+09:00 [INFO ] Accepted 5 blocks ...0216055a0ee15d80e09963d555786cd48831e74d8a5edc93f2fb0800a63df878271464a289ed57100869732fb1bb41173c075c9b9e5260f473d0744ff00e196a via relay
2026-08-09 22:03:00.305+09:00 [INFO ] [validator-service] heartbeat: mode=active sink_daa=475 bond=unconfigured active_set=[epoch=4 is_active_validator=false (active_validators=0)] dns_overlay=configured (stage=Bootstrap, dns_confirmed=false)
2026-08-09 22:03:00.339+09:00 [INFO ] Processed 16 blocks and 16 headers in the last 10.00s (16 transactions; 14 UTXO-validated blocks; 1.12 parents; 1.12 mergeset; 1.00 TPB; 0.0 mass)
2026-08-09 22:03:00.339+09:00 [INFO ] [ibd-perf] 16 hdrs avg: validate(A,parallelizable) 79.7us | commit(serial) 185.9us [add_block 7.7 + db.write 103.0; held-lock 166.1] | f_serial=0.700 f_reach=0.029 | parallelize-ceiling 1.43x
2026-08-09 22:03:00.982+09:00 [INFO ] Accepted 6 blocks ...f2bbca793430fb405d03e8ca564cd7fcc3e4326ce2a087ff824b9526c959444f295c58c1b5564caad98d3ebb5b9539f85b867a7efcd7046fd6b2652e822b1c43 via relay
2026-08-09 22:03:02.089+09:00 [INFO ] Accepted 4 blocks ...93dcf64bb918f70e4a55b1cfee30c2d742bb6705e32a2cddca990ac04dc87e3e8761ca7abebe8387b3595cb28b8d7e6ac1258c24347c2b961fd4e192dc3ad4f8 via relay
2026-08-09 22:03:04.192+09:00 [INFO ] Accepted 4 blocks ...dc2eaddec6252977d2cc779d5cacfe44bfb1f54a4b2c81fe9d8d939bd767eb006d6bbad5eccdbbf591edce3ffa28716d89247ec347ba0a7d33ba364c859d0163 via relay
2026-08-09 22:03:05.299+09:00 [INFO ] Accepted 4 blocks ...7262654160cf7464363981c6e4f5560c237bfc2af15c7e7a61b7f9cc14c2ea7e159472f26031a82307511abdf53d3b8a68ff28dce760c9883fbf6a9163a6cd68 via relay
2026-08-09 22:03:06.444+09:00 [INFO ] Accepted 2 blocks ...731b784d05b9aa68cfda6a96cf50690b68b2c841b2b7fdbc899931e2fe8f10ac64150a0a2d566970f8d42b45cb1b02ed785eab72afcd8758f96a4a163abefacd via relay
2026-08-09 22:03:09.234+09:00 [INFO ] Accepted 2 blocks ...7f41c45a6f3b8da000a6a7a9713f9aa7dd3ac7146974db1af4805827deec3a85dff70b00caf26652bb784f3994702c34f74993abe241c63841d3d4a40f47be8b via relay
2026-08-09 22:03:10.342+09:00 [INFO ] Processed 21 blocks and 21 headers in the last 10.00s (21 transactions; 21 UTXO-validated blocks; 1.00 parents; 1.00 mergeset; 1.00 TPB; 0.0 mass)
2026-08-09 22:03:10.342+09:00 [INFO ] [ibd-perf] 21 hdrs avg: validate(A,parallelizable) 84.6us | commit(serial) 171.1us [add_block 8.2 + db.write 88.2; held-lock 149.0] | f_serial=0.669 f_reach=0.032 | parallelize-ceiling 1.49x
2026-08-09 22:03:10.426+09:00 [INFO ] Accepted block 1c929fa65691964d22b4e5756fc19ba1bf3c26bf3f7ee34d3382e6e4c6614a391d7ef662450d2504d177481402e3b07c3a742531de959319acec607fda7b16ff via relay
2026-08-09 22:03:11.673+09:00 [INFO ] [vlt-shadow] sink_daa=499 0 validator(s) with credit; 0/4 epoch(s) would reach quorum; newest epoch Some(3): W(E)=0 signed=0 snapshot_root=9ac3aeb832c1babdbee59afceb220765d566847ff202cf2c278a08ca3bc0c4a03b4e9441ecef098a79603e1d5685df33200a2d0520a6b20d764bbd66d9e4a35e — the weight fence is at 18446744073709551615
2026-08-09 22:03:12.242+09:00 [INFO ] Accepted 4 blocks ...d56d9456a4d73e5d9b9ca0e607e44cfa321942481275877ce984f5f3115ff79f4de17660ba153f4c464f6abe04f1056239450d5b357a428fa295ee5cac32ce12 via relay
2026-08-09 22:03:13.262+09:00 [INFO ] Accepted 3 blocks ...ae82f570618204e89565ee589cb8a2bcd33568a2e583d23fa3d413b484af19826c445b4ab5780794959cb85aeeab2035e82cda991e329b405c90585c1b87a6f9 via relay
2026-08-09 22:03:15.018+09:00 [INFO ] Accepted 2 blocks ...4a94af77735b9e2ae714ea0e967119cb4b797f50ca71159dc6af7568e5ff6ae00530b30f13afef67137361796d913852e8f94539bd8ea806b4cb9b4eb3be24f4 via relay
2026-08-09 22:03:16.220+09:00 [INFO ] Accepted 5 blocks ...89719caccbadb6416caf81dce8a2979423720b4b314de3f01b63321fe2719ee53b235e965059f998e9a6f6fe6b8fbf8dbb5cfd6bcc1414b564729ac414ec743e via relay
2026-08-09 22:03:17.484+09:00 [INFO ] Accepted 4 blocks ...676880994b5cd4dc4c9cf1625ea3b8b8eaa08ba580064ec52cb5809df8d5842469ed1820aeca8836cab7c74a134745ed738e04ce902cb93b976cfe55c9d0c061 via relay
2026-08-09 22:03:19.348+09:00 [INFO ] Accepted 4 blocks ...72e6f73336f0b2fc5982ffdd0f1e3b59ae8040bd3bed1017d2b8f5b5f6dc6fbdfb1025a4b433891727f98e1aa05300c9a00feb53fbfb0d8672915c64d73799c6 via relay
2026-08-09 22:03:20.343+09:00 [INFO ] Processed 22 blocks and 22 headers in the last 10.00s (22 transactions; 22 UTXO-validated blocks; 1.00 parents; 1.00 mergeset; 1.00 TPB; 0.0 mass)
2026-08-09 22:03:20.343+09:00 [INFO ] [ibd-perf] 22 hdrs avg: validate(A,parallelizable) 90.8us | commit(serial) 173.1us [add_block 7.7 + db.write 89.7; held-lock 153.4] | f_serial=0.656 f_reach=0.029 | parallelize-ceiling 1.52x
2026-08-09 22:03:21.557+09:00 [INFO ] Accepted 2 blocks ...fb4a2baebbf61cc9d427fdaddabb26a84b24c49c3dcb66bcf87a48491325a2fc33fb546db2275b65bd8d97ff43ec92a4a2995f57bde1bb0355c6655613b622d5 via relay
2026-08-09 22:03:22.560+09:00 [INFO ] Accepted block 4911754859be85387d2009d1d7de16c3d1a2063f53e72695f02683e54eb82dee11572b3ff2406bf43156bdf28b35158e2f869cabcca8172400f82d8907cc3c48 via relay
2026-08-09 22:03:24.061+09:00 [INFO ] Accepted 5 blocks ...1e345406767f70729bc25b5af58281f8aebcc9217332a340b57a51cfc3dfcf7201509cc5844e4756af2cd50d1c7169eb913a21096aecf8bcbfde08e97f67f5f5 via relay
2026-08-09 22:03:26.372+09:00 [INFO ] Accepted 2 blocks ...614a61666f3a1923babf216c14bbf4c4b9c3bb0ac26be11ffa24b02e7125feabdc992c439fa09af11cb38e1565ee01de3cded203c8228695c82458ae35f20bc3 via relay
2026-08-09 22:03:27.559+09:00 [INFO ] Accepted 4 blocks ...3a6961557093255f3dda192d5d5ceae9602f4fc910edcca3376fc508487389cd99305526c6f7c4e5ef59225780b405289d5fe45d0febe0d624b1c3434861bc41 via relay
2026-08-09 22:03:29.031+09:00 [INFO ] Accepted 3 blocks ...9c42c20e1c3c12ab9d2d98a66f0774dab633706ecf4661b52c0cb8525ec889cecb9ca719ffece2d9d8766bc11f1c187fe4dae90bcf0b434169f560050d829ef8 via relay
2026-08-09 22:03:30.161+09:00 [INFO ] Accepted block f194f88035ddecdf135d3b5732c903d1e1844ea42a3d1253e3830e0cca260f05ead4f1551c193743ac0e0505003b996980079098b560db23148ca780f429b50a via relay
2026-08-09 22:03:30.308+09:00 [INFO ] [validator-service] heartbeat: mode=active sink_daa=537 bond=unconfigured active_set=[epoch=5 is_active_validator=false (active_validators=0)] dns_overlay=configured (stage=Bootstrap, dns_confirmed=false)
2026-08-09 22:03:30.346+09:00 [INFO ] Processed 18 blocks and 18 headers in the last 10.00s (18 transactions; 18 UTXO-validated blocks; 1.00 parents; 1.00 mergeset; 1.00 TPB; 0.0 mass)
2026-08-09 22:03:30.346+09:00 [INFO ] [ibd-perf] 18 hdrs avg: validate(A,parallelizable) 87.8us | commit(serial) 181.3us [add_block 8.7 + db.write 94.4; held-lock 160.0] | f_serial=0.674 f_reach=0.032 | parallelize-ceiling 1.48x
2026-08-09 22:03:32.088+09:00 [INFO ] Accepted 4 blocks ...0b611b47e3921521b698c86fe2e7950f823eb692f1af60f6a51fe6a76553b9905b64b686fd3c3ab96ac39a14c8bff6b9faac89e91d5f441865151d24ffe204e5 via relay
2026-08-09 22:03:33.155+09:00 [INFO ] Accepted 2 blocks ...326a38447be901ecd8773887a811a733b635b7a6a99a942bd7ee77032424bdefb57c5b506d52971c84ab23c7c31a7f13946e4fb7861c151b953f9d723708d746 via relay
2026-08-09 22:03:34.281+09:00 [INFO ] Accepted 4 blocks ...c1cf6a7035fe7ca50dc9b8e2142fa4bc1d7956fcdd9575673520705186d50baf5d5cae82a4264336ce0554a0abf9cd8a5be304c2e0fba929ce0302aee9c62cf6 via relay
2026-08-09 22:03:36.005+09:00 [INFO ] Accepted 5 blocks ...702f284b1eab6e00b0f6f617b5b9c1723ff380634afd783d528912855657428f67d70d30e2d327049667ab546198fcd0a05b656c268a6e1cae134dab1290bcbb via relay
2026-08-09 22:03:37.269+09:00 [INFO ] Accepted 3 blocks ...4e75122856ba2b9882a39ae53a60ae0951464955c0b3dcaeee04be57c52bb0f3951dc5eb25daba25b4bfe06eedcd2b4c0e6ff5e3500ec8f803b574f0677cd60c via relay
2026-08-09 22:03:38.887+09:00 [INFO ] EVM lane KPI (O9): 512 chain blocks, avg mergeset 1.17, avg accepted-gas utilization 0.00%, 0 deposit-claims applied (cumulative)
2026-08-09 22:03:39.009+09:00 [INFO ] Accepted 6 blocks ...f0130abadbaddcda57347fec2cb1a509c9c1efee1082ef793f1bfac5a5c98f0400b9bc0028de10d2646dcdb630aac71ae34bf91a8ce7950673272b84838f94aa via relay
2026-08-09 22:03:40.348+09:00 [INFO ] Processed 27 blocks and 27 headers in the last 10.00s (27 transactions; 27 UTXO-validated blocks; 1.00 parents; 1.00 mergeset; 1.00 TPB; 0.0 mass)
2026-08-09 22:03:40.348+09:00 [INFO ] [ibd-perf] 27 hdrs avg: validate(A,parallelizable) 91.8us | commit(serial) 230.9us [add_block 9.7 + db.write 129.8; held-lock 207.8] | f_serial=0.715 f_reach=0.030 | parallelize-ceiling 1.40x
2026-08-09 22:03:40.503+09:00 [INFO ] Accepted 5 blocks ...b22fee1280f2d49da6ba73b0cfd9ca54e467872e8b08f9b9b43f5174342e570dc2d5094bb44f1f130e6fabd8c1725370c84649eed3a3aefd431ca88ca7769e85 via relay
2026-08-09 22:03:42.001+09:00 [INFO ] Accepted 2 blocks ...9583652152798114c987bdbea18fdf73577439cda428ba12c315f0492f4433035e315b98c81c52adb4b1372fcad7757bd4330355471545e4a1a419dcb6f9d638 via relay
2026-08-09 22:03:43.182+09:00 [INFO ] Accepted 6 blocks ...bc6350e5aa0833a7707123cc1a5cc9dee3afbe94ff5096e7f86a6177d31574b25cf47a72775faf7674ae1a977e7b69c9f0e6f3b99b83b95ec80aebfe68c2d725 via relay
2026-08-09 22:03:44.203+09:00 [INFO ] Accepted 3 blocks ...54a72d1fa8e1b948c7b2d58fca24df6732dcec5bf972397e9e716fc7c0ae2d8d58ad8768a98acbb6cac40cf3f33e4e6638ec98b71b331ddff4992b5061e29063 via relay
2026-08-09 22:03:45.288+09:00 [INFO ] Accepted 5 blocks ...c62020279d91f42c75f765f1f2a1aeadacdf67949cfe59ca9c255398a19454d61a2defb7d047de0cef77c4140e44864d402dcf6c37aa8853b589c4fbf531e81e via relay
2026-08-09 22:03:46.332+09:00 [INFO ] Accepted 3 blocks ...6db2d14bb4af34036d3d2d5b3267101b45130caf63767f44e2ac62f722f6686be71a73230a969e321ed73260b30fcdba3d810429709043b3fbb9f53a41a13b7b via relay
2026-08-09 22:03:47.611+09:00 [INFO ] Accepted 3 blocks ...a5a7f6ad63fb2afa12ac51ac85d7c392d4fdb16a71e3801298a7db391e0c2c06ec8358d27d4872983a4d864cfa6684376a2ec2d000c396e71d3b8c755db8314d via relay
2026-08-09 22:03:48.826+09:00 [INFO ] Accepted 4 blocks ...514bab8beb0433a8db1474e98ab92e48843580b57033f9b7d344557511cea8930166f432e3d49c7672a79f2a946c69fcdd1be4782c7dac954d7e0898b8566307 via relay
2026-08-09 22:03:50.044+09:00 [INFO ] Accepted 2 blocks ...3e2e90eee142e84f8ca59e3ab62c7aeb13aee63d3586a4e385be616ebd76709f5faaf330b0157e14c9c6e5e3f4b5866f66425ed5664c288fe369b8ddd582a396 via relay
2026-08-09 22:03:50.351+09:00 [INFO ] Processed 30 blocks and 30 headers in the last 10.00s (30 transactions; 30 UTXO-validated blocks; 1.00 parents; 1.00 mergeset; 1.00 TPB; 0.0 mass)
2026-08-09 22:03:50.351+09:00 [INFO ] [ibd-perf] 30 hdrs avg: validate(A,parallelizable) 83.2us | commit(serial) 181.7us [add_block 7.8 + db.write 96.4; held-lock 160.4] | f_serial=0.686 f_reach=0.030 | parallelize-ceiling 1.46x
2026-08-09 22:03:51.743+09:00 [INFO ] [vlt-shadow] sink_daa=599 0 validator(s) with credit; 0/5 epoch(s) would reach quorum; newest epoch Some(4): W(E)=0 signed=0 snapshot_root=28422f66f0e6ba698185ef1297df418c8d562370902059422f3d01207dc87fbd8e7996b1beb419c02817aee61f53a05ec9cac016cadde5cff67ec82e1cafa8c5 — the weight fence is at 18446744073709551615
2026-08-09 22:03:52.041+09:00 [INFO ] Accepted 6 blocks ...26bb7cf31407f02ae9dfd1f33c05ed74da34d295fbb6c7a845cfe3e2d4fc72c21b6f1ad8673eef734a4ad7983f64e65b0c4a822edb7b1e9d9a573fd1a3ed8762 via relay
2026-08-09 22:03:53.619+09:00 [INFO ] Accepted 2 blocks ...0379aacd38017539a289173a32fa98d9ce14a25170b9614dc4972864c18178e3ce4540f6b5b81a243241569329764f5dc620d09612bf49ab7791e19f95040119 via relay
2026-08-09 22:03:55.011+09:00 [INFO ] Accepted 5 blocks ...a2d6aede6efb0e751c8028b73aeff598b26558bf3ffafaf3b5fa3c9a508fa88fbe75aed997a609d716bda92e493150d168d1f179f894a30193cb95d5d486d47f via relay
2026-08-09 22:03:56.168+09:00 [INFO ] Accepted 3 blocks ...06b11a32d7d787e14689194ee3e4320773eb0da58f583c12a6ae9a0e568ab356cf629c437908a3b002f1cf10e1df914f60a87085e567d57c0c670c41887cc651 via relay
2026-08-09 22:03:57.512+09:00 [INFO ] Accepted 3 blocks ...40021f85bc02cfe671e95ba57e2ac4327d918d203afe267aa677f584ee8263e85ab454eec01051351c0cc6e66aa4e0b3b322d03555a1adb506d580752483838a via relay
2026-08-09 22:03:58.633+09:00 [INFO ] Accepted block 66e334d76756571bef2547bcd3a0022f97266928e589d90a7c093315a484173847baed6253ab4d2c3a358875d2b701b105ac4e7f811db282b9d3ec99154bf882 via relay
2026-08-09 22:03:59.660+09:00 [INFO ] Accepted 4 blocks ...1c1c7bf8ae9489c653ecc0f8be75064f23e816dc8a9cbd89da9558a7a9a73d4c4a42528908dc649eee5b6b522e30ec0bb6e19ae3cb42a4c20e880b2e7e320ee4 via relay
2026-08-09 22:04:00.308+09:00 [INFO ] [validator-service] heartbeat: mode=active sink_daa=620 bond=unconfigured active_set=[epoch=6 is_active_validator=false (active_validators=0)] dns_overlay=configured (stage=Bootstrap, dns_confirmed=false)
2026-08-09 22:04:00.354+09:00 [INFO ] Processed 26 blocks and 26 headers in the last 10.00s (26 transactions; 26 UTXO-validated blocks; 1.00 parents; 1.00 mergeset; 1.00 TPB; 0.0 mass)
2026-08-09 22:04:00.354+09:00 [INFO ] [ibd-perf] 26 hdrs avg: validate(A,parallelizable) 83.6us | commit(serial) 191.7us [add_block 8.1 + db.write 107.0; held-lock 170.5] | f_serial=0.696 f_reach=0.030 | parallelize-ceiling 1.44x
2026-08-09 22:04:01.048+09:00 [INFO ] Accepted 4 blocks ...da09970ef5b0ee030cf182ea6cd1f5c71fc3684fc0842033ecec430ba68f548e1449bcbe136fa6e4e8e09c25e686e0e4d7957a1ebbac6cf54261d5c7f091a2dc via relay
2026-08-09 22:04:02.061+09:00 [INFO ] Accepted 5 blocks ...94e4ae728a079aef18a9e873047e6c68f89113ebaa4c686c5e972b2710c87a6fc3d97fd005f9d37a4a89909d3e5abc0689c092858646dbfdd1481511ba70814c via relay
2026-08-09 22:04:03.430+09:00 [INFO ] Accepted 2 blocks ...ebf1d53c43331b31ea2c7cbea125d2f492e8a173327522504982a11dcc766c19ef0688a28ccaacc1aa457da321c31b345d1890530030da21eea90f00e1609a02 via relay
2026-08-09 22:04:04.692+09:00 [INFO ] Accepted 3 blocks ...5bf5eee702b3d0ca2245bbe0d2c688143f9ed88960ef2df5ebfb7e371d0903edf8d7a66c466feb890da457f5d0059fe05a01c0a92062cfe54889b823091afe3b via relay
2026-08-09 22:04:05.766+09:00 [INFO ] Accepted 3 blocks ...efff751dbbd40739b73153e7f6cdc80a71fa91af9f13080d6dcfd1d75d5738f96c546cd7a2d98fca25d1bcdd57b4773633da4d10868b0591dbdb4375f64b712b via relay
2026-08-09 22:04:06.844+09:00 [INFO ] Accepted 3 blocks ...1a4cc961b3ee967aa0dd296c42357d9ad96e920d7c69acceef424cc4c16e10c6c5fcb5335451ed440f50c64c4520e3256aabd1d72e2ee83a41e3f74288b6bee6 via relay
2026-08-09 22:04:08.197+09:00 [INFO ] Accepted 6 blocks ...b308b1864838cbbf8d70b941bac614c9d6aed90144f283c157af4df7b61f7fe0e186dd1d7ff73e3d9920cefb756593b074bdd433547534b9800324c7fc6c81f9 via relay
2026-08-09 22:04:09.780+09:00 [INFO ] Accepted 2 blocks ...37b0c8e2a395f3754eb4bb3a7ef3ff25a9586f657e40573fff97fb48e5c3e944c8866e4712267bfbdf48aee2e87f8f140e398097edfdb49da55638e4e662b31d via relay
2026-08-09 22:04:10.357+09:00 [INFO ] Processed 27 blocks and 27 headers in the last 10.00s (27 transactions; 27 UTXO-validated blocks; 1.00 parents; 1.00 mergeset; 1.00 TPB; 0.0 mass)
2026-08-09 22:04:10.357+09:00 [INFO ] [ibd-perf] 27 hdrs avg: validate(A,parallelizable) 85.6us | commit(serial) 191.9us [add_block 8.6 + db.write 105.6; held-lock 170.9] | f_serial=0.692 f_reach=0.031 | parallelize-ceiling 1.45x
2026-08-09 22:04:10.980+09:00 [INFO ] Accepted block aa54089edd909a424f90d95f37cdc413a868823e5dec487c7cc902928c820f1a30a4aef87ba1cc9f3a3e1d13595a156dd3e29ee4371970be5ef1a8b9d87afbee via relay
2026-08-09 22:04:12.123+09:00 [INFO ] Accepted 7 blocks ...3d16b800cae839e67034edf4dc8935bec7848269b92681c6d63d9c648cadb44b4b64718feb0b179f045614ff9dd510f9306669bd9d20fab79059b4b1194ccfc3 via relay
2026-08-09 22:04:13.236+09:00 [INFO ] Accepted 4 blocks ...884e653afcb77561bc2f6c557634b484497f0977900299d56c8bdc8f0c198a8119c73ca4145d2b3570e090b938b1aefd310b84cb55babd5134b07aa859fd74ee via relay
2026-08-09 22:04:14.990+09:00 [INFO ] Accepted 3 blocks ...df11ca0a1335b6f7185ede758ad5468b470d12a07b29139dc0c4f06c5675c0b93e8ab9fdf0620d6b19d10ba37966f620ea2014bdd8ff99e90de9266d64ce77d7 via relay
2026-08-09 22:04:16.056+09:00 [INFO ] Accepted block 12ae86aa8de7dd6c581b6def45d7ba44c0ac01e50307af59f56450034f43eec90fde9682e7f8669a3ef32821173375e1feaa421057ee4e610dc03074beda3166 via relay
2026-08-09 22:04:17.228+09:00 [INFO ] Accepted 5 blocks ...1e86aa7a8e9fb94d6a7640ca2ef9b930a1b505befb626e3bfcf1c1ebd907d7f5d0876c648bd8df3c9f589b9250c39b2e1d94e53877df6d14f56aad79487b7733 via relay
2026-08-09 22:04:18.389+09:00 [INFO ] Accepted 2 blocks ...b86d8d074f969ad13f7274b714738d12dec5472bd9ece4b4823720a9a3384ffdc13ba9e730dc47d40940d588832e322af07dd57b64f700a85d14678984d85411 via relay
2026-08-09 22:04:20.360+09:00 [INFO ] Processed 24 blocks and 24 headers in the last 10.00s (24 transactions; 24 UTXO-validated blocks; 1.00 parents; 1.00 mergeset; 1.00 TPB; 0.0 mass)
2026-08-09 22:04:20.360+09:00 [INFO ] [ibd-perf] 24 hdrs avg: validate(A,parallelizable) 84.2us | commit(serial) 199.2us [add_block 8.8 + db.write 112.1; held-lock 177.4] | f_serial=0.703 f_reach=0.031 | parallelize-ceiling 1.42x
2026-08-09 22:04:20.483+09:00 [INFO ] Accepted 3 blocks ...7c79a3413736818eef9fd56a858f9f1de46359523f6d663e1ca16f2d1d3363311305259be489e655ffb5b498fdceef1884fb0fad74d4a744e886dc5ab3031f78 via relay
2026-08-09 22:04:21.486+09:00 [INFO ] Accepted 4 blocks ...202558917b5cfdfc5391a85d6d85f0b360fd900a7ba7b0d800cec9545d811ff2d40af40029153f12dfe83e04d8ceaee62254ce824694abfdbd23dad6ca3a7500 via relay
2026-08-09 22:04:22.536+09:00 [INFO ] Accepted 2 blocks ...081cd24024035d182011d0a29bc8d215519ba5a79d1923b57e26cc50e9637be9b5009b25f686249f0b3b48edf2fd9a9a88cd1008b2901a1a8e9f1087dfb7a572 via relay
2026-08-09 22:04:24.410+09:00 [INFO ] Accepted 3 blocks ...4b2aae9e0b2cae2c7bfb4afb835aca2e995a1de133320fbd8380b463e9f256218a98b4f8d787bb81b923b2f158012b9074d7a4d83d48fc12d4fb24d7f6399edb via relay
2026-08-09 22:04:25.589+09:00 [INFO ] Accepted 4 blocks ...e7355558ad76d1660fd7bfe24c8c93ecbc8de59e258ec4a171cdebac67e393a6b3914064de468b66bef56db44f42fd1e564d25c9b9053b442c4fe13777027f3d via relay
2026-08-09 22:04:26.963+09:00 [INFO ] Accepted 3 blocks ...8fdefa8a429893e9c74024cd8c4fd5e9ebc001e9dfdbc6acedc93e5138d1ce4dfe1213b4cecbcbadde71aa4728410bfe58f38e0c914ca54bd623e1234a816fb8 via relay
2026-08-09 22:04:28.519+09:00 [INFO ] Accepted 5 blocks ...3aca551c518588b54347117c6ea7b5d02f702689d92a461d2d7321635f7b5f85fb141a681df61d88de91f1b411742c4bce2686cd159d7ca8afcbc8a632f40c01 via relay
2026-08-09 22:04:30.029+09:00 [INFO ] Accepted block 58b2afa9fb1bec035d9b2898645c8f7aeeb1fc6608ed3ac1aa6716710e1ec35fd7bc2970c306cad7a2786b2899403c7e8838b0b04a6f6f25c7fb051e75680dd1 via relay
2026-08-09 22:04:30.310+09:00 [INFO ] [validator-service] heartbeat: mode=active sink_daa=694 bond=unconfigured active_set=[epoch=6 is_active_validator=false (active_validators=0)] dns_overlay=configured (stage=Bootstrap, dns_confirmed=false)
2026-08-09 22:04:30.361+09:00 [INFO ] Processed 24 blocks and 24 headers in the last 10.00s (24 transactions; 23 UTXO-validated blocks; 1.12 parents; 1.12 mergeset; 1.00 TPB; 0.0 mass)
2026-08-09 22:04:30.361+09:00 [INFO ] [ibd-perf] 24 hdrs avg: validate(A,parallelizable) 93.2us | commit(serial) 151.8us [add_block 9.8 + db.write 62.8; held-lock 129.8] | f_serial=0.620 f_reach=0.040 | parallelize-ceiling 1.61x
2026-08-09 22:04:31.362+09:00 [INFO ] Accepted 2 blocks ...1d2c2c47fa02b848a517a4992c8275195af1da06faa20644539eeb0de6e4f3a83da135cf126313cee5b24383d4bc82250e8217e73d7bd57d047d6e2d1695e113 via relay
2026-08-09 22:04:31.708+09:00 [INFO ] [vlt-shadow] sink_daa=699 0 validator(s) with credit; 0/6 epoch(s) would reach quorum; newest epoch Some(5): W(E)=0 signed=0 snapshot_root=cb4b5cbd7518d6422f26aad2753cf457ba2c6ef2ec1fc924414cedb1dbe9f50039f551d4d811899804ae5e6d806775c3f7a916560b3a0ff1430b8f9acd37deba — the weight fence is at 18446744073709551615
2026-08-09 22:04:32.423+09:00 [INFO ] Accepted 3 blocks ...4c203332c9afde4071ef56fec5f20ffc4a1f246aca82addc0040bd48d899e976cf1d378396184b2df7a5a10dd77cd74d56caa277464652df9584d3ed624f6116 via relay
2026-08-09 22:04:33.982+09:00 [INFO ] Accepted 4 blocks ...11f1cba0ff89768231aa297d68a0de66674f2ee20a036e6bb38855ef0148d3332fd4e2d3136928c691c78f1f0f013383f6652cdc0d3f95351d1f0ad1ea0eb337 via relay
2026-08-09 22:04:35.113+09:00 [INFO ] Accepted 3 blocks ...17631520eac740847cf898e8559e008160f756e08c6da3dafc0642346f8f5dbf3329412ce0e111fa9112045d1c82ffc7bf46e1848e8dae9606199a4cde00f70e via relay
2026-08-09 22:04:36.548+09:00 [INFO ] Accepted 2 blocks ...f4a76e163b96dc791d2f99d39aab27783b2dc6e9a0ba334f343ce743ec377db6f5953c60a5d1a5766b22129466b3859961803d260765daff452f361f5235a6b4 via relay
2026-08-09 22:04:38.098+09:00 [INFO ] Accepted 3 blocks ...b684938f1a1ef8914883a23c3944d2f156632d266f1a5b1c641e608fe6f5de8b52a5d6221873d9aea00d2eefb2ef9c634db6f8a46a92821084a0c1fad98c92ba via relay
2026-08-09 22:04:39.638+09:00 [INFO ] Accepted 5 blocks ...f867a86636597f6e2403f1d576eae2f8b6b3a3a96f70da3a8e214b6bd506fe8357e57a84c459af04291036005fad23bcfbefc83535a1210c41f3a851e4b0ad42 via relay
2026-08-09 22:04:40.364+09:00 [INFO ] Processed 23 blocks and 23 headers in the last 10.00s (23 transactions; 23 UTXO-validated blocks; 1.09 parents; 1.09 mergeset; 1.00 TPB; 0.0 mass)
2026-08-09 22:04:40.364+09:00 [INFO ] [ibd-perf] 23 hdrs avg: validate(A,parallelizable) 91.5us | commit(serial) 140.8us [add_block 11.5 + db.write 48.0; held-lock 116.7] | f_serial=0.606 f_reach=0.050 | parallelize-ceiling 1.65x
2026-08-09 22:04:41.043+09:00 [INFO ] Accepted 3 blocks ...a886391902835d9c25915261c872e7005a838a261fec1115180afe5ca89c326972c1e5c87ed17bd1e55770e8f1de8bc26a48d90370912bfa8628c4d68152b8b0 via relay
2026-08-09 22:04:42.721+09:00 [INFO ] Accepted 6 blocks ...e365bef824ae1e86a5b850b453e793ea080cb5d67586840c3392680e9e185bfe3c306aa599c060fa43858779b5c03a71da79158b5aab31124cf324c86d308d6c via relay
2026-08-09 22:04:43.773+09:00 [INFO ] Accepted 3 blocks ...747459e79348f9e92d39d13884032b8536de93900e5ced6036e4e031f34ea9686a4dd8fe79371c659eda29efa914ac67a112dc9d1f2e0c3b64e56db71315272e via relay
2026-08-09 22:04:45.177+09:00 [INFO ] Accepted 2 blocks ...ce5473daa7bda5fb755c127ba245e6fec2d0bebb957678292bd236dabd30013006976d323d39d338697ef801fd1d6ce74595e4360971da89f319b5a91f3746ee via relay
2026-08-09 22:04:47.032+09:00 [INFO ] Accepted 5 blocks ...802a9f22ba33d1ca060a722280388d32150b14dde1f779cd03fdfb8c5598654ed278a339523861dc55e386575c9fed0a5d53919099d5424d0bd2fda7e929932b via relay
2026-08-09 22:04:48.068+09:00 [INFO ] Accepted 5 blocks ...fde2b62231a058f0e8ca22d5c18c0b9e2c6000e022acbb9eacff089ef38f6973dc7e6ecf00ccdef70e6b21d698e6678685e3d278e7a826d0fe79d44842dfcecf via relay
2026-08-09 22:04:49.308+09:00 [INFO ] Accepted 5 blocks ...7c9b29e19efb94fd82430d8201a9267221d9bfb6e6e84cafbcbf9426c2887424c7e03558a39f72576b4f317be40275e38c5b804a833fe5b0aad2136331219694 via relay
2026-08-09 22:04:50.367+09:00 [INFO ] Processed 28 blocks and 28 headers in the last 10.00s (28 transactions; 27 UTXO-validated blocks; 1.07 parents; 1.07 mergeset; 1.00 TPB; 0.0 mass)
2026-08-09 22:04:50.367+09:00 [INFO ] [ibd-perf] 28 hdrs avg: validate(A,parallelizable) 84.3us | commit(serial) 144.3us [add_block 10.7 + db.write 53.3; held-lock 120.1] | f_serial=0.631 f_reach=0.047 | parallelize-ceiling 1.58x
2026-08-09 22:04:50.864+09:00 [INFO ] Accepted block a5e0bf3ffa937874c61863caf18d35dd37456f256b7be8587a35ac14b871fdf3f137ec198cffcc147e55d29a7460b8d1742630bcf92845adddf71a39bdd3f82c via relay
2026-08-09 22:04:51.915+09:00 [INFO ] Accepted 2 blocks ...b60919319fc71c187814b9367db71ba00352d594cd609d2059bfa3c1dbaa6f3b14b39b24eb9912d0ac93d687053d1a5230330b5f4d76f1f8a3440bb1a57c83ef via relay
2026-08-09 22:04:53.518+09:00 [INFO ] Accepted block 19314e2040306f83dc0c9e73556e510be2ca7fde1ae968f0ae80b817e32d8bfec6dc8b3945e4cac808bc122e8b26a954321742e1c31be6b33383897ca6ce8923 via relay
2026-08-09 22:04:54.543+09:00 [INFO ] Accepted 6 blocks ...b6a65692fc6ee41073403664fe788a7ebf057f076ffbd86631f52beaefb13b1b6db0c6809754d7d503dd11cc1c107241d884db827338c680682cd9d364e2a578 via relay
2026-08-09 22:04:55.935+09:00 [INFO ] Accepted 5 blocks ...c3644653d230640a6485c20a52de7f8df485bb1ff29f9c20bfc0306f9056e1bdaffbafdc1dba5ba654269133963e5f4460d9fb09b520f18bcbe0751deeb6824e via relay
2026-08-09 22:04:57.012+09:00 [INFO ] Accepted 2 blocks ...507762316298b7acd8438bc9716ec1a2d0d1c8058f998690c77b2891b03c5e4491c61ec07270b758f147fa02b078a280c8a19534c57c9cae1c7b098047612af7 via relay
2026-08-09 22:04:58.534+09:00 [INFO ] Accepted 3 blocks ...363d42d27d7de53eb95f5e8eb9937f189fb647a0dfef31403031cd9f00fcec32acf03411218854155ddae13ed01f3d89efe8554dfd7c7ce53b5b1a7962321040 via relay
2026-08-09 22:04:59.594+09:00 [INFO ] Accepted 3 blocks ...6fe1cd37f68a3616c4693cba76ca174030c17c6dd8ab1e02ab6a2b1e1fce457cc8204b4bf3c748f799c2c12acdde40d835853714d6ed2baade7324eaa52740d5 via relay
2026-08-09 22:05:00.313+09:00 [INFO ] [validator-service] heartbeat: mode=active sink_daa=769 bond=unconfigured active_set=[epoch=7 is_active_validator=false (active_validators=0)] dns_overlay=configured (stage=Bootstrap, dns_confirmed=false)
2026-08-09 22:05:00.370+09:00 [INFO ] Processed 23 blocks and 23 headers in the last 10.00s (23 transactions; 23 UTXO-validated blocks; 1.04 parents; 1.04 mergeset; 1.00 TPB; 0.0 mass)
2026-08-09 22:05:00.370+09:00 [INFO ] [ibd-perf] 23 hdrs avg: validate(A,parallelizable) 93.2us | commit(serial) 166.0us [add_block 11.1 + db.write 70.2; held-lock 140.8] | f_serial=0.640 f_reach=0.043 | parallelize-ceiling 1.56x
2026-08-09 22:05:00.917+09:00 [INFO ] Accepted 2 blocks ...77cf3a5babf9cf55e90af93bb0d5b56c543d1b04a430050a835736c6e4100d9c4642b30926bffa2a00551323a5245108f9b6c29554f54533f10ca9ac99c7b590 via relay
2026-08-09 22:05:01.972+09:00 [INFO ] Accepted 4 blocks ...9975a268ffe083c2fec8af378361e875f388c3b147cd377ef81958f002d4a4061bb27b8c831b67e53bdedaa0943e6f2559eea1c814118a4a197020ff0acc9a3a via relay
2026-08-09 22:05:03.272+09:00 [INFO ] Accepted 4 blocks ...a837ae9546ea6e1fa791845b0db74c3314f13028e73331deb6503f5f62d69c7175d20b5af054bcdb39eefb5c42240c3dd6e138d6033ad972c7c3b47aeb1173a8 via relay
2026-08-09 22:05:04.547+09:00 [INFO ] Accepted 3 blocks ...61b6b6c5f10631b32341483206a6b3dc378adf9323fea4065763722581e56f992b0bef49a8ffbb6c9d457b5ccd0bc56ac1f6f3a5c88e0113381e2b51c7750ea3 via relay
2026-08-09 22:05:05.990+09:00 [INFO ] Accepted 4 blocks ...9a3a2b30977511c96c76223e48973794092ef9300f04e984eef6f155eb369c2011b6bf221792b737044c43cbb71fe67fd75536b128dc2d0085708747bd3c2048 via relay
2026-08-09 22:05:07.112+09:00 [INFO ] Accepted 3 blocks ...86f90d67e0fc1c14b55b5c2417e5f8a88e68f97a7878afb2deeb631ae51c60b05b8b54e3ea2930c9626f098e99936ffe6306d3606408510d107b0748284e6935 via relay
2026-08-09 22:05:09.241+09:00 [INFO ] Accepted 4 blocks ...86815f40385edd5cdf59fa31a15cd78fa615a5dda93912ca0fe3f092f8c358b7df96f0af6a800a9fadb4249268db2a778350d0667160e4384a0ad1ccb0b4207e via relay
2026-08-09 22:05:10.250+09:00 [INFO ] Accepted block 105f1b62f97ba50f4311c199cc2b517a5ff1fe9e7d8a14f2aacb0461bbf25a2e830754d2bdf1cd241ee1cde24f3e7cafeca2a1925f3b9ec83c672cf2f129a34d via relay
2026-08-09 22:05:10.372+09:00 [INFO ] Processed 24 blocks and 24 headers in the last 10.00s (24 transactions; 24 UTXO-validated blocks; 1.00 parents; 1.00 mergeset; 1.00 TPB; 0.0 mass)
2026-08-09 22:05:10.372+09:00 [INFO ] [ibd-perf] 24 hdrs avg: validate(A,parallelizable) 88.4us | commit(serial) 179.5us [add_block 14.4 + db.write 68.9; held-lock 149.5] | f_serial=0.670 f_reach=0.054 | parallelize-ceiling 1.49x
2026-08-09 22:05:11.847+09:00 [INFO ] Accepted 3 blocks ...f07c3545ea6050acd90cf96a604b2033d89bf9cca967154f108b050ad92d349d18051b5eb7136287490ce0dc9b013996ce839b616ee8c8e455fea8fb256b9902 via relay
2026-08-09 22:05:12.390+09:00 [INFO ] [vlt-shadow] sink_daa=799 0 validator(s) with credit; 0/7 epoch(s) would reach quorum; newest epoch Some(6): W(E)=0 signed=0 snapshot_root=6ae794bd1f932e18f0c29d70cf7a8bea928aa035dd66fd0586b0fa64587a3520ad75561ca66eaae940e5ed274cc1d0b68386e0b287266c58c1a27665ef7a5914 — the weight fence is at 18446744073709551615
2026-08-09 22:05:12.912+09:00 [INFO ] Accepted 4 blocks ...6bc15e4f31ede6f34b22f3b03b2c3ea25c825d51ba29db8b13e725ab12aaaad2e7cb611e132e941b5944b9e5dea53f93e1e40b94ee78d68753a494d5a4a654f9 via relay
2026-08-09 22:05:13.914+09:00 [INFO ] Accepted 5 blocks ...633b5e10802aeeab372e1f27e763258ef245f9095c5f38e6297aa7a89c8a64fd1505533abd4de5082a4e776ca72d29512388fad2fc3d7321de8fb0684dded825 via relay
2026-08-09 22:05:15.029+09:00 [INFO ] Accepted 5 blocks ...e14cec6b0d40e7739352b5f88aff8ba3e1c20e629352eb3fdf71e542f7b9796a4b856ce88b4f3bf81d68e9be790fc24a550e56718cc7019ae9baad5ea100c9db via relay
2026-08-09 22:05:17.335+09:00 [INFO ] Accepted 4 blocks ...b7d19a792ea20992db8a3c962fddec18e7e1278c407b2653607419492308bdb3a1947dffe978839c561c67387f31704010333f6ce2fbada846041d77c92208ba via relay
2026-08-09 22:05:18.972+09:00 [INFO ] EVM lane KPI (O9): 768 chain blocks, avg mergeset 1.12, avg accepted-gas utilization 0.00%, 0 deposit-claims applied (cumulative)
2026-08-09 22:05:19.015+09:00 [INFO ] Accepted 5 blocks ...deab43db7f409f25a371343771614f1de2893102d58bd5f696e0801fdf311691967b7fbb5a062ae54512eb88490b7683ca17719fde3423319e30b98e0e2862c0 via relay
2026-08-09 22:05:20.071+09:00 [INFO ] Accepted 3 blocks ...8a85284513f5d2db1902d653bb91af537387c6396755a105d588e0b7eedacdb38ff5bc185432d706d9246315e35ffe18baa0511d996ae20b895c8c4a47215461 via relay
2026-08-09 22:05:20.374+09:00 [INFO ] Processed 31 blocks and 31 headers in the last 10.00s (31 transactions; 31 UTXO-validated blocks; 1.00 parents; 1.00 mergeset; 1.00 TPB; 0.0 mass)
2026-08-09 22:05:20.374+09:00 [INFO ] [ibd-perf] 31 hdrs avg: validate(A,parallelizable) 102.0us | commit(serial) 188.4us [add_block 13.7 + db.write 76.4; held-lock 156.9] | f_serial=0.649 f_reach=0.047 | parallelize-ceiling 1.54x
2026-08-09 22:05:21.162+09:00 [INFO ] Accepted 3 blocks ...a2eca20573c4ca48c3852f53f53b7613ece477ed5d0009a6156729f9b081ba56b78b9bd541f684363908e1c74d8ca82cc8a5b880761e1ced358e6c7c9133338f via relay
2026-08-09 22:05:22.380+09:00 [INFO ] Accepted 3 blocks ...0bbe53d88b4df667b01b185a30af5ec2b106036e6f8eeccd87ef87dfebe24d989f9cd863a3172f0122ce93bdb20aafa357edebfb7908b8ea7ddf734eb44bba18 via relay
2026-08-09 22:05:23.463+09:00 [INFO ] Accepted 3 blocks ...18b627d947c8af62dd2a97bc648e83f9e089b2454228e3c04c22a765340e398f9c23550d76aab93ac94a7c89c60edc9c1ed4e4c0f9c8919b92fc6084d86c6aef via relay
2026-08-09 22:05:24.710+09:00 [INFO ] Accepted 2 blocks ...a146feb29c69dfa25b712bad85f76b8749e370e229336124459e19a011c3a97bea8f12145df9ef2ccdc8a8dd66f28bf2feaa2ecd554e8e2f17d539dbf294103c via relay
2026-08-09 22:05:26.565+09:00 [INFO ] Accepted block b4cc34060fbf3259afdddd9143d6d72fed7306951ad49c67087c0fe18deaa667126d4397f1f795e5108f1a6b170479dd767412f2a0d608c850057b353b0a2c6e via relay
2026-08-09 22:05:27.890+09:00 [INFO ] Accepted 3 blocks ...88e42a85b96f24881f7fe036839bc91d67d7b8bc9ae36a9535b4e10c5628669564b404d9c61878b336fdb10c1ee4474329a6d4a0507272de078b7f7d157f62ca via relay
2026-08-09 22:05:28.937+09:00 [INFO ] Accepted 4 blocks ...e548272818c685cfaa95ef73e00ea4d2b97b38bee54b5cf3160bb52412de5f3856c69e5a40862f61b5ccbb338883efda88cade4b0610fba1a6a4b3198dc656e8 via relay
2026-08-09 22:05:30.315+09:00 [INFO ] [validator-service] heartbeat: mode=active sink_daa=845 bond=unconfigured active_set=[epoch=8 is_active_validator=false (active_validators=0)] dns_overlay=configured (stage=Bootstrap, dns_confirmed=false)
2026-08-09 22:05:30.376+09:00 [INFO ] Processed 21 blocks and 21 headers in the last 10.00s (21 transactions; 21 UTXO-validated blocks; 1.00 parents; 1.00 mergeset; 1.00 TPB; 0.0 mass)
2026-08-09 22:05:30.376+09:00 [INFO ] [ibd-perf] 21 hdrs avg: validate(A,parallelizable) 133.7us | commit(serial) 229.7us [add_block 13.0 + db.write 99.3; held-lock 195.3] | f_serial=0.632 f_reach=0.036 | parallelize-ceiling 1.58x
2026-08-09 22:05:30.444+09:00 [INFO ] Accepted 5 blocks ...85dd253114d66bd57c6aa6234ff87f7225cbdb208a8740caabbe976269cf5ad5453f3fa69b4c648c85039e5ba1a5c10581acb635a6e2b739130433622878da72 via relay
2026-08-09 22:05:31.452+09:00 [INFO ] Accepted 6 blocks ...7518d7aa5ab8dd8ff558f1f971466d45c045b2100b0b5f560597a6e0604911f27fa0b1dc47c3b00fee7f6f88742cc3d9523ca77ebe5a9db16afe7c1d2d995ac8 via relay
2026-08-09 22:05:33.458+09:00 [INFO ] Accepted 5 blocks ...8aa418c275106d5be06c1eb15c9b92aa300ea25fa7a531a75381180b795e686edf2510175b257610f69641ad0148c59d283c97feedb30439836ab78f88cbc0f4 via relay
2026-08-09 22:05:34.577+09:00 [INFO ] Accepted 3 blocks ...122d089a15b0b625f61eeb07fd10e0616339e6e9cfaec591f11f2f06cc5bfcc7562bb53ab3972dfddb0ed3b54723c92f6763fcb2c358a38405c8a61d0ad33550 via relay
2026-08-09 22:05:35.609+09:00 [INFO ] Accepted block 91d4f7a70040e532cf8a0c28ecf756f02d7cc93edf5f695cf0cb7f39f94e87895c807111df0feb5cb98e7c67f23b7ebc5b47cd8a634060fc82fb5cd7ca6a63dc via relay
2026-08-09 22:05:36.838+09:00 [INFO ] Accepted block 3e0ee17218a2a5efc578af7d9be9f9f3ba558698e1bdffcd34ed1cef360016ee1164f2f3f4731d096bf53beea0397473dbffdd817a36a8cf2af30d17fe040e55 via relay
2026-08-09 22:05:38.384+09:00 [INFO ] Accepted 3 blocks ...b7a8e5655eea51fc9755fe7d14aa66e6ada34bdc2f6339f14fee29f85950619db0eb8ee5c89d0b6d85b71ca5f15bf8f8c3a8c6c2ec7992dc02639027667f1209 via relay
2026-08-09 22:05:39.462+09:00 [INFO ] Accepted 2 blocks ...b11aa1ac4c995eaa9d81ea064c135128b93473e6e9e9632c2ce5c05da219e9e256e4735a9d8ec04a83cda199ccdc077b4f03533fe80cb472429472e42f755345 via relay
2026-08-09 22:05:40.380+09:00 [INFO ] Processed 23 blocks and 23 headers in the last 10.00s (23 transactions; 23 UTXO-validated blocks; 1.00 parents; 1.00 mergeset; 1.00 TPB; 0.0 mass)
2026-08-09 22:05:40.380+09:00 [INFO ] [ibd-perf] 23 hdrs avg: validate(A,parallelizable) 125.8us | commit(serial) 595.1us [add_block 14.4 + db.write 465.1; held-lock 560.6] | f_serial=0.825 f_reach=0.020 | parallelize-ceiling 1.21x
2026-08-09 22:05:40.985+09:00 [INFO ] Accepted 2 blocks ...ccbe164a107d9397a2e7036b3e9ec7bd0994bb905d298ceccd1852493e2afd965e6dc5825989f68f0c904e19e83cd41faf25baf9fd14ddf55baa67e64488835f via relay
2026-08-09 22:05:42.537+09:00 [INFO ] Accepted 4 blocks ...913b020acaa7f4e27055f925c64fcad86b4a311423a3eb2c3bbe6c72a8c10b8cb66aa69709752794dfd55fac78b417d778e67219c9f7f81c068c76e444ace5c7 via relay
2026-08-09 22:05:44.280+09:00 [INFO ] Accepted 2 blocks ...dcb48a8470754812c0a9fd903eb5dfa43526c53fb3a52633b2ec129d5fdb978899090ae99c25e8c1259ddc810ffc0177a79e2f634c3963a47722114d62c9274f via relay
2026-08-09 22:05:45.459+09:00 [INFO ] Accepted 4 blocks ...404d9fcbbad4001471cb74ba664e2384830199fe6c423bbc1a49dd45d2bb04a1df67a428a6cba111ac2b00d4e3dbdf695f49a71a1fb595c1ae16a18c98c6a507 via relay
2026-08-09 22:05:46.845+09:00 [INFO ] Accepted 3 blocks ...1a06b2528483182812101292668777bf93622d6742dbbba30028a623c7f9f1928abcc1874fb055b8a3b5f0924ea676bfdd9b0821de4df28ee09d398a82fe6364 via relay
2026-08-09 22:05:48.024+09:00 [INFO ] Accepted 2 blocks ...820172965db3081467b5a5f0aa7d505fa0538e98951f9aa643775f9a3ebfb096bd6fc12757989e5c548b77a65514240477458e36cd6b07ecab0dd5f802f1e61c via relay
2026-08-09 22:05:49.043+09:00 [INFO ] Accepted 4 blocks ...db2cb879bda8d1b0cd84c532b3aecddfa1c70106e6b8e54fcfe51e7cd2c453ca7b4bfa3c0587603baf3b0f4d92e98375f645fc1166d48db136541ba6ace5b128 via relay
2026-08-09 22:05:50.382+09:00 [INFO ] Processed 22 blocks and 22 headers in the last 10.00s (22 transactions; 21 UTXO-validated blocks; 1.09 parents; 1.09 mergeset; 1.00 TPB; 0.0 mass)
2026-08-09 22:05:50.382+09:00 [INFO ] [ibd-perf] 22 hdrs avg: validate(A,parallelizable) 98.0us | commit(serial) 177.7us [add_block 12.9 + db.write 79.7; held-lock 149.7] | f_serial=0.645 f_reach=0.047 | parallelize-ceiling 1.55x
2026-08-09 22:05:50.551+09:00 [INFO ] Accepted 2 blocks ...d6306c7cbb570ae8d822167177bd86d214f71664d33fc75b47411b88a487118d806f70801ddba70b6106695913585693a9b7f99f3d52fe870ee2553ad7eee4be via relay
2026-08-09 22:05:52.148+09:00 [INFO ] Accepted 4 blocks ...a4edd01e7d45bda80f6709dd90cc16eab157b7727d7b5aa62806ecf8c8652a34e7e4bc6d69af750c13476f1ee0d0dfa9130b0ce53ccba3abed6730141c8172a3 via relay
2026-08-09 22:05:53.203+09:00 [INFO ] Accepted 2 blocks ...89140043a0088ca099945e3c0c6f7538fae3451721ba51664b07c10078f595830739678f29518b16017ee45b3c04382a7ad4c6cbfa48d81694e4d5093edcaa35 via relay
2026-08-09 22:05:54.287+09:00 [INFO ] [vlt-shadow] sink_daa=899 0 validator(s) with credit; 0/8 epoch(s) would reach quorum; newest epoch Some(7): W(E)=0 signed=0 snapshot_root=cff06d692ff4e566832e6c79afa4ab2458bcce03801629e51fdc8a8851b9359a9aacbe04a9d47b4d948a2882950fbdddf5dbc91d5594a0f667946241c13b22d0 — the weight fence is at 18446744073709551615
2026-08-09 22:05:54.855+09:00 [INFO ] Accepted 4 blocks ...10d485cc97af1b2771d054218441aadde29dd05fd5b6116a7d81b87d4ac6399a3592bddfe35a365ca905089985c8a1c26ed134b6a1e3c2cfe22eb99680c698e5 via relay
2026-08-09 22:05:55.857+09:00 [INFO ] Accepted 5 blocks ...a80abf447f16540817d4386d2c752c94f79d5aa99c6f049e0cd3282359ed8902560ae9d6d5bdc3da523c88880895136d2407de2e421783d38a679ca5ca39dade via relay
2026-08-09 22:05:57.647+09:00 [INFO ] Accepted block 2a022fa28c3127c52a9fe96a4ffe9d654e9a2202e88cb4a4113840980f07703e5a764ecc6a01eb066ea14597352fb03952ef7cb1679a6b3eda7bb44d9a9b02e6 via relay
2026-08-09 22:05:59.442+09:00 [INFO ] Accepted 3 blocks ...b89d58c4afa9e75687572fa2e16e8e1d9f99f9461261abb610c4dec9764db4d0ce1fbd5e4f365f42376e9da81ec1f631ce0266dd349a273440d52052c7ba8fbc via relay
2026-08-09 22:06:00.318+09:00 [INFO ] [validator-service] heartbeat: mode=active sink_daa=915 bond=unconfigured active_set=[epoch=9 is_active_validator=false (active_validators=0)] dns_overlay=configured (stage=Bootstrap, dns_confirmed=false)
2026-08-09 22:06:00.384+09:00 [INFO ] Processed 25 blocks and 25 headers in the last 10.00s (25 transactions; 24 UTXO-validated blocks; 1.08 parents; 1.08 mergeset; 1.00 TPB; 0.0 mass)
2026-08-09 22:06:00.384+09:00 [INFO ] [ibd-perf] 25 hdrs avg: validate(A,parallelizable) 93.7us | commit(serial) 179.9us [add_block 11.7 + db.write 83.1; held-lock 151.3] | f_serial=0.658 f_reach=0.043 | parallelize-ceiling 1.52x
2026-08-09 22:06:00.665+09:00 [INFO ] Accepted 6 blocks ...54c125065e8acabe64a1529cf8732f83f49e0da65fbc67d5f0c885728e20ffd037be6db88ec732d2e6695b53afec42cccc7b5707ea01532147db26746e9694da via relay
2026-08-09 22:06:01.891+09:00 [INFO ] Accepted block 4188af08fd60c52f30997d89bf162c1f255ce6021895eba3cc31b236d3620125e31bbb5cfc5deb692c89358f2b07ce0abbbd0d4759ec8f622bfdbeec97b7ae41 via relay
2026-08-09 22:06:02.995+09:00 [INFO ] Accepted 6 blocks ...ebe9ee80148f7993b283959ab7a5a773e73863b209251880157811fbd27ca141b6d29f6cfbd3a394d4296e6783bfe28e58123cba16ab98e954d2a89dd0f4a271 via relay
2026-08-09 22:06:04.010+09:00 [INFO ] Accepted 4 blocks ...1234831d73b5a721931642b3046af629e575c7eddc80974de8bdd33920d2db7cfbae5ea7b8caffc064faa8cb0ff485f98035a0623170ccff0908835a1e502b2e via relay
2026-08-09 22:06:05.461+09:00 [INFO ] Accepted 5 blocks ...f25ec2b80d55bd8912bf1d80822143a4d4425b7a302eafff06c1b193ea52bf9e359fe9f745e46ee151122244ee9209f1ddc66390b6b5c3bb981ba77453200fd2 via relay
2026-08-09 22:06:06.493+09:00 [INFO ] Accepted block c260518c51a7598cbf79ee8201f0df2c82cb748ee02b3ea5040802a91b1d2dfa42c37c57bb620e92fddc8cd2573a49bae60b12ffeb2b6f75e3b2b513489c1331 via relay
2026-08-09 22:06:07.899+09:00 [INFO ] Accepted block 85d6fea5f4c8eada5ad08f305a85c4e88899e5643355b9c8aa58e9f3cb501de7d5cfe0e5a750ed74b2132e50c56ec233373896f3e51792dcb7c9ae40afd3be0a via relay
2026-08-09 22:06:09.114+09:00 [INFO ] Accepted 2 blocks ...89dfc4bb8549014d440d321fc442ac66fe2f01b070c9092a0a76510cbbd40cfb0cf58085923b54145fff31e04beaf5d49a6486a3ab81092f53669853863b9f45 via relay
2026-08-09 22:06:10.386+09:00 [INFO ] Processed 25 blocks and 25 headers in the last 10.00s (25 transactions; 24 UTXO-validated blocks; 1.04 parents; 1.04 mergeset; 1.00 TPB; 0.0 mass)
2026-08-09 22:06:10.386+09:00 [INFO ] [ibd-perf] 25 hdrs avg: validate(A,parallelizable) 100.1us | commit(serial) 188.6us [add_block 13.5 + db.write 87.9; held-lock 159.3] | f_serial=0.653 f_reach=0.047 | parallelize-ceiling 1.53x
2026-08-09 22:06:10.440+09:00 [INFO ] Accepted 6 blocks ...a779554c752aec352ec1623278b1f77de5183be54035c253a64a625884b494d07b93e5d1989e693e2b087ce6903a9cad2c7e06201bf340f770d86d2f15fa6d34 via relay
2026-08-09 22:06:11.724+09:00 [INFO ] Accepted 3 blocks ...52ce947041885b0df08536a90aa68243c4cec053663940f281d8a6bc6411df444e285d3dba54494ab198c751deec01092e910d64eb99a09a7ad74b3a8c0233f2 via relay
2026-08-09 22:06:13.433+09:00 [INFO ] Accepted 2 blocks ...4a3f39eda0ede36f38c05dbcedd985bdc6d952397bdd7a07ccaebf29dc2669e473f0cc3facfbe8651b5640e703a44307d74f1e5ba556de11f0ff0ffbe9ac5971 via relay
2026-08-09 22:06:14.665+09:00 [INFO ] Accepted 2 blocks ...6b658d1da4dfdb9e7b23d571d2354a71c11bca34d10fce9650d3516b741a585ec5631f05ad18936f94ce8f046228fcadc828033f562bb7b86121ad9e81056b4d via relay
2026-08-09 22:06:16.325+09:00 [INFO ] Accepted 7 blocks ...36aa61000a9f05eca7e50bb32dc8abf4e533314182978b696cd7f3adab3605501285a42c37697edfcec7f203fe30c53dfb7cb0088ebe68d98521b1f4aedd56ce via relay
2026-08-09 22:06:17.507+09:00 [INFO ] Accepted 3 blocks ...c3699052c836729ce2ff8ec1293aed52687bb30965f0103ccab0261ab4174a1a97b9cda973ae34c926f5d39823e60231ef5ada08185964e971e61e68e581bede via relay
2026-08-09 22:06:18.737+09:00 [INFO ] Accepted 2 blocks ...07540545a062bc7e815be98ee923a26f6881398ad21bf02060fcc11708cd3a2a49e4cb221e1f9a348c2f750076d9908d1aa8aa6ecb8d2fb0cba95b37f55fdb6e via relay
2026-08-09 22:06:20.388+09:00 [INFO ] Processed 20 blocks and 20 headers in the last 10.00s (20 transactions; 19 UTXO-validated blocks; 1.05 parents; 1.05 mergeset; 1.00 TPB; 0.0 mass)
2026-08-09 22:06:20.388+09:00 [INFO ] [ibd-perf] 20 hdrs avg: validate(A,parallelizable) 101.0us | commit(serial) 192.7us [add_block 13.7 + db.write 86.6; held-lock 163.8] | f_serial=0.656 f_reach=0.047 | parallelize-ceiling 1.52x
2026-08-09 22:06:21.627+09:00 [INFO ] Accepted 4 blocks ...f3a1ba48f6b3dbe3f95f0fa043d92626c9cbe55907834efe130279fd42be46967d824d83da3c13e131b921ac3324b889113466ae6ccd46e1761dc2e7adb15f25 via relay
2026-08-09 22:06:27.300+09:00 [INFO ] Accepted 3 blocks ...c36f23abcf9bdfc7eb023998a572497605fe83105ae5fe5e0234ffcd985697da81ebee0c84a02772c6bf9254cda58a4b6c37ea67544f7a9d1ff6edb33ec2ba7c via relay
2026-08-09 22:06:30.319+09:00 [INFO ] [validator-service] heartbeat: mode=active sink_daa=967 bond=unconfigured active_set=[epoch=9 is_active_validator=false (active_validators=0)] dns_overlay=configured (stage=Bootstrap, dns_confirmed=false)
2026-08-09 22:06:30.393+09:00 [INFO ] Processed 7 blocks and 7 headers in the last 10.01s (7 transactions; 7 UTXO-validated blocks; 1.14 parents; 1.14 mergeset; 1.00 TPB; 0.0 mass)
2026-08-09 22:06:30.394+09:00 [INFO ] [ibd-perf] 7 hdrs avg: validate(A,parallelizable) 162.8us | commit(serial) 290.8us [add_block 18.5 + db.write 138.2; held-lock 242.7] | f_serial=0.641 f_reach=0.041 | parallelize-ceiling 1.56x
2026-08-09 22:06:32.201+09:00 [INFO ] Accepted 2 blocks ...995e2ca8d9631ad7e9c7dd9e22886167e6136c518d8918ca7b347143e5ca234c1773086d6628d618f6e14151f69c009b3e8b43c301aa56d1b48d19364722b5e4 via relay
2026-08-09 22:06:34.078+09:00 [INFO ] Accepted 2 blocks ...8d4a8706330ab4295802beee99055b6343b3613fac9cb424e67902d9ab06f03818ec04120c7eec36070350b3d4c18cfa880575f4f8afe45c9879ea4abc0ea8af via relay
2026-08-09 22:06:35.247+09:00 [INFO ] Accepted 2 blocks ...2e48b3be3cfa95f5be6b5abef86250876fe7a2c22d53c1f875cc979138de14f6a62b35329c1f838614c4bc2555aa02ccc3c45c8a450513b2edfcfc82d00eb63c via relay
2026-08-09 22:06:36.300+09:00 [INFO ] Accepted 4 blocks ...adece00291e5d2c42045714f243ec4c7b78dd216c32dda36cd463f97ac78de18f9892677195e684e1f42d7f0de7bf8897c9cc99c7e4df8c199839890cf6b1647 via relay
2026-08-09 22:06:38.181+09:00 [INFO ] Accepted 2 blocks ...15ed47882e41a229f26def30bc85cdd3c15e9fd96a6df4fd597ef3c1eec0908836b14ff32f7c610d013f0ac1b8fa604fba1a8477bbe3e7665798597035dd0d05 via relay
2026-08-09 22:06:39.238+09:00 [INFO ] Accepted 2 blocks ...0d11d4539a349efa782de268797ffc0b2aaaa05a05f29d9b46ea89c85377109583712e0abf7a1d3a86b3b46f00fd75e5d445644dceb24f850170dd639d7d0bfa via relay
2026-08-09 22:06:40.395+09:00 [INFO ] Processed 16 blocks and 16 headers in the last 10.00s (16 transactions; 16 UTXO-validated blocks; 1.00 parents; 1.00 mergeset; 1.00 TPB; 0.0 mass)
2026-08-09 22:06:40.395+09:00 [INFO ] [ibd-perf] 16 hdrs avg: validate(A,parallelizable) 190.4us | commit(serial) 351.5us [add_block 22.0 + db.write 166.8; held-lock 306.3] | f_serial=0.649 f_reach=0.041 | parallelize-ceiling 1.54x
2026-08-09 22:06:40.862+09:00 [INFO ] Accepted 2 blocks ...7b1654767a63d6c42ce82a738f7c4787d0110f456ba6c04e709ac58bea746a26cc1341b85b748163cd726a0241ce3464221386ba4f1911192562a304679a4c08 via relay
2026-08-09 22:06:44.896+09:00 [INFO ] Accepted 4 blocks ...21aa0c15b80e3ed8e3efe7b05765bc094547ba6ddec0aea3c69c5969e22a055cf784bc920d6fca89935b8274b4c866816e414f4eb880aec6249a6b39da08020b via relay
2026-08-09 22:06:47.759+09:00 [INFO ] Accepted 4 blocks ...837bd569483127d83fa901fe0262f9f3897faeebc315f92a43263e615069aa7652358cc3d0f9f201a4cf108299c82d1268844369a887b1319b55b728b62c9fd7 via relay
2026-08-09 22:06:48.980+09:00 [INFO ] Accepted block 5c80a7cfac9b732ef03c13739e786f2c76adb85f7340bd8b6d412df1d390a1589bed9f5914d9b5fe3ead01bcbc4c37b915990202d93f92241e9e246a1bd69efd via relay
2026-08-09 22:06:50.061+09:00 [INFO ] Accepted 2 blocks ...183a4a7853556711ffafd2caf9876402a413d714406c5766bf733c22aa3a6282180c0ad0b35bad89e5247abfb4fc3e8ce802ed41cc4c6266e8db18f44afb0ad4 via relay
2026-08-09 22:06:50.397+09:00 [INFO ] Processed 11 blocks and 11 headers in the last 10.00s (11 transactions; 10 UTXO-validated blocks; 1.09 parents; 1.09 mergeset; 1.00 TPB; 0.0 mass)
2026-08-09 22:06:50.397+09:00 [INFO ] [ibd-perf] 11 hdrs avg: validate(A,parallelizable) 123.9us | commit(serial) 251.8us [add_block 17.5 + db.write 114.7; held-lock 212.1] | f_serial=0.670 f_reach=0.046 | parallelize-ceiling 1.49x
2026-08-09 22:06:51.439+09:00 [INFO ] Accepted block fcf79b7ade6b5ef8586126bbdf8018949de958e2701522cbdc2d7e3b41e430ef579fa7ea4144cc1a504cb6603539d54e77d89aff8ee487847e3cf8cd713a9ee4 via relay
2026-08-09 22:06:52.750+09:00 [INFO ] Accepted 3 blocks ...d5d13163facfd1a65ffe16d86cec8199b23adfc582866ecd4a99e3cba2214112e2399f9b522b6c28d5a8e4cb9446555808292cedc4638bc05329e2c0c3aaecab via relay
2026-08-09 22:06:54.106+09:00 [INFO ] [vlt-shadow] sink_daa=999 0 validator(s) with credit; 0/9 epoch(s) would reach quorum; newest epoch Some(8): W(E)=0 signed=0 snapshot_root=4bfa9421280bdf6c8bfd543f447b5a254ed83e17b245336fa6d637b0169f330d0fe36426be59967f5f5c38a3dd0bd05a65ee68e23632794b9d6bb8079e9c1a4e — the weight fence is at 18446744073709551615
2026-08-09 22:06:55.108+09:00 [INFO ] Accepted block 9bd35e1b2b9dde5b806fe865e71e47902bc15a7263a6ab98c2da23bb32b3a5596129f68cec744e7e22daf9d353de2c490b8c1b7e60a5574f8f5fb02b3d300c0a via relay
2026-08-09 22:06:56.573+09:00 [INFO ] Accepted 4 blocks ...de940ca45f757c5b6c5dba2c45c0172fb275712595945cf42d9e0aedde8f7cdb8846ab499581d76b312c6f06bc9576e86a1ecf8166748b4fe337c7aa1785129b via relay
2026-08-09 22:06:57.637+09:00 [INFO ] Accepted 4 blocks ...47a64f933c80d5bbd2bac3b216375c5b0055dfb9fb7e45d7f6e55fd1ef85801daf72f42bf0160aaa8c38b957211e75afa9e8881d73bfd9e0c971d9241391fa7d via relay
2026-08-09 22:06:58.646+09:00 [INFO ] Accepted 5 blocks ...1871c042f3794f7172a153500a78a3644fdbd81638a2f1890650c5e8f9542012c14e2dcf97191f948bc0537c00defb72eccf6b23237d40a0cfcaad8ee0309a5d via relay
2026-08-09 22:07:00.002+09:00 [INFO ] Accepted 3 blocks ...2e1c8398b31b1573760ffd93c9d81fe2c2d1e6b974b359a9bab38596dda12bfb4a175a999073851a06fa404790ac5fc62cd0b98449e46a3e4f8ae94dea6f1cef via relay
2026-08-09 22:07:00.321+09:00 [INFO ] [validator-service] heartbeat: mode=active sink_daa=1015 bond=unconfigured active_set=[epoch=10 is_active_validator=false (active_validators=0)] dns_overlay=configured (stage=Bootstrap, dns_confirmed=false)
2026-08-09 22:07:00.399+09:00 [INFO ] Processed 21 blocks and 21 headers in the last 10.00s (21 transactions; 21 UTXO-validated blocks; 1.05 parents; 1.05 mergeset; 1.00 TPB; 0.0 mass)
2026-08-09 22:07:00.399+09:00 [INFO ] [ibd-perf] 21 hdrs avg: validate(A,parallelizable) 140.7us | commit(serial) 238.5us [add_block 15.6 + db.write 110.1; held-lock 202.9] | f_serial=0.629 f_reach=0.041 | parallelize-ceiling 1.59x
2026-08-09 22:07:01.563+09:00 [INFO ] Accepted block 761618ebca5fdf1b0df335cddd0f2c124ed9e0f015c9e3e3e3d30fe3c17c6eb4d927a9703b2aed111cdd431b21e95776125f886ef7014711cee42138c7ce9f3a via relay
2026-08-09 22:07:03.304+09:00 [INFO ] Accepted 3 blocks ...6d8073b3e722d33f2abbaec13593bfbee71e1dbd21fdf2ab54c44a10f55a5aa8c2645e257c29ae4b843df48b11c3e0cbc627574c87bd33714303dbdbb7704253 via relay
2026-08-09 22:07:04.715+09:00 [INFO ] Accepted block 82c071162b222adca8853be406fb8098702ad70edaba08dca1dc9c5ed35ed3d33203225df8ccd5406dfc395ce22470b01a06a5fcb77094e3be52daa9c478d0c7 via relay
2026-08-09 22:07:06.228+09:00 [INFO ] Accepted 2 blocks ...f60fa45727487649f078e1e3a04bf73ae9ee28f7c5731473cf5891e6955ac2053f32c3f546d155500c88f5151210641cff7138c1736c9f7ab44712eef6fa541d via relay
2026-08-09 22:07:07.290+09:00 [INFO ] Accepted 2 blocks ...b5d98bf6e7b82185bf81b265a861b5932a14206bfb8a38b99af48fe445d82f56e68ea571ee2b4bd8ab832ca3a9a693b8e3d4ec51e1a3ecba003cbbf17ec9abe6 via relay
2026-08-09 22:07:09.630+09:00 [INFO ] Accepted 2 blocks ...58fc926983a434d388c231e409754992780220f609b57f94130c37b3f45007e0cebaa513bda2585d31efe6ee790ae5e006685a6db8f04448c7bebf6563fa9211 via relay
2026-08-09 22:07:10.401+09:00 [INFO ] Processed 11 blocks and 11 headers in the last 10.00s (11 transactions; 11 UTXO-validated blocks; 1.09 parents; 1.09 mergeset; 1.00 TPB; 0.0 mass)
2026-08-09 22:07:10.401+09:00 [INFO ] [ibd-perf] 11 hdrs avg: validate(A,parallelizable) 170.1us | commit(serial) 284.9us [add_block 19.6 + db.write 135.3; held-lock 244.4] | f_serial=0.626 f_reach=0.043 | parallelize-ceiling 1.60x
2026-08-09 22:07:11.945+09:00 [INFO ] Accepted 3 blocks ...86e9a5ceba39f7ee28db64bc5c845107b4b3def02296723a4c82eadba91c2693f806dd8d46fc9ea430e012705d1ca4a3d12065d958510df3af52b7ea4a59af68 via relay
2026-08-09 22:07:13.446+09:00 [INFO ] Accepted 2 blocks ...65828005a144adb996ef785618063c0b118a83aa819d9b666684f7e30c9c4c7ee1c7b6461a39c3556b00dd7ec058243dd98dc767d8ccaf29a7e942bace3add9c via relay
2026-08-09 22:07:15.777+09:00 [INFO ] Accepted 3 blocks ...751f6bd64e3dc6373d21ec4306053b98b28d2bec44ed564a2dce33a1ca1fd09a333a994862932708934a04dac039c418d45312450c2b82dd39d3ee6ff80c4ef8 via relay
2026-08-09 22:07:16.915+09:00 [INFO ] Accepted 3 blocks ...83ce1c40bc81143c95f42049b707cc245b34f37965404a4431402eff24645856b3d011bd8181d31e4addecb52b6b5977201055263d7e8fa56f8cb7751ec552a8 via relay
2026-08-09 22:07:18.366+09:00 [INFO ] Accepted block b95cd52acdda5ee72015c0ce5901d000f08cf2f4a2910c6d79ba69f68a9e066eac4df2e129203478eb4aa182129fdf9b322e079f4210a906c0eb2ae8755f6aba via relay
2026-08-09 22:07:20.403+09:00 [INFO ] Processed 14 blocks and 14 headers in the last 10.00s (14 transactions; 13 UTXO-validated blocks; 1.07 parents; 1.07 mergeset; 1.00 TPB; 0.0 mass)
2026-08-09 22:07:20.403+09:00 [INFO ] [ibd-perf] 14 hdrs avg: validate(A,parallelizable) 278.9us | commit(serial) 406.0us [add_block 20.5 + db.write 228.8; held-lock 359.5] | f_serial=0.593 f_reach=0.030 | parallelize-ceiling 1.69x
2026-08-09 22:07:20.691+09:00 [INFO ] Accepted 2 blocks ...c13725d448661913691b6aeee43a50e4fa8453e1040783a0c6ae52e62f7577eb57d6235c6a188488f1b71deb20bdd9ef9d16662f8743f10d0e119e82ab46b219 via relay
2026-08-09 22:07:22.046+09:00 [INFO ] Accepted 3 blocks ...ca6534dc92753ecdddc3454aa1a73c33b79e6c0e74e0c0999d454a68104af338062dd0415f3cbd7b09c36eb4be60a305029f7d3a14b9795162ef2e8c34dfab87 via relay
2026-08-09 22:07:24.647+09:00 [INFO ] Accepted 3 blocks ...ef6e7c2438b35947780397be2dbc18bf77e1a05577fdebdbf9dfbf559504e2886ab93c2ef0548cfb347fe0d812d09ec8505f3484ee2d2e718e31afd7283acb3d via relay
2026-08-09 22:07:25.888+09:00 [INFO ] Accepted block 800e143b536d42e23794fc083cdb3a4c41881d11c8236707807965c6191520fb3180e2d24a6a116018d2d85544e68940da1a7cdef4faf2555e7dce8f8b9d1c57 via relay
2026-08-09 22:07:27.106+09:00 [INFO ] Accepted 3 blocks ...59ce36612f79c27695ef16eba161e1dcefc26e87e84996f47a86a4e8db9416791493a4f10a4197d4d43cc2a2293712ae7290177f25067db35f54ed485a16c6ea via relay
2026-08-09 22:07:29.915+09:00 [INFO ] Accepted 2 blocks ...9ab5415093c7bad38cda233417ca9b33dde7e4ccb3bfd437c0d7508ea53a72f8560678623400f69cf098824618eb65ea3305566b16589eb6eef1805745c69af4 via relay
2026-08-09 22:07:30.322+09:00 [INFO ] [validator-service] heartbeat: mode=active sink_daa=1052 bond=unconfigured active_set=[epoch=10 is_active_validator=false (active_validators=0)] dns_overlay=configured (stage=Bootstrap, dns_confirmed=false)
2026-08-09 22:07:30.405+09:00 [INFO ] Processed 13 blocks and 13 headers in the last 10.00s (13 transactions; 13 UTXO-validated blocks; 1.00 parents; 1.00 mergeset; 1.00 TPB; 0.0 mass)
2026-08-09 22:07:30.405+09:00 [INFO ] [ibd-perf] 13 hdrs avg: validate(A,parallelizable) 213.6us | commit(serial) 358.9us [add_block 20.3 + db.write 154.5; held-lock 307.7] | f_serial=0.627 f_reach=0.035 | parallelize-ceiling 1.60x
2026-08-09 22:07:31.336+09:00 [INFO ] Accepted block c9a1bf48fda77eee17fc30eeb89b4af00882d7c82cc3da84b57bf774a6cce17bcc1cd39cc95c91a5c43a72cf61cea5949e7059d104f8bab3219dc84e39893db4 via relay
2026-08-09 22:07:33.468+09:00 [INFO ] Accepted 2 blocks ...7363aad1134f4417b77b824080229d5b2aa75955977a0cc38c01d5fdb74f0b4e9a81ef938fa327a23a0080248a47fe70c2a1953c9bf86efc612bb5f27d02fa6c via relay
2026-08-09 22:07:34.479+09:00 [INFO ] Accepted block bcf138d5d9955115fa89120a046d377d0932d3651e336c6ca8325f4098bb941d5c77d083920b2ad22a39ff350fc2609763ac0f3a5b0b0390bd6a2e0f05291721 via relay
2026-08-09 22:07:36.499+09:00 [INFO ] Accepted block ee5256d6719a81762c361311a43d9135b65ba7a67678e5a5523b55a4eb40a7db5c3803d9bca57149064e9d30c4ba79f4ae4288a749623035ef862055d6b43dae via relay
2026-08-09 22:07:37.714+09:00 [INFO ] Accepted 3 blocks ...6252d10cfad3a96560e44b35722ea6c6f7f31de0edc0f3f3afd21364f98458bd3bc0536772dbb900d9b63185d5dd913149c5d0dc21b94670f396e41772512fd8 via relay
2026-08-09 22:07:39.248+09:00 [INFO ] Accepted 4 blocks ...3908f1fdf5344113b21f3190a2e248c13a6b9b6bc288670f9d6001201265ab92cd3fa5fbf9ef4d9e32a0fe550f4b8c643158c7261847510e5c2e7fdae77d4f41 via relay
2026-08-09 22:07:40.372+09:00 [INFO ] Accepted 2 blocks ...1d54ba6105360c022bf95ff98f25c96fa3cd95635549365f42fb7907c8d182fb98430c07a63bdbd1308b76edf09854535e9fec62156019d7b1bd42098f2a61e4 via relay
2026-08-09 22:07:40.406+09:00 [INFO ] Processed 13 blocks and 13 headers in the last 10.00s (13 transactions; 11 UTXO-validated blocks; 1.15 parents; 1.15 mergeset; 1.00 TPB; 0.0 mass)
2026-08-09 22:07:40.406+09:00 [INFO ] [ibd-perf] 13 hdrs avg: validate(A,parallelizable) 122.4us | commit(serial) 222.8us [add_block 13.1 + db.write 102.2; held-lock 188.2] | f_serial=0.645 f_reach=0.038 | parallelize-ceiling 1.55x
2026-08-09 22:07:41.840+09:00 [INFO ] Accepted 4 blocks ...a8e20528eeb5fbf33bab5fcfe3489e7b410996ba4dc41e03e3beb4132c437630c61abb32be4c82e06409a43dde78767813c3619e44318265ce7c3cb2d697577d via relay
2026-08-09 22:07:43.707+09:00 [INFO ] Accepted 3 blocks ...af6affcf569b23a39c4e4a64f601244a7ab275ea9c1115e40c4dc83328f253a4192ecf1074f388ca7104fe81e532987db5e38883fa30e65f33a1ae0104b74ebd via relay
2026-08-09 22:07:45.206+09:00 [INFO ] Accepted 3 blocks ...41fa1a8605d8ed6f2d2a084940f61f974c61027aeffecbef4482f17f0b140bbe991834e95dcbcf59802e6fb2c330aaf5a8d0ed747dd872c3fab11b7ca00e819e via relay
2026-08-09 22:07:46.857+09:00 [INFO ] Accepted 3 blocks ...a355c8bae084de52c59d86d2826819d641ac2ec006f5d56a2472b9f00e15aa3e81f37596194b041dd82176c9f5db224af2e8f92ef55ada1835b93893f941add0 via relay
2026-08-09 22:07:48.196+09:00 [INFO ] EVM lane KPI (O9): 1024 chain blocks, avg mergeset 1.11, avg accepted-gas utilization 0.00%, 0 deposit-claims applied (cumulative)
2026-08-09 22:07:48.344+09:00 [INFO ] Accepted 5 blocks ...b8cb3a555cee2a02c235a09fb70de8ef11598d7a3e3da8d00c7289c54ad8f7fe405acc7ea4a3aae7a8ca8d6209711e10f684391ecfa7680060ada9251985214b via relay
2026-08-09 22:07:49.639+09:00 [INFO ] Accepted 2 blocks ...50121c6251ab6321c9c3365bf692d7e3174195edf13a4ab781c48e667ce304dc43abda15edcf8c633e3d3f20a746f835d8a5992732279f48ddfc9bc196f4cf45 via relay
2026-08-09 22:07:50.408+09:00 [INFO ] Processed 22 blocks and 22 headers in the last 10.00s (22 transactions; 21 UTXO-validated blocks; 1.09 parents; 1.09 mergeset; 1.00 TPB; 0.0 mass)
2026-08-09 22:07:50.410+09:00 [INFO ] [ibd-perf] 22 hdrs avg: validate(A,parallelizable) 102.8us | commit(serial) 231.6us [add_block 15.0 + db.write 120.6; held-lock 203.4] | f_serial=0.693 f_reach=0.045 | parallelize-ceiling 1.44x
2026-08-09 22:07:51.080+09:00 [INFO ] Accepted 4 blocks ...010225daa3277cfd294ed6f717d45f875dd38076c8dfb4f22bffd5cb7733fe359c30b6ab9889ab6eff214dc3733bc23be62016cbebddb2ffae1a8e48e1df0331 via relay
2026-08-09 22:07:52.740+09:00 [INFO ] Accepted 3 blocks ...c47898b9c469faa15d89372e646f7366855f6e6e053271bfc2bc0dd6db44094ccf69fc1629456516893de7ea7919f3be31ca08458b80b56baef10516add792b0 via relay
2026-08-09 22:07:53.800+09:00 [INFO ] Accepted 2 blocks ...b136a2644768da3ea51b0e8d639013a8a300be8c8f0dba4947a7e09feeaa8c9c32466cd4b4f70e554ecfd872a2a5d4837386f2ea8dc6956a6fa384593b6204f3 via relay
2026-08-09 22:07:54.197+09:00 [INFO ] [vlt-shadow] sink_daa=1099 0 validator(s) with credit; 0/10 epoch(s) would reach quorum; newest epoch Some(9): W(E)=0 signed=0 snapshot_root=da58922a615253589a41e07861f369597c88ff1e5ae5e7400a2cc0ff3f81d2ffecd98b5e61ac366165359ceb90118d1937f1c61b594cc8874875ffa08dc6889c — the weight fence is at 18446744073709551615
2026-08-09 22:07:54.818+09:00 [INFO ] Accepted 6 blocks ...8bf46b963f9241662b925be1855f4dbb9b3f3943bdd7df32004087009349010f756b04f1f34c75d78acb9f212b499cb9ada5459d398540bc2f6d1b853c35c051 via relay
2026-08-09 22:07:57.070+09:00 [INFO ] Accepted 4 blocks ...9c83bc4c9987948756c00327510545f56f5fba4da424d5551cfae29e28fe6c7b0b8c145d8560c853e9640f5acde860a108e2c509147c32ecb65a34ebb8bd1ce8 via relay
2026-08-09 22:07:58.381+09:00 [INFO ] Accepted 3 blocks ...c89f5f6d2952b7249876d7382d9b7845398327f8be2e54c726797949804aa9f116c1237bbff2776a39773855d0604df59d231e4adda3b0c098606ee95b6e85fb via relay
2026-08-09 22:07:59.474+09:00 [INFO ] Accepted 2 blocks ...fd0484edba44d28465fb7ad3650a245b2af866416fe58b0f670654cc3564f7bd9aaef0a440df5d9c6e571d4590f0f1182acc61733f74d623398cb620a40523b0 via relay
2026-08-09 22:08:00.324+09:00 [INFO ] [validator-service] heartbeat: mode=active sink_daa=1111 bond=unconfigured active_set=[epoch=11 is_active_validator=false (active_validators=0)] dns_overlay=configured (stage=Bootstrap, dns_confirmed=false)
2026-08-09 22:08:00.411+09:00 [INFO ] Processed 24 blocks and 24 headers in the last 10.00s (24 transactions; 24 UTXO-validated blocks; 1.00 parents; 1.00 mergeset; 1.00 TPB; 0.0 mass)
2026-08-09 22:08:00.411+09:00 [INFO ] [ibd-perf] 24 hdrs avg: validate(A,parallelizable) 95.1us | commit(serial) 209.1us [add_block 13.1 + db.write 98.9; held-lock 178.0] | f_serial=0.687 f_reach=0.043 | parallelize-ceiling 1.45x
2026-08-09 22:08:00.588+09:00 [INFO ] Accepted 2 blocks ...6329d7e3797218930e31899db8c8cf7c8be06a5b62f40f8e71407fb72c489099440dd5927b84396a88929faf0664ddda30d2a025a3e53e1275d7dffb8ee4d7a4 via relay
2026-08-09 22:08:02.183+09:00 [INFO ] Accepted 2 blocks ...ddb9b1181b76e72dd057cda3ce2cdb74037b90e99561b25f73230da6e3195f7a509d357e2b8c4ddd2f63c688309d510aa1cde0de64bc4545807d4d2d8451898a via relay
2026-08-09 22:08:03.312+09:00 [INFO ] Accepted 2 blocks ...9bcab2184770e5d252a12c397c02fc3a43f80c1f9f41c3e7021bdf68027297a59d07bfc8d8f7e68fc971b61b3d4a18018f41fb9e05c83faa8a155dd59f7ed9ff via relay
2026-08-09 22:08:04.378+09:00 [INFO ] Accepted 3 blocks ...e425ac1645e5972a1c6b4cdd5946c70ff32cba2117b1cdd3d1fef42ce168a839d36b0b965014f73af5aed7409ec8addd1d07a3c284160a4e1e64636e17f9339a via relay
2026-08-09 22:08:05.429+09:00 [INFO ] Accepted 4 blocks ...64564698e7b9832774c477bf9d629f7072e64ecfbad5f51459638fc4338f36a4f5d601c9de333bcac5883df6d45048f9c591b48cc7274cb894589934c548a395 via relay
2026-08-09 22:08:06.518+09:00 [INFO ] Accepted 4 blocks ...876bfb0d1435902e4cc8c6cc1780cd613cb79e277950e977c7eadfd8be62f15118ea5d3fc90bcd3ae5832a85096a54a811c3bc4749b2614d4f6d075d501e53d5 via relay
2026-08-09 22:08:08.319+09:00 [INFO ] Accepted 2 blocks ...06345cc20f665dd927b160bc439e73d2a53ea9b0d3b19ef4341f320f20b3ca27faf108daa54068ba70b5c6b43eecc86e85d679db3518763a2e1eb4b0569284d7 via relay
2026-08-09 22:08:09.690+09:00 [INFO ] Accepted 4 blocks ...d1d110e987bd62f0fe1ed77b50c7cfe34bcb045935be39aa9d23b1543f7904a7f987bfdbf47487579cd71ca1f949078acfa775cd0cf2570d623afccda8ad9df0 via relay
2026-08-09 22:08:10.411+09:00 [INFO ] Tx throughput stats: 0.20 u-tps, 100.00% e-tps (in: 0 via RPC, 2 via P2P, out: 2 via accepted blocks)
2026-08-09 22:08:10.412+09:00 [INFO ] Processed 23 blocks and 23 headers in the last 10.00s (25 transactions; 23 UTXO-validated blocks; 1.00 parents; 1.00 mergeset; 1.09 TPB; 23955.5 mass)
2026-08-09 22:08:10.412+09:00 [INFO ] [ibd-perf] 23 hdrs avg: validate(A,parallelizable) 95.9us | commit(serial) 203.5us [add_block 12.9 + db.write 99.9; held-lock 176.5] | f_serial=0.680 f_reach=0.043 | parallelize-ceiling 1.47x
2026-08-09 22:08:10.889+09:00 [INFO ] Accepted 3 blocks ...4cf7977db5d11c169842b02080419e54daeb1096cf8491d448b5cea70435cec2982b8638843a68c02f291f5875c39dcb2841abfd408c2fbb7f631839bf7e5a27 via relay
2026-08-09 22:08:12.723+09:00 [INFO ] Accepted 2 blocks ...a87006c5b749f1bccbe9fc32d19e866c7f9d190b64fad87ff03019d99263a022f339d744b8be3bf91d53363691b4888e1d9da3e65a8b8197ad38e82ee2c3bef8 via relay
2026-08-09 22:08:14.895+09:00 [INFO ] Accepted 4 blocks ...66898bfbfd88b01aaecffda75aa8fc1a5877acfaacddabdf5051c3cb44e42625fd73cf21bdbbd6765100356480225118646f4aaaaaee7bfc81ba2c6bf4c57390 via relay
2026-08-09 22:08:16.346+09:00 [INFO ] Accepted block a49e42c2894406073fef7ad2526c36112d6344b8eb6b18a77398d7f1975d7025fed8e3aa36ad97df777ed3aa04966713ee3ffb5d7a5d79b8302246e9673c2799 via relay
2026-08-09 22:08:17.758+09:00 [INFO ] Accepted 4 blocks ...6ea45693c8652bf6333882a3df749f067280a68f34ef5c7cb33c9102464a084c636f3e8a8b2b38fb37df9dbabc42dcbbb44f03b122521b5cd7bd378307781580 via relay
2026-08-09 22:08:18.814+09:00 [INFO ] Accepted 3 blocks ...49d2ed040fe1439f0e4ed2893be348a27ae56561c34dffaa8b16ebc13e5d6fb76b6ab5e8f27db240ece4c9c854cef774679df59aaa3cede4b5980360e38cec77 via relay
2026-08-09 22:08:20.142+09:00 [INFO ] Accepted 3 blocks ...dbbb5008aa94b02a437d26887aa63936061f32c8b87bdba586be6542609d70b6c1497d6de9921320a44ca4322f8f670f7b467db2b0d486796ebd770e80f68c8e via relay
2026-08-09 22:08:20.413+09:00 [INFO ] Processed 18 blocks and 18 headers in the last 10.00s (18 transactions; 18 UTXO-validated blocks; 1.00 parents; 1.00 mergeset; 1.00 TPB; 0.0 mass)
2026-08-09 22:08:20.413+09:00 [INFO ] [ibd-perf] 18 hdrs avg: validate(A,parallelizable) 96.3us | commit(serial) 195.9us [add_block 11.9 + db.write 93.3; held-lock 168.3] | f_serial=0.670 f_reach=0.041 | parallelize-ceiling 1.49x
2026-08-09 22:08:22.047+09:00 [INFO ] Accepted 4 blocks ...9240a996439b87ed84272c51ce00d4c2958bb7a87b25fbf5010f55bc45cf8809070632c4f56bf99dc2e7622a73475ddda44ea11129c219e661fe879e29df8ddc via relay
2026-08-09 22:08:23.665+09:00 [INFO ] Accepted block 066925efcdc7a41074728683e91dc92a02f5d38aea0ac210e472012177863910ab8587697289bf57e20f1bb2f84419d3f5309b8dd40c87db3d0850decb75dc1b via relay
2026-08-09 22:08:24.972+09:00 [INFO ] Accepted 3 blocks ...23f3bcf0842d03ce6efe80a964d374e0445c34a955cdb14f239758b95dc2f43135a5d22d2030db451f5593cc5a39bb10390c84c2d34dc25f46bf7078baac01e9 via relay
2026-08-09 22:08:27.653+09:00 [INFO ] Accepted 2 blocks ...8500a9e6fcd768cbd6af640ef8bcee43751eb0aad10cb4808c5f1e254cd4fa7fabb2c0e135cd4811e9cbbc5b0d572a66c283eff598837a83358f2ab3a66fc177 via relay
2026-08-09 22:08:28.929+09:00 [INFO ] Accepted 6 blocks ...ab7a7b59cdf2614cc40b0ee9d381e591e92716e8c1ff039996819359d8df37a7cfcf699154f9ed6c9bc812e2342bd7b2d2fc8ee9867f351684e39ad9243f2997 via relay
2026-08-09 22:08:30.325+09:00 [INFO ] [validator-service] heartbeat: mode=active sink_daa=1173 bond=unconfigured active_set=[epoch=11 is_active_validator=false (active_validators=2)] dns_overlay=configured (stage=Bootstrap, dns_confirmed=false)
2026-08-09 22:08:30.416+09:00 [INFO ] Processed 20 blocks and 20 headers in the last 10.00s (20 transactions; 20 UTXO-validated blocks; 1.00 parents; 1.00 mergeset; 1.00 TPB; 0.0 mass)
2026-08-09 22:08:30.416+09:00 [INFO ] [ibd-perf] 20 hdrs avg: validate(A,parallelizable) 105.7us | commit(serial) 206.0us [add_block 13.4 + db.write 98.1; held-lock 176.5] | f_serial=0.661 f_reach=0.043 | parallelize-ceiling 1.51x
2026-08-09 22:08:30.465+09:00 [INFO ] Accepted 4 blocks ...eaabd4b7fa07f57ec91962071e531ee0df9e3f74df90b0ffc6e06b53c24224a911a9e7be11c914134c9ba44c82b3102badc5ed671d8e1fe0992ce1ebb6601adf via relay
2026-08-09 22:08:31.776+09:00 [INFO ] Accepted block cd75bdcb4bb1af09cfaabc939be3cf3682e39671a96cb7fc4ef004aae7b9a1af89d6223eba18e609e63997a1d771d33a48097362491e456586add21578d2ba1e via relay
2026-08-09 22:08:32.923+09:00 [INFO ] Accepted 5 blocks ...8ef3fc42c721d808c1f461b457e2af129a79190839b2db2cee3a5176ab65de0b2d255f842fc64d461e339c28505405875b4cbffb6f41c05a777cc15d8f5cbf1c via relay
2026-08-09 22:08:34.972+09:00 [INFO ] Accepted 3 blocks ...8c98075b7e8c48b6fc89410ddcf5d099ac27f8ae9b5d81700b17e6e57e74cc75e2f88a139beed78f39e83b6365eba2a1b773609b242c3c964069260bd9434592 via relay
2026-08-09 22:08:36.206+09:00 [INFO ] Accepted 4 blocks ...e2ed9350495007f5d7b817ae8ef3944d8abab437cb82e0bbd48b735f69377875007d2c8c44a9a84bad8e5994d82c9b4f6fb814d770760b1f1ed0ff689767dd2a via relay
2026-08-09 22:08:37.775+09:00 [INFO ] Accepted 3 blocks ...5307ec4b8aba2e47347e04d6501c43b002d1c2b33bc49de8718a357d557a8114207a93fdaee8c6842a6c60066e7943cb48ddf3bdf8f92f911dc35ac351d469da via relay
2026-08-09 22:08:38.938+09:00 [INFO ] Accepted block 26c92484a79845f91867de021906fdd30b560e3fe3c81f3cd966e83ad8410eaa34e060678137b13215fb338c7e2a5a6396fe5d2bda119a1edb475b4a5546f8d8 via relay
2026-08-09 22:08:40.418+09:00 [INFO ] Processed 20 blocks and 20 headers in the last 10.00s (20 transactions; 20 UTXO-validated blocks; 1.00 parents; 1.00 mergeset; 1.00 TPB; 0.0 mass)
2026-08-09 22:08:40.418+09:00 [INFO ] [ibd-perf] 20 hdrs avg: validate(A,parallelizable) 105.8us | commit(serial) 217.6us [add_block 14.1 + db.write 105.2; held-lock 185.3] | f_serial=0.673 f_reach=0.044 | parallelize-ceiling 1.49x
2026-08-09 22:08:40.918+09:00 [INFO ] Accepted 3 blocks ...3fc6f243e43046fb583a735217e364fd53dcdd45ab370f57c6a79eec2a7477a6d5ef021785cd0fad1af48e131e4bafbe5a92c87a79570144ba1a69ee85fb06dc via relay
2026-08-09 22:08:42.049+09:00 [INFO ] Accepted 3 blocks ...b81f8ef4fce8838bf3e0780becf9dde2e7b227019b822cb610ee19ab9952e56004778821074e839daaf3beebf32fade622b98b995df47f4cace6c293629ac7ca via relay
2026-08-09 22:08:43.708+09:00 [INFO ] Accepted 2 blocks ...61733a4cfab072ee02aee0790fce5377299a2f2943b00c6c30ca4a61037a72ee066732f0b67265958c62012510bebd3efeca3dbc9cbd10fed06cf2ea64dd5556 via relay
2026-08-09 22:08:44.161+09:00 [INFO ] [vlt-shadow] sink_daa=1199 0 validator(s) with credit; 0/11 epoch(s) would reach quorum; newest epoch Some(10): W(E)=0 signed=0 snapshot_root=10561f782310980aa87fbd1ab40a942cb0c8b69c7b03bdbbd87237777fe3e429b4f613e836bc57cfd270173fd5e8f83ab73df974e9e9bf70feb92d5b61df1680 — the weight fence is at 18446744073709551615
2026-08-09 22:08:45.164+09:00 [INFO ] Accepted 3 blocks ...7a0994899fd9732ffccd124a2b449e30cf95b3e6c2740ec7b0441cc2c4847c425766d6c8e85e3ce213c852cac8daf7b6a0ae5796072ba0c710df9e27584d2a2e via relay
2026-08-09 22:08:47.058+09:00 [INFO ] Accepted 5 blocks ...46f2b542f2335cdd5a6107ed636ae8d7209fd70bbcb9cde5f77ffafbbd0f8060b4bd84a2326215025bbe9ce6e8b9ac0847abe98ba68d3b2440ff72315ac0cb33 via relay
2026-08-09 22:08:48.625+09:00 [INFO ] Accepted 2 blocks ...3f2fcf5987eef4783ba06623f0a08a0a961a645a7182ccc933340c9bb6479679bdb6df0addf4cb3d78c4a36683102bba2efab0caddbec05b17b25055e771b301 via relay
2026-08-09 22:08:49.833+09:00 [INFO ] Accepted 2 blocks ...9f438bc705ceb2934ae132b8c2604a5523df338af9012f51dd15562c61e33b5d00bf4c27f528892ab6af2cd8198fb75843aa3d461ae1e3bc98acf8b7d87bf703 via relay
2026-08-09 22:08:50.420+09:00 [INFO ] Processed 19 blocks and 19 headers in the last 10.00s (19 transactions; 19 UTXO-validated blocks; 1.00 parents; 1.00 mergeset; 1.00 TPB; 0.0 mass)
2026-08-09 22:08:50.420+09:00 [INFO ] [ibd-perf] 19 hdrs avg: validate(A,parallelizable) 103.7us | commit(serial) 226.3us [add_block 13.5 + db.write 105.7; held-lock 196.0] | f_serial=0.686 f_reach=0.041 | parallelize-ceiling 1.46x
2026-08-09 22:08:50.966+09:00 [INFO ] Accepted 3 blocks ...6cb4a60b6d7d000a12f889b9036405a376a7e8203d234f31e5ea96d1791ddad770e21283b48fb62218ab6ae58d1f30108611b67224bf6ea9abeb2c7888287db0 via relay
2026-08-09 22:08:52.149+09:00 [INFO ] Accepted 7 blocks ...f329c8be00bfec984a32d0c046ebbef81cbb8dc1d60703a5616bbe54d17d851c3156f6623f51f5c55486a4d5f821d7db541ac6f38c96b8e7cf53363a8d6923fb via relay
2026-08-09 22:08:53.528+09:00 [INFO ] Accepted 3 blocks ...0262f3ddb803eb9cb073e9f9e6664d207f318fe8f6763fb4b332446b06dd8c168ebdeb70f524fb5668e1c7661b0cced6c6b5db59bfd18c05836fa76c1d346242 via relay
2026-08-09 22:08:54.553+09:00 [INFO ] Accepted 2 blocks ...865b391f0c84fa7ea540cb9fe89df9cef5d143c487f8a95b2417dc125b3b656719c30ca4e7b7cd0954e543f5ab544acc37109554db82ab815aeb82d65e86dbff via relay
2026-08-09 22:08:55.594+09:00 [INFO ] Accepted 3 blocks ...256ab5ad967e474744f6c01af5fe423f5a58413c6c67fb929d83624662445be09bb0bed26891d1559cd731ac457fb9a96c43ebb7f93afa8f09ede76296c21f11 via relay
2026-08-09 22:08:56.635+09:00 [INFO ] Accepted block 336a56206a87c9996679fd758c1e18428617c39d6075e73395bf1d48cd6bcf4f8f09c63013423f33934979e3cad08d528ad36832d33ed73202caef64149462fa via relay
2026-08-09 22:08:57.813+09:00 [INFO ] Accepted 3 blocks ...c8e5f8513bf95ee57f95e449505ce23fce8d943568331ec384194e7351bee5b739027fa525a5505732b9835509d8413d88de482b7d4dd5e586cf3da386390a6b via relay
2026-08-09 22:08:58.942+09:00 [INFO ] Accepted 4 blocks ...d76ec1b9c2180b02c813121c7b9c1c557b2247eaa290291e2a9eba8fa07caba31acf600ba6050cff05f941ebf8f530448ce81054dfc9d54c6780a1b4cabe09da via relay
2026-08-09 22:09:00.101+09:00 [INFO ] Accepted 2 blocks ...91a22145e481e63bde4d6eb7064c71d6068a71204121d2b8c1452c9d8fcec23bfef914d523e84a87c472b238653aadff5e0fc6d11b189fd96a30c3b8ade498f5 via relay
2026-08-09 22:09:00.327+09:00 [INFO ] [validator-service] heartbeat: mode=active sink_daa=1238 bond=unconfigured active_set=[epoch=12 is_active_validator=false (active_validators=2)] dns_overlay=configured (stage=Active, dns_confirmed=false)
2026-08-09 22:09:00.421+09:00 [INFO ] Processed 26 blocks and 26 headers in the last 10.00s (26 transactions; 26 UTXO-validated blocks; 1.00 parents; 1.00 mergeset; 1.00 TPB; 0.0 mass)
2026-08-09 22:09:00.421+09:00 [INFO ] [ibd-perf] 26 hdrs avg: validate(A,parallelizable) 109.1us | commit(serial) 212.5us [add_block 14.5 + db.write 99.3; held-lock 180.4] | f_serial=0.661 f_reach=0.045 | parallelize-ceiling 1.51x
2026-08-09 22:09:02.102+09:00 [INFO ] Accepted 3 blocks ...dfc9517a13e0e31e78560635d7969a12e0571924014887c6df446c72381b41365d7815411b10641b78755bf05fd052c872357f976bb6c0ddf578008221c3c52b via relay
2026-08-09 22:09:03.969+09:00 [INFO ] Accepted 2 blocks ...c3965b6eac1f6ccc38a584fff037aae1b24cf67f2e85b401fa5e042ead47d1e50176f12981924ba0f6f432ebbb9ffc28d10d20ad5e37087b7a0feb129e4cef61 via relay
2026-08-09 22:09:04.987+09:00 [INFO ] Accepted 3 blocks ...1b36f3d90e870f24f25138b8481e420a9439f2b6132b8e0f5805a6eccf898cd8bed9bd5d390531d35263beab9edc5b9293a5f37ab36fb411ec3561f0a6203616 via relay
2026-08-09 22:09:06.676+09:00 [INFO ] Accepted 3 blocks ...eecab0f63a28f9f3c31816ed3ab54cf7ff685c2a441c29a7c667d2d5423c718e742ad1d16b39cd4f193d49557645d2f2310f4f4969c7078e85673123012412db via relay
2026-08-09 22:09:08.383+09:00 [INFO ] Accepted 2 blocks ...ccc1d45d57939809f2500fe7ef25dbf29cbb2983189af89ea351252267a801a8950ca84b2bb0450232bb9b6b8c8b2393c22c4dff17b6e90fa6be4198bfdc846a via relay
2026-08-09 22:09:10.281+09:00 [INFO ] Accepted 3 blocks ...f51df489acf18ffcf019657348e296b84e232cc9b991d4692541adc12e0d612a24fb0ce085cae66aef8e18022911ceb06e339c41077fe4660828f1c4b794ec1f via relay
2026-08-09 22:09:10.422+09:00 [INFO ] Processed 15 blocks and 15 headers in the last 10.00s (15 transactions; 14 UTXO-validated blocks; 1.07 parents; 1.07 mergeset; 1.00 TPB; 0.0 mass)
2026-08-09 22:09:10.422+09:00 [INFO ] [ibd-perf] 15 hdrs avg: validate(A,parallelizable) 120.8us | commit(serial) 224.7us [add_block 15.7 + db.write 110.1; held-lock 190.3] | f_serial=0.650 f_reach=0.045 | parallelize-ceiling 1.54x
2026-08-09 22:09:12.187+09:00 [INFO ] Accepted block 8074613a7559bf03b866d98fddc59e119a993042174704f8ec32c92eca70cf9b38d624dfe66bc56510257cd6d7f15f377b0fba893eef1d21264833a9844dc088 via relay
2026-08-09 22:09:13.362+09:00 [INFO ] Accepted 2 blocks ...1a42e70b7139fd1ca821e221627ef2a48a234288c51aa99f8f884b121deb9f9faf62f428115aa643b1f1f68746e9a1682900d2c1428fa9d2d610fe60a2f063f6 via relay
2026-08-09 22:09:14.397+09:00 [INFO ] Accepted 3 blocks ...320152c479d69efb5b2ccd16a2aa7267a7b2d5c6e4b9ccf561857b2bf7844e2bd58a0d4beeefa95a89ec78f6ad25248029d8f5c1b0c8dd9826b29b5d5983a4c3 via relay
2026-08-09 22:09:15.550+09:00 [INFO ] Accepted 3 blocks ...a72762b1c7a321f4cf499e460e8181c828b3c93665b51ec662c2909f0881e0b9b208842cec49354719eb850fb576736a9aeaf1c01a3cd61755b39034fc062584 via relay
2026-08-09 22:09:16.974+09:00 [INFO ] Accepted 2 blocks ...db1233bce5818be3b388ea2f111428d24d34234c2f13ec7391ff067c8f3b93738106d7103d459a58c3411dc812ddc82661c5aaee21ff4898a2fa79dc0b7adda7 via relay
2026-08-09 22:09:18.487+09:00 [INFO ] Accepted block a1f7320ff4c5e75925ccaa7474e321fd1a05a0c3624602b0001469439c29c23d1d0aa3d6b864553366a7707cb85abf6b35ffae611c2926c82b77982fdbe52611 via relay
2026-08-09 22:09:19.734+09:00 [INFO ] Accepted 6 blocks ...3ef2d3289f73aa91276d2ee32a4c989444e1359b7f2eedd0c166f1d365c035b27ad8ae7a1ea788cc916efe6acbbbce1ab46d7fc92ab2647af88563adea087177 via relay
2026-08-09 22:09:20.425+09:00 [INFO ] Processed 23 blocks and 23 headers in the last 10.00s (23 transactions; 20 UTXO-validated blocks; 1.17 parents; 1.17 mergeset; 1.00 TPB; 0.0 mass)
2026-08-09 22:09:20.425+09:00 [INFO ] [ibd-perf] 23 hdrs avg: validate(A,parallelizable) 110.1us | commit(serial) 212.1us [add_block 15.1 + db.write 102.4; held-lock 178.5] | f_serial=0.658 f_reach=0.047 | parallelize-ceiling 1.52x
2026-08-09 22:09:20.804+09:00 [INFO ] Accepted 6 blocks ...5d63dab737aee6c618bc15645e05f6374f2fa624601ed49bf56894101dfcc1dca23d204c541e2be98034f2f6bf67cc89969ff4d55cec00af802320c76b7cdf56 via relay
2026-08-09 22:09:22.159+09:00 [INFO ] Accepted 4 blocks ...4ecca8f9a2139100b2d002e5c298b96ebac7a0aaa55de3c0f6dab0b9a04dafc3b62a039af8f87cbf917cff82e73ba8b5cd464cf0cbafde42e800cbd3b50b4308 via relay
2026-08-09 22:09:24.260+09:00 [INFO ] Accepted 3 blocks ...aba4adfcfbcf4b762bd5d0411677f227e3d8e6be3fb4a50dbe8703e4b9396f3b3f4ec81c9baca29487a28d8a7bf2a7d874f3f5d3226efd3f1ca103c9b914fd2f via relay
2026-08-09 22:09:25.616+09:00 [INFO ] Accepted block b9897d7e3620f5c69468cfae4ee99bb2183819a68dd88cc50aea1dfea6c28420ee048d05fea161a71126d7c79e9e4aed0472edbec7abf3385e6dee4733cdd9d9 via relay
2026-08-09 22:09:27.069+09:00 [INFO ] Accepted 4 blocks ...0c5ed98726e5f0e79a1c30bb4b0ebae3406d6fdc5b6db4f428031c6be72816cff1ea2075396146c42730f9f75e495c5753083ea86f0724c5b4851ff86499b564 via relay
2026-08-09 22:09:29.104+09:00 [INFO ] Accepted 4 blocks ...2b20c3aa55d5ece098ff9aa0da3e992e738a158a070d8fee5908709069c709176f965f16a55fa685f75e5bcc5b82336e2bb5afc510bf86627d3ce01a30a51c35 via relay
2026-08-09 22:09:30.124+09:00 [INFO ] Accepted block 4bf2d93a0162cf2896be5bf967f69d386503fb7459b60fc8707a66b6eee326ceeb10b2ef7886dee06a83f4e01488318e521b46884bb63f84a626eeb0ada0a097 via relay
2026-08-09 22:09:30.330+09:00 [INFO ] [validator-service] heartbeat: mode=active sink_daa=1294 bond=unconfigured active_set=[epoch=12 is_active_validator=false (active_validators=2)] dns_overlay=configured (stage=Active, dns_confirmed=false)
2026-08-09 22:09:30.426+09:00 [INFO ] Processed 18 blocks and 18 headers in the last 10.00s (18 transactions; 18 UTXO-validated blocks; 1.00 parents; 1.00 mergeset; 1.00 TPB; 0.0 mass)
2026-08-09 22:09:30.426+09:00 [INFO ] [ibd-perf] 18 hdrs avg: validate(A,parallelizable) 93.8us | commit(serial) 207.7us [add_block 12.4 + db.write 104.8; held-lock 178.4] | f_serial=0.689 f_reach=0.041 | parallelize-ceiling 1.45x
2026-08-09 22:09:31.400+09:00 [INFO ] [vlt-shadow] sink_daa=1299 0 validator(s) with credit; 0/12 epoch(s) would reach quorum; newest epoch Some(11): W(E)=0 signed=0 snapshot_root=25950bf9eed289b2f0cff04c555f8ad45602f2b92f07a6d267c4602564b03e83dab65599551773109b2c17f0fded5d79b84f292d72923cd0326d94d493172cd7 — the weight fence is at 18446744073709551615
2026-08-09 22:09:31.816+09:00 [INFO ] Accepted 5 blocks ...3ab90fe211ed353bdaf094faedef4f901a07cb76024030217ee8ec3c437a41dad44c798b356fb3993248f5f529f61da326fb2c79297b42e82209a83803b2482a via relay
2026-08-09 22:09:33.179+09:00 [INFO ] Accepted block 6e0697feaf33e0cfcb7cab519624c7dbc214e068c38654e3eba6fc49e2c7f770ad1fd8b5bbaa1f54e8c63f791f709d557527d86a32792d50a0a08b389f67135e via relay
2026-08-09 22:09:34.498+09:00 [INFO ] Accepted 6 blocks ...96112653f4e97a947506fb87db8a7fc305154efd7020cdf5f19fabebdb95f44b0a8f91f00f712e0e2e22f908802bb5b8f79ebce2caf0b1468513bbf6abf05f67 via relay
2026-08-09 22:09:35.776+09:00 [INFO ] Accepted 6 blocks ...6dfd7ecf3270dfa0fdf3b43d2d20e965a3545c4d94fcb13323d0f289f822802f2c6cf414acd62c07c0c5518995019e7f330757914aff58370172187939599bac via relay
2026-08-09 22:09:37.151+09:00 [INFO ] Accepted block a058f83ce63f1d1b41777803609fdc0faa6febb464ba7c53e8be89751adfe5b665ec6ea47f7b557ed43d2ca5242cde567352a9a748f642fce906cba92e6d2637 via relay
2026-08-09 22:09:38.217+09:00 [INFO ] Accepted 3 blocks ...d1ec511d5623cecf095fe8e66d9ef74ce034fe8266a4074e0002ba70d2f01cb163a09922e861eee102769d8d450d8065fbbcc840e7a4d169d1dd6f9ca8d25690 via relay
2026-08-09 22:09:39.540+09:00 [INFO ] Accepted 4 blocks ...76cb3fbd5e92f0ba9b3d52257b42ddabfc459172a5f4ba177e6e78efc6ae242202148eec86781fed9fbea98e7f75b2b45415189f473027a9141ae9fd469171f2 via relay
2026-08-09 22:09:40.429+09:00 [INFO ] Tx throughput stats: 0.30 u-tps, 100.00% e-tps (in: 0 via RPC, 3 via P2P, out: 3 via accepted blocks)
2026-08-09 22:09:40.429+09:00 [INFO ] Processed 27 blocks and 27 headers in the last 10.00s (30 transactions; 27 UTXO-validated blocks; 1.00 parents; 1.00 mergeset; 1.11 TPB; 30609.8 mass)
2026-08-09 22:09:40.429+09:00 [INFO ] [ibd-perf] 27 hdrs avg: validate(A,parallelizable) 99.3us | commit(serial) 210.5us [add_block 13.7 + db.write 96.0; held-lock 181.4] | f_serial=0.680 f_reach=0.044 | parallelize-ceiling 1.47x
2026-08-09 22:09:41.376+09:00 [INFO ] Accepted 2 blocks ...0a577415cd60a054d087de03501476e2e463f0e1063a3bb71cb607a495aca3efbb62a98a7da5bd4e4cfded602a54b8f363637662b5cd91131bddea9f5ead4ffd via relay
2026-08-09 22:09:42.643+09:00 [INFO ] Accepted 4 blocks ...e2dbb24d93852b4f262f1a116b899666149f074d397a5dca75db95820e24e2b4e152ec9badf5ec3615ca413ebf3bf527fb441a94885f3ae5ee6a38b56b0918d8 via relay
2026-08-09 22:09:44.508+09:00 [INFO ] Accepted 4 blocks ...44579bf6c2e58c2b09220e2b9d1b9d14412ce63a80efbd1fb8c4b1acd6d71f4f61a38f9fb974011993fce56d091fe3bd6668965f9b6ab8f5f6f1c3e3a47d78ee via relay
2026-08-09 22:09:46.010+09:00 [INFO ] Accepted 2 blocks ...af3617dec2e3e98bee934b89ef5662be7b62e2421876b51a43214601cdf7ffbdb571b7de635f5e626e58062aaae54723e9ada4577b6261a4d5ca674c0c5eeb88 via relay
2026-08-09 22:09:49.104+09:00 [INFO ] Accepted 3 blocks ...1125d8ac43d0f2bf19ed515de077d5346e7bb0dedb53cf35f0358c4c519b38afd334efb0a32bbe57aa45c30d54b8fb9c1486b0bea3dcae037a4336b4350e7960 via relay
2026-08-09 22:09:50.335+09:00 [INFO ] Accepted block 9a49d2f4ff2586b17d363235a1557f6f1379725172b1c45daf8d9e0b6d39853aa6828223a3949b717d56ad5890c4e471b86da2b9b2454bdfe753e7bcb2304831 via relay
2026-08-09 22:09:50.432+09:00 [INFO ] Processed 15 blocks and 15 headers in the last 10.00s (15 transactions; 15 UTXO-validated blocks; 1.00 parents; 1.00 mergeset; 1.00 TPB; 0.0 mass)
2026-08-09 22:09:50.432+09:00 [INFO ] [ibd-perf] 15 hdrs avg: validate(A,parallelizable) 101.3us | commit(serial) 150.1us [add_block 12.2 + db.write 44.6; held-lock 118.5] | f_serial=0.597 f_reach=0.048 | parallelize-ceiling 1.67x
2026-08-09 22:09:52.075+09:00 [INFO ] Accepted 2 blocks ...e6718e7ce93b2a9555b94afbfd67a2b50f2a1a4f2f5e23a2115fd8d2587ec13fa57eef90470c611d6864b0e406e8245bbc3796998678806c1ebad21d712a55b7 via relay
2026-08-09 22:09:53.112+09:00 [INFO ] Accepted 2 blocks ...57b95ee9c0792e88ea6d3cd71db11013e3c23f0c211cf5516410461daeda1108d17f17a987defe9ec16708ebad4c3f04fd7407ab9e6ee0867cc2d6ad131263d4 via relay
2026-08-09 22:09:55.597+09:00 [INFO ] Accepted 3 blocks ...d3d66da70f4d8aaeb0eb55115e0b98a212b1d967090a2e0b355464d8137397d9cb3ccd3d7c3339fd78e77627e16ad65841d66db1f3902dd574e328d8ee646cbe via relay
2026-08-09 22:09:57.395+09:00 [INFO ] EVM lane KPI (O9): 1280 chain blocks, avg mergeset 1.09, avg accepted-gas utilization 0.00%, 0 deposit-claims applied (cumulative)
2026-08-09 22:09:58.402+09:00 [INFO ] Accepted 2 blocks ...f332b55c4d8bb681d7e1bc46487d1d6eb75a78af65837c11114fa2e6f7ed26c069fbae29520b3b52df5a29ddf73e1f6a463390f811365121570bfbba1c836612 via relay
2026-08-09 22:09:59.067+09:00 [INFO ] P2P, incoming stream ended from peer 127.0.0.1:17111
2026-08-09 22:09:59.070+09:00 [INFO ] P2P, incoming stream ended from peer 127.0.0.1:17121
2026-08-09 22:09:59.072+09:00 [INFO ] P2P, incoming stream ended from peer 127.0.0.1:17131
2026-08-09 22:09:59.073+09:00 [INFO ] P2P, incoming stream ended from peer 127.0.0.1:17141
^SIGTERM - shutting down...
2026-08-09 22:09:59.075+09:00 [INFO ] P2P Server stopped: 127.0.0.1:17151
2026-08-09 22:09:59.075+09:00 [INFO ] WRPC Server stopped on: 127.0.0.1:17152
2026-08-09 22:09:59.075+09:00 [INFO ] GRPC Server stopped on: 127.0.0.1:17150
2026-08-09 22:09:59.577+09:00 [INFO ] Accepted block 48354837ea4f2e2b55db419421c068d2bd9e8594bf7ae2f65f0c3630343ab0e3e24f03d854011092d7465096e5d8ffdbeaebbf0fc484bc8351e2b278f62d98af via relay
2026-08-09 22:09:59.580+09:00 [INFO ] Kaspad has stopped...
2026-08-09 22:10:04.128+09:00 [INFO ] kaspad v1.1.0-c856839
2026-08-09 22:10:04.129+09:00 [INFO ] Application directory: /Users/wata/Downloads/MISAKA-testnet/.misaka-vlt-devnet-3/node-4
2026-08-09 22:10:04.129+09:00 [INFO ] Data directory: /Users/wata/Downloads/MISAKA-testnet/.misaka-vlt-devnet-3/node-4/misaka-devnet/datadir
2026-08-09 22:10:04.129+09:00 [INFO ] Logs directory: /Users/wata/Downloads/MISAKA-testnet/.misaka-vlt-devnet-3/node-4/misaka-devnet/logs
2026-08-09 22:10:04.129+09:00 [INFO ] Utxoindex Data directory /Users/wata/Downloads/MISAKA-testnet/.misaka-vlt-devnet-3/node-4/misaka-devnet/datadir/utxoindex
2026-08-09 22:10:04.141+09:00 [INFO ] P2P bootstrap: DNS seed disabled (--nodnsseed) — using explicit peers + the address manager
2026-08-09 22:10:04.159+09:00 [INFO ] [UPnP] Attempting to register upnp... (to disable run the node with --disable-upnp)
2026-08-09 22:10:14.160+09:00 [WARN ] [UPnP] Error adding port mapping: IO error: Resource temporarily unavailable (os error 35)
2026-08-09 22:10:14.161+09:00 [INFO ] [validator-service] loaded validator signing key from /Users/wata/Downloads/MISAKA-testnet/.misaka-vlt-devnet-3/node-4/validator.key (validator_id=fc61569c056a235bdf4b867bf82e0cf9b962a3b81998e0d70d2cbbed78f6d8b53bc1e337a2d3d6d179e7064b6303bf3b64ab939f46fb79eb631b1e1c3dd23e96)
2026-08-09 22:10:14.161+09:00 [INFO ] [validator-service] funding address: misakadev:qttx9vfrnxye6epur3jfm6hytwlhquy4rmd8mfl5vxw8yrx8rmy390nc8dj3kgjxud3kvl8e44pk28c8z77wmr58gy4cmmdlk2gwffp0gkhvcmrr — send UTXOs here to fund attestation-shard submission
2026-08-09 22:10:14.161+09:00 [INFO ] [validator-service] equivocation-safety log /Users/wata/Downloads/MISAKA-testnet/.misaka-vlt-devnet-3/node-4/misaka-devnet/validator-state.json (0 prior epoch(s))
2026-08-09 22:10:14.161+09:00 [WARN ] [validator-compute] --enable-compute without --compute-worker: using the DEVNET VLT FIXTURE runtime.                      Deterministic, not a model — valid only where the fixture profile is registered.
2026-08-09 22:10:14.161+09:00 [INFO ] [validator-compute] executor job input: /Users/wata/Downloads/MISAKA-testnet/.misaka-vlt-devnet-3/node-4/compute-prompt.txt (41 bytes)
2026-08-09 22:10:14.161+09:00 [INFO ] [validator-compute] devnet fixture: max_tokens pinned to the fixed job shape (15 = 10 prefill + 5 decode, 50 VLT/job); --compute-max-tokens=512 ignored
2026-08-09 22:10:14.161+09:00 [INFO ] [validator-compute] enabled: runtime=7ee20f6e853b2fb413bbbef94f7a6fc8951e82d55efec7c739f2c5267fea6eae7d68b9bf9f29566505ec539068b0677e7a16f833ad18d106f54556d3a6ecce7d class=8d416f720772b533f43006c4cbdc1effa7fc5d1e3fb7974dfecaa9589f1e2865a6144ef5d8d996e456d64429d6d42d9b32cc2fe98a97c5f08704d43c420c89ed max_tokens=15 auto_challenge=false
2026-08-09 22:10:14.161+09:00 [INFO ] [validator-compute] fixture quota: 0/3 job(s) certified, 0 slot(s) claimed (plan 7ee20f6e853b2fb413bbbef94f7a6fc8951e82d55efec7c739f2c5267fea6eae7d68b9bf9f29566505ec539068b0677e7a16f833ad18d106f54556d3a6ecce7d:3:15:41)
2026-08-09 22:10:14.162+09:00 [INFO ] MISAKA node endpoints (network devnet):
2026-08-09 22:10:14.162+09:00 [INFO ]   P2P:             127.0.0.1:17151   node-to-node only (not RPC)
2026-08-09 22:10:14.162+09:00 [INFO ]   node-grpc:       127.0.0.1:17150   miner / low-level node RPC
2026-08-09 22:10:14.162+09:00 [INFO ]   node-wrpc-borsh: 127.0.0.1:17152   validator / wallet / operator
2026-08-09 22:10:14.162+09:00 [INFO ]   node-wrpc-json:  disabled   explorer / browser
2026-08-09 22:10:14.162+09:00 [INFO ]   evm-rpc-http:    disabled   Ethereum JSON-RPC (EVM lane)
2026-08-09 22:10:14.162+09:00 [INFO ] Startup pruning recovery deferred (consensus transitional or catching up); the pruning worker will retry on its first message
2026-08-09 22:10:14.162+09:00 [INFO ] GRPC Server starting on: 127.0.0.1:17150
2026-08-09 22:10:14.162+09:00 [INFO ] P2P Server starting on: 127.0.0.1:17151
2026-08-09 22:10:14.162+09:00 [INFO ] [validator-service] starting (mode=active, validator_id=fc61569c056a235bdf4b867bf82e0cf9b962a3b81998e0d70d2cbbed78f6d8b53bc1e337a2d3d6d179e7064b6303bf3b64ab939f46fb79eb631b1e1c3dd23e96, stake-bond=30291a9ab59d40ac03872894c406c119f54f3ca0f059e86131c8ed7c6a0f389cfa700ef1e9ce99fc44b23cd0c607312b18a9c9b0010dcf9e926e8ca7a369b8fd:0)
2026-08-09 22:10:14.162+09:00 [INFO ] WRPC Server starting on: 127.0.0.1:17152
2026-08-09 22:10:14.163+09:00 [INFO ] Registering p2p flows for peer 127.0.0.1:17111 for protocol version 102
2026-08-09 22:10:14.163+09:00 [INFO ] P2P Connected to outgoing peer 127.0.0.1:17111 (outbound: 1)
2026-08-09 22:10:14.164+09:00 [INFO ] Registering p2p flows for peer 127.0.0.1:17121 for protocol version 102
2026-08-09 22:10:14.164+09:00 [INFO ] P2P Connected to outgoing peer 127.0.0.1:17121 (outbound: 2)
2026-08-09 22:10:14.165+09:00 [INFO ] Registering p2p flows for peer 127.0.0.1:17131 for protocol version 102
2026-08-09 22:10:14.165+09:00 [INFO ] P2P Connected to outgoing peer 127.0.0.1:17131 (outbound: 3)
2026-08-09 22:10:14.166+09:00 [INFO ] Registering p2p flows for peer 127.0.0.1:17141 for protocol version 102
2026-08-09 22:10:14.166+09:00 [INFO ] P2P Connected to outgoing peer 127.0.0.1:17141 (outbound: 4)
2026-08-09 22:10:16.361+09:00 [INFO ] Accepted block a51dc396cbbcc7b892fe277ef870953a83b6c5ab89fd127440f3658088a686103ed89ade2d8d2c314f171df17ee1a640ef32774e130799c68f4307c4892eafb2 via relay
2026-08-09 22:10:17.429+09:00 [INFO ] Accepted block c01bca7893ccdffbd0002cc0ecc65eff43f17f26a93109c9a3c5d61f506fd7d8ba92083bd5604e41b41ed4b55698712246dd0b4d977b5a318cb26fcb6da3ed19 via relay
2026-08-09 22:10:18.528+09:00 [INFO ] Accepted block 6d4658b9052c07be2adc9ac3d6e4845ff67bf20f45d7ae86726339ebe6ab2d6f299f3f97dbc26b29c65ba4fb72e7cbd8e3d03ccc1662e6cc643fba05c46d9199 via relay
2026-08-09 22:10:19.931+09:00 [INFO ] Accepted block 4a6c94edf370c2366c1b95edd32de9dee8aec4d4294be523f16a50a7a87bef34dc7cf690df4f31799b0215263c09fe0025be71dcf619d7b6e33d96f91a7d0c6a via relay
2026-08-09 22:10:21.030+09:00 [INFO ] Accepted block 7caad0e20cda66c2a9a43bddbb7da67092f3735cef594debb58ef616524e532a3ba76bcceb74d3101d12bdd9d319522fecc42f674bdc88991cd4956982e363fb via relay
2026-08-09 22:10:22.083+09:00 [INFO ] Accepted block 6eed8141b6194e609a67fc1596cc4ad046d659f605099dcd6f4029769e2c5e7f119c0bd79623a3c22994369a714a948a1c59b313f06c3a5dcdaad454dbff4df4 via relay
2026-08-09 22:10:24.165+09:00 [INFO ] Processed 6 blocks and 6 headers in the last 10.00s (6 transactions; 6 UTXO-validated blocks; 1.00 parents; 1.00 mergeset; 1.00 TPB; 0.0 mass)
2026-08-09 22:10:24.165+09:00 [INFO ] [ibd-perf] 6 hdrs avg: validate(A,parallelizable) 573.6us | commit(serial) 247.5us [add_block 10.4 + db.write 57.2; held-lock 212.6] | f_serial=0.301 f_reach=0.013 | parallelize-ceiling 3.32x
2026-08-09 22:10:25.283+09:00 [INFO ] Accepted block 494b5e8ff7887e6e5b90b3eed05830515a3da54ee187e9153ed33d351773cc975e7ef4383f18b594d2a37d723c78bcf454e477a0c27cb506e23bd9751bbb4e12 via relay
2026-08-09 22:10:27.536+09:00 [INFO ] Accepted block 160c99a65f2d6fb0e5b2461d1bc0cf4b7a8ef7bcbf8661f7fe259fa8903f07111053f4d384a0d01fe3662f379f57e1a87598ce21b8f2a8dc4ecd3f2c5a70d0f4 via relay
2026-08-09 22:10:29.243+09:00 [INFO ] Accepted block 56ee4a3bafc0edcaf6dd87e5d8de7ce58e702065c81eac89619e74b1294cb17f4d2d652f7c8e8932623f6c7b394241dbb855736f5543c42f591ba07445aab024 via relay
2026-08-09 22:10:30.257+09:00 [INFO ] Accepted block be935c349123b18b25156587299e127663eaa61ef3ab05fd4ab460a157c8ca50fbadf84c9e94542e4b04fb96481b8b960c7f5b8d580ccf2e6b90d76b1579cc00 via relay
2026-08-09 22:10:31.382+09:00 [INFO ] Accepted block a3aaf5f7c03aeeda3c96dcd4ad44ed9f0b45cb02f86446648b93e5b9f9da53e272d2fd5edd7199a8fc0f029bc73aa7d2a614cdecc8ee281d95e83df06a379867 via relay
2026-08-09 22:10:32.937+09:00 [INFO ] Accepted block 859787b9d92d85d2ba6e97f5e0ce9e38773be3af71e1c21748c54c2e7a64ca10d263c19addcbcd09706a703183c17d38afda578b48376b810715342c5cccceec via relay
2026-08-09 22:10:34.167+09:00 [INFO ] Processed 7 blocks and 7 headers in the last 10.00s (7 transactions; 7 UTXO-validated blocks; 1.00 parents; 1.00 mergeset; 1.00 TPB; 0.0 mass)
2026-08-09 22:10:34.167+09:00 [INFO ] [ibd-perf] 7 hdrs avg: validate(A,parallelizable) 87.4us | commit(serial) 180.4us [add_block 16.4 + db.write 52.0; held-lock 131.8] | f_serial=0.674 f_reach=0.061 | parallelize-ceiling 1.48x
2026-08-09 22:10:34.329+09:00 [INFO ] Accepted block 75633d5e5dae28f5e58738a00caecc604e4c306059199bd555b2fc8885f1cc79094a5b9289698743e3fc8c6ea9376d0617238c1fdbd9559b189edfdaae13c64b via relay
2026-08-09 22:10:36.712+09:00 [INFO ] Accepted block c1d4f5dd18a099d28ad492be8f80ff94b28bb0cd390d18b8e94b19fb8955e95f1239808e66601d4f9243ae4b4c001ec9b3aea5bd64de9956728c18d3833bdac7 via relay
2026-08-09 22:10:37.882+09:00 [INFO ] Accepted block 3d2b0a719575013c935372110bdd12a303ee05b62b10f417dc798ac08971e3020c4d60bbfad9c81323aacfb8726de89f2a70d77196b9ac439db10b8403773743 via relay
2026-08-09 22:10:39.195+09:00 [INFO ] Accepted block e35f66c4c2c778da5f32c2c8ab4e01eaed8b53667b10f950ab684b1dec4b12de539e43469f51bec276a527885bb02b69425aedc11a20e003835d690b3785bfd6 via relay
2026-08-09 22:10:40.224+09:00 [INFO ] Accepted block 6d7f688d2df19dc579c0dfe20cf1b7271900db8778694a17e8ea2b44c23085866c0d5d7ee4786791711d00112af56caa45b8dea4640967f9d01011de2070399d via relay
2026-08-09 22:10:42.662+09:00 [INFO ] Accepted block f7699eb362cfd8fc97431cdcb994a497223f84e14de7c1518898a31397a1254700b5ffee71e90e7c59a2a15ba177b795feebedc4f9220b2034aecdd2912319a6 via relay
2026-08-09 22:10:43.794+09:00 [INFO ] Accepted block 0ceb0deee297978df5f395d7b66d986ee20d452d7e04b12ccbba9538335ffa34025bbe61922ed35aff6d96189199ac12e25cc9e5bf9c651f30dec7fff550075d via relay
2026-08-09 22:10:44.165+09:00 [INFO ] [validator-service] heartbeat: mode=active sink_daa=1365 bond=Active(active=true) active_set=[epoch=13 is_active_validator=true (active_validators=5)] dns_overlay=configured (stage=Active, dns_confirmed=false)
2026-08-09 22:10:44.167+09:00 [INFO ] [validator-service] compute: declared capability for the registered profile, valid to DAA 865365
2026-08-09 22:10:44.168+09:00 [INFO ] Processed 7 blocks and 7 headers in the last 10.00s (7 transactions; 7 UTXO-validated blocks; 1.00 parents; 1.00 mergeset; 1.00 TPB; 0.0 mass)
2026-08-09 22:10:44.168+09:00 [INFO ] [ibd-perf] 7 hdrs avg: validate(A,parallelizable) 93.1us | commit(serial) 153.9us [add_block 10.4 + db.write 50.5; held-lock 114.9] | f_serial=0.623 f_reach=0.042 | parallelize-ceiling 1.60x
2026-08-09 22:10:44.168+09:00 [INFO ] Tx throughput stats: 0.00 u-tps, 100.00% e-tps (in: 0 via RPC, 2 via P2P, out: 0 via accepted blocks)
2026-08-09 22:10:45.170+09:00 [INFO ] Accepted block dd05f01faf5c51a8a073d9a7474b8e62071518ffe57b6015c1b1e7e7e7706290f62bfc9c33161dc997ba91db78fb85b7fe8b900822925e7fd956d143e3e67849 via relay
2026-08-09 22:10:46.338+09:00 [INFO ] Accepted block 7c6fcc6cd5ed9bda3d2836bf9cb0f3c7f4d6c581c86847c4ab025498814a2a4ca930090a2bd42d66cd218d358cf2e0cd41995c1d946900d631b70472c91b81cc via relay
2026-08-09 22:10:47.413+09:00 [INFO ] Accepted block 565a1f3064db055b094543d82ed835a3a4d2e7362b289d58ce2252f667820e4aba0ea4d9b0a1bb81391a8d8900d0905addbcd5f3f24e53862af244731e68f891 via relay
2026-08-09 22:10:48.444+09:00 [INFO ] Accepted block 05007ce0316dfc3411d934ac70058e158d6aa83f7cf83b1884ba95d05a6e164d366661568b792424fbde006bf372443b13edfd3ac7e72de98efe56cd6f547e1c via relay
2026-08-09 22:10:49.544+09:00 [INFO ] Accepted block b3dabea1546c915537d195bd34553b714474471cdaff1ec5e29996f865cf2524a564cc0b00ce7d9d990fa5abbc16b44cec50536873932ca6261b15b4b2f338b6 via relay
2026-08-09 22:10:50.871+09:00 [INFO ] Accepted block 1438ce14eae3e68aa2673fa93fb3c62b5e98e82e41c3e47c937b15a0e2e7e816f8d92a6ebc1ba728a6183039f9bfd364dde2ec3d8277daad32562ed66c77a597 via relay
2026-08-09 22:10:52.579+09:00 [INFO ] Accepted block 99a7cccc8c31c46578e55f7fa38645027a8a6e38dc756dfb5603068a1778068d3a0688d10fe5373f43cd9cbf4540ca49d4dbedf53d9b574ee0ace6f356cff3de via relay
2026-08-09 22:10:54.134+09:00 [INFO ] Accepted block 6156697a7b153521665a2f38b303c6cc508b81857a7f273143ffb31bc52fe24397288d6ba8d1e40b268392d6d86472d69ca2f9a73ff612e2547fcf5d4c978470 via relay
2026-08-09 22:10:54.170+09:00 [INFO ] Tx throughput stats: 0.70 u-tps, 100.00% e-tps (in: 0 via RPC, 4 via P2P, out: 7 via accepted blocks)
2026-08-09 22:10:54.170+09:00 [INFO ] Processed 7 blocks and 7 headers in the last 10.00s (14 transactions; 7 UTXO-validated blocks; 1.00 parents; 1.00 mergeset; 2.00 TPB; 49931.4 mass)
2026-08-09 22:10:54.170+09:00 [INFO ] [ibd-perf] 7 hdrs avg: validate(A,parallelizable) 106.2us | commit(serial) 164.0us [add_block 11.1 + db.write 55.7; held-lock 129.8] | f_serial=0.607 f_reach=0.041 | parallelize-ceiling 1.65x
2026-08-09 22:10:55.320+09:00 [INFO ] Accepted block 1c754494371cab678a7562226cc805e6053e455f7ae4522ef2f9d36dfe85c2a248352a5b1b2af2493b4edd52d1f2cf440562a3a8908350226b24eae6db77ff38 via relay
2026-08-09 22:10:56.360+09:00 [INFO ] Accepted block 0a6dd4955b449b716c18de6174c0d058f407b9ecfdad5864abc05e8ea3dd1cfb7c1e42613b48f9e2337f4ba7f0cce159c45faf8e12f539e29c615639587929e8 via relay
2026-08-09 22:10:58.268+09:00 [INFO ] Accepted block 01154e1f218d6621e4c6aa35e5f2f3f073d37ba0d7a2ec638e12f609222c87f6691afd9482eddda53ba163d9224e77f1bf3d5635500e4407fbd2f5d55aa25605 via relay
2026-08-09 22:10:59.903+09:00 [INFO ] Accepted block 60f5fdf98a8deb6d4a277ff79b6b17255a054b68233f12f1d99bc34c4b3813e54de4bb8be8629469be97d355ae10825e709176aaab47dd91b2ba3383a7bc31e6 via relay
2026-08-09 22:11:00.940+09:00 [INFO ] Accepted block b9ec885b2d1d1482c5481fe59178a26ff0c2d9d5c36d8608da063de6a1fca874d410db25b71225c986d08a705233da686fbe068787881db4b9122c1aeb8afff3 via relay
2026-08-09 22:11:02.570+09:00 [INFO ] Accepted block 718dedf039f7618ca99428a8102ce2b1ee160c0af19b1431f4ab49ee31d22721cdcbacacdd1be2a70dfa7ef5f5a1e1f47e745dfcd7de04500a8e74572a4ca707 via relay
2026-08-09 22:11:04.172+09:00 [INFO ] Processed 7 blocks and 7 headers in the last 10.00s (7 transactions; 7 UTXO-validated blocks; 1.00 parents; 1.00 mergeset; 1.00 TPB; 0.0 mass)
2026-08-09 22:11:04.172+09:00 [INFO ] [ibd-perf] 7 hdrs avg: validate(A,parallelizable) 102.7us | commit(serial) 169.6us [add_block 10.4 + db.write 60.0; held-lock 129.6] | f_serial=0.623 f_reach=0.038 | parallelize-ceiling 1.61x
2026-08-09 22:11:04.841+09:00 [INFO ] Accepted block 8fb7bb79149b7116670fd550cbf1e03afb8d58683ad19f54c427033bc9201ed9b939947ebc5ff60cbb347815848e6bbaacf5671e7d540ffcaa637fef97f02b8b via relay
2026-08-09 22:11:05.906+09:00 [INFO ] Accepted block 3c5eb303cdf6531adb4bb9e0de4bb5242e723c5be4049aa86f15e96b3bdfbe5fe11c15e7d4b331c392fc1b1e54ff19f4d6fec65a17ad44c23fb94300892ac2b8 via relay
2026-08-09 22:11:07.041+09:00 [INFO ] Accepted block 9b294c69167af00714cf7f3348b8f164e42219c8393bc6e6f509f139aed06d1acdebf33c2c054d0442986af3e3c3cee6dcd6d9e53e59e30754f18c91c4825f10 via relay
2026-08-09 22:11:08.486+09:00 [INFO ] Accepted block bbaec39016f598bd4e3e71fb9ae0f9a19acd5043d9999847e7d36aa19e4521a68d50e57212ceb3d4e16a5e2594ac78187a4a9978abfcdac76ede428b7c6ab55b via relay
2026-08-09 22:11:09.667+09:00 [INFO ] Accepted block ddbee509f7b6776c42a92edfbf19ce6f03b56ba2acb87c94bdd44a0ab10d3f2adb9fe2f312e392e65247323eebe0e425c4c065390e91526e43ca476a788eac8f via relay
2026-08-09 22:11:10.767+09:00 [INFO ] Accepted block e78b3a02f06f92e1070f0ece0df611e7a31450b4b00b7e219169df143e3383cb0c1cd9af66684a0c8babfe23da8a8f1da7bfb9210e1bb9154d62bc9aaf912c72 via relay
2026-08-09 22:11:12.267+09:00 [INFO ] Accepted block 400ea6288a629fda69ce83252d12d42be2c3d69d2cc83289ea8bcae4a6b5d13d6f6a03a6503bb07d9bde88fc177686a507bb9a7443ca1aed4f3094b9de2a466d via relay
2026-08-09 22:11:13.295+09:00 [INFO ] Accepted block fc4073b570713287d934532b75703e10c25193720b73b433993cd8a04906c94581435b4bf56a1a3cffd0a55d03a26c91a8516d2a8038185abaf61a413c0af298 via relay
2026-08-09 22:11:14.170+09:00 [INFO ] [validator-service] heartbeat: mode=active sink_daa=1388 bond=Active(active=true) active_set=[epoch=13 is_active_validator=true (active_validators=5)] dns_overlay=configured (stage=Active, dns_confirmed=false)
2026-08-09 22:11:14.174+09:00 [INFO ] Processed 8 blocks and 8 headers in the last 10.00s (8 transactions; 8 UTXO-validated blocks; 1.00 parents; 1.00 mergeset; 1.00 TPB; 0.0 mass)
2026-08-09 22:11:14.174+09:00 [INFO ] Tx throughput stats: 0.00 u-tps, 100.00% e-tps (in: 0 via RPC, 1 via P2P, out: 0 via accepted blocks)
2026-08-09 22:11:14.174+09:00 [INFO ] [ibd-perf] 8 hdrs avg: validate(A,parallelizable) 103.8us | commit(serial) 186.7us [add_block 12.5 + db.write 64.6; held-lock 146.2] | f_serial=0.643 f_reach=0.043 | parallelize-ceiling 1.56x
2026-08-09 22:11:14.181+09:00 [INFO ] [validator-service] compute: committed to job 38d5ba8d4041f1ff6e8453cc146c480ab7ff036ba1e1a2ecd409640dc917dcf99645ea2f1e0d9875b67c73ca481452596a47945be30a8d4de1eb8d1646edf68b (63 byte input); awaiting the sortition beacon
2026-08-09 22:11:14.322+09:00 [INFO ] Accepted block 3523f2b9bd2e599a02486ccc38c0c8ecac7ed094e3259e05587a76415691bb018ce3402eeeff6074f6de454c7ce52e69227327b5a4016fbdb25f353db9d112ac via relay
2026-08-09 22:11:18.010+09:00 [INFO ] Accepted block 4592de53cdfe2576772cfb036f258b18e6137fee1663c74bbd30376c1a88a26f829cb188968c14e0ca88b0f64b4d311f8122c1a290efdaf1e9c6bc1daf650bf3 via relay
2026-08-09 22:11:20.183+09:00 [INFO ] Accepted block 11a8c7b309e258caaafee6b78f3953d32dbb74e40589c8f98ff5fc061d033714f323186b33d50812ab414ac3991900b8e9644c0f99c2bcd1e76b8972dd458793 via relay
2026-08-09 22:11:21.441+09:00 [INFO ] Accepted block 5b8f1046677ae3597eb53184648e917e4ee223749584409c062fd1219a65ccfdfc4d89f009ddca32dfc0156a5c6c0b2f338adc279b79e9236eb82a98bda282e2 via relay
2026-08-09 22:11:22.467+09:00 [INFO ] Accepted block 5052e52a98c04a286a0cda83c69bb9662d09f3a67cc32639ff8ab377c5ffc951d0026a2bca53a0eef6b469aa642d83a32bf51c4c0f4607b176965b38ffa72cc7 via relay
2026-08-09 22:11:24.175+09:00 [INFO ] Processed 5 blocks and 5 headers in the last 10.00s (12 transactions; 5 UTXO-validated blocks; 1.00 parents; 1.00 mergeset; 2.40 TPB; 69628.0 mass)
2026-08-09 22:11:24.175+09:00 [INFO ] Tx throughput stats: 0.70 u-tps, 100.00% e-tps (in: 0 via RPC, 5 via P2P, out: 7 via accepted blocks)
2026-08-09 22:11:24.175+09:00 [INFO ] [ibd-perf] 5 hdrs avg: validate(A,parallelizable) 82.9us | commit(serial) 443.3us [add_block 15.8 + db.write 310.7; held-lock 395.9] | f_serial=0.843 f_reach=0.030 | parallelize-ceiling 1.19x
2026-08-09 22:11:24.527+09:00 [INFO ] Accepted block d01d5e46a6d02a83b12824a928d3d1bb2f92e09ee6533ef1755c68411f89bfe96a81491e22d467cbcab745f5f0b353aa12b2f30466df26dd28129ab57381c457 via relay
2026-08-09 22:11:26.931+09:00 [INFO ] Accepted block c375ebde2d37b3320c5e83d609bba0f368f3aa4c53be5689635847775df6ec5b532adf921023840b8eefcce3829e555bf6bbb79a5c896c475973e94437888e5a via relay
2026-08-09 22:11:28.822+09:00 [INFO ] Accepted block 31c6d1d14107dd7a5340777a85986909f26c923c9b1d675263a8cb9c609afc4c87381220ea74d19e81225309f1dddc33af19bc1aea11ba2f388161da5c65b8d4 via relay
2026-08-09 22:11:30.139+09:00 [INFO ] Accepted block 1c7688d10358cccb077c74b40914ee5c094fb56b64556457deacb86bf1d7d381c6c237978a720a393d1636c805cdbc86b24e262a306e8c930d610152e37b368f via relay
2026-08-09 22:11:32.271+09:00 [INFO ] Accepted block 5bd9660dedee32a6b71bad1aa7902e15a6168a7d4ca321006a95dc57f82d4a9f4641bb96f930fcd99d8b19dd03ce59f44a640c5ce2fe3316ee880166b9aff98e via relay
2026-08-09 22:11:33.621+09:00 [INFO ] Accepted block 5334ef62119b1aae5b9cb65e8d3aff602f51f6e0dee3cf463a87c0dcf7f5e0ece973a8569f325db5633eebe901fbea34f20413f2643843711efa5387dee48916 via relay
2026-08-09 22:11:33.691+09:00 [INFO ] [vlt-shadow] sink_daa=1399 0 validator(s) with credit; 0/13 epoch(s) would reach quorum; newest epoch Some(12): W(E)=0 signed=0 snapshot_root=703877aa5c30e3112a5e5707834873712f07b9e056e467ea0a4f5cf35b3e4b23ebafc93e127d4a134e0c36dae9f7b9ccbc22696029f5dc5a4f2c426f42870fd9 — the weight fence is at 18446744073709551615
2026-08-09 22:11:33.691+09:00 [WARN ] [vlt-state] none -> shadow at daa=1399
2026-08-09 22:11:33.692+09:00 [INFO ] [stake-score] sink=9568ad876c9f8716b93d1bd852280f8eee5ddbf638fde69cdb23b7768d5a4f3d0f4feb8a3f5906ae3e25ff81b11181be3667f13dbb071e5313f597f406aa67a7 sink_blue=1400 credited 4 attestation(s) over 13 ready epoch(s) → stake_depth=2000000000 (rollout=Active, health=Active)
2026-08-09 22:11:34.177+09:00 [INFO ] Processed 6 blocks and 6 headers in the last 10.00s (6 transactions; 6 UTXO-validated blocks; 1.00 parents; 1.00 mergeset; 1.00 TPB; 0.0 mass)
2026-08-09 22:11:34.177+09:00 [INFO ] [ibd-perf] 6 hdrs avg: validate(A,parallelizable) 91.3us | commit(serial) 353.4us [add_block 11.0 + db.write 151.1; held-lock 225.9] | f_serial=0.795 f_reach=0.025 | parallelize-ceiling 1.26x
2026-08-09 22:11:34.695+09:00 [INFO ] Accepted block 9568ad876c9f8716b93d1bd852280f8eee5ddbf638fde69cdb23b7768d5a4f3d0f4feb8a3f5906ae3e25ff81b11181be3667f13dbb071e5313f597f406aa67a7 via relay
2026-08-09 22:11:35.870+09:00 [INFO ] Accepted block 146c92b3ef13d5264bea6f9ad75c819a2dedc141078296d4fafb11abf044701fbbd03040891755db38a1e8ce1c535a99531aac273e37010b371f4940cb6dbbe3 via relay
2026-08-09 22:11:37.251+09:00 [INFO ] Accepted block 0d138bcc51fc91a52ecb6e02832b120c6130d8b4e1d03a18ee0ce89de3ae54e94083b50976b4ad7c3b5f264f542b56a37373ca9ee722c0d0dbb3d0b19f38b80c via relay
2026-08-09 22:11:38.478+09:00 [INFO ] Accepted block d71d2154356a8464ae1432cc1b106a582215e2e03e6514998d771c4b17e97a11ca3fde99ff0ff67846dacdd2e02c35cb09797e744d325c37f1b99b59deb9078f via relay
2026-08-09 22:11:40.020+09:00 [INFO ] Accepted block 5ca8623cb31db9c69cb4a7734c0f087ff2151c63b1bb7d9a1bcf3af90998ec6cd501d7a5e7608269c3a09a943731a2a7d56ffdc22f67a169f2d9c37d2e8c9344 via relay
2026-08-09 22:11:41.449+09:00 [INFO ] Accepted block 7ad655697f5aae911c8133577e3192fa67de82285b6ececda0d14c6eb45df023f41ae4edeeb3f18e82d9c1db0e106ddb756bfe143fb0329a4981849ff029721c via relay
2026-08-09 22:11:42.577+09:00 [INFO ] Accepted block 74df65cceec57b5c403349d93896d99fa6bfc365439abcc6100218bf8314725385aea8697f55dbd024666f211fdf95a2d0d7e93ba315d1a6851be3f56f3a5ddd via relay
2026-08-09 22:11:44.179+09:00 [INFO ] Processed 7 blocks and 7 headers in the last 10.00s (7 transactions; 7 UTXO-validated blocks; 1.00 parents; 1.00 mergeset; 1.00 TPB; 0.0 mass)
2026-08-09 22:11:44.180+09:00 [INFO ] [ibd-perf] 7 hdrs avg: validate(A,parallelizable) 87.3us | commit(serial) 350.9us [add_block 12.9 + db.write 53.8; held-lock 141.7] | f_serial=0.801 f_reach=0.029 | parallelize-ceiling 1.25x
2026-08-09 22:11:44.184+09:00 [INFO ] [validator-service] heartbeat: mode=active sink_daa=1406 bond=Active(active=true) active_set=[epoch=14 is_active_validator=true (active_validators=5)] dns_overlay=configured (stage=Active, dns_confirmed=false)
2026-08-09 22:11:44.444+09:00 [INFO ] Accepted block 1f7ade3354160709e5a15b15c3ab3dc19367089f1ce25815617eb9197d1c132feb5a82f4cc52decbbc13862fc04dfe91be0ca9abd7fc066eafbd8741e5e0a7cc via relay
2026-08-09 22:11:45.924+09:00 [INFO ] Accepted block 43cdd02d0b6c4b10a5d924cd70efa0ac5ae1fdd470385573b16e35c484bdaa6178087e6221c2472753158b674f7140c95974586ea250611d24af8b67a833a56f via relay
2026-08-09 22:11:47.555+09:00 [INFO ] Accepted block 901c26014c219a0abfdda075c4356797c46dbc6b708571f556d887020d76396d0850f6f23cdb17cba5d1990cfdf59f8e547cf5bfb767d7421f37489c0c0357f7 via relay
2026-08-09 22:11:48.659+09:00 [INFO ] Accepted block d3286cb7c77a2df8ebbb1c6160482ee702e6c2eb3c184fc4ba70a40e39848d2ab0b583e5ba5f2b59c2d1b79642828bf33cc9fce946d6835e5cf6dafae26676ff via relay
2026-08-09 22:11:49.878+09:00 [INFO ] Accepted block 418e33a7d2ff170d50d844b487db1f80950d286ca9ceabdf89ca7ae922474886f993f18901f78f26523c9383381f53fb52d8a73493a4a1b0ef2d8f8fa1c824b9 via relay
2026-08-09 22:11:51.586+09:00 [INFO ] Accepted block e87746da2ae78c80cc89d69c72bc129bb3d48ae1ccf186e6970e63e4bb5609827d6d3d8d54b226eb7ab36a33e0a7179ef98b083d8ab91cafe8b2e644ea8b6edb via relay
2026-08-09 22:11:52.664+09:00 [INFO ] Accepted block 25950f6483ce805514c8633ab72a7afd9f6345b5b792088c47e8b4b05e52a04acbb870093abb54fe074da0d19b7f9296d39a114ae9e5debc1341238407d434c3 via relay
2026-08-09 22:11:54.182+09:00 [INFO ] Processed 7 blocks and 7 headers in the last 10.00s (7 transactions; 7 UTXO-validated blocks; 1.00 parents; 1.00 mergeset; 1.00 TPB; 0.0 mass)
2026-08-09 22:11:54.182+09:00 [INFO ] [ibd-perf] 7 hdrs avg: validate(A,parallelizable) 113.2us | commit(serial) 360.5us [add_block 17.2 + db.write 78.2; held-lock 167.8] | f_serial=0.761 f_reach=0.036 | parallelize-ceiling 1.31x
2026-08-09 22:11:54.653+09:00 [INFO ] Accepted block 6b813f67846c545f3a6f7edaa957e3e769734aaf384fe2d96a32e2dbf794e6fc2c6623ada19347e81276e9922754fadb05c940ccb1415b8907c4951c20eee44f via relay
2026-08-09 22:11:56.130+09:00 [INFO ] Accepted block 7da4f2f98305e108405e16b7d87c4a98f33b44933d3d34d1206b9450d47e98879fafdbd7dd1a5355a08c9b22cdb00e8aeda1af60911da7576276f3c521d6a2f8 via relay
2026-08-09 22:11:57.157+09:00 [INFO ] Accepted block 0b68cffe8c6e0bf618159af6b0be6797d603811cf1c4c66b2fe7184f3a6e942b6b1a7db7d84f3a58137493b188f9c9f09dfb70c4d13184260765f3cabe047fe0 via relay
2026-08-09 22:11:58.966+09:00 [INFO ] Accepted block ff4c2c53a0dc104e7c04551a3593eb90ffc9059980bdd084b302a6ed99e5bf07e9c482652059f6094aa3150e11c9aecce986d72b0bc8a24d5687d5330a3069e2 via relay
2026-08-09 22:12:00.268+09:00 [INFO ] Accepted block 6a2d681cd2ac2f2d1caa569eca7c18bdec8316ef4222002da3451166642666ec6678a1e32f5eab561f0ca147c1df18d276d5acaec3e2948a5fd64dd59195f31b via relay
2026-08-09 22:12:01.391+09:00 [INFO ] Accepted block e1baf6f2801a3875cb261354cac3ae3dd98c79bd62e403556885adfb07f9def56e962ccabbf9ff08707fc05377c4dbc895a0ed5f4cc1fba444818058eb522f2f via relay
2026-08-09 22:12:02.539+09:00 [INFO ] Accepted block 74564ffb0ec8c53cd4efcaa07ad088a92840568c0df2a55efea758eece10c5d7b4895e3906fd3c5558312eaabc77dfbbaf7bc86a2f7eacb60b71669cadc718ac via relay
2026-08-09 22:12:04.184+09:00 [INFO ] Processed 6 blocks and 6 headers in the last 10.00s (6 transactions; 6 UTXO-validated blocks; 1.00 parents; 1.00 mergeset; 1.00 TPB; 0.0 mass)
2026-08-09 22:12:04.184+09:00 [INFO ] [ibd-perf] 6 hdrs avg: validate(A,parallelizable) 95.0us | commit(serial) 240.4us [add_block 13.2 + db.write 71.5; held-lock 145.7] | f_serial=0.717 f_reach=0.039 | parallelize-ceiling 1.40x
2026-08-09 22:12:05.736+09:00 [INFO ] Accepted block d8ab579c703f332e298dc7e021ceed0c97f9cc33c181970da346dc540914487890b17ad3c03618146d17f4f1f8748d9d0063ee31b6a784c403db16a711a383b1 via relay
2026-08-09 22:12:06.973+09:00 [INFO ] Accepted block 5a8023184eca4eaa19c3897f93d0988638237042ff6ffefb84f04decabb5af49387507b1633ce9600a28f1fbd8ba58ea7b6312914c76ff5b702833bdb59e934f via relay
2026-08-09 22:12:08.071+09:00 [INFO ] Accepted block 3c26a53cdd1d21003bb7375fb243c9f7ace209b3a1eab4cadeb23dcad1c6e20b25fcd67b0aa3f1a466eecb3f77ce6684d9684b4f73893c9484dfd3c6bd9479c2 via relay
2026-08-09 22:12:09.121+09:00 [INFO ] Accepted block 73295605079eee4f1cc7f7c7033f601cc74c416b71e369c6d9f4887bb539b30e170e1effa286cedad2cb78f60b473fb3af8150ccfe215ddf5de98586676ebc24 via relay
2026-08-09 22:12:10.779+09:00 [INFO ] Accepted block c83449e063fb2fb35e84257553fdf328762a6a6dcd92e58a34292b6e4cff88238685e7fc5a03b2a63a241102f1f8efb971aa7dce282bdd4f1061ba45daa699aa via relay
2026-08-09 22:12:12.020+09:00 [INFO ] Accepted block 769fadcabc3e63545c5e872a5bb8bf12222a790233c2d374a906b1ecb19724d11d63c460872a27c4d768826b74bcb807d6c6092e21b45e4cdd63fabae58faa29 via relay
2026-08-09 22:12:13.194+09:00 [INFO ] Accepted block beed5271ea4ef38bd994692c5f4545133e36603f1d7b051141c8e952057dcd296e38a7d3512c11c5643c7f1cfbbf34d53f929cb840f83bb218c6a7e35df5c9b1 via relay
2026-08-09 22:12:14.185+09:00 [INFO ] Processed 8 blocks and 8 headers in the last 10.00s (8 transactions; 8 UTXO-validated blocks; 1.00 parents; 1.00 mergeset; 1.00 TPB; 0.0 mass)
2026-08-09 22:12:14.185+09:00 [INFO ] [ibd-perf] 8 hdrs avg: validate(A,parallelizable) 106.7us | commit(serial) 345.5us [add_block 15.7 + db.write 93.6; held-lock 178.6] | f_serial=0.764 f_reach=0.035 | parallelize-ceiling 1.31x
2026-08-09 22:12:14.190+09:00 [INFO ] [validator-service] heartbeat: mode=active sink_daa=1427 bond=Active(active=true) active_set=[epoch=14 is_active_validator=true (active_validators=5)] dns_overlay=configured (stage=Active, dns_confirmed=false)
2026-08-09 22:12:14.383+09:00 [INFO ] Accepted block a2165da6823eb07b7031954ec8f36420114c113a3c1fb99d8eaf7c00f2d61a2a9d28b85ff608748b620aad8f05f81d2a4073ea7db4bfce6a0e26cdb3beadfc10 via relay
2026-08-09 22:12:16.155+09:00 [INFO ] Accepted block ac7b513d85149a111fec1a6b8a87c860fdf3fa98ed4b34a04dfafa38d0a20b2065b3a1a636d153b2399ce80ea6561a598d4bdbe0fe34efe3b1060dabb20d1a61 via relay
2026-08-09 22:12:17.556+09:00 [INFO ] Accepted block ce150cbada072d4a52805c408e410a8bd0600f36c17dc10ebc13b0e30c707f10382e62a8756ef605fb04db9075f72b463124b73a767b45b093c7a223f66ac10e via relay
2026-08-09 22:12:19.096+09:00 [INFO ] Accepted block 364892098380133ffd54178786f34c4ca5f5a02005a35808472a5d18be40e230fff77e29a106e3e1601f17e0e6665cb5d4858044c560fe19e99aad5288cf3bb2 via relay
2026-08-09 22:12:22.762+09:00 [INFO ] Accepted block 1e8fedf12fdd6fd9769417d9b41fc7c9112d40df1a241e9a1018972e7a116486f742af54ea8d54c62f2e058d039e66b2f1d08d30cbced26079759f69a37d1b08 via relay
2026-08-09 22:12:24.188+09:00 [INFO ] Processed 5 blocks and 5 headers in the last 10.00s (5 transactions; 5 UTXO-validated blocks; 1.00 parents; 1.00 mergeset; 1.00 TPB; 0.0 mass)
2026-08-09 22:12:24.188+09:00 [INFO ] [ibd-perf] 5 hdrs avg: validate(A,parallelizable) 96.6us | commit(serial) 318.4us [add_block 14.8 + db.write 61.7; held-lock 128.7] | f_serial=0.767 f_reach=0.036 | parallelize-ceiling 1.30x
2026-08-09 22:12:24.632+09:00 [INFO ] Accepted block ae473f9e96a8ed7e92b3776b26325eeb102becd8f99202682df3059396bb45bb2e6de3174c646cb28d5eea28371f12920ffeb2fc5ddd9111d1a03f07f32902c7 via relay
2026-08-09 22:12:26.000+09:00 [INFO ] Accepted block 7acbdcc42b94958f0f934b2180990f38b9afb6d631bae54061ef16f195903caeed1fe7974884c90fa35059436a33fd3fdbe9870e23b630c5b57c43083e7c7a10 via relay
2026-08-09 22:12:27.131+09:00 [INFO ] Accepted block 727c11708b51c313350ed3ae224a4e919876345f794d31dacc34265cf8504a55c848b92cbe5c301f04f01e4ac0a7bcac1461a3e3e8d226c5030d71dd0df64b53 via relay
2026-08-09 22:12:28.726+09:00 [INFO ] Accepted block 0592135aa4747387e50453ea119ce4549cad9470ad20da9d9d0fbc0e3c06fa3ec8c1ae3a4ff0f6e706eeccca0270e708406839b099b7204ef9e6e4c705d8cd24 via relay
2026-08-09 22:12:30.109+09:00 [INFO ] Accepted block 2e45c42727f87f6b99a73250fc45b8b0facaacac7ec3bd24905390b98e7edc55c28b5329d5716de68ecc622b6395c863b8f07de4f6d636cf41df7dc84c04ca95 via relay
2026-08-09 22:12:31.267+09:00 [INFO ] Accepted block da9a91eb84b598de245fc6f51e0b144d3676842b9c39ed5f58fae197e5feb1ef5c63e2be05c5bd75280254187eebc81e119e7cb8124f0e662e78a99064435432 via relay
2026-08-09 22:12:32.329+09:00 [INFO ] Accepted block c3868ee283d2e1d91ea439c664afaef2e7c06cf4bd6f905ec366aa0fffb7977c357b1e31a01224850a03b250eca4e81f184b793f7e5cce67fb3203dfff1c0d04 via relay
2026-08-09 22:12:33.937+09:00 [INFO ] Accepted block 6dd75f1ee2d7d3eadeeb7a5b99938a674a51fa4739b68574257e4b4f80ef757a7e30f80601aade19c560c2bfc360e920dafb4e9b5b1de228aeecaff03c4b62e3 via relay
2026-08-09 22:12:34.190+09:00 [INFO ] Processed 7 blocks and 7 headers in the last 10.00s (7 transactions; 7 UTXO-validated blocks; 1.00 parents; 1.00 mergeset; 1.00 TPB; 0.0 mass)
2026-08-09 22:12:34.190+09:00 [INFO ] [ibd-perf] 7 hdrs avg: validate(A,parallelizable) 98.8us | commit(serial) 214.1us [add_block 13.7 + db.write 79.0; held-lock 156.9] | f_serial=0.684 f_reach=0.044 | parallelize-ceiling 1.46x
2026-08-09 22:12:35.872+09:00 [INFO ] Accepted block 9fd8253c0493605ab877e4f2e606875deb10b699d01891f2e05d5e2078a1e1cc07cffd0b62fbb1ba2a548ba803cc68bd9602c030ed42faab0366b2dc4b0ec750 via relay
2026-08-09 22:12:37.422+09:00 [INFO ] Accepted block 1dde5e75caaf01a3ed7b114cf716ebc5b4d15ae28e438326dad5eaef0e9374ac424bb4f4435731379b2f503fdc1795e9bdd5a4a11a6e5cbc8ca753fd10ac9544 via relay
2026-08-09 22:12:40.155+09:00 [INFO ] Accepted block 5479c98d0d873779c5875b8d38afde0dd359c8921bd85956681aee07b9169a5baab705a97ee6f2fb4ed77034ccbec9169c1e0f552c513364cafc6126b8878e85 via relay
2026-08-09 22:12:41.214+09:00 [INFO ] Accepted block 69ad2a198ea2c0c6f108f9066d0589454eb8eebbf715fb1a62447a25f41b716c0b85286109b1e58c2d34b5d4ef8ec31d4c2d1514a908bfa3ead7618d33cf5336 via relay
2026-08-09 22:12:42.688+09:00 [INFO ] Accepted block e7d5cf10bb7f60687133676a474f158458e5b546c386111b73e1273c23dd93b17f1389d343b1b27f1553feb78c398b24d8be7fc0167de7582dfc5f714786ef54 via relay
2026-08-09 22:12:43.923+09:00 [INFO ] Accepted block a9f898818e14036e9a454bc190fe35687dbcd3b956fedd0c660fe699454785b872e6f7eeb5b6323f43b093c3b7d260de23c9c3647f2d53e874a1b37c9adfe825 via relay
2026-08-09 22:12:44.192+09:00 [INFO ] Processed 6 blocks and 6 headers in the last 10.00s (6 transactions; 6 UTXO-validated blocks; 1.00 parents; 1.00 mergeset; 1.00 TPB; 0.0 mass)
2026-08-09 22:12:44.193+09:00 [INFO ] [ibd-perf] 6 hdrs avg: validate(A,parallelizable) 100.0us | commit(serial) 258.1us [add_block 15.6 + db.write 90.5; held-lock 174.1] | f_serial=0.721 f_reach=0.044 | parallelize-ceiling 1.39x
2026-08-09 22:12:44.195+09:00 [INFO ] [validator-service] heartbeat: mode=active sink_daa=1445 bond=Active(active=true) active_set=[epoch=14 is_active_validator=true (active_validators=5)] dns_overlay=configured (stage=Active, dns_confirmed=false)
2026-08-09 22:12:44.215+09:00 [INFO ] [validator-service] submitted attestation shard tx f5447021fd76928916acfb6f60b5bf5d0142ff169308be33c3753c77c93c3da6e450d8b361b73d1c2a102b6bbd3b32e02e720a64338278d7381480cc5d76bea2 for epoch 13
2026-08-09 22:12:45.650+09:00 [INFO ] Accepted block 47fb270fe379234acd52eae3bb9de850c1d972130ea95456f8158d7ea3431f9922da815cae02c06b8b3fd8598a926524231925088fc26becc10d7ea87fb973b3 via relay
2026-08-09 22:12:47.862+09:00 [INFO ] Accepted block e967effb8624b17741be93f5fa948573d34f9af313717310cb1c97f97600b426f4f914bb48cfdf82d7824a8188bb43372af8dda35f6524ea12832fb64cabb4c5 via relay
2026-08-09 22:12:48.956+09:00 [INFO ] Accepted block 9806732c8b71329353f16a1ab338673057741de9ffc7f967f77dfa5fb16a8f190452ae75dfb6fa13536f8dc5e5ea3e2a92e7576eede449abebbdad1a677013a8 via relay
2026-08-09 22:12:49.999+09:00 [INFO ] Accepted block 43693d60fed37edea40530e0dd152cc0aa8dd3e3b500af6fad5f85231b9ef967ad6032541f962b93c1547273afc80dd7db5e8b965201e116b2e23b35ab2c8804 via relay
2026-08-09 22:12:52.026+09:00 [INFO ] Accepted block a5eb9d4a73bd5559e5573309f7eb82acb84b19653c414a2931de3206cae41640eb00edc9765f3db29808813ed84059e592c0c31654f13dd6dc7fed9b3af60815 via relay
2026-08-09 22:12:53.209+09:00 [INFO ] Accepted block 0b95494a5cc8d6cd1ca182eb2243b25bd1b0bb03f7515b0d770101c8ea258a6675ae889709929641b8c1ff4bacd1f0f14b17f930384043bc06287b79b1c4835f via relay
2026-08-09 22:12:54.194+09:00 [INFO ] Tx throughput stats: 0.50 u-tps, 100.00% e-tps (in: 1 via RPC, 3 via P2P, out: 5 via accepted blocks)
2026-08-09 22:12:54.194+09:00 [INFO ] Processed 7 blocks and 7 headers in the last 10.00s (12 transactions; 7 UTXO-validated blocks; 1.00 parents; 1.00 mergeset; 1.71 TPB; 35857.1 mass)
2026-08-09 22:12:54.194+09:00 [INFO ] [ibd-perf] 7 hdrs avg: validate(A,parallelizable) 93.2us | commit(serial) 203.3us [add_block 10.0 + db.write 67.5; held-lock 130.8] | f_serial=0.686 f_reach=0.034 | parallelize-ceiling 1.46x
2026-08-09 22:12:54.503+09:00 [INFO ] Accepted block 45c816cb0f47af295fee4ee4244c7d14c95366dd64c17b6ee299c92d785df7e60cf8ebd3dd609e493cb0481656f41e5c3a28dd702cab89d9f97bc139cc3eea27 via relay
2026-08-09 22:12:55.545+09:00 [INFO ] Accepted block ba7a8ecad08971a5bf23569743832dcf1dae4cf1c7a0f9bfb8dcb4ffddb809dff515da194168bcc19ae12b45988481f58c7e1e06523e238e85d9229a4498030f via relay
2026-08-09 22:12:56.774+09:00 [INFO ] Accepted block b8d5e9e906866ec5b1697b10507ecf4a12f7e63f1eec7131ffc6054cbe130df4411febd3d308da4e6e1fbb51f14cbf23ad481248a334d1aa41321587fcfa1a1d via relay
2026-08-09 22:12:57.878+09:00 [INFO ] Accepted block 66fba1e03029d95798d4f85ee8520cc62b7cf5bd7e6819fc9053b558bf9d7ee77851579e66f6482c67deb9e17ab8728014e8cbabeae03269064c3d6c590c88ca via relay
2026-08-09 22:12:59.733+09:00 [INFO ] Accepted block 5d510d2075f34572faf44131ac26ed97e3cc17c24671d6e25828b69708ac24822b6b5d07b01c26aded171dd6c2e8c78e9729d64f85db26a4807f7c273ae9c18d via relay
2026-08-09 22:13:01.245+09:00 [INFO ] Accepted block 8efcaef3016f719c907de0f17ba4ea2e0f839aeb2ab107cac7943514c49598049fc238cfb8c05cbb9f4c75702f34c672771064bfd673982fe3fb373ac1d3be8e via relay
2026-08-09 22:13:02.414+09:00 [INFO ] Accepted block ee53d0d35dd79007c85caaf7108b7321d794b9eb812ba7625814bf7b3d995eddc78bff207ae2279575dcf8b825fe2a8b6d6534755642cdc8c8bf6cb018a24999 via relay
2026-08-09 22:13:03.820+09:00 [INFO ] Accepted block 9d9def3e698c30529f8b422585b93bf1c169c851ce0079132d667e29a8c0ad0982ffa61ddae6660ca5263b1d4ef35a92dcc5f3f8c6c4b6597ce0e2822cc692f6 via relay
2026-08-09 22:13:04.195+09:00 [INFO ] Processed 8 blocks and 8 headers in the last 10.00s (8 transactions; 8 UTXO-validated blocks; 1.00 parents; 1.00 mergeset; 1.00 TPB; 0.0 mass)
2026-08-09 22:13:04.195+09:00 [INFO ] [ibd-perf] 8 hdrs avg: validate(A,parallelizable) 88.7us | commit(serial) 286.6us [add_block 14.1 + db.write 76.9; held-lock 157.5] | f_serial=0.764 f_reach=0.038 | parallelize-ceiling 1.31x
2026-08-09 22:13:05.167+09:00 [INFO ] Accepted block 5b92bc63e00dbb5b78c64895e9461fdc312f78f81bb4b3345b948186d0d86f4df6dd9b5250ff4d773d8162716ebffe0551f800526aecda37e4d00d4705de6c60 via relay
2026-08-09 22:13:06.570+09:00 [INFO ] Accepted block b348df870206181659446d5410bd1946bf49a13530d46d5daebbd83eefcf2286ef7a6cffb316c509a9610a54deb916d37bb9e2d24b19aa633c0c2c822f7e3926 via relay
2026-08-09 22:13:07.711+09:00 [INFO ] Accepted block 663a973e294569b604d5c072560536c5d26314b729c4771d49d807a6d47a81c5e5e0598676ee08d4656f48c2a0d1c30531dea9c8fada71d9b67c16c47482752a via relay
2026-08-09 22:13:08.898+09:00 [INFO ] Accepted block a122abda8359098af8dba171b5ad492ea8c3bb8682c10b96bb18f089a0a15e98fd05aa1a10d1028c2d50d68a7730b06866a51011bb59fdf369f684d7b340512f via relay
2026-08-09 22:13:10.010+09:00 [INFO ] Accepted block 0ebc2d35499aa92b3404d983892212d22edc9dc90affb62435ef71da13012240a1e6028262cea6adb6d9ea0de0ab7b519f6c2305fe7cc95111ab4a4461d79b9e via relay
2026-08-09 22:13:11.390+09:00 [INFO ] Accepted block 3b5b1af2d02bd8e80b3a3091f9ec19bac422e03f0b09b92026216c42c0eed4f8afe0f1e4b2a3cdeb1179f855b55a04747912ad9bf98bb8503da58e405a91cd2d via relay
2026-08-09 22:13:13.001+09:00 [INFO ] Accepted block a0586099181d23576eae778ddeaebb954bb414759c47d0f914d7fb31f87cc883df392a50bc1edae6211823193de2fd3db7320ecab5eb7c5d4fea33e74a9cb3d7 via relay
2026-08-09 22:13:14.099+09:00 [INFO ] Accepted block db7902f1d698244893d0f099e150d48dbe1add9449d75f4e7d2ed6cf26552900a8dd764563a07c64a3bc18942f6fa2bd0673b7184a905304934d101db53ddbe5 via relay
2026-08-09 22:13:14.197+09:00 [INFO ] Processed 7 blocks and 7 headers in the last 10.00s (7 transactions; 7 UTXO-validated blocks; 1.00 parents; 1.00 mergeset; 1.00 TPB; 0.0 mass)
2026-08-09 22:13:14.197+09:00 [INFO ] [ibd-perf] 7 hdrs avg: validate(A,parallelizable) 88.6us | commit(serial) 215.7us [add_block 12.2 + db.write 77.8; held-lock 155.2] | f_serial=0.709 f_reach=0.040 | parallelize-ceiling 1.41x
2026-08-09 22:13:14.222+09:00 [INFO ] [validator-service] heartbeat: mode=active sink_daa=1467 bond=Active(active=true) active_set=[epoch=14 is_active_validator=true (active_validators=5)] dns_overlay=configured (stage=Active, dns_confirmed=false)
2026-08-09 22:13:15.942+09:00 [INFO ] Accepted block 3eaa5fde0cd144b15cd249e84eb910056e6d5667f6ee02afe53455f096e3540e6427dd8574d960cd7f3ef7931a3a14bf321013b28045cf6e141dc9fbaf1bf553 via relay
2026-08-09 22:13:17.140+09:00 [INFO ] Accepted block c30047ba4ad581a6e54940b27c55204fbc60b81d8e9b951f18fcb135fc1b043dbd496604f67d0cfd6e2f8d7795f14112cbb8e438d8a2cd10f56d7c30f2e6abbf via relay
2026-08-09 22:13:18.304+09:00 [INFO ] Accepted block 91350cbfd723224fb5c27d9fea6793e7f11204db90ca858c615ee07cefbbb837b74e66eb76f9e18d273733a36cec4466d99f78aecdce63b4ab3f6a8384ff693e via relay
2026-08-09 22:13:19.433+09:00 [INFO ] Accepted block 5de0a37a6e8231b62bbce1b718356c0e7c975c210cfa8f931f5d497aec3f5e7440c6da72ac0933bb501f19189b296f58100ab3610d1b3b23b12cf7e5da429f83 via relay
2026-08-09 22:13:20.490+09:00 [INFO ] Accepted block b549effcce4defe08608bfadf8ff717ee07afca4ec84dc70b043374df479759453e364b016433ffd3ff3bfe0746153f569af2806577cf1b48c2bb9fc53043753 via relay
2026-08-09 22:13:21.555+09:00 [INFO ] Accepted block ef6b49e16d7b3834e9d6b7c2e54e4a1ffffed447e7e54af9514379acf437b040265b728b726a5d52593369d7dad0b70e6ff141cd5647b73b3181f1176a9e3ba7 via relay
2026-08-09 22:13:22.713+09:00 [INFO ] Accepted block ad2c6350c0399e722c735da808cd0fb12497aa7a1f3cd05f891e483ec19d10d9cff99a4e3d2955cc5e5dffcbe1252cf06294e135fedadeab2c27351d4b6931ee via relay
2026-08-09 22:13:24.199+09:00 [INFO ] Processed 8 blocks and 8 headers in the last 10.00s (8 transactions; 8 UTXO-validated blocks; 1.00 parents; 1.00 mergeset; 1.00 TPB; 0.0 mass)
2026-08-09 22:13:24.199+09:00 [INFO ] [ibd-perf] 8 hdrs avg: validate(A,parallelizable) 85.9us | commit(serial) 202.9us [add_block 11.2 + db.write 69.3; held-lock 139.5] | f_serial=0.703 f_reach=0.039 | parallelize-ceiling 1.42x
2026-08-09 22:13:24.543+09:00 [INFO ] Accepted block d6c83d8b82485ab31b3e7314280fead555c36333857083811936e224dd3d193579c1114353f118c46d20690f1b02473e1b70d5f7724160a81867edccfe6c73ae via relay
2026-08-09 22:13:26.426+09:00 [INFO ] Accepted block 51b5c501a57cf054a9cb333fe7aa71fd128527e75f859b0874c7e5cc2488fa771d6c8ca2393bdd6dd1dea3c2fe7c737c3a730698805ae43fde429757b7b3458f via relay
2026-08-09 22:13:27.606+09:00 [INFO ] Accepted block bfa21a9f4580919309fcd5b134f8a9dce89f26507b0df98d99189384d71d2f9fdf680304ac1ad8ff285fed54cf9f4f0e3e8f922a474daf1f7eb002f683317449 via relay
2026-08-09 22:13:29.988+09:00 [INFO ] Accepted block 567709e857feac1e612369eca819527066f2810bbac6644a06ba26442f470526bb1b74acbd8d00a8dcbc03bd2e5d909fe64784ece8b845b31b0ce90861dd42af via relay
2026-08-09 22:13:32.084+09:00 [INFO ] Accepted block 2be94684fd69125c4dd985652c5812346cc1a970efaae17ae3632a53e43f98853a0d6889ed1c93a4668ecaa28e40c6f1f84b813fe455abec6c79a71995f877fc via relay
2026-08-09 22:13:34.201+09:00 [INFO ] Processed 5 blocks and 5 headers in the last 10.00s (5 transactions; 5 UTXO-validated blocks; 1.00 parents; 1.00 mergeset; 1.00 TPB; 0.0 mass)
2026-08-09 22:13:34.201+09:00 [INFO ] [ibd-perf] 5 hdrs avg: validate(A,parallelizable) 97.3us | commit(serial) 209.1us [add_block 11.1 + db.write 64.8; held-lock 127.5] | f_serial=0.682 f_reach=0.036 | parallelize-ceiling 1.47x
2026-08-09 22:13:34.562+09:00 [INFO ] Accepted block 38787ccc7192e1b20950b66f16fe4dd5b9eee3a24687b41ad3ce882d4cedf95de0b251f2e6693ba4518dcb3d17657dfec897999c7e13019ec0bc461b6390f3d7 via relay
2026-08-09 22:13:36.307+09:00 [INFO ] Accepted block 58a802d955f4b5e10d0878c79bc42e0569b04d98b87b7892e6fdb1d084a4151bb755d9d40b3f5a124f1407231cd46c92a84d06f7ccd4210c1253244549247341 via relay
2026-08-09 22:13:37.718+09:00 [INFO ] Accepted block 28dfc039bb17e23805d3d0154902bcadf0de5c21d734be6c045e35f0bfafae99dfdf5e66439893fda786af721db9af4aef7b92b7173ce15cc6410d081ab1653b via relay
2026-08-09 22:13:39.103+09:00 [INFO ] Accepted block 751f8833f148a45d1b02cd3793cf73b40003e52fac7daa6eb62d5f95bda30462fa3ece07acb4ebdc5ec10f8407e716aacb725cce1b6f0b872fd4416eb0c8d7d8 via relay
2026-08-09 22:13:41.842+09:00 [INFO ] Accepted block 55e1e1cbb406590fbe6c4f5bb735b0fb0d85d69ce0349a95ada2783a28fe5e9745f28b6de7dc707c146272b4baa4574c8e19003b8d59cef4a3dbc23d04426bfe via relay
2026-08-09 22:13:43.177+09:00 [INFO ] Accepted block 03bd5ed97f268594c94037007b01e2a3ed8eb9e1d6e64ffd56f0d10a6c8b71f337f6ba0a5b860ec309e9f18c512de36572d0c3d0e67947a6b937e8bf32aa716b via relay
2026-08-09 22:13:44.203+09:00 [INFO ] Processed 6 blocks and 6 headers in the last 10.00s (6 transactions; 6 UTXO-validated blocks; 1.00 parents; 1.00 mergeset; 1.00 TPB; 0.0 mass)
2026-08-09 22:13:44.204+09:00 [INFO ] [ibd-perf] 6 hdrs avg: validate(A,parallelizable) 82.9us | commit(serial) 259.9us [add_block 10.7 + db.write 78.9; held-lock 152.0] | f_serial=0.758 f_reach=0.031 | parallelize-ceiling 1.32x
2026-08-09 22:13:44.228+09:00 [INFO ] [validator-service] heartbeat: mode=active sink_daa=1486 bond=Active(active=true) active_set=[epoch=14 is_active_validator=true (active_validators=5)] dns_overlay=configured (stage=Active, dns_confirmed=false)
2026-08-09 22:13:44.410+09:00 [INFO ] Accepted block 1903c203fbccc8b052fa6f83a0512e76522ad51ec2fbb88174e44175e1263504966d64aaef63294fc3108095f7d84794985bc8dc6c993c81cd8ca477032dd215 via relay
2026-08-09 22:13:45.529+09:00 [INFO ] Accepted block c07f25fe61ab2728e7dff8e832dae65ec2cade45bae078600c5f6149ed5cfb12dc1c93f02820ef6b507b3c8904ca690592bde3a667bebcf6a097dc76ecbce327 via relay
2026-08-09 22:13:47.043+09:00 [INFO ] Accepted block edfc95d3eec1212aa1aa4a9e639f49be93ba353d61ec5187e4a677f44ade02809cecd5119f77a9c0b9ad8d530d69c59512f6dae73783fe041b228e50a1b46981 via relay
2026-08-09 22:13:48.277+09:00 [INFO ] Accepted block 2d07ba99fe0e49d8452f74d3694567ff0f17d08a73b222e58242f5dd4d66f550693a85a54fe938d16c5ab89b9bb1bf4876e2a167a603ba0251f452b04a5742e7 via relay
2026-08-09 22:13:50.741+09:00 [INFO ] Accepted block f9b4764e103cf59342a88fe8a0bcd0c6b2bb1b7e1a17809d33757bed15533798e96c50a2ee635caf5681aa1a6212dfbd91e80ea3ae3f85b6cb3f07a0d3ed2918 via relay
2026-08-09 22:13:51.798+09:00 [INFO ] Accepted block 274c4363567f5d605201a4273204e2947d69da43083cc96ab74a63b49e04c8ddc536169c12cbff09197649f3b2e6b1d4c1f7bf2fcbe26ce348b3c7e79b33bc06 via relay
2026-08-09 22:13:53.804+09:00 [INFO ] Accepted block f3ad6774212a7a069c8f4c083b285b11af92c623f91762e59f89f24faa24faafe93545c456dd871faa755a70cb149295b105de57b601eb2dd55f806a828cd181 via relay
2026-08-09 22:13:54.204+09:00 [INFO ] Processed 7 blocks and 7 headers in the last 10.00s (7 transactions; 7 UTXO-validated blocks; 1.00 parents; 1.00 mergeset; 1.00 TPB; 0.0 mass)
2026-08-09 22:13:54.204+09:00 [INFO ] [ibd-perf] 7 hdrs avg: validate(A,parallelizable) 112.4us | commit(serial) 249.9us [add_block 13.4 + db.write 84.7; held-lock 165.9] | f_serial=0.690 f_reach=0.037 | parallelize-ceiling 1.45x
2026-08-09 22:13:55.031+09:00 [INFO ] Accepted block 9d28e32afcfe1da304b45173a98f2ad94cea5e8ad70363b0adaf3a991d8c58d8cd3ed61a90e884ece94f82b51cbfa94e26de728e864c458d931f1d7235d1a8b7 via relay
2026-08-09 22:13:56.606+09:00 [INFO ] Accepted block e1b7fb6dabe24dbec9afa8ab36c2200ddce2cc8a8035a590d06c37d3f306392399435a006ce059fb652c117b30a2b0ddd34ceba8377e98e32a67783b7f1ace68 via relay
2026-08-09 22:13:58.463+09:00 [INFO ] Accepted block d3a3e302ecf43ab56707b11c3939f00b5452f4ab00d46c53f70da235802ac0b602a006703f5b0e41d67178c3a317d20322e27c1f24738d292cef6258a95319ee via relay
2026-08-09 22:13:59.598+09:00 [INFO ] Accepted block e7d6de32fb93184a6511fc903d6ad243912dc1d6ca4a253a4ec50d78ed1c9477eb47208a131d8630c1fec329b4803315dd2e161fd6360dc877a098b97597c76c via relay
2026-08-09 22:14:00.650+09:00 [INFO ] Accepted block 2dc054e7f8889555425036cb61d796e62af14d2b94cebafaf72f944d3947d43afa2ef67b737cbd7059ae88d0eb184394452a3c2091bb1ce5bc9951bf6d922943 via relay
2026-08-09 22:14:01.702+09:00 [INFO ] Accepted block 8483a11ec10de2d7db97ba97d927012c11bca42ad408089de10e632b6f25f9eb93f629659ec9b2b3b96ccdf4ccf35bea9167493b01d2e7d6277a3c375d73c7e5 via relay
2026-08-09 22:14:01.844+09:00 [INFO ] [vlt-shadow] sink_daa=1499 0 validator(s) with credit; 0/14 epoch(s) would reach quorum; newest epoch Some(13): W(E)=0 signed=0 snapshot_root=ca01b7c583ae97d14d296077cbac9ae07620f94296459b51dd55a6e7ab39dc2b058b71de96eda552eb6fa1f0e5fe5b22a6299e45e67d7a5e9be83076c4c3d06a — the weight fence is at 18446744073709551615
2026-08-09 22:14:01.844+09:00 [INFO ] [stake-score] sink=ffa2f62cf17ab5bb31ade92154184f1e528c549dbe96343d32dc3f070941ecaec6aa177d202a666b7855275f22be1cc6ac2516ff2b9f3be067d984118ef0312a sink_blue=1500 credited 9 attestation(s) over 14 ready epoch(s) → stake_depth=3000000000 (rollout=Active, health=Active)
2026-08-09 22:14:02.847+09:00 [INFO ] Accepted block ffa2f62cf17ab5bb31ade92154184f1e528c549dbe96343d32dc3f070941ecaec6aa177d202a666b7855275f22be1cc6ac2516ff2b9f3be067d984118ef0312a via relay
2026-08-09 22:14:04.207+09:00 [INFO ] Processed 7 blocks and 7 headers in the last 10.00s (7 transactions; 7 UTXO-validated blocks; 1.00 parents; 1.00 mergeset; 1.00 TPB; 0.0 mass)
2026-08-09 22:14:04.207+09:00 [INFO ] [ibd-perf] 7 hdrs avg: validate(A,parallelizable) 112.2us | commit(serial) 182.4us [add_block 11.9 + db.write 76.6; held-lock 143.7] | f_serial=0.619 f_reach=0.040 | parallelize-ceiling 1.62x
2026-08-09 22:14:04.738+09:00 [INFO ] Accepted block ba12d125f2fc749d0b598f3b6f172b9b9d49801b921499d4b1124f34e53398140ed2e0bbd42aea3f10258ca331f4d0cac998d0002d4a4a174e18801cee22239b via relay
2026-08-09 22:14:06.215+09:00 [INFO ] Accepted block 4e81ed4db6356c683f5bc412635ff129a9a10008af78f2473d5d4b34de38267cf79c1a5f85fa924fe09ed487da25274809626ae963e0dc05c55987f7ff782168 via relay
2026-08-09 22:14:07.839+09:00 [INFO ] Accepted block 610dfde9783ddda478a16cafd49a4ad3415362e0f2fa442ed166cabab7d5fe613e009323c18e182c8cad3821e38470eec5916d4b913633ef7f998fc657a8e903 via relay
2026-08-09 22:14:09.169+09:00 [INFO ] Accepted block ee295b77ec0338ab78755446ad4a162b5616f9d0c26620453f357c5f9569f84faf9d99ab9455f8f7c709c3b73f871d97473b8d6a6eefd603cee43ad6897cdf0b via relay
2026-08-09 22:14:10.893+09:00 [INFO ] Accepted block da7155cfb313b6b2b76922a6f5f30a8c16d019bf6e1f50121f416f7dc98b9ff36ce48a234234f027c8d07fc5969824a3d46d0615a9b28db453603141efb19b72 via relay
2026-08-09 22:14:11.977+09:00 [INFO ] Accepted block 80eb78ff6310b20730d42da82edf9077aa242a91b502469e779ec10fef2912c8bd2fd183c25a392db20ead473812e6faabb562d54d3354709a66454ecb7c6cd6 via relay
2026-08-09 22:14:13.208+09:00 [INFO ] Accepted block 866a70eaec95b6ee6d84d8d810228cef49b6b3841315457dc31feefcb34fd81321338c15b95289ce4770a9c6b82d964993fd54ca5b09ed2bd08dea42c71494e5 via relay
2026-08-09 22:14:14.209+09:00 [INFO ] Processed 7 blocks and 7 headers in the last 10.00s (7 transactions; 7 UTXO-validated blocks; 1.00 parents; 1.00 mergeset; 1.00 TPB; 0.0 mass)
2026-08-09 22:14:14.209+09:00 [INFO ] [ibd-perf] 7 hdrs avg: validate(A,parallelizable) 92.2us | commit(serial) 261.6us [add_block 13.4 + db.write 101.5; held-lock 182.0] | f_serial=0.739 f_reach=0.038 | parallelize-ceiling 1.35x
2026-08-09 22:14:14.237+09:00 [INFO ] [validator-service] heartbeat: mode=active sink_daa=1507 bond=Active(active=true) active_set=[epoch=15 is_active_validator=true (active_validators=5)] dns_overlay=configured (stage=Active, dns_confirmed=false)
2026-08-09 22:14:14.294+09:00 [INFO ] Accepted block 494bd6bdef4b108a6d596abb8bcd1014cd58fec48ae3dda792377d646362fd8ac0321c1282ec1ac167e0a0632a657db37e984aae4b6943e079219d35d09db188 via relay
2026-08-09 22:14:16.339+09:00 [INFO ] Accepted block e5090c6f26c3c48b478be95eaeb83c04be9f5caa263bd7260af86e951fd81e11a95c39b3c65f01f048a2b6cdca878e76a4bd2cd5ff02631b79c961ad1ddebe22 via relay
2026-08-09 22:14:19.047+09:00 [INFO ] Accepted block 859c35ccb9438463b2e28df85bf5ce955dfd4a7c538172d1e7e343066def083411b059581fce2c93e704f98b0f68f093eb8e5d9dceac6c3279328b8784276d95 via relay
2026-08-09 22:14:20.745+09:00 [INFO ] Accepted block 5b2e6583a5d68b1e8810aa9575ae1de615d6e40fe8a412e95adf15e25e3900ae74e22f6e86df87ee31da8fa95905e36a49fe856638da7991eebf0ab1c52f4bc5 via relay
2026-08-09 22:14:23.047+09:00 [INFO ] Accepted block e76b3b19e109be240b46e0c600c2032fb1b47812bccdf578a2dcc8c94e5a4b1ecaa16e26b5ff21abec3349c2dabfe85c11cbfc38f6df9d8b845530b9f0c8522a via relay
2026-08-09 22:14:24.175+09:00 [INFO ] Accepted block efc86b28ccd737620243d2488e2db4a6d30f84ea9401eb43a4c8b693b1fe74ee01575662bf6209819fbe9461127ce6524c4b8eed9d148e8ab0d34ba3fe256ab8 via relay
2026-08-09 22:14:24.211+09:00 [INFO ] Processed 5 blocks and 5 headers in the last 10.00s (5 transactions; 5 UTXO-validated blocks; 1.00 parents; 1.00 mergeset; 1.00 TPB; 0.0 mass)
2026-08-09 22:14:24.211+09:00 [INFO ] [ibd-perf] 5 hdrs avg: validate(A,parallelizable) 109.8us | commit(serial) 167.6us [add_block 11.0 + db.write 70.4; held-lock 130.1] | f_serial=0.604 f_reach=0.040 | parallelize-ceiling 1.66x
2026-08-09 22:14:25.488+09:00 [INFO ] Accepted block 17b8eb30fa510bbc6bd0ac04912651cf7143c4ebd5201d02d9ec7baa161a581b04e0f86cbe15a0c6e329b1eab3490702a65d0cbe40489dd1dc801b2cc9f809d1 via relay
2026-08-09 22:14:26.796+09:00 [INFO ] Accepted block 4b99f3e8239e22988761de770a550314ed21d048610e904d7d22e73552c0178987a243928f587112de932dd0d488c5f945ede40c21b609ac5912a018b550a42d via relay
2026-08-09 22:14:29.331+09:00 [INFO ] Accepted block 09ce63be618ed67d8d4aab28d2565d50179a73c849575d60d2d0928933ffd806ee92db01a8b888dd4e1f0ea54b93113a23534d39e1b1019fa2cf76b68fab813d via relay
2026-08-09 22:14:30.375+09:00 [INFO ] Accepted block d77360596c7c9b808bb860ca09570f50d78232bfc4cb0546953482faeaf29840f85516a0e3bb78b729c75199479f448d8fa116e9530877f9f3c6b8c4122834ee via relay
2026-08-09 22:14:31.423+09:00 [INFO ] Accepted block f03cde5654a89f2b4b3a479f248830e5abed9e7994695ed4d2fde910e376c2b24ce1159292aac2802dfd542b2f40c8e5e103b17456ef029be7f0653f984e228b via relay
2026-08-09 22:14:32.640+09:00 [INFO ] Accepted block da8d78aff1197dadbfd1a67635a8b428ef166efdf5b69f019be1edc21da5e3518eda166ee83fc6941e3fff88089e9f8c33726c7db86b3a0fa50527ec25299559 via relay
2026-08-09 22:14:34.212+09:00 [INFO ] Processed 7 blocks and 7 headers in the last 10.00s (7 transactions; 7 UTXO-validated blocks; 1.00 parents; 1.00 mergeset; 1.00 TPB; 0.0 mass)
2026-08-09 22:14:34.213+09:00 [INFO ] [ibd-perf] 7 hdrs avg: validate(A,parallelizable) 95.6us | commit(serial) 281.4us [add_block 13.6 + db.write 106.6; held-lock 197.8] | f_serial=0.746 f_reach=0.036 | parallelize-ceiling 1.34x
2026-08-09 22:14:34.258+09:00 [INFO ] Accepted block fa66acee5480abfd5def945eaef144d520f40875018f15fb8b0e943b0f2bbbc9939d6498eea8ff476f0a7afe252a80dd92f56d314cd2ea122c254538b57c4916 via relay
2026-08-09 22:14:35.578+09:00 [INFO ] Accepted block bbfe0be40f9b2ef61089b9fb108ac1d4267f0c354bc24109d45d5fc986e1d1928d4f5035129cb4cb5c062acd273e76897a2bf139749220c82f114015800693fd via relay
2026-08-09 22:14:36.750+09:00 [INFO ] Accepted block fbbb042ec1767560c6fa670b4e3e9dbf15ca066c4f5b3505751832d4f84af38e4ea46ebdd568fe9afbb0ea49ef13cb890c5cd635ed84aa1382768a6358d3e80d via relay
2026-08-09 22:14:38.248+09:00 [INFO ] Accepted block f0a7332f1b366127857d6ce19e2e1f166fa1f30994b7abd0ee6bd8ae13e346e20e162e6c18fed3a2876ea706ab3ee94bf85ed9494a2e9e2da86134cd50a33622 via relay
2026-08-09 22:14:39.546+09:00 [INFO ] Accepted block beb82de76f95228c4abc02800f566eaaf0c7c2a8c343a74ee62243398bb942a892ea5c0979acd15f816f86af18dc53d25ef79bd0912d304410e510aef2bbc613 via relay
2026-08-09 22:14:41.079+09:00 [INFO ] Accepted block 9ab2878111dbcf4a1dd90632f6b500595c399d42762d75d17f84bfcf911f986ed3b4647b141724d2b555fd4e741b40e984242ee08efa4affeb4212b302019561 via relay
2026-08-09 22:14:42.187+09:00 [INFO ] Accepted block a02efa8bca2bfff282154fcf81ae143124b2f9c05fbc46c8ace8e5201c8cd27548435f01ffec1c7d425cd72e9bc8d20dd6bcb4da8dd2c8a4733ae5b4ebc074f4 via relay
2026-08-09 22:14:43.226+09:00 [INFO ] Accepted block 380f59b1cb9036312f9b7a4160a3b76e7db48420335b47d5af0ab9c7405e23ecb31014b8dfba2f01ddf36cfc436f19d5d9de530e2bf6d7458e41e263e2407f62 via relay
2026-08-09 22:14:44.214+09:00 [INFO ] Processed 8 blocks and 8 headers in the last 10.00s (8 transactions; 8 UTXO-validated blocks; 1.00 parents; 1.00 mergeset; 1.00 TPB; 0.0 mass)
2026-08-09 22:14:44.215+09:00 [INFO ] [ibd-perf] 8 hdrs avg: validate(A,parallelizable) 107.5us | commit(serial) 217.8us [add_block 12.0 + db.write 84.1; held-lock 155.7] | f_serial=0.670 f_reach=0.037 | parallelize-ceiling 1.49x
2026-08-09 22:14:44.245+09:00 [INFO ] [validator-service] heartbeat: mode=active sink_daa=1527 bond=Active(active=true) active_set=[epoch=15 is_active_validator=true (active_validators=5)] dns_overlay=configured (stage=Active, dns_confirmed=false)
2026-08-09 22:14:45.011+09:00 [INFO ] Accepted block ab734ef4bbdef80e0526fac8e73449e826d38284715de2145a679ef84196633027802669137b256f99e5a43bf761e3e7a66667c92f7a9fbc6102957aa75db075 via relay
2026-08-09 22:14:46.947+09:00 [INFO ] Accepted block ee32e58a3b42f53cf589574dc139bccf9949cf78392123188da5986237136774fb8182e30c5806121c7db62323acab2bfd5801b09df0303a9d8056742098c3c9 via relay
2026-08-09 22:14:49.700+09:00 [INFO ] Accepted block c642e26dbd45e9873f6f3c064288a97e38e0084ccd7460d2c636a882a02b1d28366b176578506abd57f643036bbd0d185c18f1bae00a6dca3f1c5787202dd3bc via relay
2026-08-09 22:14:51.916+09:00 [INFO ] Accepted block 173a443a3bc74dac2f12afe43178d4920c7d3132566701db3aab329c1216e76ca20b61dc5a2848c19dcdb57ee906c7a79303450bc51cb9aeccffc5418e409355 via relay
2026-08-09 22:14:53.670+09:00 [INFO ] Accepted block f11ce84fb10a25265d8d99870a1526ba87e789cb5d3cdd064465ddd18cc9b584ae8530cbc7312eb15a125934483dc6f4c38944b9d064df0bd0a6afbfbfdd1521 via relay
2026-08-09 22:14:54.216+09:00 [INFO ] Processed 5 blocks and 5 headers in the last 10.00s (5 transactions; 5 UTXO-validated blocks; 1.00 parents; 1.00 mergeset; 1.00 TPB; 0.0 mass)
2026-08-09 22:14:54.216+09:00 [INFO ] [ibd-perf] 5 hdrs avg: validate(A,parallelizable) 113.9us | commit(serial) 219.8us [add_block 11.9 + db.write 67.7; held-lock 129.1] | f_serial=0.659 f_reach=0.036 | parallelize-ceiling 1.52x
2026-08-09 22:14:54.833+09:00 [INFO ] Accepted block 88d7e975c0821ff8861c682dc5e270dcfcb602fa998150eabd40d17dc0918d318ce2fdeb25ad2126fd8275538a0e53700dbbe5ebcb6f1f5f30b7e512324de27d via relay
2026-08-09 22:14:56.074+09:00 [INFO ] Accepted block 54374eb2b30518a6ab9b35690bba2258beb6ae8985a6a60b0ea7fe06d2d72fa00cc5c52bcb637c176530758532d7c28d7464f0a154621e5b29bc487137ca00b6 via relay
2026-08-09 22:14:57.754+09:00 [INFO ] Accepted block 89dab8bd14542a3f636749edf6a30a8185cc65fda3f2872176a475f88fc4777da0bd26b1c097afc6010266b3bc11ae2d4e15dfa0ce90f67f977dcaab8e9c1db9 via relay
2026-08-09 22:14:58.963+09:00 [INFO ] Accepted block ef88e0335039cf6d96158c31def46f4195a74532479f53c4a61921b066474040d9a4dccf51122cecbcb28d4f54f49f7e68c4dcc29450c2f542a3066150035780 via relay
2026-08-09 22:15:00.896+09:00 [INFO ] Accepted block a501cd43d2fdbef51ffd28800d1652f686c39e83709e7e1cfcdd12878f645338d285464c0ac3931c1ad4524cdc38521111b24f5b6902654a4a1bee8738b23a8d via relay
2026-08-09 22:15:02.559+09:00 [INFO ] Accepted block 776bc6aa69b08eed357a580529244af4c7ab4fc1fad65ef6dc9a598e96b75b214eb77a0ebf3ec5d2962f9660fb460f942e141874bb7ec30164e0ac168c6a9f9f via relay
2026-08-09 22:15:03.901+09:00 [INFO ] Accepted block aecd9d46b8fc322e7912c847237eb56a5b2ae6e2dcab6f8ca776c862ac774fd8fe8b47e9ef7ca95fe74d49903e27a74899cfee350cc724a361fde2ab3cbd9c6d via relay
2026-08-09 22:15:04.218+09:00 [INFO ] Processed 7 blocks and 7 headers in the last 10.00s (7 transactions; 7 UTXO-validated blocks; 1.00 parents; 1.00 mergeset; 1.00 TPB; 0.0 mass)
2026-08-09 22:15:04.218+09:00 [INFO ] [ibd-perf] 7 hdrs avg: validate(A,parallelizable) 92.2us | commit(serial) 228.0us [add_block 13.4 + db.write 92.3; held-lock 173.3] | f_serial=0.712 f_reach=0.042 | parallelize-ceiling 1.40x
2026-08-09 22:15:05.043+09:00 [INFO ] Accepted block e609fbeb776c9162048fc46491d2a78bc4fd020c674deafff8915f4912e56d2a5b596ce1079144e14e7d9b3a5ae41868ad90ee77be79377a2172c76a494004ac via relay
2026-08-09 22:15:06.503+09:00 [INFO ] Accepted block 2ea0e6801d94e3a6cf1604849881904cdaec62edaca3a8564770d4bfcb149710afd4dcd02bb398dc97968e64ef53a25585d6f859c1d268b63db589569ea82354 via relay
2026-08-09 22:15:07.929+09:00 [INFO ] Accepted block 6cd3f69b25c7b6ac02877385d9aaf9bfff1fe6e5f8f1f487f069e373ae69f104047530e87e7d5e7e8df876c1ec9f5966775cabec601178288241e9bdf7993f1a via relay
2026-08-09 22:15:10.127+09:00 [INFO ] Accepted block b639a317f7db95b3c5f0b22e436fe7be8c621fc89eb5734ea47ed066ec59faac9e2cc38e135ea36e0699f66ddbc05638d72906685f61e30b50722c4d4534fbe1 via relay
2026-08-09 22:15:11.356+09:00 [INFO ] Accepted block 0949b7a2bed59968388d09276df54bd9b7ae11061c1bc9e6e19e70d42a869ccdb908e7d2007e54ffccc6e040a504ca2154784608b2ef9d7f316d477cbfe0335e via relay
2026-08-09 22:15:12.570+09:00 [INFO ] Accepted block fb8cf988f9498f88c69648415489d19406d9eeb49f332794076b9c53d5a31c7f6318e0e9009476aac1440e16d2a590106ed4e1219f9c0c1d0a878907d6a8045b via relay
2026-08-09 22:15:13.738+09:00 [INFO ] Accepted block 2cfd5cbb40f6ce6a52b33426b760a6d3ba7b8315dba1bb9239ff658b268900b7de57b78f63c75949d3fc55b7cf8771f662107a470f1401f0309f6835e6c180bb via relay
2026-08-09 22:15:14.220+09:00 [INFO ] Processed 7 blocks and 7 headers in the last 10.00s (7 transactions; 7 UTXO-validated blocks; 1.00 parents; 1.00 mergeset; 1.00 TPB; 0.0 mass)
2026-08-09 22:15:14.221+09:00 [INFO ] [ibd-perf] 7 hdrs avg: validate(A,parallelizable) 135.7us | commit(serial) 271.2us [add_block 15.1 + db.write 83.6; held-lock 171.7] | f_serial=0.666 f_reach=0.037 | parallelize-ceiling 1.50x
2026-08-09 22:15:14.255+09:00 [INFO ] [validator-service] heartbeat: mode=active sink_daa=1546 bond=Active(active=true) active_set=[epoch=15 is_active_validator=true (active_validators=5)] dns_overlay=configured (stage=Active, dns_confirmed=false)
2026-08-09 22:15:14.289+09:00 [INFO ] [validator-service] submitted attestation shard tx fbdbab7b78ff12adbca7dd601e1d0d6014d617412febd28ed3507a8ce9ae516ae5108264cde93ebc32afe277da029bdc1ee3ba5c10fbfc358cec7250beb5ddc8 for epoch 14
2026-08-09 22:15:14.296+09:00 [INFO ] [validator-service] compute: job finished in 23.834µs
2026-08-09 22:15:14.297+09:00 [INFO ] [validator-service] compute: certified job 38d5ba8d4041f1ff6e8453cc146c480ab7ff036ba1e1a2ecd409640dc917dcf99645ea2f1e0d9875b67c73ca481452596a47945be30a8d4de1eb8d1646edf68b in epoch 15 as tx 692908b085ca245890cee4e4242ac4b0d48994dee328bd339fa4e00f5beb3735ef4573dcf06da882071088c18a80566a40e37829e4bd448d8b8ab34f127c539f (R_j=b0536cecdeeb1f3640feb2b5fb3c5da29cc8f658d9a1af996787a16a9a380c42b465ed93ee3e748ea1434d49f98395be7d43a142d44fba0d4f7176e0c8e77147); awaiting verifier verdicts
2026-08-09 22:15:14.297+09:00 [INFO ] [validator-compute] fixture quota: 1/3 job(s) certified (1 claimed)
2026-08-09 22:15:14.769+09:00 [INFO ] Accepted block 947bd380a4c37b47e03e6c859ae89e4d8175f0085ce4552fa917dd2d2dc45f9783f4aaafa50787c0085ee5b1e98ddd0379c73d66ba51dc099b00bb2bf9fb1f64 via relay
2026-08-09 22:15:15.815+09:00 [INFO ] Accepted block e2994833a090e54a9d79612234b863473a0492ff64f8498a0cff671ab17ef482e28c98f5f7121048f0a0f60c6dc111478eb0a2869837b1ecacd214be52207d39 via relay
2026-08-09 22:15:17.309+09:00 [INFO ] Accepted block 7620947a08b9d2628f29854d8786704dbdd7d316c6e3fcee359faacddd7c355bfbc2eb49c14511bc4e1f617204aec00c7ae4bdb37c4cb9a9b569aaf42fdeae04 via relay
2026-08-09 22:15:18.691+09:00 [INFO ] Accepted block e1505af54af61e0c901352287693169fe992c545005dd72c5fd3375078a86c0c45b3457180e7b9e42853a176a25928d81cf9259854fd05f8f43f9ab4ec01bcee via relay
2026-08-09 22:15:20.131+09:00 [INFO ] Accepted block 8510256edb29bd4b2b76a5734cdfd94b00cf268626e6b0ece4d67560d3874eb0b521b030cd0a92562e7b4d692e46a6d7a705d30da2893e44ddbd327f198d4a12 via relay
2026-08-09 22:15:21.482+09:00 [INFO ] Accepted block 3d799d9e3e03de74ec23b824adfc4de81e977f50b9aa92b475226f2610be86c7eee0c74561485178cc76e3f6004c478a59e262738f1508f15472ece04e3fc8dc via relay
2026-08-09 22:15:22.550+09:00 [INFO ] Accepted block 35f867681de5dd16a6a0f1e0b96b31ababf904d6993ca3e85279c70f00f5d40085c3dee4d1d8273cceb3e445efccb7145a532f76b012cf7d2b39833cf7ce682f via relay
2026-08-09 22:15:23.849+09:00 [INFO ] Accepted block 30369495cf77e5dd07d0b714612fd68ce3a9a8b9500ad006aa8f04e31816da5647ddb0d110a43a133e81ccfdeab7284d880ff389b5fead8fb1622c1d2df037c7 via relay
2026-08-09 22:15:24.222+09:00 [INFO ] Tx throughput stats: 1.00 u-tps, 100.00% e-tps (in: 1 via RPC, 8 via P2P, out: 10 via accepted blocks)
2026-08-09 22:15:24.222+09:00 [INFO ] Processed 7 blocks and 7 headers in the last 10.00s (17 transactions; 7 UTXO-validated blocks; 1.00 parents; 1.00 mergeset; 2.43 TPB; 72137.1 mass)
2026-08-09 22:15:24.222+09:00 [INFO ] [ibd-perf] 7 hdrs avg: validate(A,parallelizable) 120.0us | commit(serial) 236.9us [add_block 16.2 + db.write 110.8; held-lock 197.4] | f_serial=0.664 f_reach=0.045 | parallelize-ceiling 1.51x
2026-08-09 22:15:25.508+09:00 [INFO ] Accepted block fd61aa08960d1b756dd3f2a55b70c939fd4b025490cb2632e069426928888ecf5489e7b8e6a7baebf2506b522df67ef6144cfe5ace6b4b6f3561ca18139bbbc1 via relay
2026-08-09 22:15:27.378+09:00 [INFO ] Accepted block 82cafc26058d20ad4d863489a41b06099c5005430040e2424060ce4465a3d67ca19ad529f42953eb711634fde957242d2db895bda46e1c413abdeae18f972dbc via relay
2026-08-09 22:15:28.797+09:00 [INFO ] Accepted block 30a27819ac5306a8d4f16977890270db624d261f079f47b00e15db4456dc584111f6f2bbbbd01c7a371b84cb4b4c28fe8bb611fb65aa1c112009fb2bc9ec0e61 via relay
2026-08-09 22:15:29.938+09:00 [INFO ] Accepted block 1be7656b13002fe7e9d395d8bcf3f3c7500b1531fda260bcf42e3ebbaacafd387e3292a22d6e38874e41b33a98afda654b5af5bdf86b945e2c2388240f54f257 via relay
2026-08-09 22:15:31.160+09:00 [INFO ] Accepted block 60c77b357ebc1e1992de114e44c737850f35bff133defdb344014438f5d07f4e9eee27134254fa7fc1acdb086b2271e34eb5d317729a2647343b3d6157d407ec via relay
2026-08-09 22:15:32.254+09:00 [INFO ] Accepted block 9bb559378cd3b9750dfc68288e6e9e752cf99d810e15e4c3d0963952d85c5d7cf093597dff30973b19443310ee3cd880526157046b4c72555a007ede37f251cf via relay
2026-08-09 22:15:33.769+09:00 [INFO ] Accepted block 439ff473c97c656a84cad09a0935c0c9d9c463ebaf8b40e459e81a82327b7ffafdffe2675b5a47bca4038d98d98b953f554cb7f73b0b0f457d5dda1edeef0a5d via relay
2026-08-09 22:15:34.224+09:00 [INFO ] Processed 8 blocks and 8 headers in the last 10.00s (8 transactions; 8 UTXO-validated blocks; 1.00 parents; 1.00 mergeset; 1.00 TPB; 0.0 mass)
2026-08-09 22:15:34.224+09:00 [INFO ] [ibd-perf] 8 hdrs avg: validate(A,parallelizable) 104.8us | commit(serial) 212.9us [add_block 15.0 + db.write 89.9; held-lock 175.1] | f_serial=0.670 f_reach=0.047 | parallelize-ceiling 1.49x
2026-08-09 22:15:35.162+09:00 [INFO ] Accepted block e596fdfc7cc4536f513d4ba544f3982ab5e5fb80af3195e312073934b27b2eab192495affa43f4571e8e51163d94c2eb1e48389514cb5ddd57b04e80d948b610 via relay
2026-08-09 22:15:36.631+09:00 [INFO ] Accepted block 235c7a8d6125db6c294dbf4a2efee8bad8b7ffdbb5bd2d9d7c52977039a41a2a1511b9cf3ef12cd8d7a900dc7071c32b096a4fba51c4366e382b5af17da80294 via relay
2026-08-09 22:15:38.289+09:00 [INFO ] Accepted block 40d38545a9a41798c9db6c43eca625f35ef14cb1e6ca63a32fb5cedb196c59b4692eea5c0f1b3bf8ed06446e5a77ea701727f269e8a959023ed706fef2a17a56 via relay
2026-08-09 22:15:39.474+09:00 [INFO ] Accepted block 0d0b5ec37a2ebcd69a24178b9e92c1eb8c6d6d25fe6800e88e481c5eac980017ee38574236c77184ec5a8183182107744720d1b87815d3d3197175be37b3d57a via relay
2026-08-09 22:15:40.803+09:00 [INFO ] Accepted block b512b491263d9f9c9bb98732da8abad70ff0b3e52b2633beb67b99a1c751af94b5364f800b283fbba5b0a972cab31b9e4c765f947bfeca5527a5b3f2db4ee719 via relay
2026-08-09 22:15:42.698+09:00 [INFO ] Accepted block 583841bf7b7c5ef5c665b9598b789c40d992e6f24a55389fb66d1ced8fcdc7ada5beedfefedf12d654fb8996bcd58a1bbf089bcc4caed81512030d3aa402ac39 via relay
2026-08-09 22:15:43.972+09:00 [INFO ] Accepted block 380e7703f81789447e7f71b8b474a3538452a106c06dff08401b0d8f82c47349b592e0fa937154a567c4c94bde3a342b4052f72e16b0b3c88b2a077f1cd2ea0b via relay
2026-08-09 22:15:44.225+09:00 [INFO ] Processed 7 blocks and 7 headers in the last 10.00s (7 transactions; 7 UTXO-validated blocks; 1.00 parents; 1.00 mergeset; 1.00 TPB; 0.0 mass)
2026-08-09 22:15:44.225+09:00 [INFO ] [ibd-perf] 7 hdrs avg: validate(A,parallelizable) 91.3us | commit(serial) 197.8us [add_block 10.9 + db.write 82.6; held-lock 146.9] | f_serial=0.684 f_reach=0.038 | parallelize-ceiling 1.46x
2026-08-09 22:15:44.305+09:00 [INFO ] [validator-service] heartbeat: mode=active sink_daa=1568 bond=Active(active=true) active_set=[epoch=15 is_active_validator=true (active_validators=5)] dns_overlay=configured (stage=Active, dns_confirmed=false)
2026-08-09 22:15:44.312+09:00 [INFO ] [validator-service] compute: committed to job f719e43eb03c1d69396aa3c49f876f0645171dbfad5e8fe2da3f03006727705ddd0ce6ab92b0e46adccd72054606e328a1a51eb943e9c9d8b89ed4184befa17c (63 byte input); awaiting the sortition beacon
2026-08-09 22:15:45.042+09:00 [INFO ] Accepted block ebd1307aff47deeb4f933191b41102417041885c2eb0cc5ca87b9b414bf9e02da8ca4836f97347f714760711b2cfcf00346b682f72773eac771bdd03f65b17b6 via relay
2026-08-09 22:15:46.581+09:00 [INFO ] Accepted block 32dc50f64d8c4478a163349ad8684f424766f417f888d5ddb4cce502e5702765e0035947bff333739ce3c3f9d773a33aa06e3dee5c4ce8d494a61b37ee11e82e via relay
2026-08-09 22:15:47.779+09:00 [INFO ] Accepted block 5e2861a85760eabfd00e96bd30271a5345fe4a93c8c1d1d81df626176fe749851f33814471b6d997964f63c6b1cee6c2b980de77aaa52e6ea5afc56f76045713 via relay
2026-08-09 22:15:49.263+09:00 [INFO ] Accepted block 28bee97ca277ab1e20aabe6b71039464ee880e672096f984a859a0d996696cb90c07b52d333c1dd66e507616541c4d938d5f7e31e9824fa2b07d9953b2608e71 via relay
2026-08-09 22:15:50.590+09:00 [INFO ] Accepted block 58f3f3fb0176d8ce9c5982603f066683aadd0f58fe6e3484879a90b746b30ee9ec3a62c378ab76f2b59c9400286753601fbfad2db4bba48065aafacbde6a4b92 via relay
2026-08-09 22:15:51.871+09:00 [INFO ] Accepted block 8ba4e470c10be69122f88c0a7d1f67945e32427d230967d7f3598927af35762c3e21a3661ad6aaf620e7fe7efaf049f48fb6c41eb1c3ac532a901dc7dc3234e0 via relay
2026-08-09 22:15:53.373+09:00 [INFO ] Accepted block ddba8dd830d88750046cf5c28988356985169395179a45c5d59bef5006ad7a1d5b53fed656791eff9756b009c5133730c5ece25d33fdd145014ccb243a0341bd via relay
2026-08-09 22:15:54.227+09:00 [INFO ] Tx throughput stats: 0.50 u-tps, 100.00% e-tps (in: 0 via RPC, 4 via P2P, out: 5 via accepted blocks)
2026-08-09 22:15:54.227+09:00 [INFO ] Processed 7 blocks and 7 headers in the last 10.00s (12 transactions; 7 UTXO-validated blocks; 1.00 parents; 1.00 mergeset; 1.71 TPB; 35391.4 mass)
2026-08-09 22:15:54.227+09:00 [INFO ] [ibd-perf] 7 hdrs avg: validate(A,parallelizable) 87.1us | commit(serial) 301.2us [add_block 12.8 + db.write 121.5; held-lock 225.1] | f_serial=0.776 f_reach=0.033 | parallelize-ceiling 1.29x
2026-08-09 22:15:54.444+09:00 [INFO ] Accepted block 3b4cbda80810284385205b333311475c01a5bd2bdaca13a7686f3f74d8f465856f39075e64af7d221580a23dc6c8667f80483b015c6eb817bf36c8cec27435ee via relay
2026-08-09 22:15:55.749+09:00 [INFO ] Accepted block 4df3b270b7d14a6e31e96af4b966adcb0e8ae09ca4007d116691e250db77b45beb50db6c291caab750d043389a53555e31da0d371cf778ed95125543a13c214a via relay
2026-08-09 22:15:58.153+09:00 [INFO ] Accepted block 4512de20a564d105a4cfb811a253972d8816da4929a62b735eba7a8e8752070cd4022257891b4f62dcafca0676747dd28cd80eb75b66f875c2523521e23cf96c via relay
2026-08-09 22:15:59.825+09:00 [INFO ] Accepted block aa6fd173cb13392662b2af8075c2177670d6c1e5daed290607fe2945a0c4ae8d1622c8705f9667002410e3b20cf108092a0de03a774f6422cf9511308765833d via relay
2026-08-09 22:16:01.292+09:00 [INFO ] Accepted block 5ff3567573c124b7232d5e4eb0ba2df0f46f56dcaec443571482a07661b122bacf72107c8434d1ea9fa6a9d5808225c206583bff255fbfd98309e8519b8d02bd via relay
2026-08-09 22:16:03.218+09:00 [INFO ] Accepted block 69c60404ca497b798c4270d494f088ab0eba50e97f498c71c831ba0aa3c36b299fbfe673c4c4286fbf0fac504b5af472500082a598e34bbb77033481c3fb1592 via relay
2026-08-09 22:16:04.229+09:00 [INFO ] Processed 6 blocks and 6 headers in the last 10.00s (6 transactions; 6 UTXO-validated blocks; 1.00 parents; 1.00 mergeset; 1.00 TPB; 0.0 mass)
2026-08-09 22:16:04.230+09:00 [INFO ] [ibd-perf] 6 hdrs avg: validate(A,parallelizable) 107.1us | commit(serial) 246.5us [add_block 14.1 + db.write 92.0; held-lock 178.7] | f_serial=0.697 f_reach=0.040 | parallelize-ceiling 1.43x
2026-08-09 22:16:04.737+09:00 [INFO ] Accepted block 53238f21ad905b8dae478c9f6b19ed76668f1f539a02384c975990286fae86a1b08300bf4f68536acbb8cf0579035c9162f25f200bd9e6cc89d487f37e93d963 via relay
2026-08-09 22:16:06.401+09:00 [INFO ] Accepted block 4d9b7a6cf0ae677dce45613603197c98a6c73b37a36bb7b1f503552cc0263fedd6dbbbfdd710cc2af18b07abfccc5fe97cc865016d52f6f764b7925357066fd1 via relay
2026-08-09 22:16:07.670+09:00 [INFO ] Accepted block faa72c7fe953b424cc454973922e2e4fea13fe3fa5021f2896ab39b9f76c840611bda3e7e87ed512a2275a193ea6ae8eb561188e1530c06d775e580fa22fe048 via relay
2026-08-09 22:16:08.896+09:00 [INFO ] Accepted block b1567b3a1e6efa6e39c588e8f0dbebe43be838f18895c606491811a82b89d5dfcc84ae775327d1451e9e70c5e1a76256a9d26e5efbad694bb05e574727fc9ee2 via relay
2026-08-09 22:16:10.890+09:00 [INFO ] Accepted block 5fe1468a1ca506adda33ff914856fedf74a77b31043b4e1fd0a95538d7b45348c26ae8d9650a1243d874962b5bc34e08cb47edf8fb4969d782d16d5d0cc5dff3 via relay
2026-08-09 22:16:12.551+09:00 [INFO ] Accepted block 605652ee2a29ccede7505ab0eafd6b685f18569d133a7671256103dfc5a14f6dbb60bae7a50441d70cffc3c39b0fc28d4566a83833972ed6f92dd533a434251b via relay
2026-08-09 22:16:14.231+09:00 [INFO ] Processed 6 blocks and 6 headers in the last 10.00s (6 transactions; 6 UTXO-validated blocks; 1.00 parents; 1.00 mergeset; 1.00 TPB; 0.0 mass)
2026-08-09 22:16:14.231+09:00 [INFO ] [ibd-perf] 6 hdrs avg: validate(A,parallelizable) 104.4us | commit(serial) 230.6us [add_block 13.0 + db.write 98.0; held-lock 170.8] | f_serial=0.688 f_reach=0.039 | parallelize-ceiling 1.45x
2026-08-09 22:16:14.320+09:00 [INFO ] [validator-service] heartbeat: mode=active sink_daa=1587 bond=Active(active=true) active_set=[epoch=15 is_active_validator=true (active_validators=5)] dns_overlay=configured (stage=Active, dns_confirmed=false)
2026-08-09 22:16:14.417+09:00 [INFO ] Accepted block 09ef785c2692aa99e4fd120f1e3f36911a2cbd60e000575f98f2fb891f2a2cda1978efb67bab09efd04779f0fc618a38602c3ecccfcf4a61248174105e8188e7 via relay
2026-08-09 22:16:16.005+09:00 [INFO ] Accepted block 7f460885f411c12c3c354989f3a2e17b70e8ff105eb0b422b07a0aed5812068858fd59f4462bb17c5cf742887504375376765a0bd30cbae34b3a8d847e17f913 via relay
2026-08-09 22:16:17.458+09:00 [INFO ] Accepted block 296af8fd989bb230ab36c24a75755e4d9485b9dce56ea0b29cb4c87ecba19e139a9887a2a0d85221d91d235f0a2fdfbcc9d826e7ac559def68cb349df6ef5bea via relay
2026-08-09 22:16:18.766+09:00 [INFO ] Accepted block 381d44f82c9eae4c02ba6a80aaac709d80fda646a1d995f3e5910d644515475851867fe7352b6647b5b5ab43da467547863db733c46cba0e5797e558fab3b595 via relay
2026-08-09 22:16:19.819+09:00 [INFO ] Accepted block c4a341bbf179f873e6435fd50dbc82c49ab1825fb8d88e074d7e2dda6cfcb51306f4a3bb0841c6d2b588f266ea54653aaef88b4ac5daf28084d44335230bf4e7 via relay
2026-08-09 22:16:21.738+09:00 [INFO ] Accepted block d488d923ca0c8980ee0c7c4af2b66d53a8370050ccf99d1a19cd2fb3dfb25ef7e31f5bb4e1a964c88a469dfb35c7f7df59f0431035a8f38a510aa24f07f7c803 via relay
2026-08-09 22:16:23.347+09:00 [INFO ] Accepted block de81d9d6a64b8fb1354b39a52dddc40031c34182ec205310c926d255f57b3d31b0e1022fe8673ab71b375f04862bd070aafdaf7275461be24967386da13b178c via relay
2026-08-09 22:16:24.234+09:00 [INFO ] Processed 7 blocks and 7 headers in the last 10.00s (7 transactions; 7 UTXO-validated blocks; 1.00 parents; 1.00 mergeset; 1.00 TPB; 0.0 mass)
2026-08-09 22:16:24.234+09:00 [INFO ] [ibd-perf] 7 hdrs avg: validate(A,parallelizable) 83.7us | commit(serial) 179.4us [add_block 12.6 + db.write 82.3; held-lock 147.3] | f_serial=0.682 f_reach=0.048 | parallelize-ceiling 1.47x
2026-08-09 22:16:24.543+09:00 [INFO ] Accepted block 4553ab446402de5d87aa7c769779b74ecd049408383bdad937885f45209c3f79c445c4154991fecf1d91a32d4aaa1337ffff4efbc14395395f50d1b126197bc8 via relay
2026-08-09 22:16:25.902+09:00 [INFO ] Accepted block e8d7c608f45c3f9521b8b9d8e3241850db15e47786977bdde5fec6bfd004699901da2f69269be803a4858c012f36f11094d4e5d2d73fb9c7a92c8255afdde890 via relay
2026-08-09 22:16:27.556+09:00 [INFO ] Accepted block 5b756f8db2fb410b211486ea0b4f5753a6dcf461d5be83f93ae1e86fe2b8d46794e7dd600f9b0144bd68004d5e59ee16eab41163174e6e6acb9d43d9dd15a997 via relay
2026-08-09 22:16:28.869+09:00 [INFO ] Accepted block 0ed40a5b8cfda92083449c17dbf755f76cbd459f0b27561fbb61c0c0ecb0c1b58ad31f09a9a64abc473510dc3ef11ca205e75de720b2c0abb1bdc9866772e75e via relay
2026-08-09 22:16:30.295+09:00 [INFO ] Accepted block 98a6755c154f242d7b208bec4a937ec49d36e15e9ff5d13d089508097fef387010c9b8e43d014ec473417140284488e4a84bd5fd4b3a66d44454dc4a7d980e1b via relay
2026-08-09 22:16:31.137+09:00 [INFO ] [vlt-credit] 5 certificate(s) in the window, none credited: epoch_anchor_not_ready=5
2026-08-09 22:16:31.137+09:00 [INFO ] [vlt-credit-skipped] certificate=3d22df96f14e439bbc263b171bbd5b33801172800565717d8cea3a29a0f73b9d2bcab1fd3fc4b355fa01575a2291905b2d626d83e3b3e9a3c696e76db1908808 executor=db30df932447de4f8443c301ee6ff68124d47e154c057bb79a58e7116c0fbcf8c1e2c53726f54672269345f004b6b10a49256c2d63c99bca1743b845c140c230 certificate_epoch=15 reason=epoch_anchor_not_ready (not yet)
2026-08-09 22:16:31.138+09:00 [INFO ] [vlt-credit-skipped] certificate=692908b085ca245890cee4e4242ac4b0d48994dee328bd339fa4e00f5beb3735ef4573dcf06da882071088c18a80566a40e37829e4bd448d8b8ab34f127c539f executor=fc61569c056a235bdf4b867bf82e0cf9b962a3b81998e0d70d2cbbed78f6d8b53bc1e337a2d3d6d179e7064b6303bf3b64ab939f46fb79eb631b1e1c3dd23e96 certificate_epoch=15 reason=epoch_anchor_not_ready (not yet)
2026-08-09 22:16:31.138+09:00 [INFO ] [vlt-credit-skipped] certificate=afbf8511e0b7fbce38e238790afe9b4c7cb4c584dadd224e4ab63ebc31f5f5bf730010ee3a3782e03f6be45e047d714a2f135edf864ba844c3d8d3165a3f7303 executor=e5d740aefce9958bb9b456536acacff111e7bb1bfbbed1d055b48fee072f1e9ac1de7624c9d764de07e750daf5726e39befb8a442fa6fe84d022e915d40fa418 certificate_epoch=15 reason=epoch_anchor_not_ready (not yet)
2026-08-09 22:16:31.138+09:00 [INFO ] [vlt-credit-skipped] certificate=2962bb362c82c4372a777bd0d1510a284ba09a2dc2e1c5886585cec98def1e073bec9d1da3f7dcc72f23fe48c5168514e53045a08464463014dc0a00f2a3df04 executor=e2f3f5d235ba8fbea02522611d7e14a8cd977eab74777a1f8a0cada8160800ee137461e28c04b3521424dc090c14742ff4a119e35c1ae20d7dc2a6a3a85a2975 certificate_epoch=15 reason=epoch_anchor_not_ready (not yet)
2026-08-09 22:16:31.138+09:00 [INFO ] [vlt-credit-skipped] certificate=9bc161654f9232459bf806b64ed63d925c2987737cd20a10291efcc2f6fc5e82c768360bdc419816d2d84b057055de151bcbcab0e1480e0ea85f2e0a464c012c executor=27f58b41d8a8d47755075fdda7b44b3742085fd74ae17157604da1e9718ad810412bbd29ac53efa46c8f29e4cfd8fcee6659e7194aa0bf13b0a53eb8deb28313 certificate_epoch=15 reason=epoch_anchor_not_ready (not yet)
2026-08-09 22:16:31.141+09:00 [INFO ] [vlt-shadow] sink_daa=1599 0 validator(s) with credit; 0/13 epoch(s) would reach quorum; newest epoch Some(14): W(E)=0 signed=0 snapshot_root=4e16f9ce64e2cb71e15b6eadd706db7424ad10dd196bb6c1119d7fc2be24f2160c12a43ada415d681183aac02a298efa093daa373fbbce7fc1e1fa26f63e37d9 — the weight fence is at 18446744073709551615
2026-08-09 22:16:31.141+09:00 [INFO ] [stake-score] sink=89cd620aeaf3dfaac684694fc2378791d824a9bef51f151075d65ee0d0b904169233397bd8deaa7dfba7726bc5dd2f40399bc72459ec22cc8cb3aebab0d8a045 sink_blue=1600 credited 14 attestation(s) over 13 ready epoch(s) → stake_depth=4000000000 (rollout=Active, health=Active)
2026-08-09 22:16:32.144+09:00 [INFO ] Accepted block 89cd620aeaf3dfaac684694fc2378791d824a9bef51f151075d65ee0d0b904169233397bd8deaa7dfba7726bc5dd2f40399bc72459ec22cc8cb3aebab0d8a045 via relay
2026-08-09 22:16:33.186+09:00 [INFO ] Accepted block 5dd324b0b24f65cd3eadcb80d537337b4d2632ec156c5d0f72640fb33afa3db073647bfb716bf44f12ae31adb366fc20f8e77600b853c7dab5fb1b7d168c6ca5 via relay
2026-08-09 22:16:34.235+09:00 [INFO ] Processed 7 blocks and 7 headers in the last 10.00s (7 transactions; 7 UTXO-validated blocks; 1.00 parents; 1.00 mergeset; 1.00 TPB; 0.0 mass)
2026-08-09 22:16:34.235+09:00 [INFO ] [ibd-perf] 7 hdrs avg: validate(A,parallelizable) 94.0us | commit(serial) 214.9us [add_block 13.1 + db.write 104.4; held-lock 185.6] | f_serial=0.696 f_reach=0.043 | parallelize-ceiling 1.44x
2026-08-09 22:16:34.641+09:00 [INFO ] Accepted block 887787415dea3dd2a787c0a8b7a912d4043056fe2b0265140351c917551418461b08686b76e20b55c4078f7eb0104c1f9cf5d222ae20f3a6b46db9adffefca93 via relay
2026-08-09 22:16:35.203+09:00 [INFO ] EVM lane KPI (O9): 256 chain blocks, avg mergeset 1.00, avg accepted-gas utilization 0.00%, 0 deposit-claims applied (cumulative)
2026-08-09 22:16:36.215+09:00 [INFO ] Accepted block 46f9a86bc3c7899df6f7e92477ea2913dd6e24f6c19457066307fee00e5999b57cc572b584c62cf5ab01d84aa74db77e2c239e9e5cf4a89b63d31ed216a9bb76 via relay
2026-08-09 22:16:38.211+09:00 [INFO ] Accepted block 30ba9901936530f22ad9b712ef14736cad1bf26d27fc3a7d2d6f0c16fcb4ac107cc7a847209ab26047e2ccddc511df58285099bf01d3572e7573882cae8afb60 via relay
2026-08-09 22:16:39.580+09:00 [INFO ] Accepted block be87edbaccff53580fd09265cde262e902d54a9ff3078a6e56588e31468dd53564169f66ae42e31eae3b08cd148cb1da4740843acf2940ecd87d0fce8c564784 via relay
2026-08-09 22:16:41.161+09:00 [INFO ] Accepted block 3b0df99776bd27ba2f044f6b9de82a407d18c237198da31cd7ec0ebd481419c217b66c4c9f6482f61b92556da0ad19cffdfa9cc57cd5b54129be84157fc9c6fe via relay
2026-08-09 22:16:42.519+09:00 [INFO ] Accepted block f9a49164f93d8d2605cb020685fbb3fcf08835776d7853e7c19119c5effaa218e7a9d615fa24fc9a2df63e897202ef454140272bb3333fdd263e283430315c50 via relay
2026-08-09 22:16:43.798+09:00 [INFO ] Accepted block 4e6c9ef984006fc1bd34f3e3807edd98254175ce0638a529aa13cbc022bff412b47b386b205f823cd82e1050cac4ad5d21c25a4920b72eea53bc7985a04d35b2 via relay
2026-08-09 22:16:44.236+09:00 [INFO ] Processed 7 blocks and 7 headers in the last 10.00s (7 transactions; 7 UTXO-validated blocks; 1.00 parents; 1.00 mergeset; 1.00 TPB; 0.0 mass)
2026-08-09 22:16:44.236+09:00 [INFO ] [ibd-perf] 7 hdrs avg: validate(A,parallelizable) 104.6us | commit(serial) 235.4us [add_block 13.7 + db.write 93.0; held-lock 165.3] | f_serial=0.692 f_reach=0.040 | parallelize-ceiling 1.44x
2026-08-09 22:16:44.332+09:00 [INFO ] [validator-service] heartbeat: mode=active sink_daa=1608 bond=Active(active=true) active_set=[epoch=16 is_active_validator=true (active_validators=5)] dns_overlay=configured (stage=Active, dns_confirmed=false)
2026-08-09 22:16:45.194+09:00 [INFO ] Accepted block 92349106c6c079fdbd21a29549fb006ea86ccc8f71a40e42b4c4883834530f96f716c0b70a818f14e60f01e0aaffb59456ec13e753ff6fccb4f1ef307adc1f98 via relay
2026-08-09 22:16:46.586+09:00 [INFO ] Accepted block 963c60d75c0e82f6293f42e50c1bfd7de0c80de1c180070742e0804983450583f911b7f7bf6b8a86b6dd6a1ca1f42425be86d67e9f04c77d118ef47db0fbbecd via relay
2026-08-09 22:16:47.923+09:00 [INFO ] Accepted block 004eb87af3949d4bf1c0cc440455484fae5510fbbf62fe31681fc7053f8a380188545ec0b599c209e62bce8ec56d9d426b1a949a58cc2323c065f81f137b0bed via relay
2026-08-09 22:16:49.350+09:00 [INFO ] Accepted block e86b7dc4d15796b1ff9891421d1ff7d547ed4a6a22e7a87c0a579aca2fba787596b1a25803c077d0cedac0ade0b8d31a5c306d5dd700af606deae8e9a70dd267 via relay
2026-08-09 22:16:50.473+09:00 [INFO ] Accepted block 6c6143d3d30260a67ed7e36fca8fbcbc0b6f6182d0098eda3ec2e3a9138df999eb4a27bfdf096f593b41301959de9c78dc92e1c1ef629fe1e0c5e4f3d5cf4e7e via relay
2026-08-09 22:16:51.658+09:00 [INFO ] Accepted block 6066324a487eb27b341a7cf4a5b74ffff8dc331433019c9f77943b466d4c2d2e44de0e5c26435006a70439c1d3c6dd131fe5ad0806a33dad2741b008b10f6c4d via relay
2026-08-09 22:16:52.831+09:00 [INFO ] Accepted block 3e92d3a5189e808d609fed4a686ea6e2ca4e6c8b404a7b683a6a558d5b3bdcb1d855425640a877e7c3151e7f483f9515fbfef569625d020b65ccf2e8cb9c441e via relay
2026-08-09 22:16:53.961+09:00 [INFO ] Accepted block a02a811d142feda001578ad2d7ae886f582ddddfcd3bd61a3a0987fd548a8704636e01c784486ddf4b0812c438b6a6c4641777690a16d6898a0ce89877c3606c via relay
2026-08-09 22:16:54.237+09:00 [INFO ] Processed 7 blocks and 7 headers in the last 10.00s (7 transactions; 7 UTXO-validated blocks; 1.00 parents; 1.00 mergeset; 1.00 TPB; 0.0 mass)
2026-08-09 22:16:54.237+09:00 [INFO ] [ibd-perf] 7 hdrs avg: validate(A,parallelizable) 104.6us | commit(serial) 260.9us [add_block 15.1 + db.write 118.2; held-lock 226.7] | f_serial=0.714 f_reach=0.041 | parallelize-ceiling 1.40x
2026-08-09 22:16:55.799+09:00 [INFO ] Accepted block 9c0cc12db03d6d36c64b30cf9baf10fc0689267c23367554b4a78454ac67a237d7864840ab40d4d687263f6837675cec59c919f64a0fb9ea3a8156c8de2a9257 via relay
2026-08-09 22:16:57.511+09:00 [INFO ] Accepted block 5010b9b5803030577921fcdeaf145009d14d665eacca385cfb8e9386532b684474df353f8a3ba32342925df5db8fcaacbb947c080614870c09e8dd19b91cc6a8 via relay
2026-08-09 22:16:59.110+09:00 [INFO ] Accepted block b2c83375fecebe139156b5120024a871db587a9dc0ecfc36ff2363d2d62f21c250e7996ff3292469e868cd4339c3d20895d28287b644ecf30fd4652fd04b0743 via relay
2026-08-09 22:17:00.607+09:00 [INFO ] Accepted block 626128ae316a4f92530f191981cc4af62c2e3b68a390ff91e6aafe31455511b909d29a9cc5618632e62175afd518963fcb484ecff193e2863caf6950bd64526a via relay
2026-08-09 22:17:01.991+09:00 [INFO ] Accepted block d9d546b2e08bf92a62b4de0f4087d73639a1f7c38b81769478a81c8bbaac677648e814e3ca73316be61f00390543e1ce8f854080294daddb4fd539c774f584f3 via relay
2026-08-09 22:17:03.261+09:00 [INFO ] Accepted block fdb6c1bba862f60995c7024c8d413e66b9f0e2c75b4570d17109b009a3c3dd577387f79a470b2771e729bb491db975bd82f3476c6177cf80ee34c28fbb802bfb via relay
2026-08-09 22:17:04.238+09:00 [INFO ] Processed 7 blocks and 7 headers in the last 10.00s (7 transactions; 7 UTXO-validated blocks; 1.00 parents; 1.00 mergeset; 1.00 TPB; 0.0 mass)
2026-08-09 22:17:04.238+09:00 [INFO ] [ibd-perf] 7 hdrs avg: validate(A,parallelizable) 87.1us | commit(serial) 254.3us [add_block 11.0 + db.write 130.1; held-lock 200.3] | f_serial=0.745 f_reach=0.032 | parallelize-ceiling 1.34x
2026-08-09 22:17:04.454+09:00 [INFO ] Accepted block 370bd11893b411204e840cc71734727e32003af79c9a0335bf2c1619a842a32253f7d8cf461586434f0d1115e14bc7120d4fdd5d1d60c257a27ab881dcf5ee92 via relay
2026-08-09 22:17:05.690+09:00 [INFO ] Accepted block 7c4605fbe242720785079f4aed76d00cf680ff39d92155ecb39406bbf63b68c1f3b49136e75e42608b7d9464b3808c33ce5deee520ec1130df400bff484478d4 via relay
2026-08-09 22:17:07.596+09:00 [INFO ] Accepted block 1c88ef95c22ee6a8ce2e48b8305fe5f34cbd610952520adaf3ef7c4cd9df2247b52395e857bc4b5c3098b6de53686bf8d6a5bedbf9d242768d2127442e2809ae via relay
2026-08-09 22:17:09.442+09:00 [INFO ] Accepted block 1469f617572d80fe6d1e53a0a2a4ac215ad14574d73b3dad0bea6f65207a66c9b601fe6e71b79a18755c154120956632b49335596a59b57633808b3a5b307b7b via relay
2026-08-09 22:17:11.297+09:00 [INFO ] Accepted block d8f4d7c1136dee210dd43e4278d213abc7b3010a660de413d52cac3d18e5998c178a9611009a041d7e0795aed24bcf5b596f876bfadb026e8b5cd0e2ad2950cf via relay
2026-08-09 22:17:13.972+09:00 [INFO ] Accepted block 13c1b9a2bc92da34204ac6f16e44242990f1ce62dc359654c7852dec5abb597d1b504c95a5284c97b6a87dacb689f6e555b3c9123648dcd5c27461cd6a73d879 via relay
2026-08-09 22:17:14.241+09:00 [INFO ] Processed 5 blocks and 5 headers in the last 10.00s (5 transactions; 5 UTXO-validated blocks; 1.00 parents; 1.00 mergeset; 1.00 TPB; 0.0 mass)
2026-08-09 22:17:14.241+09:00 [INFO ] [ibd-perf] 5 hdrs avg: validate(A,parallelizable) 91.5us | commit(serial) 208.4us [add_block 12.8 + db.write 102.5; held-lock 181.4] | f_serial=0.695 f_reach=0.043 | parallelize-ceiling 1.44x
2026-08-09 22:17:14.340+09:00 [INFO ] [validator-service] heartbeat: mode=active sink_daa=1627 bond=Active(active=true) active_set=[epoch=16 is_active_validator=true (active_validators=5)] dns_overlay=configured (stage=Active, dns_confirmed=false)
2026-08-09 22:17:15.829+09:00 [INFO ] Accepted block 40dffa3f01f0be4ea3b695317313abb0af0828468b7a76ee51ef24beeb9bbf8d8566d5225bb95b892fbdfbc67013f41e34eb28993b69fd6dca91b079d1e9c430 via relay
2026-08-09 22:17:18.060+09:00 [INFO ] Accepted block 42caa64196154a22ed572f5ef48d5be9259dc220a14b0e69ea5d2f86bf6eb0ccf111efcbfe0d701f1fee42e58dd71e64973e05c10c08e061126e761a76ace6f8 via relay
2026-08-09 22:17:21.993+09:00 [INFO ] Accepted block cc640612e7ba33b3dbdbcc351f02529e867aa7e09bea06793e4b65a51bb1ab725eaeb26c15071d1efd73ce82942f344cf82d190028440cf2c796bdd119786d84 via relay
2026-08-09 22:17:23.531+09:00 [INFO ] Accepted block 3d7fad241db29368a26aa456ff3936f9054e2f824abe5c872795f70c4208fb763ab0941b15f4fda5c1f8b03d1b470999f54c7bdbabf932cd781da935ff0b43e1 via relay
2026-08-09 22:17:24.242+09:00 [INFO ] Processed 5 blocks and 5 headers in the last 10.00s (5 transactions; 5 UTXO-validated blocks; 1.00 parents; 1.00 mergeset; 1.00 TPB; 0.0 mass)
2026-08-09 22:17:24.242+09:00 [INFO ] [ibd-perf] 5 hdrs avg: validate(A,parallelizable) 92.3us | commit(serial) 227.2us [add_block 12.3 + db.write 88.3; held-lock 165.4] | f_serial=0.711 f_reach=0.039 | parallelize-ceiling 1.41x
2026-08-09 22:17:24.584+09:00 [INFO ] Accepted block bad43770a65500c8e26fb24378dae29c0deca7665ce3461099d1b6d0caece94a30dcc62aed3435fdc235df38c3f759bf02dd47b6e01fe12c5628f29550c6e5b5 via relay
2026-08-09 22:17:26.780+09:00 [INFO ] Accepted block 42a456fa33b6c61bee03308e09b49e64ac6d896dac7b7c2684542ec430489966dcc57cb137aef3385ce56e6b60031e0398a5a18adb1bb8f97932fb569725b2de via relay
2026-08-09 22:17:28.453+09:00 [INFO ] Accepted block e3562110c97684b5084ec50ee87e0d57d0c96dd89153227800820b47e2eb1299c5d097a07430c72ced0180bbf0edd8a35328149cf544a7394156b35cea5ae207 via relay
2026-08-09 22:17:31.227+09:00 [INFO ] Accepted block 69abc09ea945f60659809ac563e1af8af1bfc42ea1947f87aad3f9ebe73cfb73cf169ebbfaf125e07e8905c0807cf10b7dc35eafe69d8b6e192ef8d23359f323 via relay
2026-08-09 22:17:32.435+09:00 [INFO ] Accepted block 1dbf9adb4b5721c28ac67b59e13afa08e323b50c1fcfcee9e216bcea9e4f1964821a35c99340105aa4cb973ee8ec8f4c39c2155b2b15e95e272ad846ac8d4bbb via relay
2026-08-09 22:17:34.245+09:00 [INFO ] Processed 5 blocks and 5 headers in the last 10.00s (5 transactions; 5 UTXO-validated blocks; 1.00 parents; 1.00 mergeset; 1.00 TPB; 0.0 mass)
2026-08-09 22:17:34.245+09:00 [INFO ] [ibd-perf] 5 hdrs avg: validate(A,parallelizable) 90.7us | commit(serial) 245.4us [add_block 13.0 + db.write 117.9; held-lock 217.6] | f_serial=0.730 f_reach=0.039 | parallelize-ceiling 1.37x
2026-08-09 22:17:34.308+09:00 [INFO ] Accepted block 1529a4ecd80ba0109eb9c792a5754b09739ea0b4ac7c48fa73234bb0cec411e6ea7621d9300eb1226af5cbf10e032e30e285495ef7e543818672df273e6d7c3d via relay
2026-08-09 22:17:35.662+09:00 [INFO ] Accepted block a93b15e369c4d48945437c6fef54df6028111f8a39bc6d52d823b71bfe7f769295ca0a31af724b230598142aaee73166989729022655eaf4f76e30d91e4759dd via relay
2026-08-09 22:17:38.062+09:00 [INFO ] Accepted block dd2005cb859265c77dba6adb043c03839670ce34137e2397009366d56086ecb8f9bee8e67f7ddb8d9c83789a89860df52bdba9171ff40f558936c76589b67db8 via relay
2026-08-09 22:17:39.285+09:00 [INFO ] Accepted block 674214b0df7d199493f13f02f6e73a938364c02780c47c3f45d7193b3f72932b3e0e85e0bf882e2230d1e60f483e11f10bc38dc2c5172d5538873e84dedd95a6 via relay
2026-08-09 22:17:40.648+09:00 [INFO ] Accepted block 958e25b7ea525cfca3b7d7bc490d479581e316802643858215aa0612d908f0402358f57e75ae92c824ed4daa27c0898f2a01cfa8c4a05cea5ab3b89655da5164 via relay
2026-08-09 22:17:41.920+09:00 [INFO ] Accepted block 32d6a2a118701d581d7a30e7abe1bc41595aa982df4ac75ace156693bb1662982dd70240d578cf6005e3841bfc835136e909c1de73eea3139f43f863198d62c8 via relay
2026-08-09 22:17:42.973+09:00 [INFO ] Accepted block 3538fceb8bb2214a091d3ca65b90e131efc0d42109957b820a47f53a48d81fe83f825971d23fbf57740299a65a190ee8112b302bc8dd27a7b603dc4407d1891f via relay
2026-08-09 22:17:44.050+09:00 [INFO ] Accepted block b11de75674cbb7cd04ae457d40789f3466d76324eb2bf3c1114cf2e92b92a530ac7ca68da41ba5effa0738cebd1a53b56430846d56d08375949a91c70bfabac8 via relay
2026-08-09 22:17:44.246+09:00 [INFO ] Processed 7 blocks and 7 headers in the last 10.00s (7 transactions; 7 UTXO-validated blocks; 1.00 parents; 1.00 mergeset; 1.00 TPB; 0.0 mass)
2026-08-09 22:17:44.246+09:00 [INFO ] [ibd-perf] 7 hdrs avg: validate(A,parallelizable) 94.9us | commit(serial) 186.6us [add_block 10.7 + db.write 89.3; held-lock 156.8] | f_serial=0.663 f_reach=0.038 | parallelize-ceiling 1.51x
2026-08-09 22:17:44.347+09:00 [INFO ] [validator-service] heartbeat: mode=active sink_daa=1645 bond=Active(active=true) active_set=[epoch=16 is_active_validator=true (active_validators=5)] dns_overlay=configured (stage=Active, dns_confirmed=false)
2026-08-09 22:17:44.373+09:00 [INFO ] [validator-service] submitted attestation shard tx 6fc63773b2fc39e0b2140b06c4bc1ff40cc9902aaef456cb6f92056fb70759744eca3af9af6e6b01d6dabdb1784f1bc1e8fcf503c820962deb6340d7332dd675 for epoch 15
2026-08-09 22:17:44.378+09:00 [INFO ] [validator-service] compute: sortitioned to audit certificate 3d22df96f14e439bbc263b171bbd5b33801172800565717d8cea3a29a0f73b9d2bcab1fd3fc4b355fa01575a2291905b2d626d83e3b3e9a3c696e76db1908808 (job 72116348c2a5679e46c96da24afe4a9a9c373d055cbdcb88d9c577ee13d5d1e5041aaebe06140003b10c9a4c5bc7397005cea92a6bd220b6a97adfcc424a3928); replaying — 4 pending
2026-08-09 22:17:44.378+09:00 [INFO ] [validator-service] compute: job finished in 19.375µs
2026-08-09 22:17:44.378+09:00 [INFO ] [validator-service] compute: confirmed certificate 3d22df96f14e439bbc263b171bbd5b33801172800565717d8cea3a29a0f73b9d2bcab1fd3fc4b355fa01575a2291905b2d626d83e3b3e9a3c696e76db1908808 — our replay reproduced R_j
2026-08-09 22:17:45.289+09:00 [INFO ] Accepted block 8a2a8caa740765d34dfd209a62bfb1abcb945e3f6ec0c55ca6b2c757d6afd872debc740e16eff5c036b40f85b9900118fe170517b6c7f97e01c1342f5d2bb93a via relay
2026-08-09 22:17:47.063+09:00 [INFO ] Accepted block 1e5782ce487cab6914effea1bdc55ed13bda0637a16658843e693fdb18d3be270cf77e5bcbed040480bc850804b4280fa3f9621afaa7fc8d8cf8066e6cfbf7ef via relay
2026-08-09 22:17:48.887+09:00 [INFO ] Accepted block e7a535cd77f06d8332b205bae73eea885e36fb897e6b5b5ff10f0124492d8efae51716e4fc98d2dbb5c1245c8db8e7413964216902df5a3c7470ca8ab6114620 via relay
2026-08-09 22:17:50.435+09:00 [INFO ] Accepted block af9f4833d416165a42a3ce0731993cff15077f53ccdc37d1aed1baba5076afcee65825e6ab435b8a2a86c6e8409c82e88a49de810de2af6ba236ce367ed64010 via relay
2026-08-09 22:17:51.786+09:00 [INFO ] Accepted block 13f18cddaedbec80758972e07a8c4340bbf436f11ebf29647d53579d4c95d04680654effa160355dd546f2d75811b912e12cac89b8b8c9bc50a01c9fc63dda22 via relay
2026-08-09 22:17:53.257+09:00 [INFO ] Accepted block e81185dfaf326f64da9f02f464c6b2c8db9f6f510e96c5f5032229761338319ed24bc5cd0a33d5f69bd7383e7621e27c54a808af8029f314db5d9d393801f4a4 via relay
2026-08-09 22:17:54.248+09:00 [INFO ] Tx throughput stats: 1.00 u-tps, 100.00% e-tps (in: 1 via RPC, 8 via P2P, out: 10 via accepted blocks)
2026-08-09 22:17:54.248+09:00 [INFO ] Processed 7 blocks and 7 headers in the last 10.00s (17 transactions; 7 UTXO-validated blocks; 1.00 parents; 1.00 mergeset; 2.43 TPB; 73900.0 mass)
2026-08-09 22:17:54.248+09:00 [INFO ] [ibd-perf] 7 hdrs avg: validate(A,parallelizable) 90.0us | commit(serial) 207.8us [add_block 13.3 + db.write 100.5; held-lock 178.1] | f_serial=0.698 f_reach=0.045 | parallelize-ceiling 1.43x
2026-08-09 22:17:54.494+09:00 [INFO ] Accepted block 383d718211e4576bda53444b30c5e9bab67aaaff0156609be30b13ba0cf5b3b49aeb650968e78610fe6e0dfcfd1ce58db40a1ce28232fdf559ea09390ab1c479 via relay
2026-08-09 22:17:56.223+09:00 [INFO ] Accepted block 39767e21b17f25d3866be3faa67e5a967f483b617eb9b5de7177c63210ad460bf36afab961e0f62e08fc8eb6bd31b493ee2a1ca6f03c85950ec96d1a22493734 via relay
2026-08-09 22:17:58.040+09:00 [INFO ] Accepted block 2ba37be9b347bc79bfb81efb2345254f10ad984f920f36e4198d19d2addbd362315bc30470e66294fbfdbbfc8d58042d40420ebf9d322b2e56bd6917160a1a30 via relay
2026-08-09 22:17:59.444+09:00 [INFO ] Accepted block 7565127be1426fae3b8fe13f1245291ad49421e95facd2067a0c4c1e7fca1c32f7fc7b0bb14c7736000963bf885b0d90ac7792a6e0db1bb732ecac7639361b1a via relay
2026-08-09 22:18:01.192+09:00 [INFO ] Accepted block 6ae48ec78280c84aacb1e0aad4f4c200d28343c2a79ba392da3941447c85e0833b17920cca7ea36e3976c57f54f55107632cb26a219f044a3e21d717a19a2958 via relay
2026-08-09 22:18:02.536+09:00 [INFO ] Accepted block f51297fb7ec01253ee258c2fd0ebb28b325b03f2c8703363c65032ff4ea739bebf7a70ad3ba616b14b18b1033ea1876b392f51c24e0a4effd7a8245e18e7efb6 via relay
2026-08-09 22:18:03.619+09:00 [INFO ] Accepted block 9c6d8d257059db1dab0d0ae1a1bddf3be1d3030041e63ecfbeeed620411bcab859136eb7729321e1966119543791902eae875c797c72a3e308d4266e1efe9408 via relay
2026-08-09 22:18:04.251+09:00 [INFO ] Processed 7 blocks and 7 headers in the last 10.00s (7 transactions; 7 UTXO-validated blocks; 1.00 parents; 1.00 mergeset; 1.00 TPB; 0.0 mass)
2026-08-09 22:18:04.251+09:00 [INFO ] [ibd-perf] 7 hdrs avg: validate(A,parallelizable) 89.1us | commit(serial) 185.7us [add_block 11.9 + db.write 88.0; held-lock 152.8] | f_serial=0.676 f_reach=0.043 | parallelize-ceiling 1.48x
2026-08-09 22:18:05.186+09:00 [INFO ] Accepted block c9b4788bcb1aa0f8fc587870b1e298fec1f378b32143f51b3bb47793a5398e4af79d1467eef42f28f748051279ae6f45ba8fd525662542c5e4e6fe55ee7984f9 via relay
2026-08-09 22:18:07.077+09:00 [INFO ] Accepted block fbb15e8bcc83bbf8a4df3ee77efa497f57f5b46cdbd104f12378e30c8c509c6fc79f861724db692d9b2727e58a07c1ec3bf961a3df41ed6d7bd272929f681ba1 via relay
2026-08-09 22:18:08.507+09:00 [INFO ] Accepted block f362af325297333f69894c7ea1e61c9eb1147853f6341c7dee07acc455d9a2faca28d4f4ff3386c7354b5304cfb5acae30436c9e88dee4fa35632153773e3984 via relay
2026-08-09 22:18:09.626+09:00 [INFO ] Accepted block 68d62377cdfb034bd1d8cd44f76ebf1fb4ed35ce6c9168e6646de8ef6151f24d45aff4dcea5d8b63afd898c1e33d81958123a66bbda6cd9b632d247e32f5991e via relay
2026-08-09 22:18:10.736+09:00 [INFO ] Accepted block 08c79e3b0f1f2cf16b51a9310e99379928143f6db02fcb4dda4460c4e5b37d69a3ca73fd2bce86b8ddb907e28c201842ec734eb1ce4b4f11226f145981125714 via relay
2026-08-09 22:18:12.046+09:00 [INFO ] Accepted block 08e345a27ca56a79cbe4c296fc3040027c740a931ca8cae63a761391c6553042c0cbb6696aefde75b2f6da5b7727ffe75092a05ef11dc96df629b8af95310478 via relay
2026-08-09 22:18:13.152+09:00 [INFO ] Accepted block a5974676a236b3655d0b4384145f5cf8ce6531e7978b70c3ff12d8db88c532d9dd379a4c071dcd7dfa2916a4bcc95538a044d0d4c3c21de5b5c295028397863d via relay
2026-08-09 22:18:14.253+09:00 [INFO ] Processed 7 blocks and 7 headers in the last 10.00s (7 transactions; 7 UTXO-validated blocks; 1.00 parents; 1.00 mergeset; 1.00 TPB; 0.0 mass)
2026-08-09 22:18:14.253+09:00 [INFO ] [ibd-perf] 7 hdrs avg: validate(A,parallelizable) 90.8us | commit(serial) 251.6us [add_block 14.0 + db.write 111.7; held-lock 192.2] | f_serial=0.735 f_reach=0.041 | parallelize-ceiling 1.36x
2026-08-09 22:18:14.384+09:00 [INFO ] [validator-service] heartbeat: mode=active sink_daa=1665 bond=Active(active=true) active_set=[epoch=16 is_active_validator=true (active_validators=5)] dns_overlay=configured (stage=Active, dns_confirmed=false)
2026-08-09 22:18:14.390+09:00 [INFO ] [validator-service] compute: sortitioned to audit certificate afbf8511e0b7fbce38e238790afe9b4c7cb4c584dadd224e4ab63ebc31f5f5bf730010ee3a3782e03f6be45e047d714a2f135edf864ba844c3d8d3165a3f7303 (job 25d66b488a0b3b3b280219c79b1f410dbc32a2be47a8ee4619f55e3a728f27a93f34069343c4978ad2e9cf5e8c543ea8c9c611d3e90a36259d249560391fd123); replaying — 3 pending
2026-08-09 22:18:14.390+09:00 [INFO ] [validator-service] compute: job finished in 33.208µs
2026-08-09 22:18:14.391+09:00 [INFO ] Accepted block b07ba11f4ee78ba0073f70b364480e4792fdbdc29b933644cdc88c4a77d91cd919c2d2ac7056f72a91e5d12771195688953fe1537535a98bb2604d962b9fc73d via relay
2026-08-09 22:18:14.392+09:00 [INFO ] [validator-service] compute: confirmed certificate afbf8511e0b7fbce38e238790afe9b4c7cb4c584dadd224e4ab63ebc31f5f5bf730010ee3a3782e03f6be45e047d714a2f135edf864ba844c3d8d3165a3f7303 — our replay reproduced R_j
2026-08-09 22:18:17.624+09:00 [INFO ] Accepted block 1140d9b293dc4d14c62bce022bfa1dcccd44fab91852d84853bcc55c630e0cef43edb21a8c885d919d32c90609c9c5ebb2d7370a552e85f59c1d03d6f79db790 via relay
2026-08-09 22:18:19.187+09:00 [INFO ] Accepted block c24653d9e34d9b96b28875d9eadf40b0e7499f71e06571f07843522588d8698107a89f59408331d3d7f120f0e229568cfe738dfe2745699e017356749d4f03c1 via relay
2026-08-09 22:18:20.730+09:00 [INFO ] Accepted block 923f33fc37e0d4e25ad4e1d2461a8ff6de7f21e02c107e25db34bff0c51d2e10295cc76cc91539cdb0645060079762bb9cce7187b0266aed4c3068869de357e7 via relay
2026-08-09 22:18:22.015+09:00 [INFO ] Accepted block cb24ed101d3d022f343dc27065cf536693742cb90124a50f6350367094513a45615fd775fb7b460a06ea2b617e1775eaa342fc5235bdd0ff9d1a3ef2dee663e3 via relay
2026-08-09 22:18:23.295+09:00 [INFO ] Accepted block 71ed32300f1b96ccd8e5ab4549c20e55d5b52b411b0d1cca0171abf2e916eb8e29f6af7e2461fc6b308e36db88456bbd0e5dccdece319f0e4e4e08513da5b223 via relay
2026-08-09 22:18:24.255+09:00 [INFO ] Processed 6 blocks and 6 headers in the last 10.00s (11 transactions; 6 UTXO-validated blocks; 1.00 parents; 1.00 mergeset; 1.83 TPB; 44383.3 mass)
2026-08-09 22:18:24.255+09:00 [INFO ] Tx throughput stats: 0.50 u-tps, 100.00% e-tps (in: 0 via RPC, 5 via P2P, out: 5 via accepted blocks)
2026-08-09 22:18:24.255+09:00 [INFO ] [ibd-perf] 6 hdrs avg: validate(A,parallelizable) 98.4us | commit(serial) 236.8us [add_block 13.3 + db.write 114.0; held-lock 200.8] | f_serial=0.706 f_reach=0.040 | parallelize-ceiling 1.42x
2026-08-09 22:18:24.499+09:00 [INFO ] Accepted block 7ab317c5876707419f18c018f962408dc5439af35d32a318b99d411d68fff04f5e7492fe46ecdb7899704528b8935f7b68e0ca1a8ad8defc55456b8a2cdaf2bd via relay
2026-08-09 22:18:26.041+09:00 [INFO ] Accepted block a113c32529cbb9eccd02a12541b1ada46e26ce7428d09d1630a3cbada059641790f7b8b0f8efd5d5a158fcb579fabd0aef07c66166b0f947a9938537fc0e3dea via relay
2026-08-09 22:18:27.203+09:00 [INFO ] Accepted block c54e77f594e2adff184f24a2d89c40167b904448fbb3c0b5d90729742e0f8476d917338ca9301e29dd0e9094cdf2663543a4e8c0efd7d53e548cbac4164b577d via relay
2026-08-09 22:18:28.316+09:00 [INFO ] Accepted block 56707ca1a15dd4a28c9943cda0813ba09de590361a3a98380db6faecf0e3a7921bc2916e191773e5a8ca8e7951b56620e443def1e81aa1e8b883906191310bfd via relay
2026-08-09 22:18:30.060+09:00 [INFO ] Accepted block 32c8c716a8b48da1b83770ae3f9717e015c56ac9d6a39240a2bf87b3fd513d0e22c931f80c8061bc845485430a3506866e4d3c616316f741dec736aac8ee0bc2 via relay
2026-08-09 22:18:31.159+09:00 [INFO ] Accepted block 77045b49a4e8e62aa9108363ba50b00792c324639ad529eae683e9034ca478fce4016f155007ef7083937c08fca232bfaa520b54d91bbde0217e05c630327da4 via relay
2026-08-09 22:18:32.259+09:00 [INFO ] Accepted block ca1050ccdba0123cd8c199d88994139ea3c65a927392adbc84b0abc4e17517fc4dff5dcccad3d0cc0dd7f3173113af7cf48884823e11f3867aa0f94b2d2c99a1 via relay
2026-08-09 22:18:33.506+09:00 [INFO ] Accepted block de68422678a753730219d4a6901bed0eabb3ebf0b936faff5dfccb7152707ca2b42b2ba03cfd0e199be723036e632acf1e68d0b3f2d3e836d61ddf155f063b43 via relay
2026-08-09 22:18:34.258+09:00 [INFO ] Processed 8 blocks and 8 headers in the last 10.00s (8 transactions; 8 UTXO-validated blocks; 1.00 parents; 1.00 mergeset; 1.00 TPB; 0.0 mass)
2026-08-09 22:18:34.258+09:00 [INFO ] [ibd-perf] 8 hdrs avg: validate(A,parallelizable) 113.1us | commit(serial) 204.4us [add_block 12.8 + db.write 98.6; held-lock 174.4] | f_serial=0.644 f_reach=0.040 | parallelize-ceiling 1.55x
2026-08-09 22:18:34.592+09:00 [INFO ] Accepted block db14736640e1d78f613de4b293e99a7f92a26dfc7f379ba072576473bd359a18e40df510a66ec143164941e95dc07a60e7e79ec6dc00a66539f891a9427bf73c via relay
2026-08-09 22:18:35.810+09:00 [INFO ] Accepted block 36b700f9ee6b6462d80a711b6260866ddac91f33b38a0b61db23dddcfd17985bcc41fc26d00a55347cccb3e86d40e733dc04d6ed50b900aad9faaacd4b113b9c via relay
2026-08-09 22:18:36.873+09:00 [INFO ] Accepted block a7eabffa8a59961f2c6ee46c55386eadec177530cc0676c43059bb6525fcd3d1e4a713cd487f2244b2de42b808e9df1899159e57234f82a2105e8ea8332452da via relay
2026-08-09 22:18:38.852+09:00 [INFO ] Accepted block 27e76771333d99de82d335f0508e867579d0e8db8315bc418f2bd71738c03765bb0f8036aa81d5d0bb5721086afe9d8203323af7b84ca9bd4e0c16b6f975a703 via relay
2026-08-09 22:18:39.964+09:00 [INFO ] Accepted block 0b6a538fed09aa837309728ced26bacffbef5814bf5d6364a7cc6472139f772e5a364d6ac63949f42b123a4abcc62e2d658d6473ed624fc7d52d3ee7c278045c via relay
2026-08-09 22:18:41.526+09:00 [INFO ] Accepted block d03a3d7accfe5ff554eeedd5a17a7074cf801bc29b08d45b434825a4e13861b5008ad5dc8731df28b8199ff3474416d249b8d13374e9c9f0afb6050c7d0e54fc via relay
2026-08-09 22:18:42.767+09:00 [INFO ] Accepted block 1b088cdebd538eee2d45d38eec9be943470deea34d85cfca1cd48ea24e0b1f7532964534b4d0014e1b177e0996b7e3ee6cb74a65fd097b9a0e0c8ab9594f21c8 via relay
2026-08-09 22:18:43.836+09:00 [INFO ] Accepted block f74e53658322c55b5df0ac2a4941e840ce54efc098285d4e8f37f80b876e8227715a7f75dc17ef3d11c1e774526a1c32c2085b6025fd8e54e5eb8e981e8f02ba via relay
2026-08-09 22:18:44.259+09:00 [INFO ] Processed 8 blocks and 8 headers in the last 10.00s (8 transactions; 8 UTXO-validated blocks; 1.00 parents; 1.00 mergeset; 1.00 TPB; 0.0 mass)
2026-08-09 22:18:44.259+09:00 [INFO ] [ibd-perf] 8 hdrs avg: validate(A,parallelizable) 112.1us | commit(serial) 321.0us [add_block 15.0 + db.write 122.4; held-lock 238.3] | f_serial=0.741 f_reach=0.035 | parallelize-ceiling 1.35x
2026-08-09 22:18:44.398+09:00 [INFO ] [validator-service] heartbeat: mode=active sink_daa=1687 bond=Active(active=true) active_set=[epoch=16 is_active_validator=true (active_validators=5)] dns_overlay=configured (stage=Active, dns_confirmed=false)
2026-08-09 22:18:44.406+09:00 [INFO ] [validator-service] compute: sortitioned to audit certificate 2962bb362c82c4372a777bd0d1510a284ba09a2dc2e1c5886585cec98def1e073bec9d1da3f7dcc72f23fe48c5168514e53045a08464463014dc0a00f2a3df04 (job 28d329c5f5691deeb77e410f63541962d777e569925db363fbd6a4433e1e0bbcf83afc72a05b1243cb5645dad563b08a48b2e3748c2764aecc5cab02193ba416); replaying — 2 pending
2026-08-09 22:18:44.406+09:00 [INFO ] [validator-service] compute: job finished in 26.792µs
2026-08-09 22:18:44.407+09:00 [INFO ] [validator-service] compute: confirmed certificate 2962bb362c82c4372a777bd0d1510a284ba09a2dc2e1c5886585cec98def1e073bec9d1da3f7dcc72f23fe48c5168514e53045a08464463014dc0a00f2a3df04 — our replay reproduced R_j
2026-08-09 22:18:45.198+09:00 [INFO ] Accepted block 33e3aeeae55518e3db64480acc584e312e3315b007dbcdf4009ba15b2cc0b3ddccb171259e76eae98f121cda8164a296e11965ffa5e304a08000560fd242a3ce via relay
2026-08-09 22:18:46.312+09:00 [INFO ] Accepted block 36cfc717f35d70e323b8698619d6b3bc09c8938be7152e32cc5c280abfd8bb4361f97df03269a9a648d0f8e161e9d40fc0e2c0c51ad2989220ad113fe7f0a657 via relay
2026-08-09 22:18:47.504+09:00 [INFO ] Accepted block 95e8750f04d6746d8dd2e974b3b730d4fbc50ccc20df41bf6a1d5117ecf03d507a696be7f8103b42453c374f60180b87e6a38c1746fa5523220a4a93e557e7dc via relay
2026-08-09 22:18:49.009+09:00 [INFO ] Accepted block 400534047c265e1782883374d46edef166b08fd717a34a67d22b1e85f2905012848895609a4b84814bc5a2ebecddf16a188ee4d7a01f3d0db15741e0ed9980a3 via relay
2026-08-09 22:18:50.160+09:00 [INFO ] Accepted block dedfcdc43e2d715070885419fe9f8d70c37c42c099e76d3b625c9fb3b2c1ca365e849e579cc5637875db00a5e1c35a0cfaa29aa8e4583de6448ec3336b6de620 via relay
2026-08-09 22:18:51.365+09:00 [INFO ] Accepted block 09797624df3a2ac7c6ea24e4dcfd1e80ecc4e7b4b914567f61518bcabe1fece1bb4b4e1f607bac88b3272d153a89f765bb7ea033e826ab60f36f0a24fd4fe9da via relay
2026-08-09 22:18:53.113+09:00 [INFO ] Accepted block 54602c1fde85e229b0c0eed2722394e052f42d53060cc03aa97d392137889287f8c4856fafd9dcdd8ac5a1474338e39d401f53c55ba30a614325c43eed9bfe53 via relay
2026-08-09 22:18:54.242+09:00 [INFO ] Accepted block c1d956e3e5187b32da1bba8ad9080869b409ce5be4be61bad9e5075be7d70c547dc70be12becea9522bb973deca0625110296a973226e4bacf464e6f1efab781 via relay
2026-08-09 22:18:54.261+09:00 [INFO ] Tx throughput stats: 0.50 u-tps, 100.00% e-tps (in: 0 via RPC, 4 via P2P, out: 5 via accepted blocks)
2026-08-09 22:18:54.261+09:00 [INFO ] Processed 7 blocks and 7 headers in the last 10.00s (12 transactions; 7 UTXO-validated blocks; 1.00 parents; 1.00 mergeset; 1.71 TPB; 38042.9 mass)
2026-08-09 22:18:54.261+09:00 [INFO ] [ibd-perf] 7 hdrs avg: validate(A,parallelizable) 93.7us | commit(serial) 215.9us [add_block 12.0 + db.write 119.3; held-lock 185.1] | f_serial=0.697 f_reach=0.039 | parallelize-ceiling 1.43x
2026-08-09 22:18:55.502+09:00 [INFO ] Accepted block 2b293da1df82b03c19217de053ef47666eaccc3f6940fe7c3fe879c575bb8c9272e4652ea948157fb6fd90ee6acd63ec9831eb7af7bbc8834e448ba6de810b0c via relay
2026-08-09 22:18:57.068+09:00 [INFO ] Accepted block 3a6df94082199290b58f5960982c2d98f6ef134bb5f0c8b1da84e7d17feedafa91382d96f80065745635f8422540f202ee8bfa30bb23ad7a970db6c1cd778b86 via relay
2026-08-09 22:18:58.640+09:00 [INFO ] Accepted block b475d76d42f0539f17c80463bc87e3626058c045056695164f874dc14d150435914fd29672c1b7e20e9d9bf3352e62adcd27648fa716dd3ea82424f50bf05ee4 via relay
2026-08-09 22:18:59.772+09:00 [INFO ] Accepted block dfa609fe63e13b727ed894bb3a085448bf43217847da0b105f4d82b78919794cb472b16ebb34576b282c71c2cf0728d0f08099a2685766c502434715c0793289 via relay
2026-08-09 22:19:00.090+09:00 [INFO ] [vlt-credit] 5 certificate(s) in the window, none credited: not_verified=1 challenge_not_mature=4
2026-08-09 22:19:00.090+09:00 [INFO ] [vlt-credit-skipped] certificate=9bc161654f9232459bf806b64ed63d925c2987737cd20a10291efcc2f6fc5e82c768360bdc419816d2d84b057055de151bcbcab0e1480e0ea85f2e0a464c012c executor=27f58b41d8a8d47755075fdda7b44b3742085fd74ae17157604da1e9718ad810412bbd29ac53efa46c8f29e4cfd8fcee6659e7194aa0bf13b0a53eb8deb28313 certificate_epoch=15 reason=not_verified (not yet)
2026-08-09 22:19:00.090+09:00 [INFO ] [vlt-credit-skipped] certificate=3d22df96f14e439bbc263b171bbd5b33801172800565717d8cea3a29a0f73b9d2bcab1fd3fc4b355fa01575a2291905b2d626d83e3b3e9a3c696e76db1908808 executor=db30df932447de4f8443c301ee6ff68124d47e154c057bb79a58e7116c0fbcf8c1e2c53726f54672269345f004b6b10a49256c2d63c99bca1743b845c140c230 certificate_epoch=15 reason=challenge_not_mature (not yet)
2026-08-09 22:19:00.090+09:00 [INFO ] [vlt-credit-skipped] certificate=692908b085ca245890cee4e4242ac4b0d48994dee328bd339fa4e00f5beb3735ef4573dcf06da882071088c18a80566a40e37829e4bd448d8b8ab34f127c539f executor=fc61569c056a235bdf4b867bf82e0cf9b962a3b81998e0d70d2cbbed78f6d8b53bc1e337a2d3d6d179e7064b6303bf3b64ab939f46fb79eb631b1e1c3dd23e96 certificate_epoch=15 reason=challenge_not_mature (not yet)
2026-08-09 22:19:00.090+09:00 [INFO ] [vlt-credit-skipped] certificate=afbf8511e0b7fbce38e238790afe9b4c7cb4c584dadd224e4ab63ebc31f5f5bf730010ee3a3782e03f6be45e047d714a2f135edf864ba844c3d8d3165a3f7303 executor=e5d740aefce9958bb9b456536acacff111e7bb1bfbbed1d055b48fee072f1e9ac1de7624c9d764de07e750daf5726e39befb8a442fa6fe84d022e915d40fa418 certificate_epoch=15 reason=challenge_not_mature (not yet)
2026-08-09 22:19:00.090+09:00 [INFO ] [vlt-credit-skipped] certificate=2962bb362c82c4372a777bd0d1510a284ba09a2dc2e1c5886585cec98def1e073bec9d1da3f7dcc72f23fe48c5168514e53045a08464463014dc0a00f2a3df04 executor=e2f3f5d235ba8fbea02522611d7e14a8cd977eab74777a1f8a0cada8160800ee137461e28c04b3521424dc090c14742ff4a119e35c1ae20d7dc2a6a3a85a2975 certificate_epoch=15 reason=challenge_not_mature (not yet)
2026-08-09 22:19:00.094+09:00 [INFO ] [vlt-shadow] sink_daa=1699 0 validator(s) with credit; 0/13 epoch(s) would reach quorum; newest epoch Some(15): W(E)=0 signed=0 snapshot_root=36c7fabc93265959faa92ea2903b0000a79cab443471de45816030f58968b5c5715557efc9d227b11b3c72d878a55d5a6a26dd42114b46a07040c40e0c187b71 — the weight fence is at 18446744073709551615
2026-08-09 22:19:00.094+09:00 [INFO ] [stake-score] sink=1d0f0d2592c0387dd5ed0c1513df015c6a8a8c21b7191f9e82a6d3f52a5f58e9d6e956f6dcfd1d547f9ddc270ac0384044475034c54c4fc1250dfcf38c1ba16e sink_blue=1700 credited 19 attestation(s) over 13 ready epoch(s) → stake_depth=5000000000 (rollout=Active, health=Active)
2026-08-09 22:19:01.100+09:00 [INFO ] Accepted block 1d0f0d2592c0387dd5ed0c1513df015c6a8a8c21b7191f9e82a6d3f52a5f58e9d6e956f6dcfd1d547f9ddc270ac0384044475034c54c4fc1250dfcf38c1ba16e via relay
2026-08-09 22:19:03.402+09:00 [INFO ] Accepted block 29ddb82d34647d09b881061b395e9af30c7655553cb4c31ffc9e1f4a327e0dceabf60d3c1c355c7015da47125906656e94e27fea5b48f756835c50e51125f605 via relay
2026-08-09 22:19:04.263+09:00 [INFO ] Processed 7 blocks and 7 headers in the last 10.00s (7 transactions; 7 UTXO-validated blocks; 1.00 parents; 1.00 mergeset; 1.00 TPB; 0.0 mass)
2026-08-09 22:19:04.263+09:00 [INFO ] [ibd-perf] 7 hdrs avg: validate(A,parallelizable) 113.3us | commit(serial) 313.9us [add_block 14.4 + db.write 157.7; held-lock 245.4] | f_serial=0.735 f_reach=0.034 | parallelize-ceiling 1.36x
2026-08-09 22:19:04.730+09:00 [INFO ] Accepted block 441280c8afe55a851dfc5efd54bae9d25c97a0144b1b791504cfb670117f0deb39e1ccb6332b5b9ca88abd0ea636eba1d0bf50b0f9f0e203449260ead9f6010d via relay
2026-08-09 22:19:05.807+09:00 [INFO ] Accepted block cd234636777627cdca7bb3e66ceaf36c20fb971b85541038fdd1436dfc8b587d2e99ecff284454f7d26896dd0ff23751f132b225d53649cf2aaa2bd35d62b410 via relay
2026-08-09 22:19:08.488+09:00 [INFO ] Accepted block 2a8cf6ae6508babdc3ffb23be520634bd12641ec3290b44eb5cac6c2b3c4dbd8a03ed9aa25a7a5bcafc493a434ccdf24cf38c472b20f8e2467da94286f8ca206 via relay
2026-08-09 22:19:09.797+09:00 [INFO ] Accepted block 6fb4b34430e8663aa486aee672ea489785d4e7c8092f38471ed301af21cea5beb57f44204a4d36548be3d8d62c9c800bf5945c03a1ea501e05f200139f67b4f4 via relay
2026-08-09 22:19:11.120+09:00 [INFO ] Accepted block 4e3d953ad5674b4d4c03d0299aadda734dbf1a933318565e7bbb23aa7dc3f4b8208a71bf417c85c08a98aa376f4fc7fb8e8097d2654bc8a44c80ac3b922b40c9 via relay
2026-08-09 22:19:12.327+09:00 [INFO ] Accepted block b8c40acfa566faa091a4adc2ed3f659f98387ab6403910b5ad8724ffdf84421b4acc2cb4a78936d5ef15c25c6568c16ae1281a92dd7d090a989f9343c0807cb8 via relay
2026-08-09 22:19:13.550+09:00 [INFO ] Accepted block e22558477a0296389f5abc7875f627975c54f59ff73afa60d59efb64c860b494f0a2c8b8e0bd378a786704e0999b9d6018d848d24700d039433498fd43270fd3 via relay
2026-08-09 22:19:14.264+09:00 [INFO ] Processed 7 blocks and 7 headers in the last 10.00s (7 transactions; 7 UTXO-validated blocks; 1.00 parents; 1.00 mergeset; 1.00 TPB; 0.0 mass)
2026-08-09 22:19:14.264+09:00 [INFO ] [ibd-perf] 7 hdrs avg: validate(A,parallelizable) 117.5us | commit(serial) 257.2us [add_block 16.9 + db.write 131.9; held-lock 211.2] | f_serial=0.686 f_reach=0.045 | parallelize-ceiling 1.46x
2026-08-09 22:19:14.414+09:00 [INFO ] [validator-service] heartbeat: mode=active sink_daa=1708 bond=Active(active=true) active_set=[epoch=17 is_active_validator=true (active_validators=5)] dns_overlay=configured (stage=Active, dns_confirmed=false)
2026-08-09 22:19:14.422+09:00 [INFO ] [validator-service] compute: sortitioned to audit certificate 9bc161654f9232459bf806b64ed63d925c2987737cd20a10291efcc2f6fc5e82c768360bdc419816d2d84b057055de151bcbcab0e1480e0ea85f2e0a464c012c (job 1a8034a1d2cd2a83b6c8773c9717a2319cf092dd420f39e7b40b97eb83a018cd541cdbe891fd28a298913770f9f3c62efd751b841711ef0442ed57d90c48c2b0); replaying — 1 pending
2026-08-09 22:19:14.422+09:00 [INFO ] [validator-service] compute: job finished in 30.084µs
2026-08-09 22:19:14.423+09:00 [INFO ] [validator-service] compute: confirmed certificate 9bc161654f9232459bf806b64ed63d925c2987737cd20a10291efcc2f6fc5e82c768360bdc419816d2d84b057055de151bcbcab0e1480e0ea85f2e0a464c012c — our replay reproduced R_j
2026-08-09 22:19:15.107+09:00 [INFO ] Accepted block f2755996b95e023bbae8fd516df61e1f37d420b447036ea73caf1c9bf465058f1d8998a8e3bb1882083861c462a404daa357f2763fa382c243e4408c18fd18c9 via relay
2026-08-09 22:19:16.413+09:00 [INFO ] Accepted block f1dc2ef31e16ab956a5e6d16fccd6125d8ffbcacd6a441d8ff47af701c3c5a0f267fd2522e35f33918ec8fb702ff3040cb52f86a7a6d501014ba527e1f852ac3 via relay
2026-08-09 22:19:17.599+09:00 [INFO ] Accepted block 16bdb82fd0c6573f2a036d8061824944a425d8ae288e39b1a2d18e088e8155e3be92aa96c19245044dd9b64939581527d1377ef370988aea180399c7e64ff628 via relay
2026-08-09 22:19:18.803+09:00 [INFO ] Accepted block 87d9f7584f2b5e40203a424613f3cdc1aebec62490111697fd27a86fd47ae55b403a9e5342a31cfb697362199b64d12c0902ce3f63a054222747b41db8fcfbf7 via relay
2026-08-09 22:19:19.917+09:00 [INFO ] Accepted block 6c70028aa1aa24c45f16c57706f648fb1cc7c015cbf936322b50e14ffd1af4779a91972bf6c9542ca1af96942b912eb7f2249bd78e91fa1ce4917d6c8a36adbb via relay
2026-08-09 22:19:21.074+09:00 [INFO ] Accepted block 4fd5edf6350abce0372b8258e515f074874fb20f8f30405809699ee39a284910f52bcb6987e25140325d1cc5878c0754f526bf9b4e9cbf6b90cd56cf9efe2630 via relay
2026-08-09 22:19:22.161+09:00 [INFO ] Accepted block 358122b216483ec39a5b0fd7c236989c1de6621c0cbf980b417c37352ccfb646d77f64de140c05b75786a1852c6b01ade16226fd569be856b6ead140ba222e2e via relay
2026-08-09 22:19:23.364+09:00 [INFO ] Accepted block 2a918d019745fd60243699c8fd5a307bdfeb6e5f1f1f6bdb4a9921c970294d48a379d8dc1e77e3b603fcd5cfa9ee4a19ce178cbbd9a1e9aa19b203ff45a142a1 via relay
2026-08-09 22:19:24.266+09:00 [INFO ] Tx throughput stats: 0.50 u-tps, 100.00% e-tps (in: 0 via RPC, 4 via P2P, out: 5 via accepted blocks)
2026-08-09 22:19:24.266+09:00 [INFO ] Processed 8 blocks and 8 headers in the last 10.00s (13 transactions; 8 UTXO-validated blocks; 1.00 parents; 1.00 mergeset; 1.62 TPB; 33287.5 mass)
2026-08-09 22:19:24.266+09:00 [INFO ] [ibd-perf] 8 hdrs avg: validate(A,parallelizable) 105.4us | commit(serial) 321.3us [add_block 14.9 + db.write 150.3; held-lock 228.7] | f_serial=0.753 f_reach=0.035 | parallelize-ceiling 1.33x
2026-08-09 22:19:24.636+09:00 [INFO ] Accepted block d5b9ba103afebd9d78b7154f8526ddbf7a73b3faf4b34e2b00d91911acf6113c06ab422cc73967595dfc50378474bcdd48bfcf508265126aa8f029f8f7d19c14 via relay
2026-08-09 22:19:26.489+09:00 [INFO ] Accepted block 573d774c70ea09c32eeb2fc312de90d6db6dd83e9ee0ed80523eedefe96156b2ac258fb686f2892e2704980df01186f138dae863d88c0e9bcee948a095ab0927 via relay
2026-08-09 22:19:27.816+09:00 [INFO ] Accepted block 09bec2f325e188b20d45c1903f9d3cfce2153c47d0be15b6f827436767963d5004caf8cd2da7362ad12b5e341857f711d999d92a5a4d040dabd1b3df81f0a778 via relay
2026-08-09 22:19:30.019+09:00 [INFO ] Accepted block 3d40fd574c1773a41d1b79e07014817d8567055d7c0ac3189c71311135897b14fd7d9cc1d68765b4b615698cbb08e0aeac0fed8017dd74a19a4dfff61efdd4d2 via relay
2026-08-09 22:19:31.195+09:00 [INFO ] Accepted block 58cec899320dbb7020293d9f32fe11a79425af7019e406b6ea77e97c1708bcac4957af43f2f5218f593240cf5468c99dc49a727ccfe1c0f364b89daca7f496ab via relay
2026-08-09 22:19:32.628+09:00 [INFO ] Accepted block 49af6ace7627c8fa10333d6393dee24839613abe5d03241e380e0b13751580343affd37c06ff72e48bf89c8d7d5af08e1a56730eb95467ca464d21e17b985d98 via relay
2026-08-09 22:19:34.268+09:00 [INFO ] Processed 6 blocks and 6 headers in the last 10.00s (6 transactions; 6 UTXO-validated blocks; 1.00 parents; 1.00 mergeset; 1.00 TPB; 0.0 mass)
2026-08-09 22:19:34.268+09:00 [INFO ] [ibd-perf] 6 hdrs avg: validate(A,parallelizable) 87.6us | commit(serial) 204.7us [add_block 13.1 + db.write 101.1; held-lock 175.5] | f_serial=0.700 f_reach=0.045 | parallelize-ceiling 1.43x
2026-08-09 22:19:34.334+09:00 [INFO ] Accepted block e810e5640eb5bc253a27e3228176ec98ee6737511ef0cef43dbc0e6d709ae4d0fc4ae4da0aa34c442667e1bbb695ca0a0324493c3a73359eccd44e760a3739d1 via relay
2026-08-09 22:19:35.572+09:00 [INFO ] Accepted block ec6f5d054d0ffda2b3ce6202d7ad132e31a12b67112b8f6acf3cfcce439405d31015bccc1f401bf05990411c0c8f65c2a05eee42dfdf304b71a4f0441e964b7a via relay
2026-08-09 22:19:37.845+09:00 [INFO ] Accepted block 846cd1397748d0e51f4c029782a40dd6144413c147c36d9ec050a1c4bb2551ac2a630e13acc8fbac74e13ab7f17f2ae430f7eb61263163662c8b3610ce7a0b1d via relay
2026-08-09 22:19:38.970+09:00 [INFO ] Accepted block 9d8db79ba5e1c3ec61ad180035586c8f8ed0ba398e0dc5a5c4ea5e9920a40d96717aa5ec9d39687f0c11d068a4d53f532a87d9e982a03f0f1af6e4a7d98b0f77 via relay
2026-08-09 22:19:40.116+09:00 [INFO ] Accepted block 5bfb9140327c8d5e1ce50e9e4bdb00589509d3d489b70b89ca5ac0a3c34ca62c1a3a7fc5251db97da9cee5fdcbe6d67fb6c84abb677e7dc371d1a1c86712c4d1 via relay
2026-08-09 22:19:41.255+09:00 [INFO ] Accepted block 2315a1c5372d1c0e6d091bd6238db091b327ac50471906b8fae7e1730bb0f7525a00e4ba7b480c1be6e82c1e1dccc0731f8adf3331fb09ed501c140ed85f60fc via relay
2026-08-09 22:19:42.846+09:00 [INFO ] Accepted block 4ba516f5ec730fcbc003da3b73d4599bf37f8fb97a2db8444119d98be3f9081dcf0c79b676c53766d123761f94fe35c29a5cdc682a5c4ae8e675f0707ab97de2 via relay
2026-08-09 22:19:43.921+09:00 [INFO ] Accepted block bbf519142a756b8b8caba999c3093716cbe6736b6bb19fbaaa5cc4711a81052141de39d6820942d95877bd5c29f9c44af34fc1c98cb71986d5649de31020d0e2 via relay
2026-08-09 22:19:44.270+09:00 [INFO ] Processed 7 blocks and 7 headers in the last 10.00s (7 transactions; 7 UTXO-validated blocks; 1.00 parents; 1.00 mergeset; 1.00 TPB; 0.0 mass)
2026-08-09 22:19:44.270+09:00 [INFO ] [ibd-perf] 7 hdrs avg: validate(A,parallelizable) 92.6us | commit(serial) 280.9us [add_block 17.1 + db.write 120.8; held-lock 210.0] | f_serial=0.752 f_reach=0.046 | parallelize-ceiling 1.33x
2026-08-09 22:19:44.427+09:00 [INFO ] [validator-service] heartbeat: mode=active sink_daa=1729 bond=Active(active=true) active_set=[epoch=17 is_active_validator=true (active_validators=5)] dns_overlay=configured (stage=Active, dns_confirmed=false)
2026-08-09 22:19:45.736+09:00 [INFO ] Accepted block c5147f988b0cdc1f0b01d5ed820d187e52fec65d32a814f296ae69b06cdafcbf79a95b840acca54ee56080fd67702dbddfc181bda8a5b36c2f7a6023a350dc8f via relay
2026-08-09 22:19:47.688+09:00 [INFO ] Accepted block 9371d4440c0204b757def9a8a2e7fc97697d6c6d5a0179d6f47b0eb92e8423b886b7909dfcf5810af89d9e5def2e4026506589578b9e5e255d6d1ddcbefe6c6c via relay
2026-08-09 22:19:49.277+09:00 [INFO ] Accepted block 58760a00a01e959ec9e8dce13fafe8d333c487ef6061acc4562432f2fa06040cf42ebc82891684116c4ed2fa22d9917b95a757d21f3e3445c473038758b26bdc via relay
2026-08-09 22:19:50.819+09:00 [INFO ] Accepted block 95ac38fcd964aede14273a9dda5de2d8fa8c7ba9cc66d06582246a745fbf635fcddfb895cc1320ef8851f83eef74e80a5d1f1a0b5830cf96dfbcc1710e783911 via relay
2026-08-09 22:19:51.980+09:00 [INFO ] Accepted block e40bfe73eaeaef23f6a385fb73a4fc67a06648785a93ccd026c995f9e4aebd07873d4d7680cd9e50088f7a05d49264e316ec986c9763389795805733d123d1b1 via relay
2026-08-09 22:19:54.272+09:00 [INFO ] Processed 6 blocks and 6 headers in the last 10.00s (6 transactions; 6 UTXO-validated blocks; 1.00 parents; 1.00 mergeset; 1.00 TPB; 0.0 mass)
2026-08-09 22:19:54.272+09:00 [INFO ] [ibd-perf] 6 hdrs avg: validate(A,parallelizable) 91.2us | commit(serial) 200.7us [add_block 12.1 + db.write 96.1; held-lock 170.5] | f_serial=0.688 f_reach=0.041 | parallelize-ceiling 1.45x
2026-08-09 22:19:54.494+09:00 [INFO ] Accepted block d3bba4a39d7879e57e52e665b5d2a3acb2ec92aba17f1cbab77b0065f5b69bfff53026c8682d36644394a80db7b91f9429f2dbbd24dab998141a6721a80107d4 via relay
2026-08-09 22:19:56.393+09:00 [INFO ] Accepted block 7bedba0825cea0fa76f73b624752cc1b76a44a91128c0f78c3b32dcc608eceed25fbc9374ae87c3ed67207d55bb9c230b411b6e91654269e6aa4c4451d76a130 via relay
2026-08-09 22:19:57.750+09:00 [INFO ] Accepted block 87d3aff4c0e463e4a6fd625db344d7700c21e2b39421e2e8e24e6880fa9f07251148fda1af538db35d02589833ed46a4932ea0b2a37e1e06ef9ce18886ecb504 via relay
2026-08-09 22:19:59.205+09:00 [INFO ] Accepted block d0deeb470bb1b0c28ab5d78f534fa40b6b53767c947e73ae5a453a11b578f78090e96a57b462ba414fcb56d38ccf90573e48f7159012a1f4777943a1f630a298 via relay
2026-08-09 22:20:00.525+09:00 [INFO ] Accepted block d9cbcfa5aa0c3afb33b04228881cd3474dcdd9cf8a455dae9d4dd0bd29fab8abae95daf888dc7f69a930100f42062245496cb7c8c44eefca04d002360b80c609 via relay
2026-08-09 22:20:02.002+09:00 [INFO ] Accepted block 7ba5806d518ce073e8e0759b3b6a8f522bcc0d2b5fb49632c8c77f752745d2686f36876af2912c05d71cca921b4768a72581b20a03e9de718ae76aa8211a8242 via relay
2026-08-09 22:20:03.238+09:00 [INFO ] Accepted block 97e85c91fc3ae9eb43dfcbacd95d6f9e57f72ee9b5323fb08cf6c19d3401e4c7b6c9c9b367e615e2b8551bce33f6112c77d956d793bcaccd8f7d5c220107a6bb via relay
2026-08-09 22:20:04.274+09:00 [INFO ] Processed 7 blocks and 7 headers in the last 10.00s (7 transactions; 7 UTXO-validated blocks; 1.00 parents; 1.00 mergeset; 1.00 TPB; 0.0 mass)
2026-08-09 22:20:04.274+09:00 [INFO ] [ibd-perf] 7 hdrs avg: validate(A,parallelizable) 90.8us | commit(serial) 218.1us [add_block 12.3 + db.write 93.9; held-lock 163.9] | f_serial=0.706 f_reach=0.040 | parallelize-ceiling 1.42x
2026-08-09 22:20:04.763+09:00 [INFO ] Accepted block b977e98b7aaf918c17982ae52b0499ce360114e0aa96d9d5940850896c36e31cf293c914534ad1055857f2d1f829064a3a5f478a77f2e9be82925fd06820431a via relay
2026-08-09 22:20:06.383+09:00 [INFO ] Accepted block 1419f2d649e27811b9913ff890659fb5983753f99d03541de5a9df6e43450b71b142ce9f34b7b7c9433415b997585cfd14649b05d832bd39a8f2b8343ab3c742 via relay
2026-08-09 22:20:08.037+09:00 [INFO ] Accepted block e443036bbd1590d34665c5970ee8054ce792a21c045b33e9bd537e6506ff2d6d301e61f150eae522dd3f88f6614326f7765939150a1c0975fa24919120cbd243 via relay
2026-08-09 22:20:09.968+09:00 [INFO ] Accepted block 5791c6f12fb6988bcf32ea2a0ebc9f3dd46d5b2c758735b75dba6119c3e6c728ce1ea676c94feb4d7c0d1b21f79b8e5701fe9048409f24754b68e8636a42088b via relay
2026-08-09 22:20:12.383+09:00 [INFO ] Accepted block 5ea11de556126382ba7b7b849c8e8ab2214f5d2a8fa17e51312d20ded040731fffa6b15de1865ad0ef0118c75aa114af7bf942ca35778adacc8fe17705d8394b via relay
2026-08-09 22:20:14.276+09:00 [INFO ] Processed 5 blocks and 5 headers in the last 10.00s (5 transactions; 5 UTXO-validated blocks; 1.00 parents; 1.00 mergeset; 1.00 TPB; 0.0 mass)
2026-08-09 22:20:14.276+09:00 [INFO ] [ibd-perf] 5 hdrs avg: validate(A,parallelizable) 102.4us | commit(serial) 304.4us [add_block 13.5 + db.write 187.3; held-lock 272.4] | f_serial=0.748 f_reach=0.033 | parallelize-ceiling 1.34x
2026-08-09 22:20:14.443+09:00 [INFO ] [validator-service] heartbeat: mode=active sink_daa=1747 bond=Active(active=true) active_set=[epoch=17 is_active_validator=true (active_validators=5)] dns_overlay=configured (stage=Active, dns_confirmed=false)
2026-08-09 22:20:14.469+09:00 [INFO ] [validator-service] submitted attestation shard tx a03e0fd62012d24eed635d20ca33461de0427275b4bf2e142f776d44fbcb253cced11b8d02dcaa12b03ab4173533d6f7d1354505032713b3a4da39dae01cc548 for epoch 16
2026-08-09 22:20:14.484+09:00 [INFO ] [validator-service] compute: job finished in 19.584µs
2026-08-09 22:20:14.486+09:00 [INFO ] [validator-service] compute: certified job f719e43eb03c1d69396aa3c49f876f0645171dbfad5e8fe2da3f03006727705ddd0ce6ab92b0e46adccd72054606e328a1a51eb943e9c9d8b89ed4184befa17c in epoch 17 as tx a94afa9beb0ebd6fe8da76146105b5b697441d2214de12bf22a76fca8d7f4b30a5e5a146db0898ab8ff71347b09143dde70026f521a1920da1b672975d48e7ef (R_j=08ae7b19b297662a2669a7881e200102b8f743faced7539a3146ee2009d639f52c398ee3d0330a442fbcd7736f7649efbba925ccf1faaef3e39dddefc4bb4fed); awaiting verifier verdicts
2026-08-09 22:20:14.486+09:00 [INFO ] [validator-compute] fixture quota: 2/3 job(s) certified (2 claimed)
2026-08-09 22:20:14.581+09:00 [INFO ] Accepted block 6c7dd0455a49c5eee167a139a49488923669675685b3acaba4823fdab975e038c12397eca2fd048a8e1444202ded7f9daf9f14d850112f03708403fc87e556ef via relay
2026-08-09 22:20:16.473+09:00 [INFO ] Accepted block d18ef1feccc0353dbb1d755d065bffd9c94f76bffedd3a060a81e73a5d2367e3901c95814e7d8334878ac03463efd19f7d5fc7d7afe2e4276d688b2b9b218d3a via relay
2026-08-09 22:20:18.317+09:00 [INFO ] Accepted block 7acd221e4816707701ef6665c309f2cc0ec19d5f853945e8870861e238057c3905bc61d52352f49317d2db5886f5c3d269c7cf0c94bdf1bc01186593ebeca214 via relay
2026-08-09 22:20:19.871+09:00 [INFO ] Accepted block 3346a76fd8a141086559351deaa9069a74e1b6d3a3436693777cd2b36417967db30a867ca35876196c93e3c7c48838e8853f4150ea03364202e23bcf76990dfa via relay
2026-08-09 22:20:21.026+09:00 [INFO ] Accepted block 3c351cb04d9ed05064b4bea53799375715af5952204cb20b69a9bfd5cb86f9e0ac4d4a4432613bba691055a8286acb6837144ba19cd6c055aac31f098bf5e520 via relay
2026-08-09 22:20:22.087+09:00 [INFO ] Accepted block 48b28057a5ac274543971e2f6ffdec4d0339ad39dd644934a37760c5870285b712232c212d49bd820475c30b8c05a056ab33a2944ffcb36a1ff2ac28cd5e5bd8 via relay
2026-08-09 22:20:23.222+09:00 [INFO ] Accepted block 392b241b37942c564f2d8c6ccd7a0eda33df91f08a1560aa2c94a4aeffc5d7d362403a787ff43834f0b5cb412e461f6802d5dd477f3037972988c5555159fa04 via relay
2026-08-09 22:20:24.279+09:00 [INFO ] Tx throughput stats: 1.00 u-tps, 100.00% e-tps (in: 1 via RPC, 9 via P2P, out: 10 via accepted blocks)
2026-08-09 22:20:24.279+09:00 [INFO ] Processed 7 blocks and 7 headers in the last 10.00s (17 transactions; 7 UTXO-validated blocks; 1.00 parents; 1.00 mergeset; 2.43 TPB; 72137.1 mass)
2026-08-09 22:20:24.279+09:00 [INFO ] [ibd-perf] 7 hdrs avg: validate(A,parallelizable) 86.5us | commit(serial) 204.5us [add_block 12.7 + db.write 85.4; held-lock 152.3] | f_serial=0.703 f_reach=0.044 | parallelize-ceiling 1.42x
2026-08-09 22:20:25.067+09:00 [INFO ] Accepted block b287406a04ae1e4cf49de9fba7bbe8fd44922dc8cc723c0fea386b9d7b72954580dc0bdbadafff0ac8cb2af0f2f9c11bbb33253eb02019c3369a06d2f927c6da via relay
2026-08-09 22:20:26.294+09:00 [INFO ] Accepted block 0c0beb432fa062c5a324bb259db668444853700c208a2f40acea59cb240961f4f82681719dc0b5c596e7c6383d37af362c39cafbff52b218bc0c30e8eac6a755 via relay
2026-08-09 22:20:27.415+09:00 [INFO ] Accepted block 099433dd0b1bcc7a827082aa3234a2275342265ddbd40e0f8150a1e8e99c7a4c7e6b0f7500d7e9ed22844ab0ca9c4258be467da4bcf1879d5ae38e0dd44a44c3 via relay
2026-08-09 22:20:29.296+09:00 [INFO ] Accepted block d5f989b4a27960863b574400221d311bad103d46840c994bf8d97208d43aec304a75ece15667bc1e7e49ff0e92afd91961e69a9b0eae459d76972faa809a432d via relay
2026-08-09 22:20:30.465+09:00 [INFO ] Accepted block d2c277c77135bed43bf2434e73c27814e8d71a7aa5669c8f4f9653c1ad69b18aaa37a538f11cfc878c4b89cdcf586f1234c1df4abcee6720d45ffe2d3cd43d48 via relay
2026-08-09 22:20:31.767+09:00 [INFO ] Accepted block 8a12fc6dab9d4f4ce73d5df21f7b3aa5dadbeb688e3e6970b64d8984d6444bd91e43cc0c497031b4b46e48b72b42049578ca00877c4d4eab331e73f91cd420a4 via relay
2026-08-09 22:20:33.155+09:00 [INFO ] Accepted block 329afaafa0f303df33911df0a0396bc0084d46476022a4e6eae39280291e37553d4cb2774923d0eec71f9159d8a74b19c31691b319be2f233cf28a006f585252 via relay
2026-08-09 22:20:34.281+09:00 [INFO ] Processed 7 blocks and 7 headers in the last 10.00s (7 transactions; 7 UTXO-validated blocks; 1.00 parents; 1.00 mergeset; 1.00 TPB; 0.0 mass)
2026-08-09 22:20:34.281+09:00 [INFO ] [ibd-perf] 7 hdrs avg: validate(A,parallelizable) 124.0us | commit(serial) 265.5us [add_block 13.0 + db.write 110.9; held-lock 192.7] | f_serial=0.682 f_reach=0.033 | parallelize-ceiling 1.47x
2026-08-09 22:20:34.763+09:00 [INFO ] Accepted block 3fa7b1f7f8302345ad3f00f6f0b34e79c647b0dcb6f2b849b1e82bdd68fed52e8833fd70b452cfdac58f92f0a1037bcd53da7560f805500db300d3428c7d608f via relay
2026-08-09 22:20:35.948+09:00 [INFO ] Accepted block ec8cb7611afde3b8468805b343cff0c3d13a854dbc4a52c73212935b0f395c215527d90c92e55cb48072a3daf4e67386448f28da420a4b7bbf54e0752abdb664 via relay
2026-08-09 22:20:37.260+09:00 [INFO ] Accepted block 58fe4aad17d9dc230fe7aa834bb62bed7c9cf8a2b681181142c7d3c2929d3534144da918b78ab80744530ebff077f32fbff35fa7587eb80b8a8b7f71ac80ebb1 via relay
2026-08-09 22:20:39.313+09:00 [INFO ] Accepted block 026252afd7eee2b5c01b40083d6bead2583851a471df8272f8a3842153f33b582ea6f025030949bb5add381c00fd7f9e5fa2496035d31a9b0a55259b47caa53c via relay
2026-08-09 22:20:41.058+09:00 [INFO ] Accepted block 8cd0f37cef64e20ea5d2884f1d16c21fa149d5ce3a7852cad83939789d3b09e781d8aa4373c75631a161706762721b0b479627f7b7897f8a6ad34773a42bb876 via relay
2026-08-09 22:20:42.149+09:00 [INFO ] Accepted block 99ef14cb8d26aa427e10d7f37b4b7048effc8f9d7eb33ce2d165d1cc3c782f4997b3f11274785c6c4f5fa11b3739911c263f71f20c79950155ebbf7a6d517d7c via relay
2026-08-09 22:20:43.386+09:00 [INFO ] Accepted block a5c406eabe7ab0b687feb50f42b26e606517d2a40d4cfc4014f61656ec2eb4b3379bc53e134a5b9476ed6cec42ce8cd27a83b6b302bb93ceb7a113ebbf6a68b0 via relay
2026-08-09 22:20:44.283+09:00 [INFO ] Processed 7 blocks and 7 headers in the last 10.00s (7 transactions; 7 UTXO-validated blocks; 1.00 parents; 1.00 mergeset; 1.00 TPB; 0.0 mass)
2026-08-09 22:20:44.283+09:00 [INFO ] [ibd-perf] 7 hdrs avg: validate(A,parallelizable) 93.0us | commit(serial) 230.4us [add_block 16.4 + db.write 94.1; held-lock 171.4] | f_serial=0.712 f_reach=0.051 | parallelize-ceiling 1.40x
2026-08-09 22:20:44.483+09:00 [INFO ] Accepted block 1e9857ce0f45f46527fb8da21343720529fb218b7801c3d642fc88fea502b2516858a6a8ec8148eda7f0bd8dd5f65484981fe47005d2418875898dbed9bf7867 via relay
2026-08-09 22:20:44.492+09:00 [INFO ] [validator-service] heartbeat: mode=active sink_daa=1768 bond=Active(active=true) active_set=[epoch=17 is_active_validator=true (active_validators=5)] dns_overlay=configured (stage=Active, dns_confirmed=false)
2026-08-09 22:20:44.505+09:00 [INFO ] [validator-service] compute: committed to job 69b623edcff235b99eab313a7811f0b8909a34cb94cc67d95d5c72345899f5a656d46f11c9e4a7da39ecfa0083403622447ca90c173369fe4596c02a0a83c2f7 (63 byte input); awaiting the sortition beacon
2026-08-09 22:20:46.012+09:00 [INFO ] Accepted block 15162b6f05090b826a4bb4aa49d2494cd88056a43abb908c31d5910bff17a98943f491b6ffd5d8d8f1565bd9676fb749580c10c68feb8be51f15789822ab9d6b via relay
2026-08-09 22:20:47.254+09:00 [INFO ] Accepted block 37d9ddcf6599f569409c4a0df2357fa9d620ff0f39a53ab2d9f9b5ba80fd102f490c92cac9a414bebe57f092c643ba383bc9a2f5cf08fb955e77fcba548c5bdb via relay
2026-08-09 22:20:49.197+09:00 [INFO ] Accepted block a41542c0949ebd9f13da57ee0a2aaa72c082c400e5128be3c56cdf21150fea8579485ac1946d69bf537aea86220e29c893e5b1fc4800b08c86558d806a148254 via relay
2026-08-09 22:20:52.590+09:00 [INFO ] Accepted block 4bb7c36a8d4e32398951d9937397cf596390ab0dd1c6b7e6f916969f767acfaadce8b748bcdf85a2dcf8cf40ff19805510ceac48ea44117aa54a4aad065f62d6 via relay
2026-08-09 22:20:53.983+09:00 [INFO ] Accepted block cdaef7e50ac523c0050c87547861ac314da164555a4627cddb6dce7bca2066093c491ec561d7cebccf548ed19ea90b4749bf924c65a3c2ce0c05909eb4b6d8db via relay
2026-08-09 22:20:54.284+09:00 [INFO ] Processed 6 blocks and 6 headers in the last 10.00s (11 transactions; 6 UTXO-validated blocks; 1.00 parents; 1.00 mergeset; 1.83 TPB; 41290.0 mass)
2026-08-09 22:20:54.284+09:00 [INFO ] Tx throughput stats: 0.50 u-tps, 100.00% e-tps (in: 0 via RPC, 5 via P2P, out: 5 via accepted blocks)
2026-08-09 22:20:54.284+09:00 [INFO ] [ibd-perf] 6 hdrs avg: validate(A,parallelizable) 92.8us | commit(serial) 195.8us [add_block 12.4 + db.write 96.0; held-lock 166.2] | f_serial=0.678 f_reach=0.043 | parallelize-ceiling 1.47x
2026-08-09 22:20:55.040+09:00 [INFO ] Accepted block 04f76f364aa48ca7b0fb388645d0e058bb1a4c3c896959633a8dc391e22ee8682d820d5456384a09dd4a7d91452d7eaa67de0cce9409c344c602e333751822af via relay
2026-08-09 22:20:56.268+09:00 [INFO ] Accepted block dd4504b6a4de0113cf4d588524d9fc8535550e70ad51358babc419b1c188d0fb5cd139914c480782a7dba3e3a63a0785477eb221145cb446bb009f2ec25d2d4b via relay
2026-08-09 22:20:58.866+09:00 [INFO ] Accepted block 23717a29ed29a4ae6f5320beeb4c6f01c7e71078d3de7cea963f0293b4ceb03008b5b10656f87214acde3d675e4cbfc3607e9835d85c002ba2cc618fa77f9268 via relay
2026-08-09 22:21:00.107+09:00 [INFO ] Accepted block 0e856525e9d912938b22deefee69d205d15c6d58fa893f4ee0d3abd19c53850ad306f8418ae80519b58e771aa1bf60f690c345949f43470e135eed85a0fd4a08 via relay
2026-08-09 22:21:01.541+09:00 [INFO ] Accepted block f11eb3660720531071439fa0d443e06a8ba402da46688233f12fb9515bcdd075e7d35df000db071b46d744dab1c81716918f11949318d9cd60d762fde72994e2 via relay
2026-08-09 22:21:03.094+09:00 [INFO ] Accepted block 901020e8583a9fd752cc0fb4aa5f1ca552bb6978bf6197fe19a3dac25f9936e7f1daa115ec73f17f7f9203e01e79d90c53e78130e2a3e91333e7b55d6cb0ea22 via relay
2026-08-09 22:21:04.255+09:00 [INFO ] Accepted block af906855eeea3a6455cd68e577fd15a9124df3ccf75051cf4eecb6daa7f77be1fff287630686cd9d34602b2a4f943da75ebcfbca3ff00ab9de72c3223cf19d15 via relay
2026-08-09 22:21:04.286+09:00 [INFO ] Processed 6 blocks and 6 headers in the last 10.00s (6 transactions; 6 UTXO-validated blocks; 1.00 parents; 1.00 mergeset; 1.00 TPB; 0.0 mass)
2026-08-09 22:21:04.286+09:00 [INFO ] [ibd-perf] 6 hdrs avg: validate(A,parallelizable) 113.6us | commit(serial) 204.6us [add_block 12.2 + db.write 103.9; held-lock 174.5] | f_serial=0.643 f_reach=0.038 | parallelize-ceiling 1.56x
2026-08-09 22:21:05.426+09:00 [INFO ] Accepted block fe0a8b564c5a58bc6c7a6d12e6f49e3f342618cedfd0bfe979bac612616ee4005c28704812c67b5caa8c1c4130b31448688658c6ccd871f37866f631ffde99c0 via relay
2026-08-09 22:21:06.776+09:00 [INFO ] Accepted block 16ab603e1b2916d240f656996dd549530f75f631b3e9b746045ad5d515ddce8130b6dbe23792c06767754f3f5442f9d9171227245a727ee1735175e7ec4fadbd via relay
2026-08-09 22:21:08.011+09:00 [INFO ] Accepted block 735f6ac105cfca17296eea6dd7abdfd7b897817daa9c4d24261ba07d919a483db213faf81085128e0e42685a8654098c0e5b8dfeb655b02208364a8a5be0032d via relay
2026-08-09 22:21:09.906+09:00 [INFO ] Accepted block d3cbff142fff3fc63d5417666dd8856c25d60ddf3f281d1ece45f8790e94ab16de89e837309c7801f0c698dbfe93019722fffb8cbb784705f20b30bff20695f4 via relay
2026-08-09 22:21:11.321+09:00 [INFO ] Accepted block 9a7890327168a284023568791294b8b7f32bf6902fcc6efb25ada2457257527cd0d67dac16d2abc624899d524115838beb956eba9e537c1e412e24f75d992751 via relay
2026-08-09 22:21:12.726+09:00 [INFO ] Accepted block 2a0f3a2b0f8983ab17bf1c0b8e2065d23eb492f89c831e182a91b0961b57478a989602a7cb051f5e4aa50783ace155d5a2ef75fa98b44ebfd66aeab1c0a37d91 via relay
2026-08-09 22:21:14.257+09:00 [INFO ] Accepted block 2a5bc962631c31d08b3d276f707ce8d8281546610d7d8d52628de9a7f4aebaa6ba2291da46a36a424724773dfee904bdc34acdef9275b8be4ad1350359cfafb0 via relay
2026-08-09 22:21:14.364+09:00 [INFO ] Processed 7 blocks and 7 headers in the last 10.00s (7 transactions; 7 UTXO-validated blocks; 1.00 parents; 1.00 mergeset; 1.00 TPB; 0.0 mass)
2026-08-09 22:21:14.364+09:00 [INFO ] [ibd-perf] 7 hdrs avg: validate(A,parallelizable) 88.3us | commit(serial) 263.1us [add_block 13.1 + db.write 120.2; held-lock 226.3] | f_serial=0.749 f_reach=0.037 | parallelize-ceiling 1.34x
2026-08-09 22:21:14.588+09:00 [INFO ] [validator-service] heartbeat: mode=active sink_daa=1788 bond=Active(active=true) active_set=[epoch=17 is_active_validator=true (active_validators=5)] dns_overlay=configured (stage=Active, dns_confirmed=false)
2026-08-09 22:21:15.441+09:00 [INFO ] Accepted block d1b321d9ea3c60959dd32ec169136b830d40530ea4761e7123cc777e9b59363a1b87a7d41d0f40014316c257ff42fffde912f414b785250d3bbfb9de7e4c8b9d via relay
2026-08-09 22:21:16.921+09:00 [INFO ] Accepted block 4d9676ffaa19b213cb7e67a3cc6b2d0ec296f3db94ba4bebc03287daec0671aa1a484369374d21a4bf0f3f6fab58f47765593d859f2540124941ccbff3418310 via relay
2026-08-09 22:21:18.199+09:00 [INFO ] Accepted block 2028a9eba8937ff45e7925372a6ffcd1985cea616257168ea1a8e546250e3b116f50a7cf62faa7c7a3736d85108a9f69102e844d33dcca98237700c630b171d9 via relay
2026-08-09 22:21:19.458+09:00 [INFO ] Accepted block a955f4bdd24702bc4e2068599d87d3e30bbbc6766b540cbb53dc0e8072fceefa5a1c6aacb662d686f75ea5de812a4f1562e3efed513fdb1280a431b16c6aa877 via relay
2026-08-09 22:21:21.445+09:00 [INFO ] Accepted block f63dc1c2082373b40dda9cab32af20c4dcaa596a5b1937f88787499267b14691282a93e8e080ddaf912252e9a69a96b2f7c490de243675038cad6688ae308efc via relay
2026-08-09 22:21:23.126+09:00 [INFO ] Accepted block 9ef65d356bb8c1c1d97852ad00d7c9e1c661cdd876e53ad0cea822e6b55432c0ac8a62d085b40128d1b00fb2054ada17e9c20af63555a4a1f33594712b6a6e18 via relay
2026-08-09 22:21:24.366+09:00 [INFO ] Processed 7 blocks and 7 headers in the last 10.00s (7 transactions; 7 UTXO-validated blocks; 1.00 parents; 1.00 mergeset; 1.00 TPB; 0.0 mass)
2026-08-09 22:21:24.366+09:00 [INFO ] [ibd-perf] 7 hdrs avg: validate(A,parallelizable) 99.6us | commit(serial) 268.3us [add_block 12.1 + db.write 89.3; held-lock 156.4] | f_serial=0.729 f_reach=0.033 | parallelize-ceiling 1.37x
2026-08-09 22:21:24.387+09:00 [INFO ] Accepted block aade8c7ced8e6179118e708e316890ef94b59a6775c72d5fd717d20a955ffede703562e76d380d43d3575c81e3fd8169e4f25ca3109579962c17ea5cf6e4703d via relay
2026-08-09 22:21:25.621+09:00 [INFO ] Accepted block 0148878998c5cb2537a73e431376911e5f3580466fa847a4dc2e70f5ad84d4ea42308270e3724760e5c86ebcec448b405005c245f1f42ed70c98387698a50cf2 via relay
2026-08-09 22:21:27.567+09:00 [INFO ] Accepted block 5e4af5a2d0bda51a744454e28d5798b7446e389cf1ae972f3f25e9cdfe05d7d735bf05462631a0c07a83716f37282bf809aa7dfaf95ee52cee87c5c89ac82fa5 via relay
2026-08-09 22:21:28.724+09:00 [INFO ] Accepted block 255d6f2f39416f06dc37cc103353928a0663610c4bf079a3bebd6516d1638df2f358f274c0b604c5ccc3db09743c3ecc4799c65df5ea96357b36cf32c2d9bff8 via relay
2026-08-09 22:21:29.855+09:00 [INFO ] Accepted block 85d961a5e46169fea58e790c7699a1b96770ff3befc6a1adac6795270e1a3ba630630619c8916fa5ddb9abd288dc9761a44e0a188b2b10fc1063fa726e4a41fa via relay
2026-08-09 22:21:30.249+09:00 [INFO ] [vlt-credit] 10 certificate(s) in the window, none credited: epoch_anchor_not_ready=5 challenge_not_mature=5
2026-08-09 22:21:30.249+09:00 [INFO ] [vlt-credit-skipped] certificate=210d555bab7ee56a0c74586e8f1a8de4a06498d650a238bf77b0d2c5259b635eaa863fc005458340f9a598b3d983f5127bdf240ac78181be139e2fa4f95acf43 executor=e2f3f5d235ba8fbea02522611d7e14a8cd977eab74777a1f8a0cada8160800ee137461e28c04b3521424dc090c14742ff4a119e35c1ae20d7dc2a6a3a85a2975 certificate_epoch=17 reason=epoch_anchor_not_ready (not yet)
2026-08-09 22:21:30.249+09:00 [INFO ] [vlt-credit-skipped] certificate=8904ce7df12bfe0e4cb25b922e632892a770d986394c3b28f230938f9c673cad307a178b3f3b54c0f4ab50867584be628209f665eac234734723ed1cc76c3804 executor=e5d740aefce9958bb9b456536acacff111e7bb1bfbbed1d055b48fee072f1e9ac1de7624c9d764de07e750daf5726e39befb8a442fa6fe84d022e915d40fa418 certificate_epoch=17 reason=epoch_anchor_not_ready (not yet)
2026-08-09 22:21:30.249+09:00 [INFO ] [vlt-credit-skipped] certificate=a2e31eb1c4f4d185b0acc4936205457a9c6f8a7a2fe80301342e748d60b5ad7a8ae45ecf6ee2a2fa137a87b680e25db0e0fce7cda4c2aa2ecd5a7c85d71f2840 executor=db30df932447de4f8443c301ee6ff68124d47e154c057bb79a58e7116c0fbcf8c1e2c53726f54672269345f004b6b10a49256c2d63c99bca1743b845c140c230 certificate_epoch=17 reason=epoch_anchor_not_ready (not yet)
2026-08-09 22:21:30.249+09:00 [INFO ] [vlt-credit-skipped] certificate=a94afa9beb0ebd6fe8da76146105b5b697441d2214de12bf22a76fca8d7f4b30a5e5a146db0898ab8ff71347b09143dde70026f521a1920da1b672975d48e7ef executor=fc61569c056a235bdf4b867bf82e0cf9b962a3b81998e0d70d2cbbed78f6d8b53bc1e337a2d3d6d179e7064b6303bf3b64ab939f46fb79eb631b1e1c3dd23e96 certificate_epoch=17 reason=epoch_anchor_not_ready (not yet)
2026-08-09 22:21:30.249+09:00 [INFO ] [vlt-credit-skipped] certificate=e92f93264c4d5e55c6f6ddd9b29f749ee666c809dedc9bfbc288b2130654bc0d1ee34e1e485c50afb49708a37173170996061229c75bf54fc519d5a885eebd50 executor=27f58b41d8a8d47755075fdda7b44b3742085fd74ae17157604da1e9718ad810412bbd29ac53efa46c8f29e4cfd8fcee6659e7194aa0bf13b0a53eb8deb28313 certificate_epoch=17 reason=epoch_anchor_not_ready (not yet)
2026-08-09 22:21:30.249+09:00 [INFO ] [vlt-credit-skipped] certificate=3d22df96f14e439bbc263b171bbd5b33801172800565717d8cea3a29a0f73b9d2bcab1fd3fc4b355fa01575a2291905b2d626d83e3b3e9a3c696e76db1908808 executor=db30df932447de4f8443c301ee6ff68124d47e154c057bb79a58e7116c0fbcf8c1e2c53726f54672269345f004b6b10a49256c2d63c99bca1743b845c140c230 certificate_epoch=15 reason=challenge_not_mature (not yet)
2026-08-09 22:21:30.249+09:00 [INFO ] [vlt-credit-skipped] certificate=692908b085ca245890cee4e4242ac4b0d48994dee328bd339fa4e00f5beb3735ef4573dcf06da882071088c18a80566a40e37829e4bd448d8b8ab34f127c539f executor=fc61569c056a235bdf4b867bf82e0cf9b962a3b81998e0d70d2cbbed78f6d8b53bc1e337a2d3d6d179e7064b6303bf3b64ab939f46fb79eb631b1e1c3dd23e96 certificate_epoch=15 reason=challenge_not_mature (not yet)
2026-08-09 22:21:30.249+09:00 [INFO ] [vlt-credit-skipped] certificate=afbf8511e0b7fbce38e238790afe9b4c7cb4c584dadd224e4ab63ebc31f5f5bf730010ee3a3782e03f6be45e047d714a2f135edf864ba844c3d8d3165a3f7303 executor=e5d740aefce9958bb9b456536acacff111e7bb1bfbbed1d055b48fee072f1e9ac1de7624c9d764de07e750daf5726e39befb8a442fa6fe84d022e915d40fa418 certificate_epoch=15 reason=challenge_not_mature (not yet)
2026-08-09 22:21:30.249+09:00 [INFO ] [vlt-credit-skipped] certificate=2962bb362c82c4372a777bd0d1510a284ba09a2dc2e1c5886585cec98def1e073bec9d1da3f7dcc72f23fe48c5168514e53045a08464463014dc0a00f2a3df04 executor=e2f3f5d235ba8fbea02522611d7e14a8cd977eab74777a1f8a0cada8160800ee137461e28c04b3521424dc090c14742ff4a119e35c1ae20d7dc2a6a3a85a2975 certificate_epoch=15 reason=challenge_not_mature (not yet)
2026-08-09 22:21:30.249+09:00 [INFO ] [vlt-credit-skipped] certificate=9bc161654f9232459bf806b64ed63d925c2987737cd20a10291efcc2f6fc5e82c768360bdc419816d2d84b057055de151bcbcab0e1480e0ea85f2e0a464c012c executor=27f58b41d8a8d47755075fdda7b44b3742085fd74ae17157604da1e9718ad810412bbd29ac53efa46c8f29e4cfd8fcee6659e7194aa0bf13b0a53eb8deb28313 certificate_epoch=15 reason=challenge_not_mature (not yet)
2026-08-09 22:21:30.254+09:00 [INFO ] [vlt-shadow] sink_daa=1799 0 validator(s) with credit; 0/13 epoch(s) would reach quorum; newest epoch Some(16): W(E)=0 signed=0 snapshot_root=99aab9c3074e2e8269f37dcb79ca5384592c148961b88df8b084a6cb08b9c74e25837ef682e69e120c9cd8b1474ba8bec8055d0cbb09d9c36a4fbc125cec5161 — the weight fence is at 18446744073709551615
2026-08-09 22:21:30.254+09:00 [INFO ] [stake-score] sink=e01035f7c852420ce3db931b1a8e9cf3874a75c7b145384df54e8def6fe2ecaf0e048925c7d66b135f83e9a390d9cc41cead16a15e20608193f69f143612e64a sink_blue=1800 credited 24 attestation(s) over 13 ready epoch(s) → stake_depth=6000000000 (rollout=Active, health=Active)
2026-08-09 22:21:31.260+09:00 [INFO ] Accepted block e01035f7c852420ce3db931b1a8e9cf3874a75c7b145384df54e8def6fe2ecaf0e048925c7d66b135f83e9a390d9cc41cead16a15e20608193f69f143612e64a via relay
2026-08-09 22:21:32.390+09:00 [INFO ] Accepted block d7462db704b7e5fa725f1bddf180e16bb816efada5429c180f16101106082798eb1bc843cbf4da1fe2bd92e089c13e9fc74a2d1fb7446a6ce93fdd528d0d1df3 via relay
2026-08-09 22:21:33.655+09:00 [INFO ] Accepted block 046c7a9e74050dc7d66a3f14ff6ff9f98aa4199a7cf8517dc85322c0de7dc89a4a81ad9277bab736c0b6aa6d2c9ccdf28f4e21a65237d9b8cc693838669a5354 via relay
2026-08-09 22:21:34.367+09:00 [INFO ] Processed 8 blocks and 8 headers in the last 10.00s (8 transactions; 8 UTXO-validated blocks; 1.00 parents; 1.00 mergeset; 1.00 TPB; 0.0 mass)
2026-08-09 22:21:34.367+09:00 [INFO ] [ibd-perf] 8 hdrs avg: validate(A,parallelizable) 88.3us | commit(serial) 231.8us [add_block 14.0 + db.write 102.8; held-lock 180.5] | f_serial=0.724 f_reach=0.044 | parallelize-ceiling 1.38x
2026-08-09 22:21:35.234+09:00 [INFO ] Accepted block bab987c94c702390ad2f5b00624838e438d1e2e0eecdcc76cc8dd0f6de4de7e1e1bba50d65274fe582d07f295d34ddee2ba47ad52022d8a73cf9aee8370a9668 via relay
2026-08-09 22:21:36.543+09:00 [INFO ] Accepted block 02423275e6b3a9446871d9e8abf5f78ad73e5665abb6e49764570db38d2c0524c9cbeb3482e262f14d59a6118a82338d2a15db922a3ee1e8157d3a563cb2ad06 via relay
2026-08-09 22:21:37.636+09:00 [INFO ] Accepted block ff83bdb0a14b123cb7c31de70451d7506971ccc3e5466aa408fdaac71f0cb6b7bc75b44089ecfcb50612ac910c637c6db420d2b9d8027d01901c25123c812c56 via relay
2026-08-09 22:21:39.323+09:00 [INFO ] Accepted block e44ce8c99e6ede7b5128462ae3610e9bef7379c34c9f97c3ea6fd4b779d688dae50ea2bc1e9fa4962ab3275ffac669be658ce3b2b1532d3ab6dc66a122234227 via relay
2026-08-09 22:21:40.988+09:00 [INFO ] Accepted block 5ecf2d4eede4fe3e34d07004eb76be00760c0f0a0ce41fec23fdd84bca455c17857702436ce01f1efb37e40f167e472c007e260b68dd21e8e81cc112254db010 via relay
2026-08-09 22:21:43.344+09:00 [INFO ] Accepted block 7df8ff6cb00436136a104b2cc6d24060a5f52b02101028fa702e9c1c05fe40f84813ccf6f51ec62f7a5694e949daa465f532a51f487ff26da2fe0f7984e5f20d via relay
2026-08-09 22:21:44.369+09:00 [INFO ] Processed 6 blocks and 6 headers in the last 10.00s (6 transactions; 6 UTXO-validated blocks; 1.00 parents; 1.00 mergeset; 1.00 TPB; 0.0 mass)
2026-08-09 22:21:44.369+09:00 [INFO ] [ibd-perf] 6 hdrs avg: validate(A,parallelizable) 99.1us | commit(serial) 216.1us [add_block 12.6 + db.write 107.2; held-lock 186.6] | f_serial=0.686 f_reach=0.040 | parallelize-ceiling 1.46x
2026-08-09 22:21:44.606+09:00 [INFO ] [validator-service] heartbeat: mode=active sink_daa=1808 bond=Active(active=true) active_set=[epoch=18 is_active_validator=true (active_validators=5)] dns_overlay=configured (stage=Active, dns_confirmed=false)
2026-08-09 22:21:45.225+09:00 [INFO ] Accepted block a2c8706bdf83cfefa0a134358361a3fbf46bad54aaf5877ad67c0286488dc36b93b8c838b7b8651b02e1a00b57ac792e32266ea3e73345194d32478c44a86b2d via relay
2026-08-09 22:21:46.679+09:00 [INFO ] Accepted block 90646f9e91f14f2ff3e3e487f8aef7f7d743241fd77b34be02a047ce0b07c78c13f878c18a0926fda2ad6e364c1fe68317d5606425f1f01c403f5b2271d8f34f via relay
2026-08-09 22:21:48.026+09:00 [INFO ] Accepted block 23cd9578d28d045061bc998797bc4e0c9c02ce92c572cac95ef064d1c8b4b9b0e10280219c5369a44d133c861042fbef26ee39bb0ea7c228fd76c43bb47d1060 via relay
2026-08-09 22:21:49.242+09:00 [INFO ] Accepted block b5208f32876244f1b855978a1932b95f27cce209b36d0d2f2c549113104fb9f39f652bf37b7f873c5a8bc1e2e765b9b54811783ca2cea68e02729edb62cab252 via relay
2026-08-09 22:21:50.550+09:00 [INFO ] Accepted block 03ca94b8a3b28d3eaef2cd15e09efb1d3cd936cc96714c170b6e4cf68337b623b73e9999b703cebdc67af7308363bc53de575be820ad068c42482648f088aa4f via relay
2026-08-09 22:21:51.923+09:00 [INFO ] Accepted block d93b380fbbf3c44d57639d93fcadecbc4081d2870b237ada6343cbdfd4d95e45789c356a274d67fcd6b036929747dc4c1f68b2ad22d68a5c5cf121ba30abad02 via relay
2026-08-09 22:21:53.067+09:00 [INFO ] Accepted block 3653fca59c1456e2777fe7b91ae9ada03ce18daab043e85c6d8b57578d62060d81c73cdbc259b673455730bf7e1e62bc7dcb8c3f53df66e51ae96d5b5517e613 via relay
2026-08-09 22:21:54.372+09:00 [INFO ] Processed 7 blocks and 7 headers in the last 10.00s (7 transactions; 7 UTXO-validated blocks; 1.00 parents; 1.00 mergeset; 1.00 TPB; 0.0 mass)
2026-08-09 22:21:54.372+09:00 [INFO ] [ibd-perf] 7 hdrs avg: validate(A,parallelizable) 103.5us | commit(serial) 237.4us [add_block 17.4 + db.write 115.0; held-lock 207.8] | f_serial=0.696 f_reach=0.051 | parallelize-ceiling 1.44x
2026-08-09 22:21:54.694+09:00 [INFO ] Accepted block 518f55fb6dc58865c85410afd14bf2f191160d5117faf8c8627677b4e8c086ea4ff9cb333c4a3c14fd671f2dc90de308d7f02482d3c6375e60dfd3b614c1e8de via relay
2026-08-09 22:21:56.027+09:00 [INFO ] Accepted block 4c9636a7df62758e8e4ae7f373f3f59f8e7e893e662836ed5989460d6eae0c79d8d8e0350c7ad202c950b9fc323c451c071d7b8ff95e3784bcad24ebf515c918 via relay
2026-08-09 22:21:57.205+09:00 [INFO ] Accepted block 7ad9fb249fa98395d4a0579bfbd818d500cdd1f9a15f8aede40c135f27ea9f6584c91cd7edebd14b2237bc984a274b8999ecd022c3678032d506d7b1b5ad3ac5 via relay
2026-08-09 22:21:58.569+09:00 [INFO ] Accepted block d1d4f56cb7c279903fb313f723da247a6ce1de57a654653f7d9cd877726ab7b07dd4b09c709c3bc2bbc31ee177c3d90edcb8ffb610793234b4a4fc99daad1b5f via relay
2026-08-09 22:22:00.125+09:00 [INFO ] Accepted block 1a149208c51ce975e6d4dc04db2637212ea51c9f518579aff7c242a4971b7342a9d84a0ac9cc4727c4f17187e1270c3d6c00bdb67a81ecb8be5391c795ac53c8 via relay
2026-08-09 22:22:01.741+09:00 [INFO ] Accepted block 9bc5d7463a10df076f8291631658d4f1cfbdbbc794b54504c8998df0a5e95b522c695b2ce46aa503d5ec682d333b41094b732d2be7555ecf958fc3f47efb0b8c via relay
2026-08-09 22:22:03.204+09:00 [INFO ] Accepted block 37cbaa4b03907d8a8967d70d0944078c5aa6e7247fba63382202904854565a3b3f6095344fd54ef4dbb7fa368edbbe5e87736180aec96b3d3fc3812e7f91b6d4 via relay
2026-08-09 22:22:04.375+09:00 [INFO ] Processed 6 blocks and 6 headers in the last 10.00s (6 transactions; 6 UTXO-validated blocks; 1.00 parents; 1.00 mergeset; 1.00 TPB; 0.0 mass)
2026-08-09 22:22:04.375+09:00 [INFO ] [ibd-perf] 6 hdrs avg: validate(A,parallelizable) 98.8us | commit(serial) 234.3us [add_block 14.3 + db.write 106.8; held-lock 182.0] | f_serial=0.703 f_reach=0.043 | parallelize-ceiling 1.42x
2026-08-09 22:22:05.444+09:00 [INFO ] Accepted block 04de933bc93ec8d53184479798970cddb1f228d9161d6dbc743d94a321bd9a9419d82fb43913b0c2af2018263cdc30c5020f86d259cae6c6cf4401212d31eac1 via relay
2026-08-09 22:22:07.031+09:00 [INFO ] Accepted block 270b839f1351e18954748d17f356ae4030702470a86afac3be287611cfca88f504b23bab167da3907b002ffc3630f8f37ce72673efd6811de987de8448da5ce0 via relay
2026-08-09 22:22:08.371+09:00 [INFO ] Accepted block 3f75ca181d2827faf55dd8d670b66ed8808addf9c3fae9318c9d5f164a9dcd1cb25e1687b014493fb936add55bffc19a9247d9eedbf2dbcd6785ef0804e815d4 via relay
2026-08-09 22:22:09.825+09:00 [INFO ] Accepted block 4a10ba9cfef23fa00a00b9f92672803d3e8360338c68c0256399516a5b7f441dd7afdf297b53e7b70a3db97c3d150fbcd09268b0fc4d09b7cac7f8cd54a59d87 via relay
2026-08-09 22:22:10.937+09:00 [INFO ] Accepted block afba0bef53ecfe0b1688b2960c0cb935dc9ab430f515d8ed18e12d41a3ee44578cd8807dcb608966d124ebca41aac3bf5ba343914a50d6ff6deb7789174f2dd0 via relay
2026-08-09 22:22:12.224+09:00 [INFO ] Accepted block 96ec3adf655cf607af10a8f5d6eae6f53ca9497a98cd795c5100549380c27ade48b3ceebc04fa4541cc0a72da2a209f37ef6a4be15f9c547d9062076ec8a1c44 via relay
2026-08-09 22:22:13.580+09:00 [INFO ] Accepted block 363d3af746074cf585fc27409254a0b09c94c7e418c55062d216eb9972aa7056c30f8d9f27d4ba457129b9c78811c3511e80df821e5bb94f911ed36282916236 via relay
2026-08-09 22:22:14.378+09:00 [INFO ] Processed 8 blocks and 8 headers in the last 10.00s (8 transactions; 8 UTXO-validated blocks; 1.00 parents; 1.00 mergeset; 1.00 TPB; 0.0 mass)
2026-08-09 22:22:14.378+09:00 [INFO ] [ibd-perf] 8 hdrs avg: validate(A,parallelizable) 107.3us | commit(serial) 251.1us [add_block 12.7 + db.write 98.0; held-lock 173.0] | f_serial=0.701 f_reach=0.035 | parallelize-ceiling 1.43x
2026-08-09 22:22:14.627+09:00 [INFO ] [validator-service] heartbeat: mode=active sink_daa=1829 bond=Active(active=true) active_set=[epoch=18 is_active_validator=true (active_validators=5)] dns_overlay=configured (stage=Active, dns_confirmed=false)
2026-08-09 22:22:14.849+09:00 [INFO ] Accepted block f0e4cb0fcd90058c992d0bc6f7c10d536c38bfade45bfb70359b5697fdf4a4e019daddfdfd66c571318ef5716070ced725d519bb4ffec81a33b07094af63e1a7 via relay
2026-08-09 22:22:16.230+09:00 [INFO ] Accepted block 403138f3a50566a79ba8cbae31d54e9b6e4c9e5078615d4c01ed00f75e931e4e8c4b3e44cdd4c310baca6d4e57931e667b0a2be0f7cf747db854609b5f72baa7 via relay
2026-08-09 22:22:17.535+09:00 [INFO ] Accepted block adf6123f64e5e958c52e9d4ffbe2724130e79f8b576be981332cdc5b0ff911df2cb8a7358b3192b4e8c34c982f8aee7839c9240cae51e651babfbc71fea49585 via relay
2026-08-09 22:22:19.046+09:00 [INFO ] Accepted block 07c59c043249a516dde0a52ee438cb3892ebcb6255a598b7799629e3a401528b7634bdc1081b4b7f7276e617a335f3b2c5ba0f23a8fd68f51b146a95a30cdee6 via relay
2026-08-09 22:22:20.209+09:00 [INFO ] Accepted block 11989024a01b841f06f3ea6af8b0706a46c461cad03208e5e1d856e30f4df15608661f553be60a5c537976701eb296b31e7edf4a9fa3a50ddb5d1e2802b2851e via relay
2026-08-09 22:22:22.102+09:00 [INFO ] Accepted block 4152ac27c8a673fdd84bacd957a5f853040a8d550e25eb33b34371bbb2cd73f0b9aa548899547cdd1a60af67c120f2bb1060eedd93551cc789958fff6f447ec8 via relay
2026-08-09 22:22:23.560+09:00 [INFO ] Accepted block b2673ce7fb046ff13ea58ab3e3286ca7cee3be12e934c1c12495c163d810ba1f7067cc06cbf35dfd8ea84af3ee46738a25691238aec19d4f11525e0640277cd6 via relay
2026-08-09 22:22:24.380+09:00 [INFO ] Processed 7 blocks and 7 headers in the last 10.00s (7 transactions; 7 UTXO-validated blocks; 1.00 parents; 1.00 mergeset; 1.00 TPB; 0.0 mass)
2026-08-09 22:22:24.380+09:00 [INFO ] [ibd-perf] 7 hdrs avg: validate(A,parallelizable) 118.9us | commit(serial) 205.6us [add_block 11.2 + db.write 89.8; held-lock 153.5] | f_serial=0.634 f_reach=0.035 | parallelize-ceiling 1.58x
2026-08-09 22:22:25.042+09:00 [INFO ] Accepted block 87a0684f5a72de1defb9ca0be040cbc953a7a48adbc4f3852a93bb4c6d5935ff45d15475f5dd2369f9bdc5f63226d9cc7d4098f61b4af16c995cef6cb03a710f via relay
2026-08-09 22:22:26.224+09:00 [INFO ] Accepted block b4ad013c873eb3f4eaf94782d6833b84f98a4b4f5b854bd8d18a2e2a08b22736fabcb39349d479c938b19f8346fa25a29e072722e85706a4a795519203acc73a via relay
2026-08-09 22:22:27.451+09:00 [INFO ] Accepted block 50ed77e9afac4c66d6e23bb3a8521754dbfcaf63a157b2ae77ae154a5d73cbc2ff62edcf8f0cfe76fd252aa1dcdad02a25a3142658fc7a577e22099472c62546 via relay
2026-08-09 22:22:28.544+09:00 [INFO ] Accepted block a4ff129e2bccfaedc5f09f0dafca073db90517b3d7148a34521ec1b9a62dbc34781b32502e84865f9a660f95ccaf1765c305226f50c94ca5f757c427f22d00d0 via relay
2026-08-09 22:22:29.928+09:00 [INFO ] Accepted block 399cd0876fad7ee56deed7662e8a6237903bd0a0295d852e1a20503ff64d67c7adf52488a8fc5d175fae88406daf9a1de879ffe365c33108cf84d923b449476f via relay
2026-08-09 22:22:31.187+09:00 [INFO ] Accepted block b4d9fce09153d962687c4d2cbf438885ac4c16d83cc7a3a208979c7c01f840a7aba46f5e7ed6899d304c9cc88216c537f9255bdc5f9de0e2b78f7bcf2a094c79 via relay
2026-08-09 22:22:32.769+09:00 [INFO ] Accepted block 7e2e5f74fa942b00c3b0aa1fd132bca01433f6bb3a990a994614f7e80b13bd841edb85e689ccfaccfd0f1415d56963e0752dea22f64588bfa649c960acd393fd via relay
2026-08-09 22:22:34.176+09:00 [INFO ] Accepted block 283b11e576118efdb39fe91bb50e38e8423171f452c4018136d4785b534e5057925d7c7a1fbf97cd00678b818e3600dc752cc30f8c1464d339c1e06669c82443 via relay
2026-08-09 22:22:34.383+09:00 [INFO ] Processed 8 blocks and 8 headers in the last 10.00s (8 transactions; 8 UTXO-validated blocks; 1.00 parents; 1.00 mergeset; 1.00 TPB; 0.0 mass)
2026-08-09 22:22:34.383+09:00 [INFO ] [ibd-perf] 8 hdrs avg: validate(A,parallelizable) 119.0us | commit(serial) 218.2us [add_block 13.9 + db.write 107.8; held-lock 182.7] | f_serial=0.647 f_reach=0.041 | parallelize-ceiling 1.55x
2026-08-09 22:22:35.286+09:00 [INFO ] Accepted block 1b74e7897be943950ed4e719d1afe00b03ae7725d24ed14a636cada12c03059378941c611c4c6765df98a12f0b58bd4f50b0da07b6d5c4ae6e2d746152cf5f21 via relay
2026-08-09 22:22:37.074+09:00 [INFO ] Accepted block 276b022f07e17d8e5cadf0f2d69942b0b2f57f170d99d7b9e3be09c447d828b4ff969af18a4c1eaf896266a7844ff4fc93d05a9c8f258e243db9274b7ae081b2 via relay
2026-08-09 22:22:38.450+09:00 [INFO ] Accepted block ba222fae4100a0fa85191066d4e60d5449580b520b980af8b9294b8d2773b1fe1e0f849bc4cd99e40d57bcfe8a72fc22b3ec6c54a4dee95b9a2b19a8413cd515 via relay
2026-08-09 22:22:40.842+09:00 [INFO ] Accepted block 7d0496abb93550b4f7a32f5da11229252170cbf242c87c5f8f966ce62cf8bffb9a99ae860689e67662d63a0e3a802fa70f1919ca26f3cc1c70816b10c4d077a0 via relay
2026-08-09 22:22:43.017+09:00 [INFO ] Accepted block 259fecadbd441bd60ad4ff9df7008b0d7fbbb41471723f2458241532f055d75fe1cb774825a05c23edc924af0edd966ffea849890a870da23e9c0f4aed28a287 via relay
2026-08-09 22:22:44.384+09:00 [INFO ] Processed 4 blocks and 4 headers in the last 10.00s (4 transactions; 4 UTXO-validated blocks; 1.00 parents; 1.00 mergeset; 1.00 TPB; 0.0 mass)
2026-08-09 22:22:44.384+09:00 [INFO ] [ibd-perf] 4 hdrs avg: validate(A,parallelizable) 88.1us | commit(serial) 247.6us [add_block 13.9 + db.write 103.2; held-lock 177.9] | f_serial=0.738 f_reach=0.041 | parallelize-ceiling 1.36x
2026-08-09 22:22:44.647+09:00 [INFO ] [validator-service] heartbeat: mode=active sink_daa=1849 bond=Active(active=true) active_set=[epoch=18 is_active_validator=true (active_validators=5)] dns_overlay=configured (stage=Active, dns_confirmed=false)
2026-08-09 22:22:44.667+09:00 [INFO ] [validator-service] submitted attestation shard tx 53b2fc5aaad46966478142e461a0272e6768c7100828b12c137e5763768b81cb16c4b36e4a9266f390d48673a8daef4bb14663116345277312abc07441f1dea6 for epoch 17
2026-08-09 22:22:44.675+09:00 [INFO ] [validator-service] compute: sortitioned to audit certificate 210d555bab7ee56a0c74586e8f1a8de4a06498d650a238bf77b0d2c5259b635eaa863fc005458340f9a598b3d983f5127bdf240ac78181be139e2fa4f95acf43 (job 85b5525c377a8953cefddb26f914fc0a3274a7c39b908147e75c935739f90bb1ea9f47d96c85050dd6a42cb04929bc54186d4706bb125df548745383cac05071); replaying — 4 pending
2026-08-09 22:22:44.676+09:00 [INFO ] [validator-service] compute: job finished in 23.833µs
2026-08-09 22:22:44.677+09:00 [INFO ] [validator-service] compute: confirmed certificate 210d555bab7ee56a0c74586e8f1a8de4a06498d650a238bf77b0d2c5259b635eaa863fc005458340f9a598b3d983f5127bdf240ac78181be139e2fa4f95acf43 — our replay reproduced R_j
2026-08-09 22:22:45.644+09:00 [INFO ] Accepted block 64487df1d9536de9529c8c3e7338c6b5811a0df345e04238e7d00fb2a359d78b8990caf0be780bcd6172f0c3e768e8e7aefc52518e62feff5dcc8a23f1e48363 via relay
2026-08-09 22:22:47.230+09:00 [INFO ] Accepted block 42684f813cf6029ec162cf41a6dafe8813d3c2f3fc4b4c887fab920e599d47a18fb7b56d933a388e0fb67d8fc975c471765faff100c59ee4da9216ee99ee2fc2 via relay
2026-08-09 22:22:48.469+09:00 [INFO ] Accepted block fba3d8472b60fa41eb66844d277be4577166d42ff291b8d6d41102975883f6593f9b9a276f10358dbe2ab2c376bc57215f4c0bea3d2738942b2bfc862c16c954 via relay
2026-08-09 22:22:49.934+09:00 [INFO ] Accepted block 81198baeee76b1d99ac662ab7aea39946246d98a9fbcb98c177fdace5358d7537537549a77e6e209b9d72d479102601fd232e8060a86ad6ec80bebc075a81f60 via relay
2026-08-09 22:22:52.634+09:00 [INFO ] Accepted block 49b99e98083b3ca90b707281d565c249a0918fc9cee8c5774739ba9ca5d62e7699174e5d18f80021f89d39d5b2fd40e09a65038b3af241096492612bcebf009c via relay
2026-08-09 22:22:54.001+09:00 [INFO ] Accepted block 69d39ef2700f26f407ce7382a19f7543b26b20b894f64b27a6115d70dbc8b84e4a7672ab241dab213f38a96d7b8dde9a2972377d88482db319d54e008f304c9b via relay
2026-08-09 22:22:54.385+09:00 [INFO ] Processed 7 blocks and 7 headers in the last 10.00s (17 transactions; 7 UTXO-validated blocks; 1.00 parents; 1.00 mergeset; 2.43 TPB; 73900.0 mass)
2026-08-09 22:22:54.385+09:00 [INFO ] Tx throughput stats: 1.00 u-tps, 100.00% e-tps (in: 1 via RPC, 8 via P2P, out: 10 via accepted blocks)
2026-08-09 22:22:54.385+09:00 [INFO ] [ibd-perf] 7 hdrs avg: validate(A,parallelizable) 131.6us | commit(serial) 348.8us [add_block 32.7 + db.write 181.3; held-lock 291.2] | f_serial=0.726 f_reach=0.068 | parallelize-ceiling 1.38x
2026-08-09 22:22:55.335+09:00 [INFO ] Accepted block 0580c60b6c61a971a92d69c1bfc9f0401c5605fe865474844153661e7c3a67c91f4715d67699dcde0cb0d792a60d6508fd953ca030afd91654363d1a0500c76c via relay
2026-08-09 22:22:56.440+09:00 [INFO ] Accepted block 03c976146e34c8532a9b88abec23fd4b429c7b73f8cd87eebfec4b202418ef906551a447384d4d01491716b96d70de5de9e4a64d09c99eee636457446f24ba5f via relay
2026-08-09 22:22:57.671+09:00 [INFO ] Accepted block f3d3205cd10a71b9284ae2fa03a180bbe2c221d97bc10a539251b837e0fd33865bf4fc8fa385e618bcad520f6011ecf13bd40a517693a388d34d4d7fbc2c2d4c via relay
2026-08-09 22:22:57.715+09:00 [INFO ] EVM lane KPI (O9): 512 chain blocks, avg mergeset 1.00, avg accepted-gas utilization 0.00%, 0 deposit-claims applied (cumulative)
2026-08-09 22:22:58.740+09:00 [INFO ] Accepted block 4f66069883bdd1d28ee5832e31de43feeeca5d1a9f8f14826ebdae0038596ea48e25599ee3acafded3f6c0cca0dc5c9572549ca7458f419de641adf9bb011b3e via relay
2026-08-09 22:23:00.137+09:00 [INFO ] Accepted block c2f8cda4988e3c0a214fd3f929155227b4fd5e644c869dc65eeb0c03d7865a79fb3950017fe70eb5904b70940e957fa479957d6897bc0d66abc63876560bc038 via relay
2026-08-09 22:23:01.345+09:00 [INFO ] Accepted block de9e92366fa52d5c68a08cc4973fc57e7109182582c6c7668e7146545ec61c397b2f9da910536545a8a507ebe8113b51ef15e60e1c84c86c5b8de809eb9fbaf2 via relay
2026-08-09 22:23:02.542+09:00 [INFO ] Accepted block 8aca5ee96c4b2588b53db507b6309e8d45c9e29c9b427d85e1198f720d4c5fa122570c08b0b92dc92906dac7e25b4c6e382cc50ef13a704564295fcc7cac5d95 via relay
2026-08-09 22:23:04.266+09:00 [INFO ] Accepted block 480ea129f0acbceb3f9e31f726831c0fa3622af2913bc66007e3f10fe89281b717b15f05394b9d817283b09ece356ce774004a850a74507fa12c76681bf0cfff via relay
2026-08-09 22:23:04.387+09:00 [INFO ] Processed 7 blocks and 7 headers in the last 10.00s (7 transactions; 7 UTXO-validated blocks; 1.00 parents; 1.00 mergeset; 1.00 TPB; 0.0 mass)
2026-08-09 22:23:04.387+09:00 [INFO ] [ibd-perf] 7 hdrs avg: validate(A,parallelizable) 90.8us | commit(serial) 284.1us [add_block 13.5 + db.write 130.8; held-lock 210.9] | f_serial=0.758 f_reach=0.036 | parallelize-ceiling 1.32x
2026-08-09 22:23:06.002+09:00 [INFO ] Accepted block 84955e37f0ec0ec92feeaccc3854f9586abd0e8e7bfbd624dc6d18276d702eb64c30ad15c6fec47710b075ecbe5a75b46eba7d98ae9cc8ea87f1df0578cf4189 via relay
2026-08-09 22:23:07.226+09:00 [INFO ] Accepted block 384b81ec34f400a094dedca3cd728217ea5573b3ea1c88f887b276afdccf528f20fbc466e7a7c497843b533e51c440c166f7afa8b7163e4c0a42227fb83214e9 via relay
2026-08-09 22:23:08.753+09:00 [INFO ] Accepted block 28a690e8a204c9863e04e233e2c10167beb95e84b441294cf5870d7844fb1e8866182cc7696d693fb08fcac0b88463fd5cb990bb983d8ac19b099ef92ee6fadb via relay
2026-08-09 22:23:10.367+09:00 [INFO ] Accepted block 9dce2fa8590fe2c58931b00f758a9b918cee914d803561ebfd0b03396ae393b80db872fade116045479ddb47b672883467988023cde0563d41613e2c6ddac28e via relay
2026-08-09 22:23:11.553+09:00 [INFO ] Accepted block fc0c962c5a7ab3a9303f3effc9df9983fb2e6ebd5cf04fb3abc66263f7dcfbb7bab1759d51221fe1b58085aab33f24aa5564a188d5e1baa8d8d1d7fb440101dd via relay
2026-08-09 22:23:12.686+09:00 [INFO ] Accepted block 223de4a565d64d26c547d5c26400f2a56ca8940bb8a891a7c64530a58f92ee8702571c4901c3dd515c2441ba746b0edc4974ecc3575bdac82de3c6f9ce95181a via relay
2026-08-09 22:23:14.389+09:00 [INFO ] Processed 7 blocks and 7 headers in the last 10.00s (7 transactions; 7 UTXO-validated blocks; 1.00 parents; 1.00 mergeset; 1.00 TPB; 0.0 mass)
2026-08-09 22:23:14.390+09:00 [INFO ] [ibd-perf] 7 hdrs avg: validate(A,parallelizable) 92.2us | commit(serial) 257.5us [add_block 13.0 + db.write 122.2; held-lock 203.8] | f_serial=0.736 f_reach=0.037 | parallelize-ceiling 1.36x
2026-08-09 22:23:14.535+09:00 [INFO ] Accepted block 1331ffbbbea8af219373c535213f7c953e57ba97630f0a591fec2d5b607d050a0179678bb2e6f84305de4c987186acbdb6ebbd99cbc784ba924bafbb00d73893 via relay
2026-08-09 22:23:14.687+09:00 [INFO ] [validator-service] heartbeat: mode=active sink_daa=1869 bond=Active(active=true) active_set=[epoch=18 is_active_validator=true (active_validators=5)] dns_overlay=configured (stage=Active, dns_confirmed=false)
2026-08-09 22:23:14.696+09:00 [INFO ] [validator-service] compute: sortitioned to audit certificate 8904ce7df12bfe0e4cb25b922e632892a770d986394c3b28f230938f9c673cad307a178b3f3b54c0f4ab50867584be628209f665eac234734723ed1cc76c3804 (job 0b39b1ecf79a49f35ba99b8044741c5dfa4e2b5aa219cca2a3d6b86cc813ed76ec30eb9f91b5039cba05fea3bc50b3765822044d3bd27bb9aa29f70523ea7886); replaying — 3 pending
2026-08-09 22:23:14.696+09:00 [INFO ] [validator-service] compute: job finished in 17.042µs
2026-08-09 22:23:14.697+09:00 [INFO ] [validator-service] compute: confirmed certificate 8904ce7df12bfe0e4cb25b922e632892a770d986394c3b28f230938f9c673cad307a178b3f3b54c0f4ab50867584be628209f665eac234734723ed1cc76c3804 — our replay reproduced R_j
2026-08-09 22:23:16.158+09:00 [INFO ] Accepted block 5bfd505e461c31777330a7b83e489b9c14bafaa50a928ac4e69f7b6c6b9c77aff2dc505056ce7a06a222c6b6a09b620f0d27e029500275ccd0f479da9a7b464c via relay
2026-08-09 22:23:17.384+09:00 [INFO ] Accepted block 7569efe854d27daff7c5e4bbaa8da0f45d22716365d62c3e9d5ab4b82c4ed6c3905996c0696c4aa6ce97f6d5ed1f506a944526c63424ca85d485946dcdffc0cd via relay
2026-08-09 22:23:18.611+09:00 [INFO ] Accepted block 09579ce2cb3b6e7b3edfdffb1729f79817b96d33343b2c465f2c956ca7f21da2b22162c9677ced8cb31f9148cccb8d70910d9a05f00421ebdba10a5bd10165bc via relay
2026-08-09 22:23:20.311+09:00 [INFO ] Accepted block 144c0c17e1e2b4d38043db707f842ee56308db88e35e5503755f2f5faeac50ede7e9e653a97a0b3fec1680261f0431d2f694429bcb0290c78da5c13819c7bc91 via relay
2026-08-09 22:23:21.527+09:00 [INFO ] Accepted block 80cfd06432a952a44233a2fc50e2b626a504ca7fa1da5fd930ff94e9668b8cc99a69a3db73790d140996c3fdc5dc32ea2a77b995db44acfd7694fed8b883dd65 via relay
2026-08-09 22:23:23.733+09:00 [INFO ] Accepted block 376fd72a82da97da670fa2023beef4ba3814ee5e8e475c0d8df7c61e519d19c2c9f5a5665b9b9cc4ea2c55852a6c64ea1f87f7a06b5bde8753f563c46dd24ee0 via relay
2026-08-09 22:23:24.392+09:00 [INFO ] Processed 7 blocks and 7 headers in the last 10.00s (12 transactions; 7 UTXO-validated blocks; 1.00 parents; 1.00 mergeset; 1.71 TPB; 38042.9 mass)
2026-08-09 22:23:24.392+09:00 [INFO ] Tx throughput stats: 0.50 u-tps, 100.00% e-tps (in: 0 via RPC, 4 via P2P, out: 5 via accepted blocks)
2026-08-09 22:23:24.393+09:00 [INFO ] [ibd-perf] 7 hdrs avg: validate(A,parallelizable) 94.8us | commit(serial) 216.6us [add_block 16.7 + db.write 105.5; held-lock 179.1] | f_serial=0.696 f_reach=0.054 | parallelize-ceiling 1.44x
2026-08-09 22:23:24.979+09:00 [INFO ] Accepted block dd35558c0cfaf0add156712783602ab93f350904643ef3e32bbbe406b7e76fa3fca55f73b3dd6aa30faa3bf0a80ba617552866672c7bc678a4f4d3a37c99ad62 via relay
2026-08-09 22:23:26.313+09:00 [INFO ] Accepted block 72b0d397b164d7c15c303b2138f03675b852732ae1c7da4bc986d1274efb88fcd7b1fb13bc632dd9c10be876a803f0cdd70b733afb4fcfd7e54cdec51616d739 via relay
2026-08-09 22:23:28.550+09:00 [INFO ] Accepted block 2238cd471256dac53eede6ecb93fc7e94e2b69f56c1af80a749e1706a2d853248834c897f59f92e8735da68a7621c7652313757053306cde0b7e3e10f2b3cbb4 via relay
2026-08-09 22:23:29.697+09:00 [INFO ] Accepted block 07c80702f1a6779dcda80ca7f5cd1067100728964bd71766c8fa36c49479279ce2da6764d8e6c904e7f250b3446d60e069a26655451423afe8b9f168b9bc4876 via relay
2026-08-09 22:23:31.752+09:00 [INFO ] Accepted block f7f2bb7f864c1cbd3d2e0f8003c9e02f951cb57522e8168616e00a630aecf5d10cfe8aed47fa921eac0ca5e1f68a6da7e89cf54baabd6844862b15a650d41e52 via relay
2026-08-09 22:23:33.991+09:00 [INFO ] Accepted block db5b78693f9adb9997f1b9ec7f7456bb16d3248ff83f7e26025f7e41c3a171b8ef4a5d8dd51559ff8a44fef06fac563f27251a3e3edd4350af0ca593fd2bc237 via relay
2026-08-09 22:23:34.395+09:00 [INFO ] Processed 5 blocks and 5 headers in the last 10.00s (5 transactions; 5 UTXO-validated blocks; 1.00 parents; 1.00 mergeset; 1.00 TPB; 0.0 mass)
2026-08-09 22:23:34.395+09:00 [INFO ] [ibd-perf] 5 hdrs avg: validate(A,parallelizable) 96.9us | commit(serial) 253.6us [add_block 13.3 + db.write 135.0; held-lock 217.7] | f_serial=0.724 f_reach=0.038 | parallelize-ceiling 1.38x
2026-08-09 22:23:36.065+09:00 [INFO ] Accepted block e23f4b2b4c3a22a44ed86c86a11049654ffce8b12e769eec9dadf50ea0d5664e9cbb1ca6f26ebc43ca51a01207acbfc118afadefa7c9b26bbe2342bd1c02eda5 via relay
2026-08-09 22:23:37.280+09:00 [INFO ] Accepted block c45e388f4ce774d9a40ff9f2114f6385ac98f95a5f6ef15d173352301aa1ca8bf1695cccd5883bab50f5510d87c5f6417881540590d72bafd75b864d31aef5e1 via relay
2026-08-09 22:23:38.548+09:00 [INFO ] Accepted block 53fe2c0bf37c5972d944f1abc059a4a64fc19114399117a672ad5dd87c6ad68d8cfb23c4d1393b9afbaec30148a0d0efda732bcd504a683986a05d101d870c83 via relay
2026-08-09 22:23:39.703+09:00 [INFO ] Accepted block 2ad5616859e7b12652751faa3f29814e38f30c32971ec382ac8753452fe79bfea4561dff3d920dfd57c53cce4d8dd761fc509208f457283c9403bd7e3620cfa7 via relay
2026-08-09 22:23:41.258+09:00 [INFO ] Accepted block 48ca9433a12b04da48dcf3b5a7985e40eea7481f983e5bd90180b7ce3c16869e791600d62dadbcfe599b8477f449ee09ae6e095ae45c86932b253a4f86c2cf37 via relay
2026-08-09 22:23:42.483+09:00 [INFO ] Accepted block 0d42afd2e07fc8109db9d2833f2d490fc1a07473840907848b3fa53ec267483cbc0270c332250b5e0f407181d54f9080eee10cff3b1bd9787db034adfc7437ca via relay
2026-08-09 22:23:43.779+09:00 [INFO ] Accepted block 06376792516f5b0372e5449a6aa58b6d1b37f1bd04922cc7f7f5cf8387fb4a61e1965a7c39441b667c3b570be869625bebb5b696f7d40757892262e2a9162d99 via relay
2026-08-09 22:23:44.398+09:00 [INFO ] Processed 7 blocks and 7 headers in the last 10.00s (7 transactions; 7 UTXO-validated blocks; 1.00 parents; 1.00 mergeset; 1.00 TPB; 0.0 mass)
2026-08-09 22:23:44.398+09:00 [INFO ] [ibd-perf] 7 hdrs avg: validate(A,parallelizable) 99.2us | commit(serial) 255.6us [add_block 12.2 + db.write 102.1; held-lock 168.3] | f_serial=0.721 f_reach=0.034 | parallelize-ceiling 1.39x
2026-08-09 22:23:44.703+09:00 [INFO ] [validator-service] heartbeat: mode=active sink_daa=1888 bond=Active(active=true) active_set=[epoch=18 is_active_validator=true (active_validators=5)] dns_overlay=configured (stage=Active, dns_confirmed=false)
2026-08-09 22:23:44.714+09:00 [INFO ] [validator-service] compute: sortitioned to audit certificate a2e31eb1c4f4d185b0acc4936205457a9c6f8a7a2fe80301342e748d60b5ad7a8ae45ecf6ee2a2fa137a87b680e25db0e0fce7cda4c2aa2ecd5a7c85d71f2840 (job 34d54f6cb09665ad4d865186201a29f5cc63fe1fb710b0294303d811b2d6c86142ce6c9f3e616dbd71176e1194e6517d970b92f855b6ea4ed9bbc8598c95df38); replaying — 2 pending
2026-08-09 22:23:44.714+09:00 [INFO ] [validator-service] compute: job finished in 25.375µs
2026-08-09 22:23:44.715+09:00 [INFO ] [validator-service] compute: confirmed certificate a2e31eb1c4f4d185b0acc4936205457a9c6f8a7a2fe80301342e748d60b5ad7a8ae45ecf6ee2a2fa137a87b680e25db0e0fce7cda4c2aa2ecd5a7c85d71f2840 — our replay reproduced R_j
2026-08-09 22:23:46.447+09:00 [INFO ] Accepted block 341a39d0102ff96f41c29df6c2d92ee314450f77fbe49baf94b89ffc3d35ab3dcdaf8744e98fe04e8403b8f7ea9a8998d54207f78f28c78c6530b76d0533248d via relay
2026-08-09 22:23:48.475+09:00 [INFO ] Accepted block 5e17bd3d141e4011183feb1fbfede633cfd7d20938432842a902c64ebc4904516fd5d820bc378ab3d198f334499db1a53b8950299dc9d6a8df75ad7581c017a5 via relay
2026-08-09 22:23:50.611+09:00 [INFO ] Accepted block 127b52214016a4832a6eafbf3ff82b088c110561bcdcddc5820ee267be64fe645e718289ba19d2cd7baf0d378885e3190fd3e848814579fcd6caf0771a50a559 via relay
2026-08-09 22:23:51.746+09:00 [INFO ] Accepted block 41003259d859ed69ec494ffd4baead45a56477ee3c6bbbd7ee3758872d30fcac45180953f09751f04afe7fb9164d9f82690b009ab80fb9d1f4c868a952cdeef6 via relay
2026-08-09 22:23:52.895+09:00 [INFO ] Accepted block 42e62f0c982652965237389b0324a1b8258f9241ef1eb0288b2c89fa40a65637f6e531bc4197090a04b151bbbf8216431dd08aa1182bc4eb077623990ead9594 via relay
2026-08-09 22:23:54.191+09:00 [INFO ] Accepted block e2cd23325e6fb69e1caa8fccef54b0b77d0860ea0fab6b58e2f6811d00b67f2de00fb8f1fa1b1e2c22c619b1e71eb7a37487045b900f6b59ab306dee83efdd5e via relay
2026-08-09 22:23:54.399+09:00 [INFO ] Tx throughput stats: 0.50 u-tps, 100.00% e-tps (in: 0 via RPC, 5 via P2P, out: 5 via accepted blocks)
2026-08-09 22:23:54.399+09:00 [INFO ] Processed 7 blocks and 7 headers in the last 10.00s (12 transactions; 7 UTXO-validated blocks; 1.00 parents; 1.00 mergeset; 1.71 TPB; 38042.9 mass)
2026-08-09 22:23:54.399+09:00 [INFO ] [ibd-perf] 7 hdrs avg: validate(A,parallelizable) 92.0us | commit(serial) 258.1us [add_block 15.4 + db.write 137.6; held-lock 225.2] | f_serial=0.737 f_reach=0.044 | parallelize-ceiling 1.36x
2026-08-09 22:23:55.342+09:00 [INFO ] Accepted block e5ca02577a73821641710012e204e7fcdaef3943cb2517369599bf4d2285c4cfdee6835f36fa0a794949e771ba14a247b66733f80c6c81a2eaa9f97de9f3be8d via relay
2026-08-09 22:23:56.526+09:00 [INFO ] Accepted block c6022c55342a63e87cc4344f4bcd12750d65bb6ae5276b663b0514f3038a49da0b48fb8cda2caa68e06e3c27b2bbf33b836c2e7fd0275e38af8021ab859ae508 via relay
2026-08-09 22:23:57.795+09:00 [INFO ] Accepted block 58d68c590037d29d50e0d26bd280602a17ceedc64c3a63266bd40c54f21ec9476a694d76c0567d3090ca5e7e0c019d650618aa3430a37cbcc5c53fbbb8af8496 via relay
2026-08-09 22:23:59.059+09:00 [INFO ] Accepted block 6d1351c3501cacf6dc5da5daa372ddf1b09ef5783b7bac1571619c972484a693c26c7420f23011d1c91afaa2af94baccadfaba3e4908fc1ec1fb04dd9d2010da via relay
2026-08-09 22:23:59.317+09:00 [INFO ] [vlt-shadow] sink_daa=1899 5 validator(s) with credit; 2/13 epoch(s) would reach quorum; newest epoch Some(17): W(E)=242500000 signed=242500000 snapshot_root=93fa13042cf4d869e894caa2c2b66b2263755da5bd72a54d4cb188f53aa798188be5b01b41db92be0179861464f70c443a5c2aa5a8ff0232b319ffa1f27927cf — the weight fence is at 18446744073709551615
2026-08-09 22:23:59.317+09:00 [INFO ] [stake-score] sink=1af44a0f43e7501b93af22a7046c8e9be7e489c08203c24f18bbfec141078d1e5179114d8348c14c1aeb5cd173da5291fba2760453b2a0d1925b7f8020970914 sink_blue=1900 credited 29 attestation(s) over 13 ready epoch(s) → stake_depth=7000000000 (rollout=Active, health=Active)
2026-08-09 22:24:00.326+09:00 [INFO ] Accepted block 1af44a0f43e7501b93af22a7046c8e9be7e489c08203c24f18bbfec141078d1e5179114d8348c14c1aeb5cd173da5291fba2760453b2a0d1925b7f8020970914 via relay
2026-08-09 22:24:01.583+09:00 [INFO ] Accepted block cd72e96ffea8d4addfb7d72b44bb828e4b05fcfa06736c82e5fe5674ec1b99d274b5b90a3f139bdae7d07e45202099124f1a10201361cd583c3a5a344d3b952e via relay
2026-08-09 22:24:02.711+09:00 [INFO ] Accepted block bb47ce9f6004bc0a5a60322dc110d9c48ba5d86ecc7860299364cce605505548d1abfad491e446f0759fdb06d7a1afdd2639da786ff61d03108f0986a1622f34 via relay
2026-08-09 22:24:04.401+09:00 [INFO ] Processed 7 blocks and 7 headers in the last 10.00s (7 transactions; 7 UTXO-validated blocks; 1.00 parents; 1.00 mergeset; 1.00 TPB; 0.0 mass)
2026-08-09 22:24:04.401+09:00 [INFO ] [ibd-perf] 7 hdrs avg: validate(A,parallelizable) 92.2us | commit(serial) 216.2us [add_block 14.2 + db.write 108.1; held-lock 178.4] | f_serial=0.701 f_reach=0.046 | parallelize-ceiling 1.43x
2026-08-09 22:24:04.455+09:00 [INFO ] Accepted block 0fe402eff02bdfe63a54c0d67625a8974842dbadb6af306343127386466b4e5b2ee30d0ee5c0159792d3debd4150d9b75a9b9579b009adef2f98c55585832f02 via relay
2026-08-09 22:24:06.059+09:00 [INFO ] Accepted block c92bcee70b500e572d5cf4c59f4a00bed3f99e75b65eda9fdb1ff064780c0c2b957db520cedfa5f06b4e3d50d9971b5cc390ea737527f42ce8d335df0b5e08bf via relay
2026-08-09 22:24:07.657+09:00 [INFO ] Accepted block 2f7abdfea10a7286046cea5cb8468eed9cc184383331367bd6b870f978bf849f9883c40a861cf1b9988bde5ff604d7057001b51b0ecae53c7c07298b94f70a2b via relay
2026-08-09 22:24:08.719+09:00 [INFO ] Accepted block f42fe860e3d07d46abbba1629fba165fc0cdfc2593850384b588dc4d2f5331010e8852394a4526d986837bf92ee5608ab87b9d98d04ccd2e9f777a354276ab99 via relay
2026-08-09 22:24:11.076+09:00 [INFO ] Accepted block e5fcc9ab9548a6b8022aadb8049c3319295191603ce2a0c1684525b8dd5c3bbc792b827082a285b20fae3465b6c300740ae460994ee299fd4389c71995c1e318 via relay
2026-08-09 22:24:12.761+09:00 [INFO ] Accepted block 7057726eb393f186c0d062bc082ce6c9764a48aae4d81bab554cabdf24f2adf144f70f6cc5106496a0b563d6f5a2322115416d441ff83688bd260dc62d0a10a2 via relay
2026-08-09 22:24:14.008+09:00 [INFO ] Accepted block e3db7fc123cf103cbb23076190b305c274e95a70a14bb48419f4e3e04695d9e727c6769e7b871c83ee53bb837025e6f1f17661d9a1e17f4c90e747dc80f90cea via relay
2026-08-09 22:24:14.403+09:00 [INFO ] Processed 7 blocks and 7 headers in the last 10.00s (7 transactions; 7 UTXO-validated blocks; 1.00 parents; 1.00 mergeset; 1.00 TPB; 0.0 mass)
2026-08-09 22:24:14.403+09:00 [INFO ] [ibd-perf] 7 hdrs avg: validate(A,parallelizable) 95.0us | commit(serial) 269.1us [add_block 13.4 + db.write 124.4; held-lock 208.4] | f_serial=0.739 f_reach=0.037 | parallelize-ceiling 1.35x
2026-08-09 22:24:14.722+09:00 [INFO ] [validator-service] heartbeat: mode=active sink_daa=1909 bond=Active(active=true) active_set=[epoch=19 is_active_validator=true (active_validators=5)] dns_overlay=configured (stage=Active, dns_confirmed=false)
2026-08-09 22:24:14.734+09:00 [INFO ] [validator-service] compute: sortitioned to audit certificate e92f93264c4d5e55c6f6ddd9b29f749ee666c809dedc9bfbc288b2130654bc0d1ee34e1e485c50afb49708a37173170996061229c75bf54fc519d5a885eebd50 (job 4447400281a06862b44cc3faa476b9269faf9a14c7466ede5184160a80d3424af1cf86802ed1bc760338955d3e9401191022d66e5cf5323ac2dd17a54d5e1836); replaying — 1 pending
2026-08-09 22:24:14.734+09:00 [INFO ] [validator-service] compute: job finished in 18.083µs
2026-08-09 22:24:14.735+09:00 [INFO ] [validator-service] compute: confirmed certificate e92f93264c4d5e55c6f6ddd9b29f749ee666c809dedc9bfbc288b2130654bc0d1ee34e1e485c50afb49708a37173170996061229c75bf54fc519d5a885eebd50 — our replay reproduced R_j
2026-08-09 22:24:15.165+09:00 [INFO ] Accepted block 12954b42f8a9c422d8c788407f056c18b168ff5ad491579732af12940edb61ce3b1a59641765093001fecd10e2c2ee030636f43c24ca7de1499857d358f1d57f via relay
2026-08-09 22:24:16.672+09:00 [INFO ] Accepted block d34c590394b2f4e7344ad16e5251d1015358084390d3a52f3fee3c7cb296dd152f6971eafcaf52f0650adc6e88f0f46ab38df9f3dfbe0791ef065a834b55eeee via relay
2026-08-09 22:24:17.897+09:00 [INFO ] Accepted block a8d66bc9d0cac5a9f1a49461eddbbb0866475962149c5cc64a63925b4a62efc10fbf2cc8c237d2f5fd4c34c94c259fcc70d10eb81353cd0a96642f1226503725 via relay
2026-08-09 22:24:19.360+09:00 [INFO ] Accepted block 130c9e59b0c022f7504dd9474eef8559254cfc39cae5ad998f97d9425acbbdd5d4c3afe627e04b5f20254510ef4b7d77b04020604c5e202ae82b2172f5484cca via relay
2026-08-09 22:24:20.870+09:00 [INFO ] Accepted block 3fea55aaf86ebc475a2d7ab26c71c7140e6eeef3433df38eb2f74b54b7448c3ed2d3cfe8074daef5dc9083614872537ac037008601c0cfa6364cda8a3946e817 via relay
2026-08-09 22:24:22.006+09:00 [INFO ] Accepted block 458c9fc63a3dd1a0cdce137c87b6368fbb2310b77bd6f95ab5a54c9b022525f1c7e58a7ba648654963b916877caf918b843dbe1a29f47a04a04846a9c09574fc via relay
2026-08-09 22:24:23.051+09:00 [INFO ] Accepted block 1b05f6ef57a6cd183863144e6452bba35f441c046ccbe2a51da8f016e848abc719501cfe747d619d8334519fbc2328bc35bdefe6025dd4e9561dbe383c229882 via relay
2026-08-09 22:24:24.303+09:00 [INFO ] Accepted block 0cb034b0be52b0aff66513c874c1307e2a7943c38493c1ea0533c2b6fb21a6519c8e02f13f25ae4fe6af1e81ee35a4f9d451b68d90eebf92d8228f30310b315e via relay
2026-08-09 22:24:24.405+09:00 [INFO ] Processed 7 blocks and 7 headers in the last 10.00s (12 transactions; 7 UTXO-validated blocks; 1.00 parents; 1.00 mergeset; 1.71 TPB; 38042.9 mass)
2026-08-09 22:24:24.405+09:00 [INFO ] Tx throughput stats: 0.50 u-tps, 100.00% e-tps (in: 0 via RPC, 4 via P2P, out: 5 via accepted blocks)
2026-08-09 22:24:24.405+09:00 [INFO ] [ibd-perf] 7 hdrs avg: validate(A,parallelizable) 95.8us | commit(serial) 200.3us [add_block 12.4 + db.write 101.6; held-lock 169.4] | f_serial=0.676 f_reach=0.042 | parallelize-ceiling 1.48x
2026-08-09 22:24:26.404+09:00 [INFO ] Accepted block 19fc8253b257edeb72b1951b5f153d588af0bfb36981e9f4fe2bae4e319d9cea8a715cdd7e69193a4bfff8f3927061306edc60e101bfde4e3db490739641e4e3 via relay
2026-08-09 22:24:29.077+09:00 [INFO ] Accepted block 5561425b4f15bcbf905f1e8d3b272fb56173898e280a161ffd383f1e6b8cf511b56ff13fea966ccdb22aa58d152200e816a7c44d61bdc01aa71d8a82348bd6b4 via relay
2026-08-09 22:24:30.414+09:00 [INFO ] Accepted block 7c94608de58bdde1faa1f45f47de837edccc2645e2aeadef9a60eb30b66b8950e70cceee2c887abf9339f13e34ac2e53751402d6e8991e5b3cb51e5f3d383db0 via relay
2026-08-09 22:24:31.545+09:00 [INFO ] Accepted block 54c998b03906fd52a108816985bd21d6f4841ab0b2f14c5d5018f1061051af1ac90f812ebb9b51413ad8f751f490718407aedcf616844b147585325b2bb84262 via relay
2026-08-09 22:24:32.851+09:00 [INFO ] Accepted block f56aeae79bd1ea5b9f00e20749fa23fe8701979cf7372b8a1c3ef3b7cf6c7b6531f994e2121e98a4ced1822978c0e7b80a78b1cdf2a5abd9e1257ff694f403b6 via relay
2026-08-09 22:24:34.383+09:00 [INFO ] Accepted block 3301a588b8fdf58bb55e909d6e450e6a84c5091134558b43d7098156e1b2764b57dab676cfbcf92b519bf0335fe39b3273f24aca65d9d9c3eba242267baed012 via relay
2026-08-09 22:24:34.407+09:00 [INFO ] Processed 6 blocks and 6 headers in the last 10.00s (6 transactions; 6 UTXO-validated blocks; 1.00 parents; 1.00 mergeset; 1.00 TPB; 0.0 mass)
2026-08-09 22:24:34.407+09:00 [INFO ] [ibd-perf] 6 hdrs avg: validate(A,parallelizable) 100.0us | commit(serial) 252.6us [add_block 11.9 + db.write 115.8; held-lock 188.9] | f_serial=0.716 f_reach=0.034 | parallelize-ceiling 1.40x
2026-08-09 22:24:35.835+09:00 [INFO ] Accepted block f0cd1aaaed18dd3be2005a4bd88406bd682694f1aa1c205bd2a828dd463bc807179187dc31736634a8800cb816bbad07de46a96e10a1c71b9fa841ad3ba396da via relay
2026-08-09 22:24:37.279+09:00 [INFO ] Accepted block 19bc6cd1e7090ae5f6b927ab03557079c15c5ea3ecdbb491fada0b882a09446560bc32262853b8b477bbf4bb2ffe8a7586466a091bb83aa17096a349fe2d22b0 via relay
2026-08-09 22:24:38.795+09:00 [INFO ] Accepted block ec601bcf9b4c0ad4c36383d346463903eec76d2c848dca690556a678559194eab2a9e4f39d1dfcbcb568fcb0bd4c8498688b4268b784b497ea6b8e2550645a1f via relay
2026-08-09 22:24:40.203+09:00 [INFO ] Accepted block 0251be42b662a92d9a460f1b53042541eaa23a116ba19687eba8db78eaaccab6eeaefb721c746e67dab1f5b5e826cdec183e6b2dae0d843b9d9ca0a36580435b via relay
2026-08-09 22:24:41.823+09:00 [INFO ] Accepted block 4dabe20db1628f6ca020e3b42818d51cdaa96dad42ad1de0c9dcaf87cfedf5dda14e03978019828b423bcfa3b3ccde88828ad11c492aab5b7c06c5b907c56101 via relay
2026-08-09 22:24:44.408+09:00 [INFO ] Processed 6 blocks and 6 headers in the last 10.00s (6 transactions; 6 UTXO-validated blocks; 1.00 parents; 1.00 mergeset; 1.00 TPB; 0.0 mass)
2026-08-09 22:24:44.409+09:00 [INFO ] [ibd-perf] 6 hdrs avg: validate(A,parallelizable) 127.1us | commit(serial) 243.6us [add_block 15.5 + db.write 108.8; held-lock 198.5] | f_serial=0.657 f_reach=0.042 | parallelize-ceiling 1.52x
2026-08-09 22:24:44.599+09:00 [INFO ] Accepted block 535b878f37c2f0e213adceb269ac051d02be348a5bf915681fa09b99dc3bf5b35c1c006259d39299813f3280e19a40cc58ba60fb58ad60f1cecb6c61e2066335 via relay
2026-08-09 22:24:44.741+09:00 [INFO ] [validator-service] heartbeat: mode=active sink_daa=1928 bond=Active(active=true) active_set=[epoch=19 is_active_validator=true (active_validators=5)] dns_overlay=configured (stage=Active, dns_confirmed=false)
2026-08-09 22:24:46.496+09:00 [INFO ] Accepted block 18e2bea74db37d21142657be98f298faa2f76717a6be85e3afad41f14a481675ee16857c1e861f5be7cf0d8fc7e9d6ebe007a85b1260b272b26888bd32c131b8 via relay
2026-08-09 22:24:49.246+09:00 [INFO ] Accepted block 7e0be65b71aba9bf289c12d4208a0a817f44866d50d25f14f9621b7a5b82b1b5eaeb365977d60da10d11334dc42024ea0a5dc9450724907db7ecfdbb8b796a84 via relay
2026-08-09 22:24:51.822+09:00 [INFO ] Accepted block 38b43d3e078b1810c2d7989be41eaeb8d72d77d4aa23f431a9e913edf8dd1b2671a99b92570240078624c599d94eb1d652348e57da48fccaf2744d07b666d0b1 via relay
2026-08-09 22:24:54.410+09:00 [INFO ] Processed 4 blocks and 4 headers in the last 10.00s (4 transactions; 4 UTXO-validated blocks; 1.00 parents; 1.00 mergeset; 1.00 TPB; 0.0 mass)
2026-08-09 22:24:54.410+09:00 [INFO ] [ibd-perf] 4 hdrs avg: validate(A,parallelizable) 118.8us | commit(serial) 183.9us [add_block 14.9 + db.write 72.8; held-lock 149.6] | f_serial=0.607 f_reach=0.049 | parallelize-ceiling 1.65x
2026-08-09 22:24:54.516+09:00 [INFO ] Accepted block 5b2481865f190b2bb82c67bae4d11427cd61e9fd5fc984a7e7f64854cb3675814a982aad779021f93bb3f567b60f048da436d2e1f3cefe91368615a269787817 via relay
2026-08-09 22:24:56.019+09:00 [INFO ] Accepted block cfd43213300d2c3d0ac555d42ba880ee7980ff2b24be42f251939ecc08cf41af8743aab3dfbc5032b0381dc5123de5383f80d86e6ae4e8cff14fdc11985e2f93 via relay
2026-08-09 22:24:57.535+09:00 [INFO ] Accepted block 12dc297744b8d2e040826cb7973cbf1490b901d4770244996d69ef2ff7dc51221e637ba9bd52d4d9e5c97c2b918d919ad54c872570557ba89690b83e42bdf9bd via relay
2026-08-09 22:24:59.058+09:00 [INFO ] Accepted block 87fc8effb027941dbdef8810f74276571ea86064802d9c935185a96a17d72f0708d5b2b4cde8fab1ccca81811bd3db8a64fd58040cc0640d44b295afef5fe006 via relay
2026-08-09 22:25:00.359+09:00 [INFO ] Accepted block 4c001ae5efe7f320e9a67f82e3f8a28fa02078d75cba128558caf9f9e3639da8dece400d5c9d33f841c269b3892a3bd8d7b5f5be9c1197282c95bc6032a3f7f3 via relay
2026-08-09 22:25:01.611+09:00 [INFO ] Accepted block a8dc7f8e155c262f7286627ce181e4e8494429ce8537a834597360df38331dabbc8bf8588eced06f05cc028a70e57b129dd95048cdb910f086ad7511a8326c0f via relay
2026-08-09 22:25:02.816+09:00 [INFO ] Accepted block 631148dbc8f824a23085c87f3435df474a7dc61ed97e12cf1443546e51e3763018546711ef5b197c93ee898956193481ee5e7857314f5e495aef24cd782f81bf via relay
2026-08-09 22:25:04.165+09:00 [INFO ] Accepted block d8ac9b22e01f2e11e527b0627c07933856121b4ebdb95011a71fae9edba9dbe8d81fd8fc2c7a0fbbf642909f063adb49ad36430d129d6a8d3cb1d9de0ba57299 via relay
2026-08-09 22:25:04.411+09:00 [INFO ] Processed 7 blocks and 7 headers in the last 10.00s (7 transactions; 7 UTXO-validated blocks; 1.00 parents; 1.00 mergeset; 1.00 TPB; 0.0 mass)
2026-08-09 22:25:04.411+09:00 [INFO ] [ibd-perf] 7 hdrs avg: validate(A,parallelizable) 98.4us | commit(serial) 168.4us [add_block 15.2 + db.write 38.7; held-lock 123.6] | f_serial=0.631 f_reach=0.057 | parallelize-ceiling 1.58x
2026-08-09 22:25:06.237+09:00 [INFO ] Accepted block 9a6f53a2f3d8cf5d62189abee03b6a99525991abf56044829b8e7f0c773170a75e3fa0d54709750d17b4c4181f131b6e0b6d4926b37fb16451c885456ed49e36 via relay
2026-08-09 22:25:07.809+09:00 [INFO ] Accepted block b0e6728238d146130b6e5a1aa19d1210614979189aff11c4869b80c3be55767613b31876360a21d55dc89112dddb364f1f9ad2a8181d4b6d02bca69de0449655 via relay
2026-08-09 22:25:09.191+09:00 [INFO ] Accepted block 3f4e27ad6d2c60cd00b408e73f9e18eeea817b4b04df203c1e95756a5c516bc94feafeea904e13eb83850fa11137ac5803e236e33fe9006865930e3446d84d6c via relay
2026-08-09 22:25:10.317+09:00 [INFO ] Accepted block 427d7f3f71a303f7c71209bad36c9f1989e32a5c2add3bb78f4fbc012489ceef95cd992ef44571a9099de9e83117c84a46e0177a1ad765289fe0e2036d9c2205 via relay
2026-08-09 22:25:12.319+09:00 [INFO ] Accepted block c7d179a224bf76e463dadd85275d2296fcd7e92c16ce68304fb7823d7a8f82fbbe6793eab48133a009d399f38d5bef62b561aed7bcf631655e1122ccdddce3c7 via relay
2026-08-09 22:25:13.920+09:00 [INFO ] Accepted block 2fcc8f70b3fa441b3cdf0101641d2fb92a133d963ce2e9c2eac005d2ca4c1eccc8fe1e32796de16ec1e4da3b8ac9cf67fa9ee152e47b6cab63efc992cdac528d via relay
2026-08-09 22:25:14.414+09:00 [INFO ] Processed 7 blocks and 7 headers in the last 10.00s (7 transactions; 7 UTXO-validated blocks; 1.00 parents; 1.00 mergeset; 1.00 TPB; 0.0 mass)
2026-08-09 22:25:14.414+09:00 [INFO ] [ibd-perf] 7 hdrs avg: validate(A,parallelizable) 93.8us | commit(serial) 147.5us [add_block 13.5 + db.write 42.4; held-lock 112.5] | f_serial=0.611 f_reach=0.056 | parallelize-ceiling 1.64x
2026-08-09 22:25:14.767+09:00 [INFO ] [validator-service] heartbeat: mode=active sink_daa=1946 bond=Active(active=true) active_set=[epoch=19 is_active_validator=true (active_validators=5)] dns_overlay=configured (stage=Active, dns_confirmed=false)
2026-08-09 22:25:14.810+09:00 [INFO ] [validator-service] submitted attestation shard tx bb428a54541c8c2364870adc35cbd87efead0db562e8bc624c6c752e094e4d55e1839c010e181d2b0696d77709e3efe24f4a89c86ff06e25392390ec70a5cd40 for epoch 18
2026-08-09 22:25:14.832+09:00 [INFO ] [validator-service] compute: job finished in 22.209µs
2026-08-09 22:25:14.835+09:00 [INFO ] [validator-service] compute: certified job 69b623edcff235b99eab313a7811f0b8909a34cb94cc67d95d5c72345899f5a656d46f11c9e4a7da39ecfa0083403622447ca90c173369fe4596c02a0a83c2f7 in epoch 19 as tx f40c27a9eba0d1fa458e1c1e5781108a4b1f793701965fb873de8df79c4d0793588c5cc7e22dd30d66207256484d502b6099251f86b45a25969a13a479e58d39 (R_j=344c3238c9170c47fb600a72cb5aeb77d4039cd0f7ab69458ba1773a82a2eafb5f16f1213258a2b74a9a50d2cb42a3b574114173f030c2937c489d945619114d); awaiting verifier verdicts
2026-08-09 22:25:14.835+09:00 [INFO ] [validator-compute] fixture quota: 3/3 job(s) certified (3 claimed)
2026-08-09 22:25:15.215+09:00 [INFO ] Accepted block 0e859049f49e3bc4f0c7d0e1397b4a824ca7335d4558e1e2364e48c05083785f34f3f14e4e9e81603d58bb7084eadf53ba66ae9cf3f062ff9c3cacd99d8873b0 via relay
2026-08-09 22:25:17.024+09:00 [INFO ] Accepted block 3cb20a3524c4eb75d30f68f02de509c69a3a2e91a009bc07500ea1893b857785cdfd3e3cd337f9ed9b9282ec2c68d195f2ec02d3d840545681f0227daff04166 via relay
2026-08-09 22:25:18.128+09:00 [INFO ] Accepted block e37d3ec3c66c489ee27f1a78850541ebbd36a7195c2fc9e5a99b3f10ed0eb32899d9359ad52c7f391d91235ab2af9ec05ee7b1a034e7cd5771f90cac68a0cc34 via relay
2026-08-09 22:25:19.258+09:00 [INFO ] Accepted block 725632152920e65158261c555229323e77336f912c70b15aaec35772da9cd52760a59b75cfc8ffec5f27f0ec8651796eb17d60163fe4cf3e40227d9683c70d93 via relay
2026-08-09 22:25:22.111+09:00 [INFO ] Accepted block 3aadbd63eb987606cee6a9e816da2192402235d05bd675fc3f87d1c94bb5594d13d770566a8f09b5b5e1a85e17321c8a6cfff5d1e912f4db7af822710d4b8288 via relay
2026-08-09 22:25:23.504+09:00 [INFO ] Accepted block 749be17c9aaa5150d9d8485fa94ea429a49796b8a46afde89d4ca9312bffd4d1e4af2e0ca578d97af3067100ac8813973de22ead3c58cb728328077525637097 via relay
2026-08-09 22:25:24.416+09:00 [INFO ] Processed 6 blocks and 6 headers in the last 10.00s (16 transactions; 6 UTXO-validated blocks; 1.00 parents; 1.00 mergeset; 2.67 TPB; 84160.0 mass)
2026-08-09 22:25:24.416+09:00 [INFO ] Tx throughput stats: 1.00 u-tps, 100.00% e-tps (in: 1 via RPC, 8 via P2P, out: 10 via accepted blocks)
2026-08-09 22:25:24.416+09:00 [INFO ] [ibd-perf] 6 hdrs avg: validate(A,parallelizable) 130.3us | commit(serial) 186.8us [add_block 17.6 + db.write 43.5; held-lock 147.0] | f_serial=0.589 f_reach=0.056 | parallelize-ceiling 1.70x
2026-08-09 22:25:24.812+09:00 [INFO ] Accepted block 27be4b945d12bcb308ad8df453c74570041d8ff978823cebc61bad69056776e75511071302c0f10002cb56e272dde31ece10607b322b5fed62dd4621ae410725 via relay
2026-08-09 22:25:26.223+09:00 [INFO ] Accepted block 08069a0a4e066aa874242867fbc37df07646f6716cfbfe56de4a632dea157e9ad0785925888773760a0f4451981e4a3f517de8027ada736e475af265defecd45 via relay
2026-08-09 22:25:27.274+09:00 [INFO ] Accepted block bc380e9152a24052d0ab4bb19a7f0a087bb01c6e9a5271113b427375c740bae5f4a0ecef756140d4321f57596a00d910fcfd2dd97324d8ca3148e34765993733 via relay
2026-08-09 22:25:28.832+09:00 [INFO ] Accepted block 4f853341fd973d40515f62f7934f3813bbfd4cdf73942e39ddd7efe812ccd84886c9fa540814452295e1c11c2d374f1389459ee29b3a88b3ba192f8facfeeaab via relay
2026-08-09 22:25:30.644+09:00 [INFO ] Accepted block a99c62f3c042f99e654a715966efe6ebb36851dc0fa63c924a3561a001602b0c68caf3a19bbd8278b59d0b7040827d593ed51234a1ed2aca2d90c5963c28e5d5 via relay
2026-08-09 22:25:32.236+09:00 [INFO ] Accepted block 62e43b4104908dc0072c34cbc1681956c86a45f97cfec852a954d95d4e541688c29ceec8277a201a25327627270c5a74b7a8dc0992fd3bcbd587f2f281c380bf via relay
2026-08-09 22:25:33.367+09:00 [INFO ] Accepted block 64b7ec630cf7df9903017291b0e7ce7c653d79009ed5e636f5fdb4c4cfecd23f5402a6748a9b7acbcd8a0b2953baa4d7730e6e923baaf4c7d3cf97463d6fc19a via relay
2026-08-09 22:25:34.419+09:00 [INFO ] Processed 7 blocks and 7 headers in the last 10.00s (7 transactions; 7 UTXO-validated blocks; 1.00 parents; 1.00 mergeset; 1.00 TPB; 0.0 mass)
2026-08-09 22:25:34.419+09:00 [INFO ] [ibd-perf] 7 hdrs avg: validate(A,parallelizable) 96.7us | commit(serial) 191.9us [add_block 15.7 + db.write 50.4; held-lock 132.5] | f_serial=0.665 f_reach=0.054 | parallelize-ceiling 1.50x
2026-08-09 22:25:34.500+09:00 [INFO ] Accepted block ad58e2b65ca21d307c286add468f89d7ad0bbab5ba0d52733e0a2dfb5b4f0e448921f7649c5c6c876d2ccd651e210536d824c24cbf4e1ad31a3a4e1e9d7e02de via relay
2026-08-09 22:25:35.643+09:00 [INFO ] Accepted block 4da4deffb0a670ce67299e925d6312f5a089e932b0a2bb256ba7e3f73f28f6e5dc9ea291ddd15fa9d050d8e7870495371baf819e867de8df8423abfce94e196f via relay
2026-08-09 22:25:37.144+09:00 [INFO ] Accepted block c3b3ac226325af09d2868c21a56ff7d2df39bf0731af7db952a508ee15fa80d3cf95516817aeb1b2c1c96398c502daf5d4b6d51abfc4271db47033f022529d9c via relay
2026-08-09 22:25:39.959+09:00 [INFO ] Accepted block 3dab5be8c6d6769fee5b374bebb761350fc0da8e599a6cb7028d092c10078e56bf0d98b99d91481da69b2d4172ebef39e5e58fc438705b2642d2abe013d4b51d via relay
2026-08-09 22:25:41.451+09:00 [INFO ] Accepted block 17dc8589bf6c603f41d669d94f4220e72d77460971eed5d42ec2a0d61daa19b838376769fe60cc05b779d612be7ef2505a1461364c4bdcd25d16cab0f5abea55 via relay
2026-08-09 22:25:43.482+09:00 [INFO ] Accepted block 71d89f4ca78b11b619b53addfdf7755a3820af78107e55be8fde602b01de85424137423a2d91a24b5b7c6fb9199dfecb58b5241d32e8a63089b0dd4385fe8dbd via relay
2026-08-09 22:25:44.421+09:00 [INFO ] Processed 6 blocks and 6 headers in the last 10.00s (6 transactions; 6 UTXO-validated blocks; 1.00 parents; 1.00 mergeset; 1.00 TPB; 0.0 mass)
2026-08-09 22:25:44.421+09:00 [INFO ] [ibd-perf] 6 hdrs avg: validate(A,parallelizable) 125.0us | commit(serial) 177.0us [add_block 16.2 + db.write 59.7; held-lock 138.9] | f_serial=0.586 f_reach=0.054 | parallelize-ceiling 1.71x
2026-08-09 22:25:44.684+09:00 [INFO ] Accepted block 6cfa2dc3bae903e7b8075969276764944a4fa7b89e1ba0f183011a5730765f6b8086dfc8e689fc75a8bfabcaccaa691111575e87769daba6391b775d3555822b via relay
2026-08-09 22:25:44.841+09:00 [INFO ] [validator-service] heartbeat: mode=active sink_daa=1965 bond=Active(active=true) active_set=[epoch=19 is_active_validator=true (active_validators=5)] dns_overlay=configured (stage=Active, dns_confirmed=false)
2026-08-09 22:25:45.869+09:00 [INFO ] Accepted block ba21017333fffdb6fa3c707b6c99c26a794bc98a5232355683e98da084a81abcfd7eea967f3ae965b079d80ffb0c4ca63bd3da9650ef99650846d8a819466762 via relay
2026-08-09 22:25:47.422+09:00 [INFO ] Accepted block e5c56d257d696144ae23b5387898fe5c1816c6c0e0cadb02ac081339629589e865385874bac107c6af8f22d00b5d5b0477c4a388f6c201b098eef0327b85e41a via relay
2026-08-09 22:25:48.508+09:00 [INFO ] Accepted block 0803943218e0353dc7d141ecd3a276040353211396ed44dc32abe415aea26afd9ad0fb901d58a389a322686a5f4fa35c43a8f8014e530315a069707ddf7e0de5 via relay
2026-08-09 22:25:50.005+09:00 [INFO ] Accepted block 53e4adb79fbdecaba66bc15f99d19601a3fa6fe3add803ec67a5b300e0175443532167a3b5a6617b954cbed7ca4e76957e17cecd6dd609a431d07c168dde928a via relay
2026-08-09 22:25:51.125+09:00 [INFO ] Accepted block 4629b4cf87ef74c2db57dfcca53d4884fae96aa4a8f6c4fe3e5cbd447b1279c0109bb84796db49c0f51ed631b16d65200dd9ac887f20da361f2da72cd7707f11 via relay
2026-08-09 22:25:52.575+09:00 [INFO ] Accepted block 274ac848f5e4b08aaf80cc0e8c36c56b0f4072f5bcc31feb7455980d34fb64164e5289f5810f6d38b17f3734671356474f69bd8c7c3a49c231ffcd5332fee910 via relay
2026-08-09 22:25:54.099+09:00 [INFO ] Accepted block b6a8df9a3d62bf8dfc404015f12ef4a51a645dee3a1668847284bfcc3d16b08833b9fc893df9e10ff0fc83840b898ec149f8693b84d519c6fc7f1602e5f0a95a via relay
2026-08-09 22:25:54.421+09:00 [INFO ] Processed 7 blocks and 7 headers in the last 10.00s (7 transactions; 7 UTXO-validated blocks; 1.00 parents; 1.00 mergeset; 1.00 TPB; 0.0 mass)
2026-08-09 22:25:54.421+09:00 [INFO ] [ibd-perf] 7 hdrs avg: validate(A,parallelizable) 98.0us | commit(serial) 202.6us [add_block 14.2 + db.write 49.8; held-lock 119.9] | f_serial=0.674 f_reach=0.047 | parallelize-ceiling 1.48x
2026-08-09 22:25:55.917+09:00 [INFO ] Accepted block a0a06cb875269ff8a0c9d6f1a42cf45dae643b497f89aeb05327813165e4917a83bc529221b7d5136c5dc641ca61c25d5c6fc67f5da92715403697c4d3c6fc50 via relay
2026-08-09 22:25:57.005+09:00 [INFO ] Accepted block cb19ec0462bc3e46a73e4bac437950ec97282556ced9ee9122249daeff0be594e94cfccb29b99cb245c112545b68faa46d429717f21f5f5b30fa04e8274e5e25 via relay
2026-08-09 22:25:58.105+09:00 [INFO ] Accepted block fba243f02e88639cee326d3f34121db8161f99c9c33e6474e1e1637b3bd39f79c5cbe7bff123f3c46edcf53244cab12f5ed667201688a0800de76f035e137931 via relay
2026-08-09 22:25:59.352+09:00 [INFO ] Accepted block e10ad1b13cf5bb2e665618ad42a2fc5d6b9939991805cd72dd1b7d76b3fe9e41c07027895ad8c5abe708c95757898cc30fc25faa6961b162456f7da30a358107 via relay
2026-08-09 22:26:00.971+09:00 [INFO ] Accepted block ba5af6ee6d5c652d4d24358736f268f44c36e07a7c95489fba474ac388ccd6f49c34f2093f656b43e1daca5646594f2f4478750f31c580cb6e55cc79eba18d7e via relay
2026-08-09 22:26:02.545+09:00 [INFO ] Accepted block bdb5acdec63ed7afde94bc146d64f100bc70e5f79a91ac9a87496c0340bbaec1af979a3ef4a93378f9b0cd69abd6363bb86d0b6192cbb4b59223a418c35ddff7 via relay
2026-08-09 22:26:03.734+09:00 [INFO ] Accepted block f89927c1bb7acf9f588382a2b83d6c5d1fdb6929fe1085b64d27bb1d56127a8b6c2032d6eebb61786807726e14b961da2b1cdb94ec30bf7fc641b86f122437e4 via relay
2026-08-09 22:26:04.424+09:00 [INFO ] Processed 7 blocks and 7 headers in the last 10.00s (7 transactions; 7 UTXO-validated blocks; 1.00 parents; 1.00 mergeset; 1.00 TPB; 0.0 mass)
2026-08-09 22:26:04.424+09:00 [INFO ] [ibd-perf] 7 hdrs avg: validate(A,parallelizable) 114.8us | commit(serial) 242.8us [add_block 17.8 + db.write 74.8; held-lock 169.4] | f_serial=0.679 f_reach=0.050 | parallelize-ceiling 1.47x
2026-08-09 22:26:06.264+09:00 [INFO ] Accepted block 1bc7dc02c5fb510025a7a81a896d96c1cf4bff4b96992b61fd7181ad8ea728e613883286144b5059e1a152152969ce97a9e42d062b1883c80645f01a02788a04 via relay
2026-08-09 22:26:07.505+09:00 [INFO ] Accepted block 7d9d7c56ef94316091931b57517d217b69e6491ca0a65eda0e223cf09b2fc0468aaa270844c879022fd5e52c43892e963c33f25a849d30fa901807805a4099ff via relay
2026-08-09 22:26:08.948+09:00 [INFO ] Accepted block 2494b0f48d2702a398c20129c6bcc77e93251b7ba8c4658fcb858887b5562897eedf7a11c5b9eda73728a31e2d340f4b7184885d0759f6dc92100aff970150a0 via relay
2026-08-09 22:26:10.262+09:00 [INFO ] Accepted block e990c50a65714e4d9fb343fb57dbbfc08d4c6d09f39c7aaf6a8260f9c0f1f7344874411484069b92d1a762223084f2b74e10b19fcea491a833079d58f9eee5e3 via relay
2026-08-09 22:26:11.878+09:00 [INFO ] Accepted block 1cf1047608d1b0eef9dd7e598a8e506b39ff285191df0970cbe99aaff518ffaf0a1ffc2490ada087ba2782dfbd8cc569e228089af7dacdfac2b5ac695501f348 via relay
2026-08-09 22:26:13.357+09:00 [INFO ] Accepted block 523f54804778062fee2d59ba794fa24bf353e7bedb25b21ae75cc162cd840e2995cec2f3ada83f74830100ffa0f2f6d7df84d1ea6f3bc5d32e0e90c496fdd7fb via relay
2026-08-09 22:26:14.425+09:00 [INFO ] Processed 7 blocks and 7 headers in the last 10.00s (7 transactions; 7 UTXO-validated blocks; 1.00 parents; 1.00 mergeset; 1.00 TPB; 0.0 mass)
2026-08-09 22:26:14.425+09:00 [INFO ] Accepted block 74c8fdbb16f790294e1a38123eb0ad273dc6b4428f03a32fd6c02612df78ab6b07ddedb377e67fa84e5b3abfd79a8501223e85d1241bd1e1e5bbfaa75637e5cf via relay
2026-08-09 22:26:14.425+09:00 [INFO ] [ibd-perf] 7 hdrs avg: validate(A,parallelizable) 106.7us | commit(serial) 175.8us [add_block 13.4 + db.write 70.2; held-lock 138.1] | f_serial=0.622 f_reach=0.048 | parallelize-ceiling 1.61x
2026-08-09 22:26:14.859+09:00 [INFO ] [validator-service] heartbeat: mode=active sink_daa=1986 bond=Active(active=true) active_set=[epoch=19 is_active_validator=true (active_validators=5)] dns_overlay=configured (stage=Active, dns_confirmed=false)
2026-08-09 22:26:15.966+09:00 [INFO ] Accepted block d2894daedc11bc564e714c2e1574fb1afd68628e48bfb73339725ce8d52938ee76c8b866df2df23b1ee6491896a84227931728c7ac2484ebfa3294da970bea32 via relay
2026-08-09 22:26:17.061+09:00 [INFO ] Accepted block 28fe06b2f5e9f678226132470b067cb76e8311d63bc947a2cd0e2c59e2b999f6b9e937a64780c963e8a853e78df89fe51c4fc6fc6ec92bce0b1b2ff541fef62a via relay
2026-08-09 22:26:19.273+09:00 [INFO ] Accepted block a1016e1cbeb4068c88db971d0fc185a3b43518de57207f8f8c820a660f4b2e10ced0ef0b8e09c79c0765151a6bb8fbbcee350dc676880aabc1851e1772ffaea2 via relay
2026-08-09 22:26:20.968+09:00 [INFO ] Accepted block 23f759fd49c3b6c2112b85d08653e6931a9955d11491f717c4162f1a1dc18d2e66b87cdd60472b2e903993d3a5a462febaf030a48aa2450be91d2cfa0a33c6f1 via relay
2026-08-09 22:26:22.337+09:00 [INFO ] Accepted block 53930a67d45d35cf81f71e2b4c690394cb27c61c1eac9d5044412910f1ad63766a4b607cfd9e05f9f3de6fe9d4d1b9b5a0687e47ab27d8d2e926fcbd9d5f4c64 via relay
2026-08-09 22:26:23.733+09:00 [INFO ] Accepted block 67a04b7d62e578ba65a8b4e29210b689f75f6a3b40a67b728e517827b30e2b24a5ddd45cc6cf527c841fa276edf168ba0ed3f73ef18e06168f81dc0b160764cf via relay
2026-08-09 22:26:24.427+09:00 [INFO ] Processed 7 blocks and 7 headers in the last 10.00s (7 transactions; 7 UTXO-validated blocks; 1.00 parents; 1.00 mergeset; 1.00 TPB; 0.0 mass)
2026-08-09 22:26:24.427+09:00 [INFO ] [ibd-perf] 7 hdrs avg: validate(A,parallelizable) 105.0us | commit(serial) 187.4us [add_block 15.8 + db.write 66.5; held-lock 153.1] | f_serial=0.641 f_reach=0.054 | parallelize-ceiling 1.56x
2026-08-09 22:26:25.135+09:00 [INFO ] Accepted block e0364cc78a7f4ba76535ab9fa19f61a9de58014dceb0b7f112ecc1fb0e3d9f8225b44096e2f657dc9538f8cbd621e4f7b86333348384fa20fe6c7c74722bdf5f via relay
2026-08-09 22:26:26.617+09:00 [INFO ] Accepted block 071515ec0e4fb23d81220ad3dd287ca9c4195d596cc7d5bccf41459b4137c3c49a7755f21e10c6de8b8561bd81331e15b711cc9e851d866d44eaa9fbe29511c1 via relay
2026-08-09 22:26:28.009+09:00 [INFO ] Accepted block 9b9528726a87d84282732b1918e3818e0f8e0b8f4dd2dc569da709a8036fd2b9270ec21175d23faf8fde593db9a493a40d123af5414ecc45602f58aa3c987838 via relay
2026-08-09 22:26:29.988+09:00 [INFO ] Accepted block 5314bfd1748d664c2132db37f6dc621d8cdafbfa4fc1fb2c96504afb8def71a23a7b7d6e90edacca1e2b57740b1792105eab763b2c9a4cfe15d7cc04f40cb8f6 via relay
2026-08-09 22:26:31.504+09:00 [INFO ] Accepted block 5e3148e2c058beac773bd3909a6cf83d501d6e5e73c7dd881ebfc9884666166a0597b1b0f3bdf2d98f21b352f533143826225e0e28c23061da2bf0410e859246 via relay
2026-08-09 22:26:32.786+09:00 [INFO ] Accepted block 2cd9c7cfc58a86102645800fd7d1b091ff663bdbf40dadab1ca6eeeddb03adf4d1c8f5c68012320b86ef01adb1c6c4c35c4f36fc721f913d510822b813c28810 via relay
2026-08-09 22:26:32.912+09:00 [INFO ] [vlt-shadow] sink_daa=1999 5 validator(s) with credit; 3/13 epoch(s) would reach quorum; newest epoch Some(18): W(E)=235225000 signed=235225000 snapshot_root=fd39ba1565da010a97433493a0d1a60d535d10f47112553a1f456a877035412fc8b9d3e35ffe2ae204408f8fb9261c0e0c4fbe912d0bcccda70efb061dfb3b58 — the weight fence is at 18446744073709551615
2026-08-09 22:26:32.912+09:00 [INFO ] [stake-score] sink=f870cec137dfc997b9e9d00368c2aba31cc48d26c9331f0b28d17dff41f79872888c5bf619bf274f8d8ed7b4d6cff41245872eb467da8b33ba32b4d759f902e8 sink_blue=2000 credited 34 attestation(s) over 13 ready epoch(s) → stake_depth=8000000000 (rollout=Active, health=Active)
2026-08-09 22:26:33.921+09:00 [INFO ] Accepted block f870cec137dfc997b9e9d00368c2aba31cc48d26c9331f0b28d17dff41f79872888c5bf619bf274f8d8ed7b4d6cff41245872eb467da8b33ba32b4d759f902e8 via relay
2026-08-09 22:26:34.429+09:00 [INFO ] Processed 7 blocks and 7 headers in the last 10.00s (7 transactions; 7 UTXO-validated blocks; 1.00 parents; 1.00 mergeset; 1.00 TPB; 0.0 mass)
2026-08-09 22:26:34.429+09:00 [INFO ] [ibd-perf] 7 hdrs avg: validate(A,parallelizable) 102.0us | commit(serial) 217.3us [add_block 15.8 + db.write 65.5; held-lock 150.1] | f_serial=0.681 f_reach=0.050 | parallelize-ceiling 1.47x
2026-08-09 22:26:35.112+09:00 [INFO ] Accepted block 7053e38e4a4ecd0b04386d3ed03961b0ea2a4591eb727d299af8f5deabf41f85b777e157c6896f7cdea588aea1e8306f4d0540584079fdf363ebc7a458db86ea via relay
2026-08-09 22:26:36.306+09:00 [INFO ] Accepted block d25d98f960a92f2a1738cddc7423ef977eecd24a2a61b5f6c6e5e61c5916745e47d91cb857613a2e21a727ccd013a57f42ca32e95fc993666c91f6117b6e2795 via relay
2026-08-09 22:26:37.485+09:00 [INFO ] Accepted block e5ab7b6a3ea425263e61979006a53c9eaa05b1ab1062efb9a98e1cf367a7146d960a0e6a3d768d57ebe21f8e64e01672172947cdbb1da5fc2c76a6e0e895fc57 via relay
2026-08-09 22:26:39.107+09:00 [INFO ] Accepted block 281d409707031062f0254a948da71c32908cb739f56216ce2dd4fe848851b806f02718803fcce8ff18d7b8658bad0197f740a35e2bc69d2300450d6260aaa823 via relay
2026-08-09 22:26:40.655+09:00 [INFO ] Accepted block 7640502f333c0dfa9fef5ece1b643901d5359bc5e42113e54bec2a9d244eef097a5b0d14b2032cdc46d270f8f151b25fd46fcb0bb2a5807c5c2372687a2ffb47 via relay
2026-08-09 22:26:42.581+09:00 [INFO ] Accepted block 3e0fa4b709612db58f7b2f2f9781e96af8a95c06c57cef37ed7ddf8bcf09f51e62401ecf2a022af0faafe52aa2b372874ffed4937c2e3409df79770a26e3eae8 via relay
2026-08-09 22:26:44.431+09:00 [INFO ] Processed 6 blocks and 6 headers in the last 10.00s (6 transactions; 6 UTXO-validated blocks; 1.00 parents; 1.00 mergeset; 1.00 TPB; 0.0 mass)
2026-08-09 22:26:44.431+09:00 [INFO ] [ibd-perf] 6 hdrs avg: validate(A,parallelizable) 100.2us | commit(serial) 178.4us [add_block 14.8 + db.write 64.7; held-lock 145.9] | f_serial=0.640 f_reach=0.053 | parallelize-ceiling 1.56x
2026-08-09 22:26:44.733+09:00 [INFO ] Accepted block 7c5840211d5c146f8d60e48a60f65f48bf068eac798f44d3fe59e3a60820059a75145bc8ebb175dbd2ce2a44e5806a0753d06dffe6be1b355190bb78769aa694 via relay
2026-08-09 22:26:44.876+09:00 [INFO ] [validator-service] heartbeat: mode=active sink_daa=2006 bond=Active(active=true) active_set=[epoch=20 is_active_validator=true (active_validators=5)] dns_overlay=configured (stage=Active, dns_confirmed=false)
2026-08-09 22:26:45.969+09:00 [INFO ] Accepted block 2843816a1d2a4ab9123e1879b9f9cb78091897172a8d7268d051935c32bfcfa16eec02347804bf3fc7c47bd1d3c2d723eb5bc7194796776257db0a2593ee420a via relay
2026-08-09 22:26:47.425+09:00 [INFO ] Accepted block 447c8b410ecb9e1602a30a142e24596a03ae4cae711d025983e48bbe5ca93a8991e6a1c6b294ecd042177eac3bf8bf394481b168cefbd8b179d797f7db2f46da via relay
2026-08-09 22:26:48.614+09:00 [INFO ] Accepted block 670e3f2d1442c5de20be2471edcec64ef1686c4cd308185748622aba8ebb4f235c19e0053609d2d616c094a225106c7e52e7c160e124226618370b3366ed20dd via relay
2026-08-09 22:26:50.504+09:00 [INFO ] Accepted block ebe293fa47947e08b0857ff5c19c9e7f752a886a64f1f9546638fc2913e2a88ed4e0d2120c3f32974b735a1a948bb94405c99dcc444092d2790c1f9ace96019a via relay
2026-08-09 22:26:52.069+09:00 [INFO ] Accepted block afa622fa518fafa232c7b3223b5334af7a786f4d225ba5a60eaa56d8fb820f5781a648b0c8e47cf14dba6de26b7738e846a194650513911cff806fd1a5da2a7c via relay
2026-08-09 22:26:53.441+09:00 [INFO ] Accepted block c6c33c720bd83327591a3ba0b338616eeca88343707f3b9a03c97649e1af28225eece5239bb1e06aae982380d409706ab3e4d5e27b455100647590783783cc7d via relay
2026-08-09 22:26:54.434+09:00 [INFO ] Processed 6 blocks and 6 headers in the last 10.00s (6 transactions; 6 UTXO-validated blocks; 1.00 parents; 1.00 mergeset; 1.00 TPB; 0.0 mass)
2026-08-09 22:26:54.434+09:00 [INFO ] [ibd-perf] 6 hdrs avg: validate(A,parallelizable) 92.6us | commit(serial) 188.1us [add_block 15.6 + db.write 74.6; held-lock 155.8] | f_serial=0.670 f_reach=0.055 | parallelize-ceiling 1.49x
2026-08-09 22:26:56.028+09:00 [INFO ] Accepted block 0ed3aeff8094085f8d43573bdcc170df31e186488f8c939e2705476dfddbc8b28173040c7d2607645de1ac5faa9f76a0d53e7d0f6d3be216dddbdb0e16e63ce0 via relay
2026-08-09 22:26:57.222+09:00 [INFO ] Accepted block 1df0fce78b4d13d39ba7f46fc73b63b093a4d5f5188680dcd67a0464d8b06e4a545681cf8a59849491ff3f31a32aafcc755feb03592c6af7e5ccd7289cc0560f via relay
2026-08-09 22:26:59.122+09:00 [INFO ] Accepted block e9060482b374c2ccfa031a898134e61646fe0f84acfc910c06f11efd50293a59f82438c286c6fa75febd31f4af45adc1f4a496e37a7791065a114745450de8d4 via relay
2026-08-09 22:27:00.250+09:00 [INFO ] Accepted block e7252d8b9a98bf8666c7c08ce4b78e1c02e8b4e203540d3d37a39f4856534ca52eee37bd1206817efd29c5e626b180509e0429f9b668d8784c15bae58d124ab8 via relay
2026-08-09 22:27:01.768+09:00 [INFO ] Accepted block e152cd04ef9d87430dd4967bdd629969d840bd733a3729b9abd478f7f94c410b00ce09f65a15f10dc401900317f2463ff7025830f8d431ac691d1e6b88cdc31e via relay
2026-08-09 22:27:03.054+09:00 [INFO ] Accepted block 0f2c5ff03f4ab438e8ce9c4e98f21d322b54f5cc3ad86e7b56d3e36c9a152987b560f05d2ea5f0a5417d0dce9c607656a8e0b2d128359d4a520a8bdb427bce0b via relay
2026-08-09 22:27:04.436+09:00 [INFO ] Processed 7 blocks and 7 headers in the last 10.00s (7 transactions; 7 UTXO-validated blocks; 1.00 parents; 1.00 mergeset; 1.00 TPB; 0.0 mass)
2026-08-09 22:27:04.436+09:00 [INFO ] [ibd-perf] 7 hdrs avg: validate(A,parallelizable) 92.3us | commit(serial) 226.0us [add_block 16.1 + db.write 76.2; held-lock 168.9] | f_serial=0.710 f_reach=0.051 | parallelize-ceiling 1.41x
2026-08-09 22:27:04.647+09:00 [INFO ] Accepted block b5fc4cd9de3d327c88eac997a6f75c4e0ab44b3f2fa5bc812ade2a05e79c53ce42af1666e53e247e983a8db58f8d57427b8ff0dbc969779a621b6eadb8c30542 via relay
2026-08-09 22:27:06.210+09:00 [INFO ] Accepted block 3cc9be225ec56971b3582d76cc7c93fac76af303a5a86c84b2e4d7e68758dc91ff9ead872e3b1e744eeae56b9ee697a682c349c408d46860b7daad904f155b05 via relay
2026-08-09 22:27:07.326+09:00 [INFO ] Accepted block 8e259762398a4ed08d076ba90fced0a8ebc67178db7bbacf8eb40adde8fc149076c2b441d73accbd1c0331ffb5fdcd5359125aab938ab69068e145c6f7ecf370 via relay
2026-08-09 22:27:09.208+09:00 [INFO ] Accepted block dad8075e2fa680042d2503d0ec59490e1922e915377a3419377e7fec98c9b17e8b527cc66d6a22933b4a422c4db27cfc68cd4e9eaf6f1694b3b24b43c2443191 via relay
2026-08-09 22:27:10.276+09:00 [INFO ] Accepted block e5f9ba93abf0402e365247ed98ee6ee63e752cd1e542ed94c3dce87666ecde1fa4b19ecfe0a4a2e339b854e23ad8ca6c1700d72a397b6701d5c55aed209ea364 via relay
2026-08-09 22:27:11.339+09:00 [INFO ] Accepted block e0626736745036ae865d9172a4a60395f3ee80b7105a41b20d4e29117541e4b3185ffcd4981497634d8306e206b9a49741f74a5f7b6ccece41ab8782df798d76 via relay
2026-08-09 22:27:13.093+09:00 [INFO ] Accepted block 23b5a9c5938cfa7a22016b4589118f26f488e25b08ee5b6b9dede5ce2f8f11efc8c7069ee0613c7b0f3ae045332ae88f808e228f8b342d9b24c5ffa63c52c466 via relay
2026-08-09 22:27:14.438+09:00 [INFO ] Processed 7 blocks and 7 headers in the last 10.00s (7 transactions; 7 UTXO-validated blocks; 1.00 parents; 1.00 mergeset; 1.00 TPB; 0.0 mass)
2026-08-09 22:27:14.438+09:00 [INFO ] [ibd-perf] 7 hdrs avg: validate(A,parallelizable) 170.0us | commit(serial) 247.4us [add_block 17.9 + db.write 93.6; held-lock 198.3] | f_serial=0.593 f_reach=0.043 | parallelize-ceiling 1.69x
2026-08-09 22:27:14.565+09:00 [INFO ] Accepted block 2dd51ed61e5f61b10b008282f28731d61875de6fa30171b96690f291bd7f82c97d087e99a9d17614305606732d84616729d1ba5fdc38698cc50cf277db87121d via relay
2026-08-09 22:27:14.894+09:00 [INFO ] [validator-service] heartbeat: mode=active sink_daa=2027 bond=Active(active=true) active_set=[epoch=20 is_active_validator=true (active_validators=5)] dns_overlay=configured (stage=Active, dns_confirmed=false)
2026-08-09 22:27:15.683+09:00 [INFO ] Accepted block 1939e5e5e4d3da21365cad9e159dcd9370f7025e0d9109c1837440cb74e882aed8645f8fbc3e32d304513d31617359098880688ae714758d32571bd60b0748d4 via relay
2026-08-09 22:27:17.502+09:00 [INFO ] Accepted block fa26c12e1726b85f3df3f2cc14a23f2fdc3d4ce9e2b4cc24357698dc84155046a239231603c5e2627a70251cf13ed822eace3b2ab1365ad68fe95a34eff10871 via relay
2026-08-09 22:27:19.511+09:00 [INFO ] Accepted block d576d8b0f4374d7a276a79946e8d596bfcf99340992f05ca3155a8c4be084fe2189a9c745ec1d829f4ad5a29cae232c20cd123367ffe3dcf5d25832a4beec29c via relay
2026-08-09 22:27:20.871+09:00 [INFO ] Accepted block 944adccb645e5416a6f82358a4b1e8a87feb7d13ba1ca463b7b786bf4f4f686f14d63fc1b48d172dc4c1b3d7f70909e02372a3ff1a2d3c2e1546e83a96a8e82c via relay
2026-08-09 22:27:21.982+09:00 [INFO ] Accepted block 7e478fede3fb9e9b239fac2e3bd37b51b40a2ab772c29913424df87faed4dbf3de37c1a56d215b24d4f07d8ea58115456bbacd50fc7cfd10b19c9fa914569c13 via relay
2026-08-09 22:27:23.066+09:00 [INFO ] Accepted block 099f9b4a4d5334713fb4ba850ee0da62b0e8e544c2624c07b2f88236ffbb33a5804514ed2abd32679c489ce767e249dd323763375502f15c4356ff8e15973af4 via relay
2026-08-09 22:27:24.441+09:00 [INFO ] Processed 6 blocks and 6 headers in the last 10.00s (6 transactions; 6 UTXO-validated blocks; 1.00 parents; 1.00 mergeset; 1.00 TPB; 0.0 mass)
2026-08-09 22:27:24.441+09:00 [INFO ] [ibd-perf] 6 hdrs avg: validate(A,parallelizable) 96.5us | commit(serial) 200.2us [add_block 15.7 + db.write 69.6; held-lock 147.6] | f_serial=0.675 f_reach=0.053 | parallelize-ceiling 1.48x
2026-08-09 22:27:25.686+09:00 [INFO ] Accepted block 58cc752d4209fd0b925d68350fe30696fcb53f9342ae0ac75c638b268e5214020f13a02cb459d13abdc418338cc40012c5b7d275d9282f4ceb2f215d7e879fda via relay
2026-08-09 22:27:27.226+09:00 [INFO ] Accepted block 16484507a9ce5c3f7dcdf8415f519e4f02259dbabc19dc4a4869972a2da9a9abdfb55d450772c9af557dd57c706764ababbc9e359e24abb682caf4965477dadf via relay
2026-08-09 22:27:28.375+09:00 [INFO ] Accepted block a41b41fea824a0047ababb8de932a1e6975db876b662c0487b091a906033b064ea2af9778cd45cf1cf3a711aa9f0740c407b06080cc47c8fef3e61bbb8f7cab6 via relay
2026-08-09 22:27:29.718+09:00 [INFO ] Accepted block 2ee4057142514a3b7c2e9de0fac273e8c9661021bef12572f949db35871b4a9394cb1c2bda56183f5d695f87d70a42f7ef66326cf4009845066474db62e16980 via relay
2026-08-09 22:27:31.821+09:00 [INFO ] Accepted block 1b964aac43d90af0fa98656bc9b9bfa1ec2fbe83efe82d70fa6974aaf99fc78ff605669e456ede6044b187cc1d43010118ef1f837de3a07491bc9c32f2bc28ae via relay
2026-08-09 22:27:33.255+09:00 [INFO ] Accepted block a94d2837066bb4a6fc18cdefe1f4e8ed315002fa51973078a32a67307014070fb938ea83b5d67a7bc13b827e4f4ff13623e0f90d23589819c43fdf3298ac194f via relay
2026-08-09 22:27:34.443+09:00 [INFO ] Processed 7 blocks and 7 headers in the last 10.00s (7 transactions; 7 UTXO-validated blocks; 1.00 parents; 1.00 mergeset; 1.00 TPB; 0.0 mass)
2026-08-09 22:27:34.443+09:00 [INFO ] [ibd-perf] 7 hdrs avg: validate(A,parallelizable) 111.3us | commit(serial) 208.5us [add_block 20.7 + db.write 76.9; held-lock 168.8] | f_serial=0.652 f_reach=0.065 | parallelize-ceiling 1.53x
2026-08-09 22:27:34.733+09:00 [INFO ] Accepted block 55b6003bb41fe2ff1ee5c6a5ade75c9e486dd820deaad420e54064455df538eb6147ae17b77c0cb1fad883c43eff6315c91ebe23a6175cda81d2d6ea0ab11507 via relay
2026-08-09 22:27:35.927+09:00 [INFO ] Accepted block 93c1af5452e8773afd195343443418571607bdc1993c134965e037d38e78ccd19c5692335b77e3aebdeaf0e1e23054706dfa6a0459b95dd153cc6dfeba9bd7d1 via relay
2026-08-09 22:27:38.653+09:00 [INFO ] Accepted block db08a10f56db23a739922151806d3dd17113e7b8f0792c9e9ce5e6bbe694e1fe167126903b6e3a89a5ba3e550caf4088694c103214b58f217906c7d4e152ab4d via relay
2026-08-09 22:27:39.735+09:00 [INFO ] Accepted block a147f30a32d3ad8127e257e9301dfc3196662fd5068108f73f80421e165291a3ecb24e02131764402b3e40c1e04acccd205963bf19c57d6b36fde68bd8c54682 via relay
2026-08-09 22:27:41.609+09:00 [INFO ] Accepted block 1df7995a493f1d6974a5a5309f3ad471c8d22487e6522e291a66c00ab919698e2da7dbf498a01987fd48bdaf290c8de9a568022c4621a9a14fde6568c934a1d7 via relay
2026-08-09 22:27:42.947+09:00 [INFO ] Accepted block 8a1939deeff646d93989c5541489241906aa98e4c7acad1a9a4576b738ff8d6ca01e94a7d22d25991cf3cc433acd808d00b78bdcd699983a620d87418281216f via relay
2026-08-09 22:27:44.084+09:00 [INFO ] Accepted block bb63df87b04d13f0612aa7f6b52e03ace8ba271cb89409676618b036f18c4b7d576ef0318a8783f943e250f48c7d68f06f6653a06301348ad843c502d7f85b84 via relay
2026-08-09 22:27:44.445+09:00 [INFO ] Processed 6 blocks and 6 headers in the last 10.00s (6 transactions; 6 UTXO-validated blocks; 1.00 parents; 1.00 mergeset; 1.00 TPB; 0.0 mass)
2026-08-09 22:27:44.445+09:00 [INFO ] [ibd-perf] 6 hdrs avg: validate(A,parallelizable) 95.6us | commit(serial) 197.0us [add_block 17.2 + db.write 78.2; held-lock 162.2] | f_serial=0.673 f_reach=0.059 | parallelize-ceiling 1.49x
2026-08-09 22:27:44.920+09:00 [INFO ] [validator-service] heartbeat: mode=active sink_daa=2046 bond=Active(active=true) active_set=[epoch=20 is_active_validator=true (active_validators=5)] dns_overlay=configured (stage=Active, dns_confirmed=false)
2026-08-09 22:27:44.953+09:00 [INFO ] [validator-service] submitted attestation shard tx 83baf8265900cf10fcb56c8827e6c3423bcab02de6fdeccc21a78b58cc6821ab4e43a7d955dafd99f0475a94bfa60eb7e13ba4b845a8f56112e76527ee33ecf7 for epoch 19
2026-08-09 22:27:44.969+09:00 [INFO ] [validator-service] compute: sortitioned to audit certificate 279ad48f39723e23e198db837fb7c14a66365c5b97944b8047d6de4c3c9c3cbdd59b97ed33950493818dd05c441d8603be99b0cb2b039fddca96f7cf6606ce4f (job 33ebca389886fb9344f760ce0cba0fb934224d07fa0c2000711f73f35f400634340f58028be994d8081468b8a72089a9386d41622d9f5ce3befcb7c6b664aacf); replaying — 4 pending
2026-08-09 22:27:44.971+09:00 [INFO ] [validator-service] compute: job finished in 43.458µs
2026-08-09 22:27:44.973+09:00 [INFO ] [validator-service] compute: confirmed certificate 279ad48f39723e23e198db837fb7c14a66365c5b97944b8047d6de4c3c9c3cbdd59b97ed33950493818dd05c441d8603be99b0cb2b039fddca96f7cf6606ce4f — our replay reproduced R_j
2026-08-09 22:27:45.514+09:00 [INFO ] Accepted block 08659d0c9df808711fbbdb7a679eba712212909cb0fb061e8c710aac5575c98c5e3d55e910df10a7a74295c87601b79b92edca546bcee9c783f7e6d0b98479c9 via relay
2026-08-09 22:27:46.594+09:00 [INFO ] Accepted block 1f1085ba5a19caae9387e94b647916e7c899687a9e9dbe4b95ae9ae5d90a34b04e78e63860717239fb70e26a0d757a28f71a43769b066747d7ad4e7b66172ff9 via relay
2026-08-09 22:27:47.670+09:00 [INFO ] Accepted block ea17bfb54331c93c8ccc154c4a8fafeb26235d967fea0fb6d1a5ef4bccf24317b09c5210181e5508bad4052f6f462b170c17f49f08745e3a9c4ff93c104eaa0e via relay
2026-08-09 22:27:50.224+09:00 [INFO ] Accepted block f763c7de3388127abcb7d6b66ea5ff0babf078bf3394b47891ddef847aa0c5fe427a82d03151c3dfcb022473c254b4f7d242e786d8677a3cff2ce0946fd963db via relay
2026-08-09 22:27:51.299+09:00 [INFO ] Accepted block 813cb8c861714e5193423e36b8ba6e2d84a22b4548902efc8e6823c26653e20698ab9e1673f484911b7db02f72895fe17922c4222d770d6b8907ba8ec4b4bc1d via relay
2026-08-09 22:27:52.465+09:00 [INFO ] Accepted block 767c4639e4bd5b7cb2085f69803d17bcc8e33a1aed5979967370551b5a9cb7087be292320a095ecd67f1ec2a4dd7f7220e35ebfd67188c134c779257fa19f517 via relay
2026-08-09 22:27:54.372+09:00 [INFO ] Accepted block 8db0566c64c0a994f8fa8b2e87066f98775b2a7c29ee3389777f60a570cf52925638af8551a6579384fd00e2ddfb5310380e7dae1bdcd3711189b4b04904a2b1 via relay
2026-08-09 22:27:54.446+09:00 [INFO ] Processed 7 blocks and 7 headers in the last 10.00s (17 transactions; 7 UTXO-validated blocks; 1.00 parents; 1.00 mergeset; 2.43 TPB; 73900.0 mass)
2026-08-09 22:27:54.446+09:00 [INFO ] [ibd-perf] 7 hdrs avg: validate(A,parallelizable) 99.5us | commit(serial) 196.6us [add_block 15.3 + db.write 86.3; held-lock 160.0] | f_serial=0.664 f_reach=0.052 | parallelize-ceiling 1.51x
2026-08-09 22:27:54.446+09:00 [INFO ] Tx throughput stats: 1.00 u-tps, 100.00% e-tps (in: 1 via RPC, 8 via P2P, out: 10 via accepted blocks)
2026-08-09 22:27:55.761+09:00 [INFO ] Accepted block ffd91c067a7004b0227e2a45057c010ed627836101c3169d8eeee04769c23bd41004a3b0a633ddd527415e0909868d4b3e6b3150a1fad60efc8e5efaed3eb952 via relay
2026-08-09 22:27:57.097+09:00 [INFO ] Accepted block 456ea082552a2878e3cff1a0c657e373b61dd7253d309d668c102d96aec50669580a67eee38ef7efd51e99f42266351906ee495aaca61e6eeadb802f476b699a via relay
2026-08-09 22:27:58.458+09:00 [INFO ] Accepted block 5c2f71bd6b8eb13d2b3ff7e3cc57221ca1e1899cdbda1de145ffe8e5b1a63d5e60b16545a54442a634f24334818f0beb33617f7c64a24085a69c2aaa9216998f via relay
2026-08-09 22:27:59.937+09:00 [INFO ] Accepted block c39873db02ac9488d6b63e28327980bcde6e7d48af7a7cd9efdb3eb2de2a45454e353d3b4c3a291b8824663e0de2353e4d26719aa171b595b1bb378267a31a4b via relay
2026-08-09 22:28:01.446+09:00 [INFO ] Accepted block e2421216d8c0be10fd128c4af8d3ef8164f5dbb4c83e34579990e29703930fd23f753ab157a3e9e6cf8e1120c9aeccefdf06d8c01a9c9940590f3d59d28d082a via relay
2026-08-09 22:28:02.833+09:00 [INFO ] Accepted block f9187e45bd339e5ac45a596bb300a429570c40b5efbf5c8dc96be2609da62571c4806de1667cf23c8505021c33b09c93635d88c1b9cd650a4a939bbdc6c07078 via relay
2026-08-09 22:28:04.352+09:00 [INFO ] Accepted block a1e3e07ac2a3084cb5d01ec8910a741aadd8c681e76fc4080cb984c39466ab6ffefc64a7969c33f5acc3c7da63145293fe2ef40af7b3596e9c976ced0556ffd0 via relay
2026-08-09 22:28:04.448+09:00 [INFO ] Processed 7 blocks and 7 headers in the last 10.00s (7 transactions; 7 UTXO-validated blocks; 1.00 parents; 1.00 mergeset; 1.00 TPB; 0.0 mass)
2026-08-09 22:28:04.448+09:00 [INFO ] [ibd-perf] 7 hdrs avg: validate(A,parallelizable) 102.8us | commit(serial) 205.9us [add_block 17.4 + db.write 83.2; held-lock 170.8] | f_serial=0.667 f_reach=0.056 | parallelize-ceiling 1.50x
2026-08-09 22:28:05.783+09:00 [INFO ] Accepted block 31364d96fae1ae75a5eb755cb9eb1254f1fa2fe2ddf469afd3f719f8f0f4beb37e039e48dd5f165125f752bb904b4cbfa77acf918c0126dcfb0d9ab89278499b via relay
2026-08-09 22:28:06.900+09:00 [INFO ] Accepted block 777e87652721126d55883197441c32ff56327debdb1226aa8deb63ad554c0c1f5732344a1ed8e58deb8c2a67cac06adadc2429cc58007f312511c038ca048a80 via relay
2026-08-09 22:28:08.138+09:00 [INFO ] Accepted block 4832c00ea5ee1e764b3ebfa399a67ebbac2df01ab108200746a4f2aa533f3d49b2794130603568182809808f572f5b3684e81baf64b16b65834efac0f39c893a via relay
2026-08-09 22:28:09.301+09:00 [INFO ] Accepted block 6263dcf3a31da1944f75704fef4c0ae79af84364711a180a4e1d3a5d8feb3307ebc8754c42b9ae81c201b2362bd6426dbf36efb9e0f319c435f2039e65c3c6bf via relay
2026-08-09 22:28:10.411+09:00 [INFO ] Accepted block 3556b2c75ede538357857f340ba99bcba74d222150cd51ce53027abc023f4d59bd84f9b826b9f3ea25370719679dd25f4c5ed693c459e2bc4976ec83ab918f90 via relay
2026-08-09 22:28:12.485+09:00 [INFO ] Accepted block af5a4cf6d36407f3cd19aaf01b0eb7bcfbc045f87a88a5f4b03504258ff23b875c4f533b8133520bb7ead6e390447399675aa796456800bec30b34523d86c733 via relay
2026-08-09 22:28:14.093+09:00 [INFO ] Accepted block 3968632233132f6bec6efafa1862cd16f6b2ea93309ca9f5a12f3ae1f4f2aa66e3eb75d4ec0c8a91f7326aa271fde7522eb3da6cbbee56be9dec4df1533601cf via relay
2026-08-09 22:28:14.450+09:00 [INFO ] Processed 8 blocks and 8 headers in the last 10.00s (8 transactions; 8 UTXO-validated blocks; 1.00 parents; 1.00 mergeset; 1.00 TPB; 0.0 mass)
2026-08-09 22:28:14.450+09:00 [INFO ] [ibd-perf] 8 hdrs avg: validate(A,parallelizable) 113.1us | commit(serial) 227.3us [add_block 17.0 + db.write 82.1; held-lock 166.7] | f_serial=0.668 f_reach=0.050 | parallelize-ceiling 1.50x
2026-08-09 22:28:14.982+09:00 [INFO ] [validator-service] heartbeat: mode=active sink_daa=2067 bond=Active(active=true) active_set=[epoch=20 is_active_validator=true (active_validators=5)] dns_overlay=configured (stage=Active, dns_confirmed=false)
2026-08-09 22:28:14.996+09:00 [INFO ] [validator-service] compute: sortitioned to audit certificate 59cb38ec1001c1362df8280e1eeed830ba58647ce4b6ac0dd6da423a83cd3481df1c9b02c24261fc70dba49861943e99faa3f02527f7feb744d654bfba45e6c4 (job d499f16960861408ea7b9f145dab00224dafc6e9b062756e5ea9b050619e4ebd79a8a0df88f82678fa22f91b6016e2964f38d88182d3ec58c139d4196dbeb60a); replaying — 3 pending
2026-08-09 22:28:14.996+09:00 [INFO ] [validator-service] compute: job finished in 22.542µs
2026-08-09 22:28:14.997+09:00 [INFO ] [validator-service] compute: confirmed certificate 59cb38ec1001c1362df8280e1eeed830ba58647ce4b6ac0dd6da423a83cd3481df1c9b02c24261fc70dba49861943e99faa3f02527f7feb744d654bfba45e6c4 — our replay reproduced R_j
2026-08-09 22:28:15.237+09:00 [INFO ] Accepted block ace185abaabab2e53d9d271f5a419636434a092644f1147b745816bc3cdff7c2288a62b9b3bb60fc236a68cf65a6c374a17df785d66da5d0372843f9753c226a via relay
2026-08-09 22:28:16.344+09:00 [INFO ] Accepted block 6deacb8936a5c289136e329caf1a9c02b8908bf561086ce9b5a72a696040ae4b108657e7268c1c4c3d31458c30f188271e4445d609b249173d49830e9381398f via relay
2026-08-09 22:28:17.578+09:00 [INFO ] Accepted block 82bd76eabb6c69a892da9c35259be90cd064d7852d58326bd31ae7e02af1ae13beb19942c43c722b71be847b381420b4aafa45658c15422e7151f6e6ca2e2a41 via relay
2026-08-09 22:28:19.262+09:00 [INFO ] Accepted block ed68e86bcd12b1987fa42640097b10dca7743164e247e18addd563eafdda42e5355b0c058c827f61e4a4895a952b5c949c851c8ab481598b26e2daa16be50938 via relay
2026-08-09 22:28:20.335+09:00 [INFO ] Accepted block 19dea9155c795a5c1f71f3a274ab4b59c2c7b8b2273b41e6eefbbc073b02c3c93ca3bb647bb67e3d2518bb938672b2e257fb708636f99f5e7b8704f5b3e89fa7 via relay
2026-08-09 22:28:21.867+09:00 [INFO ] Accepted block d48891765d78634b95dfc862a9fea894260c28c750c642d57c6f208412c07db59ff39dbafbf3d86da65ada06865f3140af86ab11c63c08bed14309cbe8afef64 via relay
2026-08-09 22:28:24.145+09:00 [INFO ] Accepted block cd523c601ac11a00d0ff84fd69ea1cba0268898e425cbcfcaf590c3682d2566b6c96b4ebb76fe6b333b4e0039c855f5b93be506701188db285c2e9927af025c2 via relay
2026-08-09 22:28:24.453+09:00 [INFO ] Tx throughput stats: 0.50 u-tps, 100.00% e-tps (in: 0 via RPC, 4 via P2P, out: 5 via accepted blocks)
2026-08-09 22:28:24.453+09:00 [INFO ] Processed 6 blocks and 6 headers in the last 10.00s (11 transactions; 6 UTXO-validated blocks; 1.00 parents; 1.00 mergeset; 1.83 TPB; 44383.3 mass)
2026-08-09 22:28:24.453+09:00 [INFO ] [ibd-perf] 6 hdrs avg: validate(A,parallelizable) 95.3us | commit(serial) 228.6us [add_block 18.1 + db.write 80.0; held-lock 166.7] | f_serial=0.706 f_reach=0.056 | parallelize-ceiling 1.42x
2026-08-09 22:28:25.662+09:00 [INFO ] Accepted block da08c073061c2398580ab44da64dfd31b302837346f642ded6291e6da20bce5aa85ae81d657935911c2e60aafa4cc6c07cbb4858d9065f8ce921926c8b863d76 via relay
2026-08-09 22:28:27.096+09:00 [INFO ] Accepted block fcdf1faeaf1cbd82f59a8eb91b3cd5be5282bdaf7558c89a8908a3ade4872f76b4dbb00872b968d192db1f6d17c41acd3be7c3989802bb866f44409b9049bd98 via relay
2026-08-09 22:28:28.877+09:00 [INFO ] Accepted block 7bb7a17d0c9794e134876f0a306535a0744759c42fcd4a13df45453093a3cbc44989564e7a61834fa5b03461a666641c656ef727c273d3e91d2a282135d85c9e via relay
2026-08-09 22:28:30.063+09:00 [INFO ] Accepted block 5f2882567891965debfc2aadfef3e3c637a316bf1491337e1b0defd873e2766aa208b37915318d43648ab1739426ec184090e5d31450baddfc9fd2631748d157 via relay
2026-08-09 22:28:31.172+09:00 [INFO ] Accepted block 1c2777344abd74ba9a43d9eeaffbfc24a39d83e21b5ef252595db08de5519657e7187d6651d37f3c5de3fd576a1cf78a03f50653090d1f9ba55d4a08f54f2a63 via relay
2026-08-09 22:28:32.397+09:00 [INFO ] Accepted block 085e563f312fe9c54d75bd92bc1512004999f711c090f292c18fc281de0d959763e566bcaa818b40fc7efd1fe7932c7e341a9f2185749e0cd39be183bd6a26b5 via relay
2026-08-09 22:28:34.296+09:00 [INFO ] Accepted block 636f4242d3b9eb62c37772a8e30cbb3366182feb73e08a28e7df84d8c101917f7c942aa4ecda85013bec67e96950c2620e3a990d2737fdfd06789134b0a7aaa1 via relay
2026-08-09 22:28:34.455+09:00 [INFO ] Processed 7 blocks and 7 headers in the last 10.00s (7 transactions; 7 UTXO-validated blocks; 1.00 parents; 1.00 mergeset; 1.00 TPB; 0.0 mass)
2026-08-09 22:28:34.455+09:00 [INFO ] [ibd-perf] 7 hdrs avg: validate(A,parallelizable) 157.5us | commit(serial) 386.7us [add_block 17.5 + db.write 222.9; held-lock 302.0] | f_serial=0.711 f_reach=0.032 | parallelize-ceiling 1.41x
2026-08-09 22:28:36.536+09:00 [INFO ] Accepted block cc6043c9f3ecf8a9b37b11ce997279ff6d30f8c0512896d1977c715cefaefd2e983e24768f1639b75e6ed5ce41dd7ebcaa63b392d849af130d2a560a6963069e via relay
2026-08-09 22:28:37.772+09:00 [INFO ] Accepted block 8530d2704157b85032b00c88950281798c7849898e02de3e9c424d63551d083586e8e32ebf62758e3795ad659f80d95869e2c012757715c656f4101d0d4beedd via relay
2026-08-09 22:28:38.963+09:00 [INFO ] Accepted block 6932d11cca9ef4602630db5e389fa9fbb77ac2c60e5f32b92f04f298bf2c6bc70274bbbe9f01c885a57fb53afc8b59bcc41e941017aab7760fb680513a463eb9 via relay
2026-08-09 22:28:40.082+09:00 [INFO ] Accepted block f4464b26b40cf1f8f5714086756f99a7271e42795c586509b01e017ce89918e1e3fc077318fe0485b6c603623cdb4a48ef1055fea7d4a400a1bcb1de646fe083 via relay
2026-08-09 22:28:41.850+09:00 [INFO ] Accepted block 670bd1082aa343587676823769d335747f98d38a4527f394daf22ac5a0d323924a78958fdd92a91bcf2292038e8466cc7519131ebbcca842cc3979c944b06073 via relay
2026-08-09 22:28:43.315+09:00 [INFO ] Accepted block 3b61d0ae68bd932b2cbb2a313ca516bc30c9b5e311199431905d9c91dc9b73a0cfe9543986d1e5a86d851631a1b5b3493ab85956706747f4dbdca5a548ef630a via relay
2026-08-09 22:28:44.457+09:00 [INFO ] Processed 7 blocks and 7 headers in the last 10.00s (7 transactions; 7 UTXO-validated blocks; 1.00 parents; 1.00 mergeset; 1.00 TPB; 0.0 mass)
2026-08-09 22:28:44.457+09:00 [INFO ] [ibd-perf] 7 hdrs avg: validate(A,parallelizable) 132.4us | commit(serial) 317.9us [add_block 22.1 + db.write 123.5; held-lock 236.4] | f_serial=0.706 f_reach=0.049 | parallelize-ceiling 1.42x
2026-08-09 22:28:44.481+09:00 [INFO ] Accepted block 4647b834c6559c921b8c8fa41d5ee5065c54d6d4e933184b49d1ea77fedd44dea0da56e772d0b17dd0f526585aa27c134cf9442ce2c62713aee143db657172d2 via relay
2026-08-09 22:28:45.004+09:00 [INFO ] [validator-service] heartbeat: mode=active sink_daa=2088 bond=Active(active=true) active_set=[epoch=20 is_active_validator=true (active_validators=5)] dns_overlay=configured (stage=Active, dns_confirmed=false)
2026-08-09 22:28:45.019+09:00 [INFO ] [validator-service] compute: sortitioned to audit certificate 9a526e5ddee6eeec5e3a0a33fb1d65e0e70c9b5d20e8c5daa7f9fa34e36edfca606d54354088406eb65712d6024a64c2ee493efc992c88f3b25c5fc05b24c753 (job f96e872c23cfc00c26d382757f461639d1f4fe24ce18e11599488f00b806b9f4d5364de00e76f8d7c2dd8f9fb4aeae42ec59b37a2bb929afe3b1d9083a977305); replaying — 2 pending
2026-08-09 22:28:45.019+09:00 [INFO ] [validator-service] compute: job finished in 23.292µs
2026-08-09 22:28:45.020+09:00 [INFO ] [validator-service] compute: confirmed certificate 9a526e5ddee6eeec5e3a0a33fb1d65e0e70c9b5d20e8c5daa7f9fa34e36edfca606d54354088406eb65712d6024a64c2ee493efc992c88f3b25c5fc05b24c753 — our replay reproduced R_j
2026-08-09 22:28:45.543+09:00 [INFO ] Accepted block c7011ca1935da9fb76190072c51caa62369ce3f52d072561b2989adba16a97316b49fd7a2ffa969612fa3db0a52c4d62bb8a4aeb6878dac0667ee265dfd32c86 via relay
2026-08-09 22:28:46.764+09:00 [INFO ] Accepted block 7ac8708ac43111dc5fa1cd55af8d40329a10fc4d3f7f02b62e1354d69b3fc8defa5e256faa8cf782543e73de131464381163ce7fa34c3699d6cf50f2690f4e38 via relay
2026-08-09 22:28:48.269+09:00 [INFO ] Accepted block 41a5d808f0277dd42e54e0a339e57b039a857e78d2b862fbe93d8aeb0f8ee1b9fa521a98e316f5829d8da77c6a2f3ad27399cd054aaa39588e42d1ed968db73b via relay
2026-08-09 22:28:50.215+09:00 [INFO ] Accepted block c6a54bad6fe5715ed55102e8e8654d9e1ebfd1652f5b0f390dda068648f8d156b658027c8cdad8d935cc50bbbb925fb86104a37a52f6b26807d73d5821ec5367 via relay
2026-08-09 22:28:51.342+09:00 [INFO ] Accepted block ea8fd63504aa88054af0b0b8b7d62dcb838c1c3672eb0bcfa0478465d20b37fb76a55fb65956d433d1a15162c16135451db4878d2ae2a642e6123836c4083e71 via relay
2026-08-09 22:28:54.459+09:00 [INFO ] Processed 6 blocks and 6 headers in the last 10.00s (11 transactions; 6 UTXO-validated blocks; 1.00 parents; 1.00 mergeset; 1.83 TPB; 44383.3 mass)
2026-08-09 22:28:54.459+09:00 [INFO ] [ibd-perf] 6 hdrs avg: validate(A,parallelizable) 164.3us | commit(serial) 317.0us [add_block 27.4 + db.write 134.1; held-lock 263.7] | f_serial=0.659 f_reach=0.057 | parallelize-ceiling 1.52x
2026-08-09 22:28:54.459+09:00 [INFO ] Tx throughput stats: 0.50 u-tps, 100.00% e-tps (in: 0 via RPC, 4 via P2P, out: 5 via accepted blocks)
2026-08-09 22:28:55.062+09:00 [INFO ] Accepted block 8f4b235271865b7b8d6453a4b702fc0dd7948e6e626aa98b8c975100282e0211d11e5f90510401cb71c187f931dfd1731295e5f1060ffac5a6d84181276c0186 via relay
2026-08-09 22:28:59.245+09:00 [INFO ] Accepted block 72e7bd5514fd061f988381a954cd711e4083c2405d77a6f103c0a0c81bb95b5300ccb4cfaac8a6c38604cc9a2544ca9ee1514a61d993f215ad4e22339c481d38 via relay
2026-08-09 22:29:02.838+09:00 [INFO ] Accepted block 32d0511d04048eefbd6069f149aa79611f52caac65771df50ec6001361efcd095ad937132101bf4dea873565de228c81307774de7badf2ea25e091e9848feb41 via relay
2026-08-09 22:29:04.461+09:00 [INFO ] Processed 2 blocks and 2 headers in the last 10.00s (2 transactions; 2 UTXO-validated blocks; 1.00 parents; 1.00 mergeset; 1.00 TPB; 0.0 mass)
2026-08-09 22:29:04.463+09:00 [INFO ] [ibd-perf] 2 hdrs avg: validate(A,parallelizable) 268.1us | commit(serial) 335.3us [add_block 27.4 + db.write 138.5; held-lock 279.1] | f_serial=0.556 f_reach=0.045 | parallelize-ceiling 1.80x
2026-08-09 22:29:05.972+09:00 [INFO ] Accepted block f09a485361fcadb13ae3b48437ebc38af67d538ce06ed1bb5f97f7bdbbd0ecea56d1eee4db7d45d4e27ef624467b4136f84723049c7a467aebddeece2e924617 via relay
2026-08-09 22:29:07.528+09:00 [INFO ] Accepted block f2e2c18958091a43c82ead6060ea1b2cd7b4a3cefab7e1ee6e3ad263346a83af55015669f90d3674c20bc3cef8d496baa636fdc6de45c74ca823e2d5e0743439 via relay
2026-08-09 22:29:09.402+09:00 [INFO ] Accepted block a1d53696a73fb1422f047e4587d949b980549b691830ca5a075232d5bddd6e09a92bdc68c1b66c302528c2b0a72daf48db03ee2ae12b3b3b0b3be7bb45282c23 via relay
2026-08-09 22:29:09.603+09:00 [INFO ] [vlt-shadow] sink_daa=2099 5 validator(s) with credit; 4/13 epoch(s) would reach quorum; newest epoch Some(19): W(E)=470668250 signed=470668250 snapshot_root=1e745af21f5db97788f50190df13f0c4813e023db7392ecaf6549e740bb5d28ce7071e2d880b614db9a9145817ddbe5c8be243af6101949df41c469ff9910a60 — the weight fence is at 18446744073709551615
2026-08-09 22:29:09.603+09:00 [INFO ] [stake-score] sink=a7102b25d8a4c8429464dd9aed2cf27bdf7152bd141f4eb45cdcdf46317bc9b068f715028309241163be4718b8700d752cbbdcd757e08309fd392baa565e9b65 sink_blue=2100 credited 39 attestation(s) over 13 ready epoch(s) → stake_depth=9000000000 (rollout=Active, health=Active)
2026-08-09 22:29:10.629+09:00 [INFO ] Accepted block a7102b25d8a4c8429464dd9aed2cf27bdf7152bd141f4eb45cdcdf46317bc9b068f715028309241163be4718b8700d752cbbdcd757e08309fd392baa565e9b65 via relay
2026-08-09 22:29:12.648+09:00 [INFO ] Accepted block 412de7f67b9b6402190e401bf3597cd7e32e2e3531d74db17cf0cbc8dbf2ed51e1fec31a2139dffb5cdf8028c6490ab1ee9d8a67099cbda956e4de8bb8aaca49 via relay
2026-08-09 22:29:14.464+09:00 [INFO ] Processed 6 blocks and 6 headers in the last 10.00s (6 transactions; 6 UTXO-validated blocks; 1.00 parents; 1.00 mergeset; 1.00 TPB; 0.0 mass)
2026-08-09 22:29:14.464+09:00 [INFO ] [ibd-perf] 6 hdrs avg: validate(A,parallelizable) 203.4us | commit(serial) 343.0us [add_block 27.9 + db.write 109.8; held-lock 243.2] | f_serial=0.628 f_reach=0.051 | parallelize-ceiling 1.59x
2026-08-09 22:29:15.046+09:00 [INFO ] [validator-service] heartbeat: mode=active sink_daa=2101 bond=Active(active=true) active_set=[epoch=21 is_active_validator=true (active_validators=5)] dns_overlay=configured (stage=Active, dns_confirmed=false)
2026-08-09 22:29:15.086+09:00 [INFO ] [validator-service] compute: sortitioned to audit certificate a5a30d4b4f48ccdcbbeef482f2541a4b36b5136db25bec0f52987db3cff4370262dc15c603872491b29e361c56d57f470fcf95376b72d333da680235f7076e75 (job cdc57080296d0cdbef89102639faeb559bc4bd70019a6a4fc7740b73361af89f5f07365d682e9c41b1cdd4375e90aff04faf45a3bfeae5d8ef8aaa425ecc477d); replaying — 1 pending
2026-08-09 22:29:15.090+09:00 [INFO ] [validator-service] compute: job finished in 3.461834ms
2026-08-09 22:29:15.111+09:00 [INFO ] [validator-service] compute: confirmed certificate a5a30d4b4f48ccdcbbeef482f2541a4b36b5136db25bec0f52987db3cff4370262dc15c603872491b29e361c56d57f470fcf95376b72d333da680235f7076e75 — our replay reproduced R_j
2026-08-09 22:29:15.448+09:00 [INFO ] Accepted block 66fc8b15d22a8d3ce276d734fb6b6663a0a2a50802864714a45db7cbc0136aed98abc854f6edaf96efdc51591a2f461a1415e86814075e0c8c1678e30ff8f9ed via relay
2026-08-09 22:29:17.944+09:00 [INFO ] Accepted block da6fbfada5bc3eeb5b8e94dffed701f1a0f450851dd6ac20954c35309d848836d4519a2212e78892116974199cafa5f2ca3140a93f6b3496d36cb8cb44fecb50 via relay
2026-08-09 22:29:20.254+09:00 [INFO ] Accepted block 3ed9edb7aad2fd18485c288cf339999b146efa8e22a9224fbfc479d6ece58f38c9fdb9f5980900555fcbda3811163a2d81d762eb84d58d1d4db6f3841ff35c55 via relay
2026-08-09 22:29:21.919+09:00 [INFO ] Accepted block 37ebb08a66be94c2052f94eb35d54e3164a510c57d4cd6b677682db11fced0fc1bf1db2121d5112f8cc9252d93e63cc161bb2a9ca064fd2c1570bd84a41b795d via relay
2026-08-09 22:29:23.119+09:00 [INFO ] Accepted block fc1b8221256081fa3ffd0b3e03ccf062de5f9a5a8358e968805e6cdd9d6e556409416db09d8ff87ac1ff846de00ea1cc0ad0cda8aa45757809fe2707301fba7a via relay
2026-08-09 22:29:24.465+09:00 [INFO ] Processed 4 blocks and 4 headers in the last 10.00s (9 transactions; 4 UTXO-validated blocks; 1.00 parents; 1.00 mergeset; 2.25 TPB; 66575.0 mass)
2026-08-09 22:29:24.465+09:00 [INFO ] [ibd-perf] 4 hdrs avg: validate(A,parallelizable) 98.3us | commit(serial) 234.6us [add_block 19.3 + db.write 101.4; held-lock 189.5] | f_serial=0.705 f_reach=0.058 | parallelize-ceiling 1.42x
2026-08-09 22:29:24.475+09:00 [INFO ] Tx throughput stats: 0.50 u-tps, 100.00% e-tps (in: 0 via RPC, 5 via P2P, out: 5 via accepted blocks)
2026-08-09 22:29:26.118+09:00 [INFO ] Accepted block b20b1260cdf0a4612bacc7474ae8a6bfa2c141db9054dc7567be0863093e11be13373b1d744bd3cba3b7360cd462f2f33c173b679cbbcb197b64cb8511e0a50f via relay
2026-08-09 22:29:27.598+09:00 [INFO ] Accepted block 0f100f9de80ac2c17f52012fc880a25b27bab3bfb806ca881f98f176f92980d2897f94cbcc1410d5267e99593dd06c1a6a71c997a4573b82ccf6413f5aa77724 via relay
2026-08-09 22:29:28.833+09:00 [INFO ] Accepted block 6b7112d2ee3de0807cb272c23341cc762f551591e6fbe3c8879cf75c789695b9f5581ac963739bd834d1db7bb4af4a4b8eeaeec4305f4d29e4a5ca64a9f759ba via relay
2026-08-09 22:29:30.569+09:00 [INFO ] Accepted block 6b9276199eafaca4346aa089272f8092a9d74e155746f246f66b2e7eba55ee339bd2db5f449521388f96792f854860729089bd51d9a7ad4e2957dce0749ce4d4 via relay
2026-08-09 22:29:31.705+09:00 [INFO ] Accepted block 7f594f814ccf82c56eb9fb6e5a031c4ab9426f054b9828242a5fe4082ae67b2c54d7f23a6413b24307b0d939931c69883a9823126f0f0a29d094be3d54a834b3 via relay
2026-08-09 22:29:33.410+09:00 [INFO ] Accepted block cd7268a1294aadba8dba8e5db3b905ca59053214928e2344ac644f99a20b48682e9e68715585d6cae33814697a54e394794e543e8730d884e829701d5e0d323f via relay
2026-08-09 22:29:34.467+09:00 [INFO ] Processed 6 blocks and 6 headers in the last 10.00s (6 transactions; 6 UTXO-validated blocks; 1.00 parents; 1.00 mergeset; 1.00 TPB; 0.0 mass)
2026-08-09 22:29:34.467+09:00 [INFO ] [ibd-perf] 6 hdrs avg: validate(A,parallelizable) 92.4us | commit(serial) 193.2us [add_block 17.0 + db.write 78.1; held-lock 157.7] | f_serial=0.676 f_reach=0.060 | parallelize-ceiling 1.48x
2026-08-09 22:29:36.010+09:00 [INFO ] Accepted block 7921222135aa7606247ca16f54659554c713973f9b346bacc3f524924b5ad9b7c2a0590b0f5eb90775d2b83c88522bbe3f847f58e6ed11b169905e45f877cd12 via relay
2026-08-09 22:29:37.802+09:00 [INFO ] Accepted block c4b1e43235ec52f9268fa4096d324c3fece922b0b097452ef85fff9fed10dde339d186aad2429dbbe34d7b642f93ffd3a7b37f87f33ce50980d622114d095e24 via relay
2026-08-09 22:29:38.226+09:00 [INFO ] EVM lane KPI (O9): 768 chain blocks, avg mergeset 1.00, avg accepted-gas utilization 0.00%, 0 deposit-claims applied (cumulative)
2026-08-09 22:29:39.263+09:00 [INFO ] Accepted block e6d5e948265c7e111d6826edf41f017c178a26d2af69dc7367a83b9ee4bc08abdf4047e5e85d47e68b5a6559045897abdbd5fd473c8a0887221bc9eb2cbf2cf0 via relay
2026-08-09 22:29:40.793+09:00 [INFO ] Accepted block 0e9ed618f7dafff362af61fe40740a4893ea07b5afbb4bb635caf7dec6c088ef527f6f0158d92df66aa2090f5a30004b6a6ce071b5c52839894bdfaba78e8cf8 via relay
2026-08-09 22:29:42.552+09:00 [INFO ] Accepted block 9b12817d59778fad750794b050b7aa015609b364f6d5ac696fb428f2d486a048d82a634f10fd8b639e7a34128bfa6e9645ffda97d8ed4f74d75e513adc315e99 via relay
2026-08-09 22:29:43.712+09:00 [INFO ] Accepted block a2820bc8815b4000bda3fe512abdd5c0a6a9d48d848d5810279d63c06a96ad85ac402fad77543ad8f4e552168ccc76b9bea95c0b920d2a5f0eb98eeba1dc07bb via relay
2026-08-09 22:29:44.470+09:00 [INFO ] Processed 7 blocks and 7 headers in the last 10.00s (7 transactions; 7 UTXO-validated blocks; 1.00 parents; 1.00 mergeset; 1.00 TPB; 0.0 mass)
2026-08-09 22:29:44.470+09:00 [INFO ] [ibd-perf] 7 hdrs avg: validate(A,parallelizable) 93.0us | commit(serial) 202.7us [add_block 15.0 + db.write 70.1; held-lock 142.8] | f_serial=0.685 f_reach=0.051 | parallelize-ceiling 1.46x
2026-08-09 22:29:44.828+09:00 [INFO ] Accepted block 542bfb5e09b1e91ed7a6184ecdf3d4f1eacf9b928454a0b339575a2ef10e235560f1579c034c8fafb0dcbb7addf067407d3d28497ab072e081c64d9ba1248e53 via relay
2026-08-09 22:29:45.118+09:00 [INFO ] [validator-service] heartbeat: mode=active sink_daa=2118 bond=Active(active=true) active_set=[epoch=21 is_active_validator=true (active_validators=5)] dns_overlay=configured (stage=Active, dns_confirmed=false)
2026-08-09 22:29:46.525+09:00 [INFO ] Accepted block a78a21e19c5644d875f1a6bdc707ff20cae1a83fd68bef0dbe7447d58a6cc2242d9f2a971536efe8d04566511299003f0aaaf872ad332e6a186d874075ee433c via relay
2026-08-09 22:29:47.603+09:00 [INFO ] Accepted block 614c5c204de37016e95b2857502080037ef0cddac51aff87ddd9cdff7cce61e96bd89e82ff2974fb7851f1d4ebfd49911104054d72d2667cc517ccde597826a5 via relay
2026-08-09 22:29:49.108+09:00 [INFO ] Accepted block caf48da3c2ba1604a0b4bd0c0813cc34f7088070f7bb2c84a3b1432f5379e341ec124862510c0f62d43ef80af3ac03e28e0c607f7d7f9c9b2c47539479d8d1f9 via relay
2026-08-09 22:29:50.334+09:00 [INFO ] Accepted block 7d27acaad40e63ec15e5cc77f8aeea097c45d24994448eabae5d586a87e2fbf83021922c398dafc61ce06487624a6a5c32c94a4a92d25a39ca48e08c45b53225 via relay
2026-08-09 22:29:53.771+09:00 [INFO ] Accepted block caf175e474999b139683cdd7801424888f4550108da86cda2c705f3c8fe41547c9168e1cad14a90ac7850757aed3f1f70b94ce90d5347f1d9c2dd2066ac42289 via relay
2026-08-09 22:29:54.471+09:00 [INFO ] Processed 6 blocks and 6 headers in the last 10.00s (6 transactions; 6 UTXO-validated blocks; 1.00 parents; 1.00 mergeset; 1.00 TPB; 0.0 mass)
2026-08-09 22:29:54.471+09:00 [INFO ] [ibd-perf] 6 hdrs avg: validate(A,parallelizable) 96.5us | commit(serial) 205.1us [add_block 17.2 + db.write 79.2; held-lock 166.7] | f_serial=0.680 f_reach=0.057 | parallelize-ceiling 1.47x
2026-08-09 22:29:54.878+09:00 [INFO ] Accepted block 9305752a378b7d568a069dca29bba0dbec7f1580ab7872aa4d619d2a57bfdeddac482870a209e22e48289f1b60922ca4fdda346eb4e92b8e959f0a93d0e4e9b6 via relay
2026-08-09 22:29:56.324+09:00 [INFO ] Accepted block 73c664fd1d38a5808988a9fbf0040e07324135faa084dd140431da9802ae9ef83d08c3b39cb2e83988f57da86d0bb46be520fe117bcefa8fe75e170f4a97b486 via relay
2026-08-09 22:29:57.819+09:00 [INFO ] Accepted block 8ea3a807cbfce806c7eaa4980b25b4b012e52edc2bc03f74bee43c37cb4d75444c38508b3455613b673e838f04f038928f06c688096d18ccf8d08e7bad9936cd via relay
2026-08-09 22:29:59.010+09:00 [INFO ] Accepted block cb827307c6ea90af3e32096a7d1371ca7c773c879dd0138ce1ac5d9689101532510b159d08b7cba8cca79375630a4f69322651868e0b18747cb35d2bef35805a via relay
2026-08-09 22:30:00.355+09:00 [INFO ] Accepted block 0bd403ca6740b29792ca0b411df53bbbe513eb430931f1e3993ee982f00b2b29bbbdc4ec705f71d372d72179638a623e04669387256f0d47b654e7446278fc98 via relay
2026-08-09 22:30:01.649+09:00 [INFO ] Accepted block 7d2721e52706afbf9f007ca2c8c4f61fcd7901302dd537caef04fb56c4a7611bd328a9934470c2cbf94c39b92e664feb844e7a332f9b53c5ef1d2d3a5da43977 via relay
2026-08-09 22:30:02.986+09:00 [INFO ] Accepted block 8bee4d598af58c19d737b69a9a4a486167e42520c025b76dbfddec37f575f17a59ae94c2ee079774ee3a4f5c4810df1a19e49d577b7637d5c1ace195f55e5b0c via relay
2026-08-09 22:30:04.143+09:00 [INFO ] Accepted block 57144c6a863af7e2f5a56c9d48f195d10f26576829d1178ca1a1f9effd1fef325454e8ee884efe1c36fa17f17fa99ab6847e4fcd56aca4a5068113f47a00c32c via relay
2026-08-09 22:30:04.473+09:00 [INFO ] Processed 8 blocks and 8 headers in the last 10.00s (8 transactions; 8 UTXO-validated blocks; 1.00 parents; 1.00 mergeset; 1.00 TPB; 0.0 mass)
2026-08-09 22:30:04.473+09:00 [INFO ] [ibd-perf] 8 hdrs avg: validate(A,parallelizable) 97.6us | commit(serial) 194.9us [add_block 16.5 + db.write 75.8; held-lock 159.6] | f_serial=0.666 f_reach=0.057 | parallelize-ceiling 1.50x
2026-08-09 22:30:05.283+09:00 [INFO ] Accepted block fa670604bfda0ee75fa4951c51a596b4a60b1901b16d7a87693273976ac8342739fe50a2d0ec6f866dc3246b67ccc8ea95979fdd54c0e12c874b6dc239993173 via relay
2026-08-09 22:30:06.399+09:00 [INFO ] Accepted block 5b0d4ab41d40febd2bd3a85bc000d27f95bc22e962b2e4625952a1b39dc3a11c86fe3697b5d6b4f8051896fbe55028c9fb09e4aff04d0947778f684cf1c96669 via relay
2026-08-09 22:30:07.709+09:00 [INFO ] Accepted block 45ca08fbdf3596c710f4e2e3736aeb0b0efcd5539b0c702d3bd50182b9f22f4e72735dec1c205cb0499a034bc19294c023c913f4e665b29d2f52aa91dc91a746 via relay
2026-08-09 22:30:09.334+09:00 [INFO ] Accepted block c3850ec561a4cdc1880f6c0eadbfe6b1fb4687fbd4a7fe61b55237dbf8db2bab1bc0cdf55fb56ef7b8938fb55a37e6a160a08607d00e54992706d3f8bc507f4c via relay
2026-08-09 22:30:10.904+09:00 [INFO ] Accepted block 4bc0abe616a33ed67630ebdb31ec38b762655dc212ed9f3afac757a5b2ad11f2e598be895fd6c963018e659797a1dfbc604801063b3ee759b64ec5c400d89556 via relay
2026-08-09 22:30:12.310+09:00 [INFO ] Accepted block 35acba76713cfd036feb3ad5be6983232aa7f01eb155f124616d39e33ca06fbc7281390bedecbca3e01ea50b2f5def28a86b77b70fe7a41a5933238294525f1a via relay
2026-08-09 22:30:14.476+09:00 [INFO ] Processed 6 blocks and 6 headers in the last 10.00s (6 transactions; 6 UTXO-validated blocks; 1.00 parents; 1.00 mergeset; 1.00 TPB; 0.0 mass)
2026-08-09 22:30:14.476+09:00 [INFO ] [ibd-perf] 6 hdrs avg: validate(A,parallelizable) 89.6us | commit(serial) 194.3us [add_block 16.0 + db.write 78.5; held-lock 161.3] | f_serial=0.684 f_reach=0.056 | parallelize-ceiling 1.46x
2026-08-09 22:30:14.787+09:00 [INFO ] Accepted block 0649e5bce704f879ad8a083de0160d8698bb0c69c7204ac13c4f06c4c1965a391f66508f8f0729ea8c72ec8680816473f2f0065f212a08efab670f4fe5bbc319 via relay
2026-08-09 22:30:15.141+09:00 [INFO ] [validator-service] heartbeat: mode=active sink_daa=2138 bond=Active(active=true) active_set=[epoch=21 is_active_validator=true (active_validators=5)] dns_overlay=configured (stage=Active, dns_confirmed=false)
2026-08-09 22:30:15.158+09:00 [INFO ] [validator-service] submitted attestation shard tx 221b2bb014860c985353da88b932615f81ef7bee6a4f00aabaaa9e139825cb21f6b01d229ff78cb81034814d55a36187be35541297ef00554a3324e7fc349d64 for epoch 20
2026-08-09 22:30:16.456+09:00 [INFO ] Accepted block 70182182a925b86708097b3c6d185254dacebab8f1041ea33f5d22314c577c5c6466725bef98f89967d116e7cb308f49fe4075d9eaff7771c0a0654f9c40e04e via relay
2026-08-09 22:30:17.717+09:00 [INFO ] Accepted block e9e1e55ea1bf6ceb077bb7bae028442a99ccb33f52b180d4838be884372468337e667820e8fc6f46c02c31ba094a14012f1e49bad6152afacea6c966e341999f via relay
2026-08-09 22:30:18.844+09:00 [INFO ] Accepted block fe5f88694287a1fadce5912213510307c18ad124ce18f3e03530c926b7a27db3d77fcf0f04e732ef75a6dab1c21b45d7804ed875762b15dc8d3d0e9ae1bd1d4d via relay
2026-08-09 22:30:20.022+09:00 [INFO ] Accepted block d32bf8ff96d95e1f086de3ad078cecbf77db94344f2360e25ef9554960890a3493fce240f30af962d47eb647b357a0304aa5dbe616a2876b2b2d0ec725349dad via relay
2026-08-09 22:30:21.319+09:00 [INFO ] Accepted block 43a02382745fc64cd1f027c14470ebcf4ee4d1d96659046eb1449cb1afce4af0e0bc29b3375b7622719e62635dded8a6f5644d6584957824314cc66d2b2eb3b2 via relay
2026-08-09 22:30:23.014+09:00 [INFO ] Accepted block 263527219fd3a7ec97fae0d4894df61d8cc4352f3c7fe65dd20787451c35664820f46fe98157cffe819d20d5c13e7fafec0992529098f2d65ad2852e701c258c via relay
2026-08-09 22:30:24.167+09:00 [INFO ] Accepted block f33292bc91e7923bcf7f962dbee2166f312cbac63fe954f98dbfcc377ed0a3f6bacae1f2e7b3c040e560a0c2509fe859d11da4491a19bed7700bfc7848ff1eb9 via relay
2026-08-09 22:30:24.477+09:00 [INFO ] Processed 7 blocks and 7 headers in the last 10.00s (12 transactions; 7 UTXO-validated blocks; 1.00 parents; 1.00 mergeset; 1.71 TPB; 35857.1 mass)
2026-08-09 22:30:24.477+09:00 [INFO ] [ibd-perf] 7 hdrs avg: validate(A,parallelizable) 91.3us | commit(serial) 213.7us [add_block 17.2 + db.write 86.4; held-lock 177.7] | f_serial=0.701 f_reach=0.056 | parallelize-ceiling 1.43x
2026-08-09 22:30:24.486+09:00 [INFO ] Tx throughput stats: 0.50 u-tps, 100.00% e-tps (in: 1 via RPC, 3 via P2P, out: 5 via accepted blocks)
2026-08-09 22:30:25.789+09:00 [INFO ] Accepted block 41a2f122decc901126473e60655a6b208d5fefe314e8c78819bc211add9f187fb84e249dc2393d1da08959ab1b0807c01f2d4a72219667a9fe077a9ea2a5e72e via relay
2026-08-09 22:30:27.360+09:00 [INFO ] Accepted block 241f7863d04a63acbd824cc468e58d10bd367b08a5162eb4fdad2d3f69b86cf9673cfb6eda29db5a082ffcaba22de9cc89e46fea36aa1e7616b35c4cca51f6a9 via relay
2026-08-09 22:30:28.840+09:00 [INFO ] Accepted block d51af21401add6d0ac29ce27a3731060852d5bd1016b034c336f8b2e583308d78a79fef171531af1d1c84c946528dc0ef396b20cfeb1ad21339d5fc72b5cef99 via relay
2026-08-09 22:30:30.699+09:00 [INFO ] Accepted block f53f1465d13d216f41b82c3f040180fb6dcccd6c1eca47686812d0f57e9f474c831901a9316153feedf95a7683995708582b64bae951c20c20ff37ee5cd79e2d via relay
2026-08-09 22:30:31.918+09:00 [INFO ] Accepted block fdacd38ee9c165542c0a04e8e49ff2175ec78bef654009a9e795f96066404f3002f6b6e3b78c24aca132cb07697f39ce569f24fc246d96dfb3918f574e7d7a7d via relay
2026-08-09 22:30:33.612+09:00 [INFO ] Accepted block 7cbaecab91edd27b8240252c1fab5bd03ac815a4fd9abb29968c5cd73f48959a31872e3b4bcc693876ca082ea32b4d9668f7cabc73d03f806bb72d2bf0831643 via relay
2026-08-09 22:30:34.479+09:00 [INFO ] Processed 7 blocks and 7 headers in the last 10.00s (7 transactions; 7 UTXO-validated blocks; 1.00 parents; 1.00 mergeset; 1.00 TPB; 0.0 mass)
2026-08-09 22:30:34.479+09:00 [INFO ] [ibd-perf] 7 hdrs avg: validate(A,parallelizable) 98.6us | commit(serial) 183.3us [add_block 15.2 + db.write 74.1; held-lock 148.1] | f_serial=0.650 f_reach=0.054 | parallelize-ceiling 1.54x
2026-08-09 22:30:34.712+09:00 [INFO ] Accepted block 552cfce82219d4266d8498fa584a3c4181c1ceb2513df3967dac6f6e0aea1bcff3916d2531a3d8e5a785813c7882c8ff2fb4883612a2c7580a1fe1149c252f9f via relay
2026-08-09 22:30:35.897+09:00 [INFO ] Accepted block 559ea3997792b39bdeb6cbede963209cf5fb3df43ab5c58beee19d0d24fd34f72dde97cf7f84c80b4bd90ee474f6e2b7b47299abbe086cbe71328b1efac18e10 via relay
2026-08-09 22:30:37.398+09:00 [INFO ] Accepted block e636a455351a24867f2574a841f6dc077dc7f511a9d03ee212a3bc189713cc7ba9a62f9e32ef5a46748da5b231e2aa3d7dcc014dab33f968b8137495e00e1952 via relay
2026-08-09 22:30:38.542+09:00 [INFO ] Accepted block 85f2cc0958945d683af2414328d3bef0a16a4b06fd67cc14ae4a88be9a6b0af160d5c4c7c5532de020bfbbc66de835e5f30cf520d9bd0b17835fd23b6826c159 via relay
2026-08-09 22:30:40.043+09:00 [INFO ] Accepted block 9858cf35af5d1c2de6ed9d6461b9c251d559e2c6aae1840ef0fc7aadab90e0a27509830a0e3ed12b3bf33f006f4dd5c4c2fa716d4a1cc55ca92037f80f400a76 via relay
2026-08-09 22:30:41.151+09:00 [INFO ] Accepted block 9370a66d1232741e8b0522a92b8dbfc5b3a1a6409c5039f60f917de370a8777835e34dfda81114f440666fdb71e0f1166f33c398ea6d0309a8a5166d6d42253e via relay
2026-08-09 22:30:42.756+09:00 [INFO ] Accepted block 580a0f00b2d0906f97a941aaf55d1026cbfc1f8eb8053de10dc16b56acb57d000f95946e32037e3af3c37b0b1d70103d0b90f9d90e4e6a541bfb8fb555ff146a via relay
2026-08-09 22:30:44.294+09:00 [INFO ] Accepted block 9773bb7120bd54e58c3096f67576ca666b0e41d04c187f0425ea72d58accab6d5429122445629554c18d701bf67c10110ec8b7955760ad04c292e2b30a550130 via relay
2026-08-09 22:30:44.480+09:00 [INFO ] Processed 8 blocks and 8 headers in the last 10.00s (8 transactions; 8 UTXO-validated blocks; 1.00 parents; 1.00 mergeset; 1.00 TPB; 0.0 mass)
2026-08-09 22:30:44.481+09:00 [INFO ] [ibd-perf] 8 hdrs avg: validate(A,parallelizable) 123.5us | commit(serial) 249.2us [add_block 21.4 + db.write 83.4; held-lock 201.1] | f_serial=0.669 f_reach=0.057 | parallelize-ceiling 1.50x
2026-08-09 22:30:45.186+09:00 [INFO ] [validator-service] heartbeat: mode=active sink_daa=2160 bond=Active(active=true) active_set=[epoch=21 is_active_validator=true (active_validators=5)] dns_overlay=configured (stage=Active, dns_confirmed=false)
2026-08-09 22:30:45.450+09:00 [INFO ] Accepted block 54b275c481e36c25580021dedc439533e072b1f3be35d1ad138e794c77bc7e468c56078949cce7cc71b18160c25bc1af802ce939d049020ecb56bfa717e2d8c3 via relay
2026-08-09 22:30:46.783+09:00 [INFO ] Accepted block 8c6f5bc1ee8b5af64fa22676f121bd42f124e3c9852fc3dbbb7ed51c62af0baf8cdb9cd4eaf6d4c1d28ff8912064d5ffdc88f30e58eecd7006cbf2fea1c0a38b via relay
2026-08-09 22:30:48.294+09:00 [INFO ] Accepted block 7b00c11603fa221bb4e016c6c76634b3e7e27ff33ae37114050326c42341f375a2fbd5a6d426b6351b3a23a1a7e0a9c0cca484fc4988d290fcdcf416491d31c2 via relay
2026-08-09 22:30:49.888+09:00 [INFO ] Accepted block 1304d3042480298dc6cfee4f370329f0caa7067ff4d5aaf004848a7d6ad9ff95bd0413144b94ee2798612f65d3b1132a8454b1942aba08f76a54c58436ffeba9 via relay
2026-08-09 22:30:51.095+09:00 [INFO ] Accepted block 2f089e3ac91a32a86fba5666239c6e7e2a25635d86fbbd6c5b6b46c8634c6fba52244d0c553894ecd35af8449fc62622b45df47153662b90ec74558767a879eb via relay
2026-08-09 22:30:52.529+09:00 [INFO ] Accepted block 861f3fea5c6299c8f0940ab5e613f781aafaa955398cf0c8378a4bbb16df14cf6313da7853ae7f08ad289176278b3b1189198e704c56e028dffd3f24fe9870f9 via relay
2026-08-09 22:30:53.612+09:00 [INFO ] Accepted block 1666fff62615fe9b8bd296d7a6949c46b0d565f8cc57e38d2c3afba7a3cb7aab06a16193708af2ed1d0b1199d2dda40570fbd50774474c139fc7de15e802262d via relay
2026-08-09 22:30:54.483+09:00 [INFO ] Processed 7 blocks and 7 headers in the last 10.00s (7 transactions; 7 UTXO-validated blocks; 1.00 parents; 1.00 mergeset; 1.00 TPB; 0.0 mass)
2026-08-09 22:30:54.483+09:00 [INFO ] [ibd-perf] 7 hdrs avg: validate(A,parallelizable) 114.6us | commit(serial) 222.3us [add_block 15.8 + db.write 90.4; held-lock 177.3] | f_serial=0.660 f_reach=0.047 | parallelize-ceiling 1.52x
2026-08-09 22:30:54.806+09:00 [INFO ] Accepted block 06583c17ffce9f07a979034c952380b6441a7b22c2de048f44cc44d7adc7eeff62b79edf1e76fd243a30b793bafdf45278d6b2a058497778e9f5cf18554fb0dd via relay
2026-08-09 22:30:56.521+09:00 [INFO ] Accepted block bdc256c2eabbaff42a41cca52a1d81252b8c1ae5494848bdac9df649c842a27c1131e24dc54d3bcdfc13ed47fd5d4220c74736de877b3b9ee4be577a167da16b via relay
2026-08-09 22:30:57.975+09:00 [INFO ] Accepted block c6023ae05c08207c3903657242c7b6b56f35a6033cf87f1c1128234638a2c61eb6d33f006edc97eabdc52e622adbb9d50fd94d5ef995ba57e2f557509a763863 via relay
2026-08-09 22:30:59.314+09:00 [INFO ] Accepted block f64a581012f2042a90f6da253964a115a82f2dfa2e9fe1a3aa382c7b5f1b98bf2b0022c81397a85a6a883883ade5f7f9909e8eba2a046a994edbad914ffe1bda via relay
2026-08-09 22:31:00.817+09:00 [INFO ] Accepted block 39aa869e4a0c36f42ed94f8c6ffbe24ff8496e890b0e290e64ab684f47c1013a5e929d50b4e46b99a16fcaa96d57d59b2136bbc6821f3c89c38d40aafe08c0c8 via relay
2026-08-09 22:31:03.222+09:00 [INFO ] Accepted block dcfd855eaf8358433f342a1a022b26b77ccf41a9150114958e5a265a458daca0460af0a996a055b94d08478f6703ce9f7ed2eeee62398c9bb7a961de593b800c via relay
2026-08-09 22:31:04.486+09:00 [INFO ] Processed 6 blocks and 6 headers in the last 10.00s (6 transactions; 6 UTXO-validated blocks; 1.00 parents; 1.00 mergeset; 1.00 TPB; 0.0 mass)
2026-08-09 22:31:04.486+09:00 [INFO ] [ibd-perf] 6 hdrs avg: validate(A,parallelizable) 112.8us | commit(serial) 251.9us [add_block 24.2 + db.write 95.0; held-lock 211.2] | f_serial=0.691 f_reach=0.066 | parallelize-ceiling 1.45x
2026-08-09 22:31:04.497+09:00 [INFO ] Accepted block 1ae1ddb94d4caddeee7af6cc967daf619332a8ad51b0c7724df76937d1af08687be97cd225379c2cdcc1368bf467426d776a07cacbc7ca32d925c306bdb24622 via relay
2026-08-09 22:31:05.816+09:00 [INFO ] Accepted block 9bcac4f3fcaae74fc049df931835729a96a4700090e2b850c27258c908df79223d240aaca2eb74689d7a5a8eed6642dc7d767f8e0ec72cf459733e3457848d04 via relay
2026-08-09 22:31:07.387+09:00 [INFO ] Accepted block 13488959a3158dc3b6118f22c90155eca45817ae30db18bc47831a99e1f28a5d1c54d7c51926c54c2b55a7fc33766115e2df849e5f7c4d99eddf09c2ed4f606f via relay
2026-08-09 22:31:09.035+09:00 [INFO ] Accepted block f848b6778e34853f432c99a4e102d1fea2dc73ac6e375c10f33732fe1c5815d2db3616f7a655b439015369fd94db95899163310e0b568eb35bf3fe869d31c308 via relay
2026-08-09 22:31:11.270+09:00 [INFO ] Accepted block a8b1474e6c2102004826d8cfc838b0c4f2364cb96f4023fb17e7c7dbc1c8f7850c686f9c11c8ecb28dea8f5722dd7fc301acc8e64321e6a7d3b4b250fe02839f via relay
2026-08-09 22:31:12.970+09:00 [INFO ] Accepted block 70528358b10bb6560ee9657e45211877617676ce711fabde42e61ab05556907a190a6a64f004662eb02a6970c6279fbb4e22a2195bbd064360ef318097fb62e0 via relay
2026-08-09 22:31:14.112+09:00 [INFO ] Accepted block dafab236bbfd6551f24275eaa619cc3254317d45c57328bc2a49a7167059fb190f510c5d279552e70ef61d2b63566352f218370813f7ce5f7256611b7c19e0ef via relay
2026-08-09 22:31:14.488+09:00 [INFO ] Processed 6 blocks and 6 headers in the last 10.00s (6 transactions; 6 UTXO-validated blocks; 1.00 parents; 1.00 mergeset; 1.00 TPB; 0.0 mass)
2026-08-09 22:31:14.488+09:00 [INFO ] [ibd-perf] 6 hdrs avg: validate(A,parallelizable) 98.1us | commit(serial) 197.2us [add_block 15.9 + db.write 84.5; held-lock 162.2] | f_serial=0.668 f_reach=0.054 | parallelize-ceiling 1.50x
2026-08-09 22:31:15.217+09:00 [INFO ] [validator-service] heartbeat: mode=active sink_daa=2180 bond=Active(active=true) active_set=[epoch=21 is_active_validator=true (active_validators=5)] dns_overlay=configured (stage=Active, dns_confirmed=false)
2026-08-09 22:31:15.881+09:00 [INFO ] Accepted block 708ba83f74e033bfb44a1c4e298530e4597749050d063586ac38df0d019b58fcb8f4b5e0c762c1cd8c7b5b5806a450fef2a258d67532078c81f4ee93cce76831 via relay
2026-08-09 22:31:17.340+09:00 [INFO ] Accepted block 9a089d9d43466fa3c79cb50966d129716c4d19b2b67a6579a272bf7e8cd05c58008c2a8a4c7131f392e8721fe3768973d3d6aad1d8d53fa079a29e39805b6166 via relay
2026-08-09 22:31:18.800+09:00 [INFO ] Accepted block 83f096110d50dc3008dbb4ee9dea032a5e19274d61d00402d04824d6d3ef34dccfd2a0f95aa0be4ec3eb56c9a6963eafcdb6f4087cdc187a5c09e99297a758ae via relay
2026-08-09 22:31:19.958+09:00 [INFO ] Accepted block 1aaed2de58853f78333bc9aee7b5542b2232386d9cbf056c1e86b30ee09d6224dda43b76692c4c33b80a625b659f9c6e7781cc7e4114ceee563dc401d6265933 via relay
2026-08-09 22:31:21.394+09:00 [INFO ] Accepted block 956d462db0c8b495505aa51b8370e1c7c139c5654c16316c9115c3c79145580c02f4ec45ae84c61e648b24b7451f03bda5482707f55c9b9c1fc681bd637021bf via relay
2026-08-09 22:31:22.536+09:00 [INFO ] Accepted block 4394ed42b80b146601b01b440ed82eced42402e1db58ac8a8890c1cc494d086cf71a48348d770122ed5a6d4e95dc1f7bb66e29ef034a27e5e66541e064f67492 via relay
2026-08-09 22:31:23.747+09:00 [INFO ] Accepted block ed96498aed6dbb70e078c0cfa181f2b6dd5a6f1401691f510859053c963edcafb266dc35886fe4a6443591d80cf3be7a6b42e244eb5ef6bfad91b9cdc899cee0 via relay
2026-08-09 22:31:24.489+09:00 [INFO ] Processed 8 blocks and 8 headers in the last 10.00s (8 transactions; 8 UTXO-validated blocks; 1.00 parents; 1.00 mergeset; 1.00 TPB; 0.0 mass)
2026-08-09 22:31:24.489+09:00 [INFO ] [ibd-perf] 8 hdrs avg: validate(A,parallelizable) 91.8us | commit(serial) 225.3us [add_block 15.0 + db.write 86.4; held-lock 166.5] | f_serial=0.710 f_reach=0.047 | parallelize-ceiling 1.41x
2026-08-09 22:31:25.109+09:00 [INFO ] Accepted block 7a46892658bb727712b573a1593e660ff89e296c3b9206e94ecc759b4d0bad42e56fce5c8aec5319b2fd411ee5c659f6a6bd75e84fdece4798680c9afc71ec64 via relay
2026-08-09 22:31:26.329+09:00 [INFO ] Accepted block bf50bbcc599183ca7ce94411a17b6e2d5c70fc13a7fd16c9db7fb80e248a1f70a29930e337e309fd547f6878f8091a811252792fc94757f1b12dfaf1235018ac via relay
2026-08-09 22:31:28.247+09:00 [INFO ] Accepted block eb09db369d79e962adfe808b648fa3d8aca78c256c3141583d388a50111725c081d97e24331ad2b31f7a2fc314fb47360c0e721743d8ef43cacb801207ad1ea7 via relay
2026-08-09 22:31:30.450+09:00 [INFO ] Accepted block 0227a3df0529f8983291dca2147f58e3b893122410ffba64bffa34766de3e904fa2ba1141d333efd06e1eb74e467d7de77a1a6cc69c0d87a7b2787132c53a6db via relay
2026-08-09 22:31:32.565+09:00 [INFO ] Accepted block dca2a3264df4af0e37a4220ada84e7cb8de90e7494a65299145c8072c6206534c2ab556697790469ced9c13d874465a0de119059d4fae3ad92525e3685066a2a via relay
2026-08-09 22:31:33.888+09:00 [INFO ] Accepted block f50267720816b807610df327d6f61a2401104a88f9de9b6c3df0a7c33babedb2e362e4a857b63bdd713d37b69ebbdbb970869c4349a348363dcdfa4073631244 via relay
2026-08-09 22:31:34.491+09:00 [INFO ] Processed 5 blocks and 5 headers in the last 10.00s (5 transactions; 5 UTXO-validated blocks; 1.00 parents; 1.00 mergeset; 1.00 TPB; 0.0 mass)
2026-08-09 22:31:34.491+09:00 [INFO ] [ibd-perf] 5 hdrs avg: validate(A,parallelizable) 92.7us | commit(serial) 247.9us [add_block 14.6 + db.write 144.3; held-lock 213.5] | f_serial=0.728 f_reach=0.043 | parallelize-ceiling 1.37x
2026-08-09 22:31:35.636+09:00 [INFO ] Accepted block 948d1d475d6d5abb5a0df46d82591379bb65671a7968a4126b9fa8f16e01ce300bee7e8023dd731655e4434db4b8252dc107e54c4a3603b9e21e9156533a5952 via relay
2026-08-09 22:31:37.205+09:00 [INFO ] Accepted block 96589d82f3a276bcd0661978288cb0b7f9febeb17f5af89244f23032e7097859d7ee518f9b875477ea6e344d60e6928194c73e4e8cd86ba76aef5a5e985b4956 via relay
2026-08-09 22:31:39.081+09:00 [INFO ] Accepted block d7f3bd66c3bffe2b362555353d8fbd8831575fde7d74b207911800cfce2ce95eff75ddb020c01df222e310732ba1016090ffd8ad022b3ff07551881e9a79fa60 via relay
2026-08-09 22:31:41.221+09:00 [INFO ] Accepted block ebd6fb1f909a54e6382f5185403dcd4a42aaeaa86da89e808e0df06f381ed33609a3074f0ee2ba6468a5410097d61acb9b191efb1813690b17673f6750e2bc16 via relay
2026-08-09 22:31:42.943+09:00 [INFO ] Accepted block 7699e6ae1dd32f9fba5a9479fb2d6c4fee8d93c77b27914e8c31672fc48cdd2774457d78af1e7d07ddfc4b8bf6f42319a7e67740da5d1c76b354811504ef2a2d via relay
2026-08-09 22:31:44.492+09:00 [INFO ] Processed 6 blocks and 6 headers in the last 10.00s (6 transactions; 6 UTXO-validated blocks; 1.00 parents; 1.00 mergeset; 1.00 TPB; 0.0 mass)
2026-08-09 22:31:44.493+09:00 [INFO ] [ibd-perf] 6 hdrs avg: validate(A,parallelizable) 120.0us | commit(serial) 235.2us [add_block 21.6 + db.write 90.4; held-lock 195.2] | f_serial=0.662 f_reach=0.061 | parallelize-ceiling 1.51x
2026-08-09 22:31:44.688+09:00 [INFO ] Accepted block 3f75f8b360730c40d0cb08b479ecc570a36b989fbe69bd8294c0bcc0fa509814cbe03590ec47abe5cd9da971c1af7ed639fa9bb17007cac1083492b4214d6f39 via relay
2026-08-09 22:31:45.140+09:00 [INFO ] [vlt-shadow] sink_daa=2199 5 validator(s) with credit; 5/13 epoch(s) would reach quorum; newest epoch Some(20): W(E)=456548000 signed=456548000 snapshot_root=45315fae0762d41c8927f6ebe14ffca422b0bd566c4fd7aadb7fc38069ca98dcd383ef8a37ef0f3c87982472001c947a36fffb550b5401b4d3fbd30de536806a — the weight fence is at 18446744073709551615
2026-08-09 22:31:45.140+09:00 [INFO ] [stake-score] sink=be04387da730a3d8f8ba0cba5e8ffeda876c78a66f9001b38501bd99437239c357d40e757b4b769005ff54954f408068906dad41c1b2bd401b6215dcf856ed99 sink_blue=2200 credited 44 attestation(s) over 13 ready epoch(s) → stake_depth=10000000000 (rollout=Active, health=Active)
2026-08-09 22:31:45.241+09:00 [INFO ] [validator-service] heartbeat: mode=active sink_daa=2199 bond=Active(active=true) active_set=[epoch=21 is_active_validator=true (active_validators=5)] dns_overlay=configured (stage=Active, dns_confirmed=true)
2026-08-09 22:31:46.149+09:00 [INFO ] Accepted block be04387da730a3d8f8ba0cba5e8ffeda876c78a66f9001b38501bd99437239c357d40e757b4b769005ff54954f408068906dad41c1b2bd401b6215dcf856ed99 via relay
2026-08-09 22:31:49.361+09:00 [INFO ] Accepted block a7192af6e3c3cc9710c644b48fffb7e671f2927e31fbba2f5a8f2ce6f72e2fb8c0689f5f66982e3058d25f9c33a7bad2a95818924374d844be230d713ed4ca70 via relay
2026-08-09 22:31:50.865+09:00 [INFO ] Accepted block 3c8cc8376248039ac90183028ccd417ec2f3d32f229242dec32357d77f27baaf220e3050e8002d44640c48350fb1bca38d59a7c24acd6d8b9ac69fcf5eae812f via relay
2026-08-09 22:31:52.658+09:00 [INFO ] Accepted block bacf6be2a9c29264f17727b4ee7c37008158289071d675b79cc7d383ae982f030376ae75c09ea93b4b89044011da6de7b23e01507a02deff24e102563d24fe98 via relay
2026-08-09 22:31:53.808+09:00 [INFO ] Accepted block 455d8eb16c6061805b8125f9a9bad4527dec72c14135f00127f5059bde85fb840939932dda572d39dc5cda33bcf922b2ddaf0c774a444653be661367229029ac via relay
2026-08-09 22:31:54.496+09:00 [INFO ] Processed 6 blocks and 6 headers in the last 10.00s (6 transactions; 6 UTXO-validated blocks; 1.00 parents; 1.00 mergeset; 1.00 TPB; 0.0 mass)
2026-08-09 22:31:54.496+09:00 [INFO ] [ibd-perf] 6 hdrs avg: validate(A,parallelizable) 138.3us | commit(serial) 246.2us [add_block 21.7 + db.write 99.3; held-lock 208.5] | f_serial=0.640 f_reach=0.056 | parallelize-ceiling 1.56x
2026-08-09 22:31:55.040+09:00 [INFO ] Accepted block a15664ea508ec6c2b375864af79b5999f6e9db50caedfb00890911797a9fbf7ab2d1f9e01c4eaacb94f0f91b8bfc5af22a233c5cd1831e2637328f0149f4d9ea via relay
2026-08-09 22:31:56.752+09:00 [INFO ] Accepted block 5e8c49fc53be7f5c7caf71c907addf13b9804739e6a04173132aeb416dda2320b190b63595b648086a671a2af13a655da86cfdee8f9c20e17a270f4a1e1fafa9 via relay
2026-08-09 22:31:58.802+09:00 [INFO ] Accepted block a9597c639205a48219d83d642d75a3465d78a92a23f27e53fc04da0fd864faa5dc8da692ab916ecc82c34db80529227fdb96ab1fa64ba37421ab36b36c70adbd via relay
2026-08-09 22:32:00.467+09:00 [INFO ] Accepted block 88c312059b40becfb61375317b9f02bf3689896bc232c5b65e4bb63c738aac17bc25b0aa79f4fd85b6a3290379a8f80f78584703f8a70135896827239d8daa66 via relay
2026-08-09 22:32:02.458+09:00 [INFO ] P2P, incoming stream ended from peer 127.0.0.1:17131
^SIGTERM - shutting down...
2026-08-09 22:32:02.460+09:00 [INFO ] P2P Server stopped: 127.0.0.1:17151
2026-08-09 22:32:02.481+09:00 [INFO ] WRPC Server stopped on: 127.0.0.1:17152
2026-08-09 22:32:02.481+09:00 [INFO ] GRPC Server stopped on: 127.0.0.1:17150
2026-08-09 22:32:02.961+09:00 [INFO ] Accepted block 99750097f72a7c6846546ee09398cc31e130059358c260633224762818bf7448e736e8d5a64653004a5fbc738ff24330a61a4902271e264d144d5da624f02d1f via relay
2026-08-09 22:32:02.965+09:00 [INFO ] Kaspad has stopped...
2026-08-09 22:32:08.492+09:00 [INFO ] kaspad v1.1.0-c856839
2026-08-09 22:32:08.492+09:00 [INFO ] Application directory: /Users/wata/Downloads/MISAKA-testnet/.misaka-vlt-devnet-3/node-4
2026-08-09 22:32:08.492+09:00 [INFO ] Data directory: /Users/wata/Downloads/MISAKA-testnet/.misaka-vlt-devnet-3/node-4/misaka-devnet/datadir
2026-08-09 22:32:08.492+09:00 [INFO ] Logs directory: /Users/wata/Downloads/MISAKA-testnet/.misaka-vlt-devnet-3/node-4/misaka-devnet/logs
2026-08-09 22:32:08.492+09:00 [INFO ] Utxoindex Data directory /Users/wata/Downloads/MISAKA-testnet/.misaka-vlt-devnet-3/node-4/misaka-devnet/datadir/utxoindex
2026-08-09 22:32:08.560+09:00 [INFO ] P2P bootstrap: DNS seed disabled (--nodnsseed) — using explicit peers + the address manager
2026-08-09 22:32:08.569+09:00 [INFO ] [UPnP] Attempting to register upnp... (to disable run the node with --disable-upnp)
2026-08-09 22:32:18.570+09:00 [WARN ] [UPnP] Error adding port mapping: IO error: Resource temporarily unavailable (os error 35)
2026-08-09 22:32:18.572+09:00 [INFO ] [validator-service] loaded validator signing key from /Users/wata/Downloads/MISAKA-testnet/.misaka-vlt-devnet-3/node-4/validator.key (validator_id=fc61569c056a235bdf4b867bf82e0cf9b962a3b81998e0d70d2cbbed78f6d8b53bc1e337a2d3d6d179e7064b6303bf3b64ab939f46fb79eb631b1e1c3dd23e96)
2026-08-09 22:32:18.572+09:00 [INFO ] [validator-service] funding address: misakadev:qttx9vfrnxye6epur3jfm6hytwlhquy4rmd8mfl5vxw8yrx8rmy390nc8dj3kgjxud3kvl8e44pk28c8z77wmr58gy4cmmdlk2gwffp0gkhvcmrr — send UTXOs here to fund attestation-shard submission
2026-08-09 22:32:18.572+09:00 [WARN ] [validator-compute] --enable-compute without --compute-worker: using the DEVNET VLT FIXTURE runtime.                      Deterministic, not a model — valid only where the fixture profile is registered.
2026-08-09 22:32:18.572+09:00 [INFO ] [validator-compute] executor job input: /Users/wata/Downloads/MISAKA-testnet/.misaka-vlt-devnet-3/node-4/compute-prompt.txt (41 bytes)
2026-08-09 22:32:18.572+09:00 [INFO ] [validator-compute] devnet fixture: max_tokens pinned to the fixed job shape (15 = 10 prefill + 5 decode, 50 VLT/job); --compute-max-tokens=512 ignored
2026-08-09 22:32:18.572+09:00 [INFO ] [validator-compute] enabled: runtime=7ee20f6e853b2fb413bbbef94f7a6fc8951e82d55efec7c739f2c5267fea6eae7d68b9bf9f29566505ec539068b0677e7a16f833ad18d106f54556d3a6ecce7d class=8d416f720772b533f43006c4cbdc1effa7fc5d1e3fb7974dfecaa9589f1e2865a6144ef5d8d996e456d64429d6d42d9b32cc2fe98a97c5f08704d43c420c89ed max_tokens=15 auto_challenge=false
2026-08-09 22:32:18.572+09:00 [INFO ] [validator-compute] fixture quota: 3/3 job(s) certified, 3 slot(s) claimed (plan 7ee20f6e853b2fb413bbbef94f7a6fc8951e82d55efec7c739f2c5267fea6eae7d68b9bf9f29566505ec539068b0677e7a16f833ad18d106f54556d3a6ecce7d:3:15:41)
2026-08-09 22:32:18.572+09:00 [INFO ] MISAKA node endpoints (network devnet):
2026-08-09 22:32:18.572+09:00 [INFO ]   P2P:             127.0.0.1:17151   node-to-node only (not RPC)
2026-08-09 22:32:18.572+09:00 [INFO ]   node-grpc:       127.0.0.1:17150   miner / low-level node RPC
2026-08-09 22:32:18.572+09:00 [INFO ]   node-wrpc-borsh: 127.0.0.1:17152   validator / wallet / operator
2026-08-09 22:32:18.572+09:00 [INFO ]   node-wrpc-json:  disabled   explorer / browser
2026-08-09 22:32:18.572+09:00 [INFO ]   evm-rpc-http:    disabled   Ethereum JSON-RPC (EVM lane)
2026-08-09 22:32:18.573+09:00 [INFO ] Startup pruning recovery deferred (consensus transitional or catching up); the pruning worker will retry on its first message
2026-08-09 22:32:18.573+09:00 [INFO ] GRPC Server starting on: 127.0.0.1:17150
2026-08-09 22:32:18.573+09:00 [INFO ] P2P Server starting on: 127.0.0.1:17151
2026-08-09 22:32:18.574+09:00 [INFO ] WRPC Server starting on: 127.0.0.1:17152
2026-08-09 22:32:18.574+09:00 [INFO ] [validator-service] starting (mode=active, validator_id=fc61569c056a235bdf4b867bf82e0cf9b962a3b81998e0d70d2cbbed78f6d8b53bc1e337a2d3d6d179e7064b6303bf3b64ab939f46fb79eb631b1e1c3dd23e96, stake-bond=none)
2026-08-09 22:32:18.574+09:00 [INFO ] Registering p2p flows for peer 127.0.0.1:17121 for protocol version 102
2026-08-09 22:32:18.575+09:00 [INFO ] P2P Connected to outgoing peer 127.0.0.1:17121 (outbound: 1)
2026-08-09 22:32:18.575+09:00 [INFO ] Registering p2p flows for peer 127.0.0.1:17131 for protocol version 102
2026-08-09 22:32:18.575+09:00 [INFO ] P2P Connected to outgoing peer 127.0.0.1:17131 (outbound: 2)
2026-08-09 22:32:18.576+09:00 [INFO ] Registering p2p flows for peer 127.0.0.1:17141 for protocol version 102
2026-08-09 22:32:18.576+09:00 [INFO ] P2P Connected to outgoing peer 127.0.0.1:17141 (outbound: 3)
2026-08-09 22:32:18.576+09:00 [INFO ] Registering p2p flows for peer 127.0.0.1:17111 for protocol version 102
2026-08-09 22:32:18.576+09:00 [INFO ] P2P Connected to outgoing peer 127.0.0.1:17111 (outbound: 4)
2026-08-09 22:32:19.578+09:00 [INFO ] Accepted 2 blocks ...79e489c1d7fe868452a6e8ac44d432b9931333ec8043380ef171bda03380ba06f19741d87b876abec8053f3605af095259c25e75fc0070f53659df9414d0cf13 via relay
2026-08-09 22:32:19.578+09:00 [INFO ] Orphaned 8 block(s) ...ee6e6847a6868880ff2405d4bca3b46fef3501c51a12ac8c5b572cd3421437ccce53749aeb76db3d940d11ab45681832b46e24d356c1c4c2ffe8c8121f868dc6 and queued 8 missing roots
2026-08-09 22:32:19.578+09:00 [INFO ] Unorphaned 8 block(s) ...ee6e6847a6868880ff2405d4bca3b46fef3501c51a12ac8c5b572cd3421437ccce53749aeb76db3d940d11ab45681832b46e24d356c1c4c2ffe8c8121f868dc6
2026-08-09 22:32:21.267+09:00 [INFO ] Accepted block 959306aa35a61518da8bbd317f428e97503a91564a0d991f74e13f0f71cf968183a4adcd3da1abbed928efa5f8ff2f93a0910bdbdbc3ed5a09bc6ea550949bc1 via relay
2026-08-09 22:32:22.435+09:00 [INFO ] Accepted block 0db9b24988965630b8123d4b6f99a758946959626c37d6f16ce57e936b2e464a38f5a4511f6078b21e92f3ea38f1552e0f7c0e5a4f13b4c1462a3f9e5782e3d2 via relay
2026-08-09 22:32:24.000+09:00 [INFO ] Accepted block 09ed9c51949bf56c857f1e0a9979cd53617855cb4c2398ef47988288888a72883254fbf66c1f3362ec9bbc6b90a572e3194cf339500dfe653d7f80eb421999eb via relay
2026-08-09 22:32:26.038+09:00 [INFO ] Accepted block 36250cf0adc846d0373435b487a5f46156a89759ca6542fa5273bb1b4c9707c715e1fe03f2c300b539d298acb9ecc64d3b21eebd8b86196a92834d504f47dd2e via relay
2026-08-09 22:32:27.245+09:00 [INFO ] Accepted block 77c51900e48f8ea489fa516d8d1b3085c87c057f4c45c36d902dae7d4cb438ca9b856153380ad7ab739b54cae4da9d5289606629eb89e87bc97cbd68501a7241 via relay
2026-08-09 22:32:28.352+09:00 [INFO ] Accepted block 8f6741382facf035701ed4fa8174f9781a16c703b4e7b35db7d0e500be9a265391e0c8dbd37c76017316cdbaa682c4e1b6e766a58a8ea28c9df11829809868ab via relay
2026-08-09 22:32:28.575+09:00 [INFO ] Processed 17 blocks and 17 headers in the last 10.00s (17 transactions; 17 UTXO-validated blocks; 1.00 parents; 1.00 mergeset; 1.00 TPB; 0.0 mass)
2026-08-09 22:32:28.575+09:00 [INFO ] [ibd-perf] 17 hdrs avg: validate(A,parallelizable) 351.9us | commit(serial) 278.4us [add_block 13.7 + db.write 44.2; held-lock 213.8] | f_serial=0.442 f_reach=0.022 | parallelize-ceiling 2.26x
2026-08-09 22:32:29.451+09:00 [INFO ] Accepted block 2517475eb543ebca33f9f697e368f0394b79031d52d16efb540a11bd56d271027ce7228eee0f7dede518e0a736c47115ca64c4195596936181732a1f6881927b via relay
2026-08-09 22:32:30.614+09:00 [INFO ] Accepted block cfd7325bec76b6b458f77423ecd1cf4498bc195d77bb8fd2bad5bd89e686a75107ea0b488fda8625fe3d23c3a3fcb5c5d3d4f9a9e435b157c7512e2d17ca69a5 via relay
2026-08-09 22:32:32.295+09:00 [INFO ] Accepted block 4fe7b7e6c814bfeae4f8d17e701b00bdbafa1a751b9682b0a9cd49c17af7ab31021f1a1b6fc6431681dade98cb90b2fe6c155352b690c636204fe7801a877acd via relay
2026-08-09 22:32:33.398+09:00 [INFO ] Accepted block 91d1a88d316e3e5ad7ac773fccfdc2774abb1ce55c692f092cb9e0436d6b48d7574396a5c04ae6fd520dadbc19525b2eb9c3e6da20ae9449e1902f11d291f232 via relay
2026-08-09 22:32:34.604+09:00 [INFO ] Accepted block 990e452bc33dbd796ac0f8816d906f9f0e57f43f4869762b3cae44ff34d88a233de71fe852349e13bff56ec7b78abf093a9f52b37d12e878274f30f03640868d via relay
2026-08-09 22:32:35.727+09:00 [INFO ] Accepted block 801baa1a4824ae140978538fa8a794c8d85f612683cef00670ec3cf97872d06e0a8c5cf08099534e3e8bb0c2f50d2c01139a845b470fefdc1157e61426f407a6 via relay
2026-08-09 22:32:36.853+09:00 [INFO ] Accepted block c43a9e60dcbc82bddf5b67c120b2c9487d0262f14899003df66debc1284a35a983b9e28a334a125522bf596766f28fb76fc750e67b3233a23daaec0cb3302b36 via relay
2026-08-09 22:32:38.071+09:00 [INFO ] Accepted block 86109d95bd372bfc489103655259003c3859dd29ef135d42d88349004b6a8f4e7207bc2cce4f1e3147ddbfac1e5cf95e7d35c68a9cdfa8c5aae9aea7fd371aee via relay
2026-08-09 22:32:38.579+09:00 [INFO ] Processed 8 blocks and 8 headers in the last 10.00s (8 transactions; 8 UTXO-validated blocks; 1.00 parents; 1.00 mergeset; 1.00 TPB; 0.0 mass)
2026-08-09 22:32:38.580+09:00 [INFO ] [ibd-perf] 8 hdrs avg: validate(A,parallelizable) 100.6us | commit(serial) 594.6us [add_block 12.0 + db.write 66.6; held-lock 274.6] | f_serial=0.855 f_reach=0.017 | parallelize-ceiling 1.17x
2026-08-09 22:32:39.223+09:00 [INFO ] Accepted block b098173f0b8505f1c874f93a5e5f8cf6b062a95e7423921b4380c195458c19780d9ca3687a4f6531b18e6e8c3f6d660fab838952c51e61a2d5cadade82771b70 via relay
2026-08-09 22:32:40.435+09:00 [INFO ] Accepted block d28544fcbadbf16754d52fc0c9f8b69e96453c7d6652579f5d59606a35c290bf14a39debb2a979edd02e767fca6020967395aba2438f1ddf25b9bccddf8473c7 via relay
2026-08-09 22:32:41.638+09:00 [INFO ] Accepted block 117fbd533814a7bc4da1982712680092181731b568aa448ceb2a3291ee9554d61f4dc2425a5b25fbbf10bda4109d3dc9c73cae4f0c0c6972738cecd58436cc06 via relay
2026-08-09 22:32:42.885+09:00 [INFO ] Accepted block 8f0bb78e2d5e4480873276e7334e7f7c88ad903fc4968c28c1ff206acebcb7292c428ce0fe65765def156b0fc6edf477e2da5712fb12ccde3b6c1357caefed69 via relay
2026-08-09 22:32:43.987+09:00 [INFO ] Accepted block eae46e02305fd35a3ce8fe8eb496e6089b44267e8bb36f6c5a02fd98dd649aa05ffcf9540716068a94b1f630fe8220142cd760db064a81f71a2d774ac4708890 via relay
2026-08-09 22:32:45.158+09:00 [INFO ] Accepted block 034f7f7c3dab66d90ad980726ec9073735d45bb454bf46fcfc21d9bdd89df45868fa73ed694d29ab9606f210ce8369b42463775d78aa7a896ede2e9863b3c0bb via relay
2026-08-09 22:32:46.608+09:00 [INFO ] Accepted block 2454a352da6961fe20352e28d3752f0286c43da38e85426710e34a686d4e5fa9467b15bb07d8a24ac97fcb67dfeb5873bdc23ff486a6a8aec6cbdab7415b4390 via relay
2026-08-09 22:32:48.578+09:00 [INFO ] [validator-service] heartbeat: mode=active sink_daa=2240 bond=unconfigured active_set=[epoch=22 is_active_validator=true (active_validators=5)] dns_overlay=configured (stage=Active, dns_confirmed=true)
2026-08-09 22:32:48.580+09:00 [INFO ] Tx throughput stats: 0.10 u-tps, 100.00% e-tps (in: 0 via RPC, 3 via P2P, out: 1 via accepted blocks)
2026-08-09 22:32:48.582+09:00 [INFO ] Processed 7 blocks and 7 headers in the last 10.00s (8 transactions; 7 UTXO-validated blocks; 1.00 parents; 1.00 mergeset; 1.14 TPB; 7171.4 mass)
2026-08-09 22:32:48.582+09:00 [INFO ] [ibd-perf] 7 hdrs avg: validate(A,parallelizable) 102.5us | commit(serial) 1003.6us [add_block 13.3 + db.write 51.6; held-lock 194.0] | f_serial=0.907 f_reach=0.012 | parallelize-ceiling 1.10x
2026-08-09 22:32:48.614+09:00 [INFO ] Accepted block e1e83b412567557658f700dbafeb6833e127b574d00e38cd03ca52a11dddebfeb23db02e0ff66a37cdfd7edd7e1f747b6d7a4793456b7ee504b78be0dc3c51dd via relay
2026-08-09 22:32:49.950+09:00 [INFO ] Accepted block 589c694f2f1cbfa17d04accb91aea07d07ae4cc78ab7a15991435a8b64f5e929e238491e012effb60018a5baeed048b6f6a79c437a7159763930dd9f27eba33b via relay
2026-08-09 22:32:51.455+09:00 [INFO ] Accepted block 4e8ee87dc0f15e45cb99bde2667696e7011e50a61f1ce5ed326a018665353ddf6496fed24ec7e3da776f97c4fcad135ad065d8b6c3c603b5c3aba1546223ebff via relay
2026-08-09 22:32:53.013+09:00 [INFO ] Accepted block aa84af60fb51dffef90af5fa01f9d49fd32cb522b6abae2bd01c585226dce2508d67f559b3733055b4f03531d341e46271342d40a930f5a5ce473e5744eefd0d via relay
2026-08-09 22:32:54.310+09:00 [INFO ] Accepted block d3de3ac700d288639b68b9f2b56eeffae079316c6018a4fbf1bb49b5c658c878c774efeebcaa379c1e226a1bcf01ca7d8072194dc06e1d06c4b6dbf6426e00b2 via relay
2026-08-09 22:32:56.473+09:00 [INFO ] Accepted block 91a7db9fb0bee9231138f02edd0e17f775cb357da1982a83dfb5abc5951bed822245b7caf67a9263590aea7566055efdc5ad51a4e2179483cddaa3facba26a2a via relay
2026-08-09 22:32:57.975+09:00 [INFO ] Accepted block 463368eedec8d6f20678b4a13f615b5bd00ab42bec6736514b652300cafc92fdbc5e0149de92fc53b60425afce9d3384f6c3cf4be05b990fc967e5a899ec6666 via relay
2026-08-09 22:32:58.582+09:00 [INFO ] Tx throughput stats: 0.20 u-tps, 100.00% e-tps (in: 0 via RPC, 0 via P2P, out: 2 via accepted blocks)
2026-08-09 22:32:58.584+09:00 [INFO ] Processed 7 blocks and 7 headers in the last 10.00s (9 transactions; 7 UTXO-validated blocks; 1.00 parents; 1.00 mergeset; 1.29 TPB; 14342.9 mass)
2026-08-09 22:32:58.584+09:00 [INFO ] [ibd-perf] 7 hdrs avg: validate(A,parallelizable) 89.8us | commit(serial) 560.0us [add_block 12.4 + db.write 60.3; held-lock 163.7] | f_serial=0.862 f_reach=0.019 | parallelize-ceiling 1.16x
2026-08-09 22:32:59.046+09:00 [INFO ] Accepted block 237f7d80aee366ecb4abdf38f0b5abeddec21b67b760b7b3c67f428d8d9267722a1db3165af16aa262a928c47790f77b6dffe78a52fc9c2709ee1e2c7a9400f7 via relay
2026-08-09 22:33:00.240+09:00 [INFO ] Accepted block f7516f8f130e2e47e11a08ad4a816fc06ffb663a12b01ebbf1b991eb8fbc362fc8768bd4e993b03463a21e0abade7f3d95c7684deb80c0e8f70a8291650471c7 via relay
2026-08-09 22:33:01.427+09:00 [INFO ] Accepted block 17fc86e3dbf9a9f0961d16d0d42008d46e3185b6cd824d8868eb65df3eb28f78e4c7d890de37f677c158b31af8d2ea529292548717dae1ea51ea7596aaec49e5 via relay
2026-08-09 22:33:03.441+09:00 [INFO ] Accepted block e3b9a85a801b9ee3dd68a891c1ac6ab5b1d175fbd1674e50d045e07139ce3ba2ee46959cce2db4044ac2cd9ddf677660efe3cc7247d6513182400f66da9caf70 via relay
2026-08-09 22:33:04.673+09:00 [INFO ] Accepted block 57b3c9707170912cb3984c4ec93013b0c44c85db547f88330fa8adc3e662828df84494df5f183c8049538ed6cbf825c0d5402b84437935b40c8ca1124ceabc6f via relay
2026-08-09 22:33:05.916+09:00 [INFO ] Accepted block aa82bd4868273392106a304e9e2837ea2217715b261163f752062e68ddc976eed1c5c938199f979047e31000d28e5f2ea09f3a64665a282e337b8cf33e7e5934 via relay
2026-08-09 22:33:07.122+09:00 [INFO ] Accepted block 8ff46864370a0eb43e95c5c57606e89d0f596c6772f8a7a2385054b5df0f966e818780c28b4ee4dc7d9f08185d712f931140fa1728415346c966901467d2b1a9 via relay
2026-08-09 22:33:08.315+09:00 [INFO ] Accepted block ee1c092f5a64dd57a24b1e1c87430893a5de36ee31c5bf9be8a3258f29ab8aa468c3698e91f8898b24c16535181d1e371f6cb78d5ff38d58d746261f896afa12 via relay
2026-08-09 22:33:08.586+09:00 [INFO ] Processed 7 blocks and 7 headers in the last 10.00s (7 transactions; 7 UTXO-validated blocks; 1.00 parents; 1.00 mergeset; 1.00 TPB; 0.0 mass)
2026-08-09 22:33:08.586+09:00 [INFO ] [ibd-perf] 7 hdrs avg: validate(A,parallelizable) 92.6us | commit(serial) 1178.3us [add_block 11.0 + db.write 545.8; held-lock 612.7] | f_serial=0.927 f_reach=0.009 | parallelize-ceiling 1.08x
2026-08-09 22:33:09.851+09:00 [INFO ] Accepted block 79af99436d5ac79de74455bd5302f4b708b74525dd45a9b67411f0b0770a7f41ea17ea76964666ecf5d0e84b88df30511d5375c26c1d0585419543cb2cf7c897 via relay
2026-08-09 22:33:11.697+09:00 [INFO ] Accepted block 9475aeb1fda0e2dd6f8629929c4621d40f701a25579795e024496f78d31850a6c12de6f559302dcc94ed5740f4a4264785be4f44d7fec16c7ba7cef86701b906 via relay
2026-08-09 22:33:13.161+09:00 [INFO ] Accepted block 478aca63c971725a0c0f9eaad8e1e9fe40bfa5606bd3549acd103572760c5b4171a1684f3ecd0b396d7cf942bff15d587bbeb0af4205ee70581cba218eb28491 via relay
2026-08-09 22:33:15.155+09:00 [INFO ] Accepted block 972549080156e6b87022cf570daa0d1ed89efc5e097531e1b6ed1a702cab929b916bc24802ae002939c0f627ecb5875d7c8ceb48f1eab08cf8234a722163b737 via relay
2026-08-09 22:33:16.294+09:00 [INFO ] Accepted block 599ac165a93d9f370c836c0beb8b1388a8c1504c6910d28959f445c94b60ed8d762883ed6389e5218e14d60b60fec0d23bc5f62c948d77229a369fddf5ae51ec via relay
2026-08-09 22:33:17.617+09:00 [INFO ] Accepted block fb9f0e87882835a19947826673575bb899b5018ef54b9d891eb3fb3332084f4ca2e3e02b3aea2dcf486883eea91c9a2cb3645cb307eb6da028983ab20db2899f via relay
2026-08-09 22:33:18.580+09:00 [INFO ] [validator-service] heartbeat: mode=active sink_daa=2261 bond=unconfigured active_set=[epoch=22 is_active_validator=true (active_validators=5)] dns_overlay=configured (stage=Active, dns_confirmed=true)
2026-08-09 22:33:18.587+09:00 [INFO ] Processed 7 blocks and 7 headers in the last 10.00s (7 transactions; 7 UTXO-validated blocks; 1.00 parents; 1.00 mergeset; 1.00 TPB; 0.0 mass)
2026-08-09 22:33:18.587+09:00 [INFO ] [ibd-perf] 7 hdrs avg: validate(A,parallelizable) 91.5us | commit(serial) 887.7us [add_block 12.3 + db.write 67.7; held-lock 298.2] | f_serial=0.907 f_reach=0.013 | parallelize-ceiling 1.10x
2026-08-09 22:33:18.699+09:00 [INFO ] Accepted block aedc2d806cb57467b0485d0cc7f68b43f226157a05259c561461789f22ae74e5a2ccffac0210665e39fa00272e8f8a65f7a1aa09a4b300c42b5b8e76e8ca85d6 via relay
2026-08-09 22:33:19.973+09:00 [INFO ] Accepted block d78bcc29144fb00b035bd532ddaae8894d35fe93819e4d7e11e8d1cdd3570fd090efd561f01636e8655a77bacd19b1cc2c06f31b06c6ca8a474b0b54e371ef78 via relay
2026-08-09 22:33:21.204+09:00 [INFO ] Accepted block 10abb6f1a5fcfa55e026f4b5451bc986a56d0bbd481e1cf9d487cae0c8485735ed324e077312ce049ac8f674ff7e5dfa7e045dd3f160984b954f24925e38bb75 via relay
2026-08-09 22:33:22.333+09:00 [INFO ] Accepted block ff45ae0127c53fb6509887fbea0d1baa9bc7d3fa364b3c2744a5b9d25b12f70fe547546f619dfbe9663e32c57ce59c8bca1c311398a8d2a250de601102130ca8 via relay
2026-08-09 22:33:23.515+09:00 [INFO ] Accepted block 70444906da4f1aa3d11bbf5b49b533f791be89d43ecfaf6dd46da2f6c4364b443d4752655b08c4bb9586e4bed4e5f194c12e0ff84ec396dc67744e6985db9396 via relay
2026-08-09 22:33:24.903+09:00 [INFO ] Accepted block df8ba2a0c8afe1ac8e0f2175bb5bae230431d31405db495b4e7c73d0ee9c44bca9c50a5fdc0aacecad95ff8da852e3753c53b1022e8bd809f022febd9bc479a1 via relay
2026-08-09 22:33:26.485+09:00 [INFO ] Accepted block 9770753b6dddbdd9a9514186cd4c4b861e379df3bac7a3d8e2e572d746aefc50621e5d287148dc08a04f870980ee3bfa9da280587ce4c9c1617040a1a6dce408 via relay
2026-08-09 22:33:27.802+09:00 [INFO ] Accepted block 8539dc886d1a837b6dec1f98c1c1d2e352d2f8e77223c777755aa087eec66a1265b70130453df80cf7314ec9a794c2864d967a9ac5b9c0dd2912b341bfa5c51c via relay
2026-08-09 22:33:28.591+09:00 [INFO ] Processed 8 blocks and 8 headers in the last 10.00s (8 transactions; 8 UTXO-validated blocks; 1.00 parents; 1.00 mergeset; 1.00 TPB; 0.0 mass)
2026-08-09 22:33:28.591+09:00 [INFO ] [ibd-perf] 8 hdrs avg: validate(A,parallelizable) 115.3us | commit(serial) 727.5us [add_block 14.1 + db.write 62.9; held-lock 145.2] | f_serial=0.863 f_reach=0.017 | parallelize-ceiling 1.16x
2026-08-09 22:33:28.913+09:00 [INFO ] Accepted block 0f3f24231386097b693a9a04d390a437a6d54300233f4c481389378bcc7ffe2b545f92fa6c7ea48dc7312a2372bf1d5f07847aefbf6788607609671d16008db4 via relay
2026-08-09 22:33:30.602+09:00 [INFO ] Accepted block 0327932b3821af40e813d71c9ba3da21ce42fe209cc7cfaa03ed19e778c35965b546c4beba9dcda8100cb854166cdfeee6dc2c2926fd5674db2d20a303f6762e via relay
2026-08-09 22:33:31.796+09:00 [INFO ] Accepted block 9b2b435181d9c96b19c25692972832c7c16afbb2a8d6cde167e709ed83fa7d281dfeaa73f87e03993339d01137f0af7e5e696af68251f5685248f711e6d38028 via relay
2026-08-09 22:33:32.875+09:00 [INFO ] Accepted block f02d8873885efec261682ee0272c99a52b271af9273ce51250aacf62ae440c7b76cec98133f7a5c9f8a12ff965f6870e4e16f30b9ecee5aa722b9e432de8d933 via relay
2026-08-09 22:33:33.979+09:00 [INFO ] Accepted block ab82ca6ca14a4dabd769803a2a72bceabcb2a3a53b99e1b19f8805e55625f3ad1b55c4de2ef4e1fd50daacab224f41479b1c72947a7dca43b3c27ba587abd462 via relay
2026-08-09 22:33:35.331+09:00 [INFO ] Accepted block c60fc297189325bc32bff3aec80343757892199bf1e0d0c466768e00ccfbf4f75f8a2db0800ac3e267b5f6e4b2e990e653eec88c629baa550a78c14a9ebbd9e6 via relay
2026-08-09 22:33:36.637+09:00 [INFO ] Accepted block 164fc7a234fa905aa03f535db707029ee80d718fae7c6708d5153b15d47df4786705ca390dd27b13ff5b1f6575aa2b5268aebc9305722035edea7642c61e2fdf via relay
2026-08-09 22:33:38.257+09:00 [INFO ] Accepted block df84aefbcfa3e5b2e7be614cf412eb72523632484dfc21a8a608de205b19000dcefd20c2d0ccda9db34755a91c369c6a76c1a6752fb028a7479c8df5ba7e6fcf via relay
2026-08-09 22:33:38.594+09:00 [INFO ] Processed 7 blocks and 7 headers in the last 10.00s (7 transactions; 7 UTXO-validated blocks; 1.00 parents; 1.00 mergeset; 1.00 TPB; 0.0 mass)
2026-08-09 22:33:38.594+09:00 [INFO ] [ibd-perf] 7 hdrs avg: validate(A,parallelizable) 112.0us | commit(serial) 595.3us [add_block 10.7 + db.write 62.0; held-lock 126.7] | f_serial=0.842 f_reach=0.015 | parallelize-ceiling 1.19x
2026-08-09 22:33:39.975+09:00 [INFO ] Accepted block 4ffc0472585bc5883c4ab58bb9be5458823666e3f5a5b513eff73c23f82356adbca8956fa9db0bac145a1228af06dfe381e595a01a14b604d3beebf7865e4723 via relay
2026-08-09 22:33:41.764+09:00 [INFO ] Accepted block ba984be42317d4edee6c1b286ecc597abeacacef6ea4eedf871cb8936c98d78e4560923b9f3fcc24edbf0334d0fa0ec90008dc3b3ebe4a86218b1d955c087863 via relay
2026-08-09 22:33:43.001+09:00 [INFO ] Accepted block edc3f0cf93d78aad9b577cd9e0074e3ad7a8d5cde915cd928b48c2fc0d6c9f8e5beda593163dad21c5f56fcd40b2ac6a273cb8675bfd460a3009248a74fea48b via relay
2026-08-09 22:33:45.016+09:00 [INFO ] Accepted block c40297014aa398b3131b4eaed9e95f24a88c98c5d4d2a2e007bc3a2434e8069dd4ab6b3fd107e85f144fa58328160d26f2a2bf12cdaff5dce95a977f0c1c839b via relay
2026-08-09 22:33:46.989+09:00 [INFO ] Accepted block ab12604cb226fb8679434f7b6d6459cac140da80c29ae65a1462014c3bc592f8d5cef318da51eabac2770bf78675ac3d05860ea6282bbc8b8c23b26cec67f11f via relay
2026-08-09 22:33:48.100+09:00 [INFO ] Accepted block bd810ab64d15e2b87866b04f14369ed1f3b2b417e309241b87c3fa90ba1a318e332aff9231878fb51ec6c9b7949f234befc120cf0c57b985af0ed45d6dc8656e via relay
2026-08-09 22:33:48.583+09:00 [INFO ] [validator-service] heartbeat: mode=active sink_daa=2283 bond=unconfigured active_set=[epoch=22 is_active_validator=true (active_validators=5)] dns_overlay=configured (stage=Active, dns_confirmed=true)
2026-08-09 22:33:48.597+09:00 [INFO ] Processed 7 blocks and 7 headers in the last 10.00s (7 transactions; 7 UTXO-validated blocks; 1.00 parents; 1.00 mergeset; 1.00 TPB; 0.0 mass)
2026-08-09 22:33:48.597+09:00 [INFO ] [ibd-perf] 7 hdrs avg: validate(A,parallelizable) 89.5us | commit(serial) 544.9us [add_block 12.6 + db.write 74.9; held-lock 183.3] | f_serial=0.859 f_reach=0.020 | parallelize-ceiling 1.16x
2026-08-09 22:33:49.234+09:00 [INFO ] Accepted block 5127bd402c9df4da15276df1fbb18ea9b5c0bcbabc3f043088e5720ec6e926257e5e8d011ead724e3fe2b72c7fcce0ac47e8e3a2bf760baa9e31050d94a36c93 via relay
2026-08-09 22:33:51.106+09:00 [INFO ] Accepted block 5ebe99e7270d81e66d6f4e5eafc7a68c1de5d2124faf2b077e050a6b1ab2d0335d7a30b17b416e04f05c29a4c4a687f041361f0ef16b100aa2be025d3aa043c3 via relay
2026-08-09 22:33:52.485+09:00 [INFO ] Accepted block 2f2e44a99578d03c5b9fe8b46162abdd73e96b0fb9ed6d8cf033fb36b883738b77f073ef4264d10ee4793186c99da4961408b7df99b48feafc2152fa56013e77 via relay
2026-08-09 22:33:54.099+09:00 [INFO ] Accepted block 3d9e6ce42bf47cdb8c5392c5b63feb099f72e811e9f6617ae90f4d237306179b50d4d509c2c295aea44bd792826d562b0434eaa39da6e5db317b1248a6308520 via relay
2026-08-09 22:33:55.240+09:00 [INFO ] Accepted block 10bcb1b0bec8c92d07e193d236b9b70b784fdf8d2691432a9694f2b06c599ce8190a9fe990f5aeccec6351ccc7ec3c04c4121989583b5ed68d04a3c02a0ccba1 via relay
2026-08-09 22:33:56.731+09:00 [INFO ] Accepted block 50b79aab4ca83336eb06538a2706c1a062eb6bdcc88fe8f1ad5fdfeb862367e87a5aa95cf23dac4299364443dd5968f61b58ad5bd50f18bdd1c2c014c38cb4c0 via relay
2026-08-09 22:33:58.013+09:00 [INFO ] Accepted block 1ee8bc336fbc452481eaf0a02de617995fbd6ca659b70f5f1317a9cdf52711f582cf1c0c85a14c29e53b8807fbf9bbb7bfa6e7d4f8aa873d0522cf2020264a73 via relay
2026-08-09 22:33:58.600+09:00 [INFO ] Processed 7 blocks and 7 headers in the last 10.00s (7 transactions; 7 UTXO-validated blocks; 1.00 parents; 1.00 mergeset; 1.00 TPB; 0.0 mass)
2026-08-09 22:33:58.601+09:00 [INFO ] [ibd-perf] 7 hdrs avg: validate(A,parallelizable) 116.2us | commit(serial) 593.2us [add_block 10.8 + db.write 62.0; held-lock 185.4] | f_serial=0.836 f_reach=0.015 | parallelize-ceiling 1.20x
2026-08-09 22:33:59.135+09:00 [INFO ] Accepted block afc425f7dc998925e561378117f11f15848f276d4a654fe7aec1489478cd168b7700f54835b110d1c502ec18e0afbf7c5b589d6b03b6f1b7876bc1b9a91944c5 via relay
2026-08-09 22:34:00.364+09:00 [INFO ] Accepted block cfd15be704d5ff1573e8b36ebbfcd12694544da3b84f63e0e331c8c0a40ad22c03e8d0685af483d0857f351abf6d85621e585f05b867c7d9672b472ea9e73a23 via relay
2026-08-09 22:34:01.784+09:00 [INFO ] Accepted block aeb1bc4b5e48d5e0eacb0749f7a79d6493d4a48b479495c07fbcb54d7b262562a140fb4c921ea142e4ee4748ad9c4cdd94023c121fc15f463a134ee3d1690920 via relay
2026-08-09 22:34:02.999+09:00 [INFO ] Accepted block bf7525d57dc803ab9a7d10787bd17f10844c57bc77e0641f49512eb8be42e4ad303436ccce7c86b6b4757312a6233aac849670c2afdb3f7cdf6b9ef03ef0c5f4 via relay
2026-08-09 22:34:04.082+09:00 [INFO ] Accepted block 96e9bfdd788b0619daaea9b8e9a0fdfeed3b13f08ada04cafa78267a5852bc592b48b9bc5c41d597bfc6c8e12d6d6648f670c76ec199f7e9bfa99963e5f4794d via relay
2026-08-09 22:34:05.232+09:00 [INFO ] Accepted block aad793eefc12d48d051b8fdb09a0e4802de3699dcb745e7541a73959140bf8ffc3e96b6c526ae65a5f4cf74ca55bac9ce39c10397e2a10855396638588adc49d via relay
2026-08-09 22:34:07.102+09:00 [INFO ] Accepted block b5713bcc5feb645f0d2ec74cf0e0c1fe99ce20e13769dc716646abd1f04eddaeed6b11d3d04e2bfd85861de21b2c2a91672aa8793822e2b9fd2a114584c9a331 via relay
2026-08-09 22:34:08.316+09:00 [INFO ] Accepted block 153612bebac64f4ebaf93280e59606049f5e7ccffbeb7575c8ea2500c070845af0c864eba4b1f217a91d12ce1b533f07947fcf733fd331c443e677557f86c368 via relay
2026-08-09 22:34:08.604+09:00 [INFO ] Processed 7 blocks and 7 headers in the last 10.00s (7 transactions; 7 UTXO-validated blocks; 1.00 parents; 1.00 mergeset; 1.00 TPB; 0.0 mass)
2026-08-09 22:34:08.604+09:00 [INFO ] [ibd-perf] 7 hdrs avg: validate(A,parallelizable) 106.0us | commit(serial) 434.2us [add_block 15.8 + db.write 89.7; held-lock 185.3] | f_serial=0.804 f_reach=0.029 | parallelize-ceiling 1.24x
2026-08-09 22:34:09.918+09:00 [INFO ] Accepted block 4e555545b77d11527b6089cba81b6acc4ae31c0657b97d2aeb66e4b22d38250a782c45dbbf41b1ec0f06042991b3a8858beb553b3b0b7c874bc6ad6580eeddf7 via relay
2026-08-09 22:34:10.651+09:00 [INFO ] [vlt-shadow] sink_daa=2299 5 validator(s) with credit; 5/13 epoch(s) would reach quorum; newest epoch Some(21): W(E)=685351500 signed=411210900 snapshot_root=fa0271753f5d93beb972f54f6a659e524b4fa14fc7cc1112fa02e429058e91fcb64297b66a3a5a693e4630553626353ee7d996252f1fc1e919688460aabfcae5 — the weight fence is at 18446744073709551615
2026-08-09 22:34:10.651+09:00 [WARN ] [vlt-state] none -> shadow at daa=2299
2026-08-09 22:34:10.651+09:00 [INFO ] [stake-score] sink=e648166bb38c8be1f5679657016b476efba5f0a1cc0dbb5ea58fd89faa79fc02e903099caf348e5d7c9b09cceee67206c7f214fcea5619ebdd8eb37d20cf1d79 sink_blue=2300 credited 47 attestation(s) over 13 ready epoch(s) → stake_depth=10000000000 (rollout=Active, health=Active)
2026-08-09 22:34:11.661+09:00 [INFO ] Accepted block e648166bb38c8be1f5679657016b476efba5f0a1cc0dbb5ea58fd89faa79fc02e903099caf348e5d7c9b09cceee67206c7f214fcea5619ebdd8eb37d20cf1d79 via relay
2026-08-09 22:34:13.380+09:00 [INFO ] Accepted block e89d966f2f78fee57bc95641436ddade58692e2cb42e6dd37c4c35349f41d858b05b3d1d5116cab3c4707b2accfdfead827993b46ddef463f960b66d9f2913ab via relay
2026-08-09 22:34:14.539+09:00 [INFO ] Accepted block bead8c4545c04ece30d22592fde60493e1379c47885fa60f78eeb8348b4d10ebcd082af2573078f5370800f9f41711e14542c5ea523325243245405ec6ead6ff via relay
2026-08-09 22:34:15.719+09:00 [INFO ] Accepted block cf85be5c299e8a48c400eb009acfb1be6850df431e04d3d5c95d34aaf443ea0d4bd5cb3da93cb7108923ef274628edf31b5465baf7162877dd28b8e511435517 via relay
2026-08-09 22:34:16.934+09:00 [INFO ] Accepted block bf7c0c991e67bd30997c36b943a6fe8af11943e91d84c8249d39883bae50f01d31f5868e9a01312580c898b1b040596eb5e4c68661e19f2b16e88d0e86572e61 via relay
2026-08-09 22:34:18.277+09:00 [INFO ] Accepted block 298aed4c4153ed1d6d61da602a8c1402cdd2a962ee14bfd4a305ac06056ccccbaa7a7dbf42555da632edce7462bb7522ba9662d113056d1e3163fdb5e66b7623 via relay
2026-08-09 22:34:18.584+09:00 [INFO ] [validator-service] heartbeat: mode=active sink_daa=2304 bond=unconfigured active_set=[epoch=23 is_active_validator=true (active_validators=5)] dns_overlay=configured (stage=Active, dns_confirmed=true)
2026-08-09 22:34:18.606+09:00 [INFO ] Processed 7 blocks and 7 headers in the last 10.00s (7 transactions; 7 UTXO-validated blocks; 1.00 parents; 1.00 mergeset; 1.00 TPB; 0.0 mass)
2026-08-09 22:34:18.606+09:00 [INFO ] [ibd-perf] 7 hdrs avg: validate(A,parallelizable) 111.9us | commit(serial) 395.7us [add_block 16.8 + db.write 77.4; held-lock 162.3] | f_serial=0.780 f_reach=0.033 | parallelize-ceiling 1.28x
2026-08-09 22:34:20.939+09:00 [INFO ] Accepted block f3b313053a1ba11dcbc8ca5e704588903407a41c77960701560fa8ca948d200ee1fb3a0be7d011cd775d23583b9345f127811748853898b5ccb9404a919a06e4 via relay
2026-08-09 22:34:23.039+09:00 [INFO ] Accepted block 43da0b459d24b1c8dd1bdf512926584491c3486efa2af40975a7c0397173eeda73e461d1108f0ecc6f10b661af0dfa651a9bf880bfe7a11be08ed70c6a970206 via relay
2026-08-09 22:34:24.637+09:00 [INFO ] Accepted block 2e48c8b139a4fd6b7bb7d4957b1b72f021a9fd7f11fe27ea2495befc2fb68d704c593552d7a1b91a50f61424df4bf10309b9bbc545f07765ad79273082f818e1 via relay
2026-08-09 22:34:26.235+09:00 [INFO ] Accepted block 0c5593e94d80df7e94852ea2216d4705faa92ea9c7bb855f6d8a4db050138689abe7759035ab9199eb9d44e640c247972bf48a84dd546e6f18a6d9eddf4e6e57 via relay
2026-08-09 22:34:27.522+09:00 [INFO ] Accepted block 676770a4a840d77974d88662af1f5126655f90326c1cca0866a0d58678bd8f4a474648fc77bc602eb1672ffcb0775f862ff8e26492d98727cc6aedb0caa1a31f via relay
2026-08-09 22:34:28.609+09:00 [INFO ] Processed 6 blocks and 6 headers in the last 10.00s (6 transactions; 6 UTXO-validated blocks; 1.00 parents; 1.00 mergeset; 1.00 TPB; 0.0 mass)
2026-08-09 22:34:28.609+09:00 [INFO ] [ibd-perf] 6 hdrs avg: validate(A,parallelizable) 100.5us | commit(serial) 710.7us [add_block 12.8 + db.write 65.6; held-lock 138.6] | f_serial=0.876 f_reach=0.016 | parallelize-ceiling 1.14x
2026-08-09 22:34:28.905+09:00 [INFO ] Accepted block 6dd365f46d669808913c271222c575e861fa21bf15ae6d9d38a7bc397ae7b8e60c3f5a49d6d0ce8368a834efe3d467a6f32a9d065d82bede3c7555ea52ec2e98 via relay
2026-08-09 22:34:30.353+09:00 [INFO ] Accepted block 50fba9aa6bb2f616787a9c655c74903d14def8675ae3df4b63ecb1e2c043b72eafb6fc56bf8a915b6794c50f8ef8c6384990e4242eb2821fc3119433d265b25d via relay
2026-08-09 22:34:31.582+09:00 [INFO ] Accepted block 9bcc2ad0ee9c3085975f6e3a343a24bf524e3c0237dabacd7e6a9478d02e4d59e026509e3db2314b130199ef7c00e80175515bdae9462faeb94232a5da3463f3 via relay
2026-08-09 22:34:32.666+09:00 [INFO ] Accepted block 8414a297176382f3cb17e4c506827acd8ee02516b57a9b4d49b533b753282daf6b49741e954b80bea5c0957a04fe06710d08866e2cfbd3aeaa9a0869bfca1680 via relay
2026-08-09 22:34:34.174+09:00 [INFO ] Accepted block f120464639a44072b412d65410603e403f923f5eecbca2280c55a12e56ac1d3815998d021256e8d91ee9107986ddc990654d25ad1debc7160225364b4cd3c7fb via relay
2026-08-09 22:34:35.395+09:00 [INFO ] Accepted block 5052f9296fe35aa9b3b778735533cd7accc3823853fafbafd836f491dd13090c8ff1bfbdfb87afb2e020b58356edb64b68fc547cbe056339e330171a71354e3f via relay
2026-08-09 22:34:38.551+09:00 [INFO ] Accepted block 1ff76352c5a24e3715b19feb8d18af12d65f50c6cdc5a32e065bbf46061e145a3368179058fb8d6930d86178cc30c2389c8a45f714507312291689bc9d6eb9c9 via relay
2026-08-09 22:34:38.610+09:00 [INFO ] Processed 6 blocks and 6 headers in the last 10.00s (6 transactions; 6 UTXO-validated blocks; 1.00 parents; 1.00 mergeset; 1.00 TPB; 0.0 mass)
2026-08-09 22:34:38.610+09:00 [INFO ] [ibd-perf] 6 hdrs avg: validate(A,parallelizable) 119.6us | commit(serial) 580.4us [add_block 11.4 + db.write 70.7; held-lock 143.5] | f_serial=0.829 f_reach=0.016 | parallelize-ceiling 1.21x
2026-08-09 22:34:39.345+09:00 [INFO ] P2P, incoming stream ended from peer 127.0.0.1:17131
2026-08-09 22:34:39.861+09:00 [INFO ] Accepted block b9c363502e4cb73e008375c878e6b704f2fc9d41c092e74309fc9d26e1417c732eb52dd0b88d487e90e894f75f4d7c749d2af07f65aa52d86f4fdc5f86392891 via relay
2026-08-09 22:34:42.981+09:00 [INFO ] Accepted block 222969872e5219c18db2fe493aeff9304ef44f7c3b41e2d1cafe4f22a5a64c007faf83375402a940342360f809979b1ab2a79913be39c144d5f356356d9aa68a via relay
2026-08-09 22:34:44.145+09:00 [INFO ] Accepted block cdb303465dd846f2321d3b2d13033e41a4074f633930813bd4c42ee08abcfb8c90420cd0479042ec2ea0d55c624860db0b2bbecb9181df084219a0ebb8cd3799 via relay
2026-08-09 22:34:45.270+09:00 [INFO ] Accepted block 493137de181ef2ae2783e7efcc7d34bc7d243bd318734c513a91483b8d326718a440058f1b6a1fc8e27f864f02cdca15c578560dd716cdf49cfa5b3a101a9c15 via relay
2026-08-09 22:34:46.587+09:00 [INFO ] Accepted block 2e101e944cb73355ec2c6bc2e509c69fab6a4296f7aba6e02dc4d37fb49c13f7ad918345b29b5fa0b79d53fc15fe4b72b256e65f9c3a659615ad39faf717b985 via relay
2026-08-09 22:34:47.743+09:00 [INFO ] Accepted block 38c6a5e24ac29fe68135de328cb15d51db718b9ec4d65dfeb99e7d274a1493460f7822bfdc3903298b682bbc41d698f887118913d5e249b8bc178e0da448feb7 via relay
2026-08-09 22:34:48.587+09:00 [INFO ] [validator-service] heartbeat: mode=active sink_daa=2323 bond=unconfigured active_set=[epoch=23 is_active_validator=true (active_validators=5)] dns_overlay=configured (stage=Active, dns_confirmed=true)
2026-08-09 22:34:48.613+09:00 [INFO ] Processed 7 blocks and 7 headers in the last 10.00s (7 transactions; 7 UTXO-validated blocks; 1.00 parents; 1.00 mergeset; 1.00 TPB; 0.0 mass)
2026-08-09 22:34:48.614+09:00 [INFO ] [ibd-perf] 7 hdrs avg: validate(A,parallelizable) 90.2us | commit(serial) 667.6us [add_block 13.7 + db.write 72.9; held-lock 151.0] | f_serial=0.881 f_reach=0.018 | parallelize-ceiling 1.14x
2026-08-09 22:34:48.863+09:00 [INFO ] Accepted block 3a58d3f160bef8376c1941ce4b21e9a8d0aeeebe0ef9cac44a48e8d12310a5a3fb89ee5482e10e915f8b85bcecf1683f52a6893992970c3ccd2545bf10358065 via relay
2026-08-09 22:34:50.037+09:00 [INFO ] Accepted block 13ebd88aa0fc85e9d430ea497fa0ea588dc7ec4ac05b6aa5b36af37cc25af62446c11dcb7940575d17036989de0cd7ed187241a0d79ca0cc2bc03ba056ed9278 via relay
2026-08-09 22:34:51.180+09:00 [INFO ] Accepted block 800490ef8caac51f51e0514bcd574fdae0b82bb44980aa9cb1705293792e4c87767e56bba1d1fa6235d944d43e38d20d1dbbb8cef0b4893be11f88e848816ffd via relay
2026-08-09 22:34:52.466+09:00 [INFO ] Accepted block 65b54109bc8937e4a21466be8e0ec5f30386f1b3892693b7bbcfe11aa50a7afaff20a5c174e29f66ef6ad28d3d171b037efee2702dcbba8d9680563fd4c352be via relay
2026-08-09 22:34:54.015+09:00 [INFO ] Accepted block e5c87d0238ae340c606e374d54110aff4b8dc52166a6c9d641f0c0edb57f06254f4d4af930084e6406cd569076417c413b2518cc150ac5e95af1f290aa04c84e via relay
2026-08-09 22:34:55.206+09:00 [INFO ] Accepted block 59b0925ad745170297ebc240e24622137761eeb62db11abec184c983a8b3aa14990b488d6f84c05a18cebada3d5b4ac90f917ed82a58865d604076eba1ff877a via relay
2026-08-09 22:34:56.604+09:00 [INFO ] Accepted block 4371c2132f143d18618a3bca021b49d2623c47c437e1323188ebdc2640acc14e08fb7a974942bf2a4736484053f2b30ffb31a38c35c6eb78dd89a0cd162ecbba via relay
2026-08-09 22:34:58.234+09:00 [INFO ] Accepted block a8cb76ea0c2833ef666d5e0c7471e36ac4a28f51cb1ed26c357b8140f3ca4ef70e70921b26dc85c2a2c2fc144bc44eb591e3bc3ed78b2e5715e9f2904b1ff18f via relay
2026-08-09 22:34:58.617+09:00 [INFO ] Processed 8 blocks and 8 headers in the last 10.00s (8 transactions; 8 UTXO-validated blocks; 1.00 parents; 1.00 mergeset; 1.00 TPB; 0.0 mass)
2026-08-09 22:34:58.617+09:00 [INFO ] [ibd-perf] 8 hdrs avg: validate(A,parallelizable) 93.1us | commit(serial) 392.9us [add_block 11.8 + db.write 72.3; held-lock 142.1] | f_serial=0.808 f_reach=0.024 | parallelize-ceiling 1.24x
2026-08-09 22:34:59.380+09:00 [INFO ] Accepted block 8d4a092b0ce1018acfcbbf077ddaa63daa60cd2c9aa72f01fa61d105409660b6599443749d62b576debd65dcead30a7fd40459cb648d90da7b5dcf2e026d2205 via relay
2026-08-09 22:35:01.125+09:00 [INFO ] Accepted block 7b110eaccdb3e735b35a59fdf4e8e4544f608460f7ab7a62a696739c406a5639119ab09b8a078e609b8f9c5b18b1037521d7915ce2d97292c9860be63527d8e4 via relay
2026-08-09 22:35:02.675+09:00 [INFO ] Accepted block 2a372b8a4307e69951628a3eccebce883fd817d6f5a350121e4848867dda2b7ac6b36757500275078fa5d4406c2e99754991b7cf928100be1189eaf2dfd08002 via relay
2026-08-09 22:35:03.892+09:00 [INFO ] Accepted block b616aa19c5e369a770cf90d43eed06af2bfb99812b8f1ea7738a593336dba20f7a8eb9ea481cc748468c5c57d9e4134edcb779df5c2bbb386f59c5db3d0f7636 via relay
2026-08-09 22:35:05.598+09:00 [INFO ] Accepted block 62c298d281da2159899ae9bcdf50055968a8ac4f40ba48ed2b6819b988b674da9b2364c6c4c3566265b7a3c10d52e6785b68512ac431cb51bf314cf1b3ae7f26 via relay
2026-08-09 22:35:06.800+09:00 [INFO ] Accepted block 2e43da8445b7a9188c648b82940586164970d1313ac11b35d331210d124e1e870c0379951c7447a7792f94b45329e5711c7f235cf5e8342eb4f1eca77c1a73ee via relay
2026-08-09 22:35:08.242+09:00 [INFO ] Accepted block 46833883074a1ec870145e76a75096c3979c9af33a7c193e6b6be818b284ca430d0c544583380e7ad07dbc18a2dcee6894d292900482629c4c7e3efc722b8420 via relay
2026-08-09 22:35:08.619+09:00 [INFO ] Processed 7 blocks and 7 headers in the last 10.00s (7 transactions; 7 UTXO-validated blocks; 1.00 parents; 1.00 mergeset; 1.00 TPB; 0.0 mass)
2026-08-09 22:35:08.619+09:00 [INFO ] [ibd-perf] 7 hdrs avg: validate(A,parallelizable) 112.0us | commit(serial) 496.2us [add_block 12.8 + db.write 69.9; held-lock 138.5] | f_serial=0.816 f_reach=0.021 | parallelize-ceiling 1.23x
2026-08-09 22:35:09.607+09:00 [INFO ] Accepted block af96b6b86c1896748f40da70d545841eb1dd38dcfb358cce832ee60d1488c63a7992100c1e885883d622e8e6619cc665a93889d1d83c9ec438cf3ac3136cd0b5 via relay
2026-08-09 22:35:11.069+09:00 [INFO ] Accepted block 31b3a31aef73cf5afd737779054656e97bf21f5030d355c1a1087fc5bd788526c46fec8df17e8da7a53e0b0374cbf7e2ec9322fcaa91e6cd0a9b73f888ff2a6d via relay
2026-08-09 22:35:12.686+09:00 [INFO ] Accepted block f752db2492c7112032cc6e8bc9824596343f8bb661762b1b6c4cf3a3284e5dd7f7cd566b7b37cee12231cfa95b4af47c43bbf7e86ee80ec3cba341bf6a0730b3 via relay
2026-08-09 22:35:13.960+09:00 [INFO ] Accepted block 9d62d6e4594b2a83ead4368f011301e3c30fbb2dbb69488557d3b0e00d1f35724867bf9ef6e7b15fff2e28b030268bfb39d9454b819e75b5aaec58920cf500c5 via relay
2026-08-09 22:35:15.410+09:00 [INFO ] Accepted block d8bdf134b0091c13864dea69e870f0162051cb07cfab175916ef2ab439ee93568a74d258245dfe00f3cc5a67cefeeb3d059f3c86c8e636e3ce87ef36c19a9935 via relay
2026-08-09 22:35:17.081+09:00 [INFO ] Accepted block d19ddd6c306f2db2cbc8c935a2d8e082625db1da7e4e12ad0c83281ec87f994e07fe614fb31c0c130922878ffd7257899e0608a3b076b796be9fa3d86234eece via relay
2026-08-09 22:35:18.590+09:00 [INFO ] [validator-service] heartbeat: mode=active sink_daa=2344 bond=unconfigured active_set=[epoch=23 is_active_validator=true (active_validators=5)] dns_overlay=configured (stage=Active, dns_confirmed=true)
2026-08-09 22:35:18.621+09:00 [INFO ] Processed 6 blocks and 6 headers in the last 10.00s (9 transactions; 6 UTXO-validated blocks; 1.00 parents; 1.00 mergeset; 1.50 TPB; 25100.0 mass)
2026-08-09 22:35:18.621+09:00 [INFO ] Tx throughput stats: 0.30 u-tps, 100.00% e-tps (in: 0 via RPC, 3 via P2P, out: 3 via accepted blocks)
2026-08-09 22:35:18.621+09:00 [INFO ] [ibd-perf] 6 hdrs avg: validate(A,parallelizable) 90.1us | commit(serial) 355.1us [add_block 12.2 + db.write 75.4; held-lock 168.3] | f_serial=0.798 f_reach=0.027 | parallelize-ceiling 1.25x
2026-08-09 22:35:18.872+09:00 [INFO ] Accepted block 795e83ef633d11f45b27373b8c7a7737d46ae3f75aa5f38415ff304604b741b115698d0a759949c3dbb2fce30f6bbf6a68641b433f9f78ab504c28cae910a9cc via relay
2026-08-09 22:35:20.030+09:00 [INFO ] Accepted block 4f12a8e24852e18c7380608f168884b3e6f9fe08d0038ec94cf2646d19984bf7de495a1b2232e0a684bc93943680598add2d86522709884e22283c7351ba05f7 via relay
2026-08-09 22:35:22.457+09:00 [INFO ] Accepted block 8e9c0a314d16786d27d290ef94c1dd3a4ab7bd2602580a2f38cda78317583611482bf90ef94026cd3789bca7b7a6d5a18d1d7ec32bd69b35a4b285d515f8333c via relay
2026-08-09 22:35:23.516+09:00 [INFO ] Accepted block 23e6044339cb1b8d5f6f56e7cc9f6c7c3011bba61d805790bedb1e08cedb8453d32c404632af8980785c67212d1936a68944ea9cc35235040aa6781fb409bc8c via relay
2026-08-09 22:35:25.065+09:00 [INFO ] Accepted block 738f3c280ea67a862e0d5850745f2598e736828babc97bf510e61857246d1eca07de495d8f406baab2c47cb22e8b35cf3dee03e2c6ea4e58e53544b49faf5f14 via relay
2026-08-09 22:35:26.862+09:00 [INFO ] Accepted block 5e5f2255211e2fa43040b11f913ea9459d617b199db0638e933bd3bb6f960e688cae9472043cb663ed5194bdb312f7c0f9d277cd7f185d7ba1fdd93af3b4959f via relay
2026-08-09 22:35:28.417+09:00 [INFO ] Accepted block f8265aae42873f965d484ca091bae04edfd82099a72351084134ba8a51c6ec0349ec05fbbbc0bf22c587349d5d5e8abb5b946c33bd5ed38b5b7ec30a9deae7fe via relay
2026-08-09 22:35:28.623+09:00 [INFO ] Processed 6 blocks and 6 headers in the last 10.00s (6 transactions; 6 UTXO-validated blocks; 1.00 parents; 1.00 mergeset; 1.00 TPB; 0.0 mass)
2026-08-09 22:35:28.623+09:00 [INFO ] [ibd-perf] 6 hdrs avg: validate(A,parallelizable) 112.7us | commit(serial) 262.0us [add_block 11.6 + db.write 72.6; held-lock 169.7] | f_serial=0.699 f_reach=0.031 | parallelize-ceiling 1.43x
2026-08-09 22:35:29.725+09:00 [INFO ] Accepted block 1f02d9e356e4786d6c7528f3a37480263ad9aea375f2e29b53a03ed18a1c1f4495f4d09a5c6421826b327503702daf3c4e280674ff0718a6cc57c9444df69db5 via relay
2026-08-09 22:35:30.889+09:00 [INFO ] Accepted block 1e785b0db7578b7dbbbccb6bd57ae870007f5fb8380d47c4c18a2b9882dbcd5e2fa81096aeb33bd04e38173b88493be8f17380d8ab697b3b658604b390a00278 via relay
2026-08-09 22:35:32.761+09:00 [INFO ] Accepted block c04a993d8488ef04e673aedad49350b6738db58cad1c322079c860f8db038da6ce78d668661b2d2f4e00213a1fc6e8cb9500feeb39f5ba2de3cf5f7145f166f9 via relay
2026-08-09 22:35:34.261+09:00 [INFO ] Accepted block db34b2ac4033fc567bf4f79c93af984753d775fa263884c2821c54c241bc87ffa040c1a0d384d5bfda780f14f0318be7cffa59320685331fcb0972a289e88a89 via relay
2026-08-09 22:35:35.532+09:00 [INFO ] Accepted block c2e481152a209a3f6163f9a5e9389d702727d7f3b7db02cbf55d5176d2f7e9ec589fb542752d8488b029f7b6a53e558b777c1289dcf052857728d48d8f464b81 via relay
2026-08-09 22:35:36.759+09:00 [INFO ] Accepted block df94a0c0a86c8315b2e2407b6e2ea7776964fb7c6b897ff03ad0d013e34c753f3919499da0d9beb801e18261f3f74c2ead46bfcf05803a40b94009ee8c5c8dc0 via relay
2026-08-09 22:35:38.143+09:00 [INFO ] Accepted block 1f8e1d012153d9caa08fd6b37f8cc85c0e747e0c3eea2bdb6177224593816c28b84d4e6c83ef9c6644932537c9f481896676c9ee156e4356056adeccbb689074 via relay
2026-08-09 22:35:38.625+09:00 [INFO ] Processed 7 blocks and 7 headers in the last 10.00s (7 transactions; 7 UTXO-validated blocks; 1.00 parents; 1.00 mergeset; 1.00 TPB; 0.0 mass)
2026-08-09 22:35:38.625+09:00 [INFO ] [ibd-perf] 7 hdrs avg: validate(A,parallelizable) 122.6us | commit(serial) 398.7us [add_block 13.4 + db.write 84.4; held-lock 161.1] | f_serial=0.765 f_reach=0.026 | parallelize-ceiling 1.31x
2026-08-09 22:35:39.774+09:00 [INFO ] Accepted block 53901a2da8328a1b3915c861e97b0d931d41a3cd6a68ff545a4f8818866b71db8a329f049ed31d5bb67cba826345becc409edb8c466f8b3629c3495d41eb2ebb via relay
2026-08-09 22:35:41.481+09:00 [INFO ] Accepted block 2922938253927cb79658d14ad978a2030359d0eba4bf6313e7d410660b7ca3327fd2073278490eb21a740311c18a1087395ff36423761bbc73222776eb98e7ba via relay
2026-08-09 22:35:42.621+09:00 [INFO ] Accepted block 27e27f7c93aabc48e00eb5f4828955945d941eb438f37bdd44bead77936bc0c4e92b57b1f3f84701fce3a9dba4039bb213fc152e888e666362996958911f3f72 via relay
2026-08-09 22:35:43.761+09:00 [INFO ] Accepted block 01c8b8b621dc5641112bf1f6b9b72ee20d0fb5011f5d8b5552e990d923b0e6a4bd02f325ef40233dd8355e039b3fdf7277a53948f10a89cdd26b8e773b3fed3d via relay
2026-08-09 22:35:44.935+09:00 [INFO ] Accepted block 149d895277655fa184c387ee22c4016c753b674b4b2be27f4348a83318178efdce0eea9c460ee3b7bef810648f9a82ae34c8773ef5aa501e509c73772f3e03d4 via relay
2026-08-09 22:35:46.155+09:00 [INFO ] Accepted block 79d4f7b690613c1c13808b9240b94c54d04f9fc675234205fada739d4536c078b03124e9bbd243303f0e45012a902c7fcce85bb10f81cbb99bd01fe2ef271342 via relay
2026-08-09 22:35:47.559+09:00 [INFO ] Accepted block a5165c4f23f1b8cb432c67ed356bc868c19aa9440d1fe854badc65c47a0f88dcce51da4ec0c1e242808202a32c6ee727ef878e36d8b6553092e17edfd9fc1f16 via relay
2026-08-09 22:35:48.581+09:00 [INFO ] Registering p2p flows for peer 127.0.0.1:17131 for protocol version 102
2026-08-09 22:35:48.581+09:00 [INFO ] P2P Connected to outgoing peer 127.0.0.1:17131 (outbound: 4)
2026-08-09 22:35:48.592+09:00 [INFO ] [validator-service] heartbeat: mode=active sink_daa=2365 bond=unconfigured active_set=[epoch=23 is_active_validator=true (active_validators=5)] dns_overlay=configured (stage=Active, dns_confirmed=true)
2026-08-09 22:35:48.626+09:00 [INFO ] Processed 8 blocks and 8 headers in the last 10.00s (8 transactions; 8 UTXO-validated blocks; 1.00 parents; 1.00 mergeset; 1.00 TPB; 0.0 mass)
2026-08-09 22:35:48.626+09:00 [INFO ] [ibd-perf] 8 hdrs avg: validate(A,parallelizable) 92.5us | commit(serial) 689.2us [add_block 12.1 + db.write 107.8; held-lock 188.7] | f_serial=0.882 f_reach=0.015 | parallelize-ceiling 1.13x
2026-08-09 22:35:49.500+09:00 [INFO ] Accepted block 4ab76280226b9df48a9fdc5d75aa8caa00a454bbaad1dd47cabc68096e25c6ace2158434ba8539e32cb80506fe4e01544599c72c69b52f772f0e8755b77a4591 via relay
2026-08-09 22:35:50.693+09:00 [INFO ] Accepted block 7ee8490d0ff76a2198618e34cac665c89011af7d7eaf4de8ce7371aa786c45a108034ed7192bdc1b3d40dba28900c38cda18ddf7b2c8aa2c080dff32fcf8e774 via relay
2026-08-09 22:35:51.945+09:00 [INFO ] Accepted block d8e954d8d138221b99045658cc131f5e6f8f9b5cb2e363b147855bb6f368e2ae5544d2bb3420a59db319f8eaa6d771635ca4dcf7873bd7fa134a97bf6b3991b5 via relay
2026-08-09 22:35:53.321+09:00 [INFO ] Accepted block b3db08424bf6698956ff8fc5d877eb879027ba5b129db4b82f0b9f2d8f1bbbb96550e54bae8de74392c96982ab808106945ad21649004e7a0be00776ec3d3992 via relay
2026-08-09 22:35:55.376+09:00 [INFO ] Accepted block 98d626977b2f3ed7d5158fde2e0b300b13881054de52cb7ed7a312f7148c10310da7f2b8b46ecaf07741e06664d8a5c0bc9b18f960c64d27f7eab87eb8097bbe via relay
2026-08-09 22:35:56.473+09:00 [INFO ] Accepted block 877b584f7410812dc6abedaf317da585c84c9bf01bbd78688262ad628f0ad8184c41b3e0b48d02c0c605d714cd0d8c58172eaf289f3fbb3b5d0765a8e19b3fbd via relay
2026-08-09 22:35:57.734+09:00 [INFO ] Accepted block 80f4e191c1c3066a4685d1043f93a9a89ef1f09aff0778711f57f6a14fcad4503f1a3ab5825184465c0c1e2181cd1286f1982013b95bbef2a34c9247cb468080 via relay
2026-08-09 22:35:58.629+09:00 [INFO ] Processed 7 blocks and 7 headers in the last 10.00s (7 transactions; 7 UTXO-validated blocks; 1.00 parents; 1.00 mergeset; 1.00 TPB; 0.0 mass)
2026-08-09 22:35:58.629+09:00 [INFO ] [ibd-perf] 7 hdrs avg: validate(A,parallelizable) 109.4us | commit(serial) 365.3us [add_block 11.7 + db.write 76.7; held-lock 139.8] | f_serial=0.770 f_reach=0.025 | parallelize-ceiling 1.30x
2026-08-09 22:35:58.892+09:00 [INFO ] Accepted block 966e92ebd58b5781cb3118ef96b72b210a2811cdcc42cea3e7fe6e808b294640a023a81d8f53d941b29104941639bf72d9a12daa1ebcdfd061b6b2bf368b9980 via relay
2026-08-09 22:36:00.012+09:00 [INFO ] Accepted block f5587d13a68cdfb55373426f5786131f486bf25dc8f62556ec7d267f516fc449515e1b60bb7ae8897a767eeacb2c4dc2857e93923bf6ad1ecc243f26f448ac26 via relay
2026-08-09 22:36:02.038+09:00 [INFO ] Accepted block 40f801e230816d91a20e03c10f30aaa6057a1649f2127b28e6ea98ce67e01907aa6bf8ec83693d822f763df55c079687feec7c58b4fc5a467f8a92e368fef6dc via relay
2026-08-09 22:36:03.421+09:00 [INFO ] Accepted block 437845bd06a4460055842dd76b8a8c0f87d58c66b3588228b30cc385b1bf0ff4e5ac0d6bf228cf6b681f2b32c15476ea74dba9686915292838f7aa0b6a11893c via relay
2026-08-09 22:36:04.883+09:00 [INFO ] Accepted block 933f27508d1b43f2d5a57bc3a5384214f8b425ae6e6eefd4730924af7fbdc565a58384b4fa31cf829ff59570032e7c6b2c53706fcb35d376dff9bbc0e36ebac3 via relay
2026-08-09 22:36:06.007+09:00 [INFO ] Accepted block 64d6e67e48d3ab086a3315c0afc00a36d59cd84a9e303727024788a7e63dd001ed13761aa1618135f3fd8de4653ab37b7d3c82b2b00abfacc964966e89199f09 via relay
2026-08-09 22:36:07.227+09:00 [INFO ] Accepted block 3362d56ba5e33d20b32f110e41d252d5aacf6371c55fcee6c45f4a48e5a5782e509cfd5a92046f81566e5b9aab9527a33d7589d87422174636031c0e08cd7ff2 via relay
2026-08-09 22:36:08.630+09:00 [INFO ] Processed 6 blocks and 6 headers in the last 10.00s (6 transactions; 6 UTXO-validated blocks; 1.00 parents; 1.00 mergeset; 1.00 TPB; 0.0 mass)
2026-08-09 22:36:08.630+09:00 [INFO ] [ibd-perf] 6 hdrs avg: validate(A,parallelizable) 109.1us | commit(serial) 630.6us [add_block 12.5 + db.write 84.0; held-lock 154.8] | f_serial=0.853 f_reach=0.017 | parallelize-ceiling 1.17x
2026-08-09 22:36:09.987+09:00 [INFO ] Accepted block ca55443b26f7248f96a21792e32f4f08fa4cad478cf6f3aa27c634fac781d94105e8992ce0b425559c274f46a669e6d639e6f9dcff6d396247419ed89e37dfc7 via relay
2026-08-09 22:36:11.967+09:00 [INFO ] Accepted block 1acd7c6e7ee93c81406b08dbe2641ca8d7971d172d1610ea2b8d60faed290fa69baf1f83635424a9c3d95da395040f191d6d497ccc53b020708073035858f2ba via relay
2026-08-09 22:36:13.810+09:00 [INFO ] Accepted block c461255ad8520130a291c356e1c90c06cdab8fd2c02c7249b0c22fbc23641656040b40a31ef2f701be9c885d6c085840eb07d339416e891fe3818187f4945c73 via relay
2026-08-09 22:36:14.897+09:00 [INFO ] Accepted block 4f8e384daf5dd8d38d634393fc7ee07b67d5e7571b670ca51428a8283e64474dc38fcd82f3ccaf275e62b2047e76c0351031d8e07c51b14103b7bd5f00f14173 via relay
2026-08-09 22:36:16.168+09:00 [INFO ] Accepted block 0ff046ec0c7329bd6e641c035aab6cdbeecb1f2e96c9a9a8a801f14f2b2cdac0523cc0bb3344a97f8d5d07a27db348c8a84fd8fc7132ab45028f1c2b1658a451 via relay
2026-08-09 22:36:17.887+09:00 [INFO ] Accepted block 7e4077afcd51a737fcb07caeb0df082b1ca145310f91f2ff787ad986efb8a625c6b8ee40cdbdae1ce24988c1f3212b8889cdf23b8efdaada3e1d58dc7f9445bc via relay
2026-08-09 22:36:18.595+09:00 [INFO ] [validator-service] heartbeat: mode=active sink_daa=2385 bond=unconfigured active_set=[epoch=23 is_active_validator=true (active_validators=5)] dns_overlay=configured (stage=Active, dns_confirmed=true)
2026-08-09 22:36:18.633+09:00 [INFO ] Processed 7 blocks and 7 headers in the last 10.00s (7 transactions; 7 UTXO-validated blocks; 1.00 parents; 1.00 mergeset; 1.00 TPB; 0.0 mass)
2026-08-09 22:36:18.633+09:00 [INFO ] [ibd-perf] 7 hdrs avg: validate(A,parallelizable) 89.9us | commit(serial) 366.3us [add_block 14.3 + db.write 91.0; held-lock 171.7] | f_serial=0.803 f_reach=0.031 | parallelize-ceiling 1.25x
2026-08-09 22:36:19.025+09:00 [INFO ] Accepted block 92b0961af8093334287449babf30d11fcdb3ed69d05952fe803d5c1c2b5272edca73c5cb1042dd575d11084e5e77e1384015cc3d259da862089ecd301a7dc0dd via relay
2026-08-09 22:36:20.371+09:00 [INFO ] Accepted block 60465042007f3007ec269bee0ebf7466dda7db6ac6ebdde575ddd39eacda52fc8b72680003ae87757dae495211d3b1edf85cd7bed6f2de1f130dbd10e9b2c860 via relay
2026-08-09 22:36:22.438+09:00 [INFO ] Accepted block 653f7841b15ab5d387f122d53ea46aff2fc7de1affd74aeac41584efcc0f97e8483626a4884d87688d0f0279881affec873b8ff57bd2a4e62ebca33f545eed8e via relay
2026-08-09 22:36:23.782+09:00 [INFO ] Accepted block 76e06547b5acaa8538002e6bc8d9c94d5b28b580bede0bffdfa2b2e8a13d8adae41f65f8a33c743b2f237b0fc47f35698f6ec84e99c6d195a72c38bb4d9f5ff9 via relay
2026-08-09 22:36:24.928+09:00 [INFO ] Accepted block 6d7dc949f99ec9e252ee318f75e736703b0be0fc9c08fc9d76db3a9d5fba05d9e61b0a0c573b601a66b3985b7c03a8b955e86480858eff9dcef53e7400d02067 via relay
2026-08-09 22:36:26.765+09:00 [INFO ] Accepted block 4273490cf76bfe01dfbeb0249f84f0864e4d10f02b65417861f3f5de90c106c5a8f963ed3398b728a0507ba55198ff16582841e93f52c0cf9babc1a53b0c226e via relay
2026-08-09 22:36:27.923+09:00 [INFO ] Accepted block 925dd5400828a57cc70ace0b3a38f0dd0778e4e0197dc382a48cc966d8757ef68b6bb804e9a78cee118795aacf155db1c9dbb607b5ba31fc0e9273148a86730c via relay
2026-08-09 22:36:28.635+09:00 [INFO ] Processed 7 blocks and 7 headers in the last 10.00s (7 transactions; 6 UTXO-validated blocks; 1.00 parents; 1.00 mergeset; 1.00 TPB; 0.0 mass)
2026-08-09 22:36:28.635+09:00 [INFO ] [ibd-perf] 7 hdrs avg: validate(A,parallelizable) 105.0us | commit(serial) 575.8us [add_block 10.8 + db.write 80.6; held-lock 143.5] | f_serial=0.846 f_reach=0.016 | parallelize-ceiling 1.18x
2026-08-09 22:36:29.657+09:00 [INFO ] Accepted block 844c5f6d37ec33853d536560a71b4f685f414548b838219756d38cf7ec5387c5e1c494c45c80dbaae3d1034dffc34a4e49532c31eab499e8d6e0058487dea656 via relay
2026-08-09 22:36:31.174+09:00 [INFO ] Accepted block 51f43fa792957663df2861bd1862389748e49998ac00e999f9d1d065c76aa4536e5af57284d3e804924a02352dd98c03b48bf2f3ae40e1c3e9a983185044a3bc via relay
2026-08-09 22:36:32.575+09:00 [INFO ] Accepted block 6bff75c0490767fadb616ae0f776fad8f86b49fb5a2d2acd053ccb9663e40817e90992548170bb3b9089359c3c4ad40cbde74889ea828419b1983f77adefee5c via relay
2026-08-09 22:36:34.086+09:00 [INFO ] Accepted block 47b6be1f466143bded42b527b702472aff0fafd5fca4cf47cffba980d435c10af55be370097fbbefb92f59031b26088f4dc5031b153e79df65fab4bf3184e26a via relay
2026-08-09 22:36:35.696+09:00 [INFO ] Accepted block e4a5cf8bc73e7ef45ccf440e7333127c86b14ed5108f0dab3ea031d73dffcd74d074609e4dfaf3d0e0627b222af182f54e9788d76d3086148a7b01c8eec7c750 via relay
2026-08-09 22:36:36.768+09:00 [INFO ] Accepted block 902c6612a529418852ec4d8e6e54b8ec42caa8b1669c375e560592a84a9b2f8d53ec5b1c437e57c19c4ea0ed53459c9db275932bcb3b6433bb496fcd01eeb4b7 via relay
2026-08-09 22:36:38.436+09:00 [INFO ] Accepted block 672622fdbd4e24e54dd9e244beb9020d2a777540ca238c5ff977aecdce5fc5c69680bd5ae3789192332d92e28d605422aafd20b276f6ee3d947b079849aac1d6 via relay
2026-08-09 22:36:38.637+09:00 [INFO ] Processed 6 blocks and 6 headers in the last 10.00s (6 transactions; 7 UTXO-validated blocks; 1.00 parents; 1.00 mergeset; 1.00 TPB; 0.0 mass)
2026-08-09 22:36:38.637+09:00 [INFO ] [ibd-perf] 6 hdrs avg: validate(A,parallelizable) 87.1us | commit(serial) 329.3us [add_block 13.0 + db.write 95.6; held-lock 171.3] | f_serial=0.791 f_reach=0.031 | parallelize-ceiling 1.26x
2026-08-09 22:36:39.550+09:00 [INFO ] [vlt-shadow] sink_daa=2399 5 validator(s) with credit; 5/13 epoch(s) would reach quorum; newest epoch Some(22): W(E)=664790750 signed=398874450 snapshot_root=201c6cc4e9ce77cc7d5812fb48e798db4775e96df6f8b7272c5c191c2e4ff3388174c2e231ec7c1a0720b2ed4e6c756fa003be44588d4024f0ff9da16f9e4a53 — the weight fence is at 18446744073709551615
2026-08-09 22:36:39.550+09:00 [INFO ] [stake-score] sink=365e157d15980c25d32b745cf5d0c97265382e644c10c090094fe2a5e69f39fa544cb4dabf5eac0ae8067a260fd1c6dcd7b3d24d733a59695f96e44ed051bb2d sink_blue=2400 credited 50 attestation(s) over 13 ready epoch(s) → stake_depth=10000000000 (rollout=Active, health=Active)
2026-08-09 22:36:40.556+09:00 [INFO ] Accepted block 365e157d15980c25d32b745cf5d0c97265382e644c10c090094fe2a5e69f39fa544cb4dabf5eac0ae8067a260fd1c6dcd7b3d24d733a59695f96e44ed051bb2d via relay
2026-08-09 22:36:41.651+09:00 [INFO ] Accepted block ffe8c03bc37efe96e20da333d36102dbe4474e09ec5c9f83a7bbe0d32d76ba8ec8378251c13330f4fe08cf3d44ef80fc67c88ed410998fac1d6cef5bd0eaef53 via relay
2026-08-09 22:36:43.410+09:00 [INFO ] Accepted block e9804e4240affe297ded6421930adf518a4248334b37df4ac179f53fd34339b177ab9b1ff0383eb6e04a7684ee0a1736fddf542cd0670bca93b40fc1d6c0b1a0 via relay
2026-08-09 22:36:45.165+09:00 [INFO ] Accepted block f91ef8c918c9944a74912714e50b11fe2397ec075c16aaed7cd081d915ac9aeb514acbe7cb4c4f674954df5122a2b2f28941c9fe9b3f3652e4fed990e8b32699 via relay
2026-08-09 22:36:46.697+09:00 [INFO ] Accepted block 5c304fbdc1bfe4b0f61f32b3365e008835d9391af417bc84010235622e3b0fa761825957c9996a624587b9748f4a0c33a0478300790ebbbe706271f453366af8 via relay
2026-08-09 22:36:47.814+09:00 [INFO ] Accepted block 0db627420771e6413fdb4fa890916ec39a286ee08260fe3e6021ae3c35710c7ddeac3e92c7317b12834bdd1954ba56f14ef4be23b36873f3e724a28944d0dbed via relay
2026-08-09 22:36:48.596+09:00 [INFO ] [validator-service] heartbeat: mode=active sink_daa=2404 bond=unconfigured active_set=[epoch=24 is_active_validator=true (active_validators=5)] dns_overlay=configured (stage=Active, dns_confirmed=true)
2026-08-09 22:36:48.638+09:00 [INFO ] Processed 6 blocks and 6 headers in the last 10.00s (6 transactions; 6 UTXO-validated blocks; 1.00 parents; 1.00 mergeset; 1.00 TPB; 0.0 mass)
2026-08-09 22:36:48.638+09:00 [INFO ] [ibd-perf] 6 hdrs avg: validate(A,parallelizable) 126.5us | commit(serial) 317.1us [add_block 14.9 + db.write 114.6; held-lock 225.0] | f_serial=0.715 f_reach=0.034 | parallelize-ceiling 1.40x
2026-08-09 22:36:49.950+09:00 [INFO ] Accepted block 3c0a36aa606a94a1b8aa75999213f33e6085e5f2b2633eda63e49d460cbd8b06907b85dc741df3f5a128d8229d310c7fecb5477eaa12fa37921060ee3aba9271 via relay
2026-08-09 22:36:51.073+09:00 [INFO ] Accepted block 43dd999015d035bdcf033d25369eccadcf0efb9b4e80f9bf025745f620b2c9c45e186c75ae6c28a33c3c087cb9a1e418a1aa6d3562d9a3253f15693c9f55ae44 via relay
2026-08-09 22:36:52.251+09:00 [INFO ] Accepted block c5efe4aa0484376bff025e5cea295095a09ee84e1a2684a9292edfa2ad86227b2c652e28b6c047203c36104e29415982aa1bdaf8508fcd9afd5cb68999cf4216 via relay
2026-08-09 22:36:53.623+09:00 [INFO ] Accepted block 3cb1625a863254c7b6529b4003a809325ae69624459e2bc15bac4b3dc0ae73f375664ab2438a965cf9a2dc638954ee6fbcda5d3ed379c8cf6d70591ff450de71 via relay
2026-08-09 22:36:54.749+09:00 [INFO ] Accepted block 04a7f5dc9e95b04c92bcf651517f0244e8d208984996c5c86f0efc913433159086765d1f675b668a1c21d4788fb96620a5ffde1d6e17015ba600da20f3a2f380 via relay
2026-08-09 22:36:56.006+09:00 [INFO ] Accepted block 55423e6357e2b86d719969bb9dd0ee39d9afa73a601a6cb2836a1a1ebe3776969a813e664116385fe55672fb695e9ce9fdca45cfd210006fb06079261fd9e3e1 via relay
2026-08-09 22:36:57.118+09:00 [INFO ] Accepted block a20a93280ac6bfbb5629bd6e38ab27ecd26ab2489a6e5cffcf5e01803ad7a62a0245708121cbebda7e5ea475b101678df1732b6cfa72adc168fabdac849d8f0c via relay
2026-08-09 22:36:58.641+09:00 [INFO ] Processed 8 blocks and 8 headers in the last 10.00s (8 transactions; 8 UTXO-validated blocks; 1.00 parents; 1.00 mergeset; 1.00 TPB; 0.0 mass)
2026-08-09 22:36:58.641+09:00 [INFO ] [ibd-perf] 8 hdrs avg: validate(A,parallelizable) 113.6us | commit(serial) 783.5us [add_block 24.4 + db.write 130.8; held-lock 284.9] | f_serial=0.873 f_reach=0.027 | parallelize-ceiling 1.15x
2026-08-09 22:36:59.498+09:00 [INFO ] Accepted block 1da0f1ee147b87244c4c438094c672679a7df655dd5da2578f87ba5da8a44f24497c372b061fcb6d002af6df0bcb1a074d70e1e290ea663d0c22c7c9539d9d7d via relay
2026-08-09 22:37:00.592+09:00 [INFO ] Accepted block 4fc384d261d6e759e38df753480bbfc7b400387c361c0e6b9a3df2ebd03a86de93b9c550c20aec6549c85cd85d94e533c0f605b864e2cb9b4673afade03bd2a4 via relay
2026-08-09 22:37:02.467+09:00 [INFO ] Accepted block 16d05a9991ad4ca1681f1542fe759d8da891bbd8138685aec3077fa93284bf928c00465c165e3f558a105f5b699f4d9c62669955b00c871106465cc234a67c95 via relay
2026-08-09 22:37:03.728+09:00 [INFO ] Accepted block 4904e8f9bd5de78ed82e767f32b082ff5973902dae5eebb9bbb074a30ad631fae4924102ed1037b87bb90129230350bb506de3c5658133c6f7eb86edad1a3fa7 via relay
2026-08-09 22:37:05.146+09:00 [INFO ] Accepted block 0ddfc87a5b9b2896bcbdae9bc8a0991eb5f856175848b9374da717e6a090ff1c12954441debdd76fdcaef3c58ace28aafc064c552175713ed804acca99f63721 via relay
2026-08-09 22:37:06.793+09:00 [INFO ] Accepted block 37509f6b6cf9945d178d81539297bd67c8ec7d73aa0520be4a055840ce7062e2514935c16a15d5409f54500ef3e73e90465f8f79ee0d290754e2f79024f05f03 via relay
2026-08-09 22:37:08.105+09:00 [INFO ] Accepted block 4696bea3b6ea209701c82ce2f386fcf708a4b3561d67ad310a5374dbad13f4857a4d8078a770a346a4336a87627806a0006373ec0698fe9a5bf0e405930b0e54 via relay
2026-08-09 22:37:08.643+09:00 [INFO ] Processed 6 blocks and 6 headers in the last 10.00s (6 transactions; 6 UTXO-validated blocks; 1.00 parents; 1.00 mergeset; 1.00 TPB; 0.0 mass)
2026-08-09 22:37:08.643+09:00 [INFO ] [ibd-perf] 6 hdrs avg: validate(A,parallelizable) 122.4us | commit(serial) 336.0us [add_block 13.9 + db.write 87.1; held-lock 166.1] | f_serial=0.733 f_reach=0.030 | parallelize-ceiling 1.36x
2026-08-09 22:37:09.814+09:00 [INFO ] Accepted block dcb044b518394ba0955dedf5c2799a7b0f9c4e7a83a1073b2dd3a3c3ae2c7c7b5683f20a390f147709b4548bf484f0cfd1e174f3173bd9e65feb5eff54037273 via relay
2026-08-09 22:37:11.121+09:00 [INFO ] Accepted block 3479fe85eda6fa697098e04c5079a3cd5adbd1d8a1c911efed7eac85b425817ec171725c1034f4565868a8a419005a6ff2482085d87552cd4e17a4ebf74da236 via relay
2026-08-09 22:37:13.281+09:00 [INFO ] Accepted block a94bab7c8a5a0adcdb0fded3950a5dbb989bc1ca7c249b10366bfd99ea6efe5e71bd66b0d1bdc76b57b0ef5b56b38f95a31dd308ba5814ad9760f270f065f069 via relay
2026-08-09 22:37:15.380+09:00 [INFO ] Accepted block 0b16da160d76829c5325602ec3911b9eb73c5becff4caaa87816a495e5c2b392a552be063a81b513488a23b027ac8b00ffe1a623fafa16ffd9565c13c077f154 via relay
2026-08-09 22:37:16.894+09:00 [INFO ] Accepted block 1a872f8076ab19660e42ba5fd5acd3650549344a583b0514c7d7e2893e3a1cf51c8c14efc00bcfe5e6e1a8db3bccfad3bd3cc8d064d76c8d68d1761fea591d40 via relay
2026-08-09 22:37:18.599+09:00 [INFO ] [validator-service] heartbeat: mode=active sink_daa=2424 bond=unconfigured active_set=[epoch=24 is_active_validator=true (active_validators=5)] dns_overlay=configured (stage=Active, dns_confirmed=true)
2026-08-09 22:37:18.645+09:00 [INFO ] Processed 6 blocks and 6 headers in the last 10.00s (6 transactions; 6 UTXO-validated blocks; 1.00 parents; 1.00 mergeset; 1.00 TPB; 0.0 mass)
2026-08-09 22:37:18.645+09:00 [INFO ] [ibd-perf] 6 hdrs avg: validate(A,parallelizable) 132.1us | commit(serial) 601.3us [add_block 21.0 + db.write 102.8; held-lock 200.7] | f_serial=0.820 f_reach=0.029 | parallelize-ceiling 1.22x
2026-08-09 22:37:19.562+09:00 [INFO ] Accepted block 0a7da5a94de6cd5473d62c6713ec1064cf0253059162c75f7b09eaaef37d5a10b3d7b22604c8f524055ed903fe41e8afc68c3f4226f42f47a3d80e88037dbeda via relay
2026-08-09 22:37:21.135+09:00 [INFO ] Accepted block ba0cd24a01af65d56ec0eef303beb2d61c7b0086ae30d08f486fa887bbfbb7d2147f6a6ae6763ec38bb0a207fb8ab742d6424e69bbf4a39385301079097b0b79 via relay
2026-08-09 22:37:22.559+09:00 [INFO ] Accepted block 8af757d8d8e22b9527d18e0e4532d8a034976db2a348e1a76719eea0df5fd71ae8b87e5dd07839ab91bfbeb624a3fde2350c30a2a4ffca70ea7044cd313b5033 via relay
2026-08-09 22:37:23.606+09:00 [INFO ] Accepted block 8fed1a746c1508fdc8c8a491a65cce68fff0857e00494aaee5581d9d33cc87a99b777dee7531c7aff80b8db0bdd44c4e5baaedba8de041a4bbb33ca8c02a7564 via relay
2026-08-09 22:37:25.635+09:00 [INFO ] Accepted block 882644c63d2e1cbb22876331ed81fd3678b7d3b09cfd7546510f3a4d391d4847f472f7dd9fef426695ea037d808efe74ecd28074f1c112957cbb520b1bff4f38 via relay
2026-08-09 22:37:27.709+09:00 [INFO ] Accepted block 99b53d588590ccf07c7799492e70289afb0e6f5523e63410b0d16af40074da90af05cd23c86c1e7c42fcb637ca1859cd62d8911d28374d10f44f971623529ab5 via relay
2026-08-09 22:37:28.647+09:00 [INFO ] Processed 6 blocks and 6 headers in the last 10.00s (6 transactions; 6 UTXO-validated blocks; 1.00 parents; 1.00 mergeset; 1.00 TPB; 0.0 mass)
2026-08-09 22:37:28.647+09:00 [INFO ] [ibd-perf] 6 hdrs avg: validate(A,parallelizable) 102.7us | commit(serial) 672.5us [add_block 14.0 + db.write 83.9; held-lock 178.5] | f_serial=0.868 f_reach=0.018 | parallelize-ceiling 1.15x
2026-08-09 22:37:29.081+09:00 [INFO ] Accepted block c87941a96f8fe38dcb7fb1289b72a091dc3c6d33ebd7f325f740c8ec501b941589d4c9aec3cf266abfab25e928b8ec62591a18cf982141fe9991f98f9c5e0117 via relay
2026-08-09 22:37:30.511+09:00 [INFO ] Accepted block 946754de1de957e3b59a85ff125593c902c71d15240f47d0207db6848f4357ed6cf0541308b7b3b9b48b4b4a86715e3d6784a688496ffae03d7509bd0125ed8e via relay
2026-08-09 22:37:32.646+09:00 [INFO ] Accepted block 5c817d89e7830059bcf86adb3703999a93bb1acee46fa15f71043dd56899f84414b5e8da0ae3eac4ba88a7c514f48ee424270acecd79765436406e195e8cd395 via relay
2026-08-09 22:37:34.091+09:00 [INFO ] Accepted block fe355b5c5bc3af6df5482a1fcacf697f441fe25164c92a09a7c8f6f968dabc57ba0c38ffbd4f12e1d440d35f0deb1ce9ce5d6819fc0586f491062e56534386b1 via relay
2026-08-09 22:37:35.374+09:00 [INFO ] Accepted block 39857cb2557834537aa864adf02da4ded269c5a9cc9557dd04b9f1e903086a3b99a89cef9d7bac361d264ab9bbc654d20264241cdfae3e1b2b3983e3beac3774 via relay
2026-08-09 22:37:36.693+09:00 [INFO ] Accepted block 6e54af791765c29bc39b076fa0fd89da2d0cdc5de77de335cefd33a8e6be2ae1b6125f1dcafd13fba720b182dac5b460c83e9c9bc2d18046ac8f16fb847fcc8d via relay
2026-08-09 22:37:38.183+09:00 [INFO ] Accepted block 17aacffb284541c2a83d64a724021c5f61f074412473423d54cb62a5bcfeb14c5eabd358d75d66d5f353d9cd8ccde62530bfd99b09b8155e853c0e6d59a5993b via relay
2026-08-09 22:37:38.649+09:00 [INFO ] Processed 7 blocks and 7 headers in the last 10.00s (7 transactions; 7 UTXO-validated blocks; 1.00 parents; 1.00 mergeset; 1.00 TPB; 0.0 mass)
2026-08-09 22:37:38.649+09:00 [INFO ] [ibd-perf] 7 hdrs avg: validate(A,parallelizable) 111.6us | commit(serial) 580.2us [add_block 13.2 + db.write 117.9; held-lock 204.3] | f_serial=0.839 f_reach=0.019 | parallelize-ceiling 1.19x
2026-08-09 22:37:39.347+09:00 [INFO ] Accepted block 3c555c228fdb5fba55542c2d2b3e62c3869d75bad76c8fab96c5b03ed529b09f4ca1966433a415c99acd894b35de6ce61d52652a4c25e6fd5415d4e2ef8b8b1a via relay
2026-08-09 22:37:41.296+09:00 [INFO ] Accepted block 04f0731e6c8199c6bb2583ffd970b2f3fbd4819b4fb2430f66b2cdb4566e522b2a08c66f9bf6914efefbdd678c590e809810e0f53a786870c2877d5405ba4c3b via relay
2026-08-09 22:37:43.160+09:00 [INFO ] Accepted block d0b2a2355cf1ce051ea3e811d19afa10500e6fbd4255df734c5641264292f6bc5cf7fd4eb190311e142fc0f5525a3cdc5bfe37cee80faa36805e8eb1f4beda20 via relay
2026-08-09 22:37:44.353+09:00 [INFO ] Accepted block 73ad88f721be3d3c93d35fbf6fcc3b06a8c4ec1c5878e8a52741a9ede8276b7b2f0f0eed1c44bfff59e385f93c4b95e7441e743005284c539a1df7d5987819e4 via relay
2026-08-09 22:37:46.014+09:00 [INFO ] Accepted block a4eb2fda397f7b13b8750cfdeede7cae54a54d654835d04d046fdb5f6f0eeaac99b5b7640e536f956517038a60056a39855fe1aff2e10d100f567bb1a460f933 via relay
2026-08-09 22:37:47.130+09:00 [INFO ] Accepted block 609994bff61c7eef7b019cc248cdc5865cd9d0143301e9d4d94d357276c981d8236defd932544c1b8f8f7d3d43bf80d4fd00d6ac36aed7d99a77a1a807c6b828 via relay
2026-08-09 22:37:48.602+09:00 [INFO ] [validator-service] heartbeat: mode=active sink_daa=2443 bond=unconfigured active_set=[epoch=24 is_active_validator=true (active_validators=5)] dns_overlay=configured (stage=Active, dns_confirmed=true)
2026-08-09 22:37:48.651+09:00 [INFO ] Processed 6 blocks and 6 headers in the last 10.00s (8 transactions; 6 UTXO-validated blocks; 1.00 parents; 1.00 mergeset; 1.33 TPB; 16733.3 mass)
2026-08-09 22:37:48.651+09:00 [INFO ] Tx throughput stats: 0.20 u-tps, 100.00% e-tps (in: 0 via RPC, 2 via P2P, out: 2 via accepted blocks)
2026-08-09 22:37:48.651+09:00 [INFO ] [ibd-perf] 6 hdrs avg: validate(A,parallelizable) 107.1us | commit(serial) 571.7us [add_block 13.3 + db.write 88.6; held-lock 163.4] | f_serial=0.842 f_reach=0.020 | parallelize-ceiling 1.19x
2026-08-09 22:37:48.829+09:00 [INFO ] Accepted block c0033c4dde4ea7aaa5ebd34170d481aa4acc180a681dc5e8d4455518c9157b7e4716e93e67742a1154feee3e91ea47a677904afa037cc0043a89c67d99670599 via relay
2026-08-09 22:37:50.089+09:00 [INFO ] Accepted block bdc126067c8b9785d84a567d31dd9cfd4013bec60d654f3a772fdcc9723159edc18950f010d579fe08c0e16bae7c678c1411946be6bd903cb83359c5a73672e7 via relay
2026-08-09 22:37:51.372+09:00 [INFO ] Accepted block 8aa8e3a77387c1469f1beaf96bb15e5a2deb7c3cefc44f6cb7a18c915a547333f3e6fa59e85dc8d8c9ddc8b337a632bf398c85a258c7f12f95af618f8ebc1955 via relay
2026-08-09 22:37:52.428+09:00 [INFO ] Accepted block f55068bca1a4520fcb0f1c47df6d0ec61cbe59fb536953a2e74d6f4782989e51a0d7724a5a088a83fe6caba3fb7dfd08db9f8576b718df1c28ce47cbde843d24 via relay
2026-08-09 22:37:53.699+09:00 [INFO ] Accepted block 0a8742696414936381bdf6f1c6bb0b6afbbb1aaa520bd03bdaa9cf2f8bdead4ae78f510fdb8e960c051ed5516cb9b3f58f7405300cc9aa0d180817e6e6bec769 via relay
2026-08-09 22:37:55.906+09:00 [INFO ] Accepted block c734e04553672354aded6be33e9b24c63591d2bdbf2aa64082ba748819541df140ef035070a5f42786f5415434ad2e991125ad79d694fef2cd001dd7fa7fe74d via relay
2026-08-09 22:37:57.204+09:00 [INFO ] Accepted block ee1da69c04a8bd99a48c68acf332db067e86a33af7cc541cabf8f3bcda6587f6e92cab73b7781300a413a0a9cd84018dad160009ff31dd99cd9447a149a83263 via relay
2026-08-09 22:37:58.654+09:00 [INFO ] Tx throughput stats: 0.10 u-tps, 100.00% e-tps (in: 0 via RPC, 0 via P2P, out: 1 via accepted blocks)
2026-08-09 22:37:58.654+09:00 [INFO ] Processed 7 blocks and 7 headers in the last 10.00s (8 transactions; 7 UTXO-validated blocks; 1.00 parents; 1.00 mergeset; 1.14 TPB; 7171.4 mass)
2026-08-09 22:37:58.654+09:00 [INFO ] [ibd-perf] 7 hdrs avg: validate(A,parallelizable) 115.3us | commit(serial) 465.0us [add_block 10.1 + db.write 83.0; held-lock 144.8] | f_serial=0.801 f_reach=0.017 | parallelize-ceiling 1.25x
2026-08-09 22:37:58.958+09:00 [INFO ] Accepted block badc968182450739bb0953d632c765f6ebac71f13d0dadb6f0b4a36fe215809bd113d1d87ff3f44920da6f49cc33227117b943c65115b16efe21448e1c8d2dfa via relay
2026-08-09 22:38:00.074+09:00 [INFO ] Accepted block 2c24f940e2172f10dab01efb33eb4f298fb41bccedb23130d953244613faea4dc0acb512c73fbb44bec2cab200c0e9182769b47a5351c0b291889889a5ecc4fa via relay
2026-08-09 22:38:01.549+09:00 [INFO ] Accepted block 07fe05283398785c33b43567667031434a727e54211f15ccf3eaa31e218df78fe8929830d6ca9305bed6674d2d6b7a572748342870a28e15db48481c8a5abcf6 via relay
2026-08-09 22:38:03.412+09:00 [INFO ] Accepted block 46630027fc6ec488333cb284405b4170500510dfdfb0fb8a541a0090b1733037c44dd23d425ba2ea5b2494d5bcccabe851f2af72fdeec55a599fa14cde517646 via relay
2026-08-09 22:38:04.821+09:00 [INFO ] Accepted block 1eb6f44de919a851ffa0dfa3e5282c584d70b5b6280cf5b292a4067dabd667321d871cca6b4ae4158e8fd88252419f548737079fd4896a5eb39e405637a4941d via relay
2026-08-09 22:38:06.050+09:00 [INFO ] Accepted block d97b2061b45878cac090d7402bfe1ac72580987e379f699fe9c5d7bef85833dbd85cde418650f5bdaec29c7e0278a6487131f9552e8e0ae77df0b6ec0e0ef782 via relay
2026-08-09 22:38:07.563+09:00 [INFO ] Accepted block 27a76cc6538dcbbaf607f4d8a594c7ab043e29ebc4ff874b181fbb83d180b995bdf6d3c2170026c82e4a70530a97fe4f0b351a84dfb09ed5f3fe0e4c4ee608ca via relay
2026-08-09 22:38:08.656+09:00 [INFO ] Processed 7 blocks and 7 headers in the last 10.00s (7 transactions; 7 UTXO-validated blocks; 1.00 parents; 1.00 mergeset; 1.00 TPB; 0.0 mass)
2026-08-09 22:38:08.656+09:00 [INFO ] [ibd-perf] 7 hdrs avg: validate(A,parallelizable) 110.4us | commit(serial) 679.7us [add_block 16.3 + db.write 112.2; held-lock 196.8] | f_serial=0.860 f_reach=0.021 | parallelize-ceiling 1.16x
2026-08-09 22:38:08.967+09:00 [INFO ] Accepted block 5f401e45d1203f9da47d71b75b34abd118416a3d4e99c31daf12d1b196cae64fe2f0e800a025af226d6993a0a9abf0a92878277e79d1c03dabd5cebb75c701f0 via relay
2026-08-09 22:38:10.275+09:00 [INFO ] Accepted block 0e66cccf7890b59b35ec4ed95f55faf80ad2d9a6b79f8d6131fa76e9e9afc30c954c794dd3aa2bbc81033bdd518c1e97321320f113b3c990faf1bc1eb5339652 via relay
2026-08-09 22:38:11.545+09:00 [INFO ] Accepted block 6c43d538404930442adc555a691e7332d674e7c0b26e614c31a89ac1e7a605830872865a73e23afcf64035e2ac611c3b551e2e1091f0b473cb4ac97617626780 via relay
2026-08-09 22:38:12.647+09:00 [INFO ] Accepted block d94d995151cdcec6336c8a130a4379c2b79b350182cdd7595a4b1129b746e91b876cc7be256c60455e2b3062a893eb2ee614b69a466c0c55859fbd095e492a1c via relay
2026-08-09 22:38:13.877+09:00 [INFO ] Accepted block b5b1d4d767e75cf9c6cd2246672b751447418e7d675e456d56eb95b80138f7eebcccd85f1eb13af690a1d4e362c20dcb6915aea07daed0536120352cc5207481 via relay
2026-08-09 22:38:14.946+09:00 [INFO ] Accepted block e6df76adef40d9e76d45d0017f1e4137f7be40508b3ef7ba2767ae2b1be5242acaf38d3c224feb4a52cae55b70792b96e3b23789603a26611910a305301f8834 via relay
2026-08-09 22:38:16.548+09:00 [INFO ] Accepted block 3f4f0ef560a79f30dc0e25adedcf81935543bcfaa77d9c9f0920ed5f01662f0c891c5f37d47e63fe6272252117354c2ebae28101929b293b901fdd6ee09c7ab1 via relay
2026-08-09 22:38:16.948+09:00 [INFO ] EVM lane KPI (O9): 256 chain blocks, avg mergeset 1.00, avg accepted-gas utilization 0.00%, 0 deposit-claims applied (cumulative)
2026-08-09 22:38:17.979+09:00 [INFO ] Accepted block 2933a4ea321b3cd2544e77b46f26687264adae2e63c03ef833927e2954c1cc06eff50388ff5b1b7b10febf298c825fd30c8ba3b9f924d1c628c0640ae71b8383 via relay
2026-08-09 22:38:18.605+09:00 [INFO ] [validator-service] heartbeat: mode=active sink_daa=2465 bond=unconfigured active_set=[epoch=24 is_active_validator=true (active_validators=5)] dns_overlay=configured (stage=Active, dns_confirmed=true)
2026-08-09 22:38:18.658+09:00 [INFO ] Processed 8 blocks and 8 headers in the last 10.00s (8 transactions; 8 UTXO-validated blocks; 1.00 parents; 1.00 mergeset; 1.00 TPB; 0.0 mass)
2026-08-09 22:38:18.658+09:00 [INFO ] [ibd-perf] 8 hdrs avg: validate(A,parallelizable) 104.1us | commit(serial) 539.5us [add_block 13.0 + db.write 108.7; held-lock 188.7] | f_serial=0.838 f_reach=0.020 | parallelize-ceiling 1.19x
2026-08-09 22:38:19.203+09:00 [INFO ] Accepted block 29b86b170feb8019bdb8b8839f6d8496e07cf0c7c3935f03d08072609d48c584e6401bf070125e070d7129209835aeb98cad39276e86f55eb69f69069f8b803c via relay
2026-08-09 22:38:20.544+09:00 [INFO ] Accepted block 9364da7bf2f7750ffcae7ac60f16829de468b7a5211f9f0e3cf2b8402e4d740ed72171c63923993433416cad4b4b0f29ac6ddc00466f904c46599a74e0631b69 via relay
2026-08-09 22:38:22.536+09:00 [INFO ] Accepted block 8892aa0b29e2ab690f2f28443fda32007275ab1e84d07ff59476d121b23d158daaf4fca24db7453916638c3e46a7b679adee78bf8b7683c464fc995f379db1cf via relay
2026-08-09 22:38:22.765+09:00 [INFO ] Registering p2p flows for peer 127.0.0.1:63134 for protocol version 102
2026-08-09 22:38:22.765+09:00 [INFO ] P2P Connected to incoming peer 127.0.0.1:63134 (inbound: 1)
2026-08-09 22:38:23.597+09:00 [INFO ] Accepted block 38df4f81a605142a277c904a455f9d512887fa7933655fcaa8517bff8b43e986ccc4eb2d3f1aa29880859160a986da091169275cef7690031321e73eac66b0de via relay
2026-08-09 22:38:24.706+09:00 [INFO ] Accepted block 0c27e75beae7e891d27adb95a26278941312780ba707a6a655ccab934e1067c9866ae1cf8846bdc4f487b2221bb72ab1b4ea53dc35ecea6fa9a94bd20fe7bb5c via relay
2026-08-09 22:38:27.834+09:00 [INFO ] Accepted block 00e87686068cd39eacf0abd13ac2d572901b2a746e4c8ed1c45bcd8e6bc31422f31d383a4eb46647e030096a70b2e84f48c50e79c69de7693969e8ed1c1f000f via relay
2026-08-09 22:38:28.659+09:00 [INFO ] Processed 6 blocks and 6 headers in the last 10.00s (6 transactions; 6 UTXO-validated blocks; 1.00 parents; 1.00 mergeset; 1.00 TPB; 0.0 mass)
2026-08-09 22:38:28.659+09:00 [INFO ] [ibd-perf] 6 hdrs avg: validate(A,parallelizable) 97.6us | commit(serial) 195.0us [add_block 12.6 + db.write 90.9; held-lock 162.1] | f_serial=0.666 f_reach=0.043 | parallelize-ceiling 1.50x
2026-08-09 22:38:29.550+09:00 [INFO ] Accepted block 9a6ac4fbc863a5b2ffdad02ce96412e44f5f32f1bd6fe9f97ffd737bb4b0d92b21cda8ab60fccc914d06c62633255ca7f6836744b1fe257afa4a4654a052bc4f via relay
2026-08-09 22:38:31.331+09:00 [INFO ] Accepted block e77bae2a36a21a3d922620cba5d7be8f832063e333c2817b37ad43422c11eecabc88cd38688f0f5901086402c3678a126ec8c05220cc61addae8fe718af154b0 via relay
2026-08-09 22:38:32.637+09:00 [INFO ] Accepted block 70f6f33bfeefc80acef66ce559776f2c1765333d2b7422bea6b55fc3019cbb54d49d5edad41f5514c81103664a595a4115e189aa51f1580148f43280f35a5424 via relay
2026-08-09 22:38:33.904+09:00 [INFO ] Accepted block 3541838dd15904edd5fe8500c594d291737a47a2f107bf2c19e01327377a17ebb5af31c74a04da77abacf00df43d2fdebe1c8f0d7328b3b944c846f5d0db9604 via relay
2026-08-09 22:38:35.515+09:00 [INFO ] Accepted block 578f4add6c1a2d37b10a83ecf1a3596a66971c8c7311358894655be63f9b6e015a261a86fa3d8634ed2557b3e7a852700a0d7500cfbc8035a29d7f5fb516e8fd via relay
2026-08-09 22:38:36.622+09:00 [INFO ] Accepted block eff54f7824761701e9229e57d226c3fc38f4fe5baa0c7881255f9cece37aa6ae3965c1c9ed58969aaa06c8a9f9cda0d3ffa29909bb4228755dc1e4a0ed8a9faa via relay
2026-08-09 22:38:38.252+09:00 [INFO ] Accepted block 39e988a6fc633c516557f7bf16d8d1ac6180b77224452c2a2259cc0c37fc362aacd90e0783c845004c541df8c4e5bd244be78d4b0ffda2dc5004400065ebcc04 via relay
2026-08-09 22:38:38.662+09:00 [INFO ] Processed 7 blocks and 7 headers in the last 10.00s (7 transactions; 7 UTXO-validated blocks; 1.00 parents; 1.00 mergeset; 1.00 TPB; 0.0 mass)
2026-08-09 22:38:38.662+09:00 [INFO ] [ibd-perf] 7 hdrs avg: validate(A,parallelizable) 127.9us | commit(serial) 418.9us [add_block 11.3 + db.write 93.8; held-lock 384.3] | f_serial=0.766 f_reach=0.021 | parallelize-ceiling 1.31x
2026-08-09 22:38:39.592+09:00 [INFO ] Accepted block cc7faa5fe658bec3db31d5f9b86d5186abfb428c38af0f01da59d04a9951821d819c446f70e6adf338440baf4e54d75b26104bc9a4091b6343cbc6310f29ac54 via relay
2026-08-09 22:38:40.676+09:00 [INFO ] Accepted block d5841137e4db2e6a9cbd8a3f89f5cce807541871ce3e4dab969d42ae08e7d64b42f81a95ce8f4794c3e2b16ed333a0c4547315285beece7c723f831f3b00da16 via relay
2026-08-09 22:38:42.058+09:00 [INFO ] Accepted block 293b7ad63d64c8a71727348a787dd170035930805c5f1c88441c70ccb94abac1a3aad27adaf06e0ba29f91ef94550f19c5680183e7d48f107ad8e8b292f271e3 via relay
2026-08-09 22:38:43.556+09:00 [INFO ] Accepted block 5f8fcaa5bf2cbbc7a926d0c14bc5a2abb4940a63ba28590097f2fb4935c49b979b67a98bd24633555f1ae62f5c18d08c200119dca7ce245dfa3ce50e7dbee959 via relay
2026-08-09 22:38:44.629+09:00 [INFO ] Accepted block d4248243e52551b7c41bb0ecdceda12ee68921dcef853933d8bb75ecff5f74d2851118a6dd0c30bfb67912c6efd70564f14a73f1c678d80d2fa8c396c5ff005f via relay
2026-08-09 22:38:46.420+09:00 [INFO ] Accepted block 8be44514426503c4af3efe844619c0a1d7f4c5a409334e8aa9871cf21c669e901158aeda1fdc72fd827fe40298e9a82118e9fbab115fbc39d2be3f221e092080 via relay
2026-08-09 22:38:47.621+09:00 [INFO ] Accepted block 49b3c4371be2ab1f69f1248741cb2b804f7809e303ff12b6ecd034c15d284f24f6858f7bad71066bbe19231479416ab3d0dc8bf6b10393b50052e7931c17b2bb via relay
2026-08-09 22:38:48.608+09:00 [INFO ] [validator-service] heartbeat: mode=active sink_daa=2485 bond=unconfigured active_set=[epoch=24 is_active_validator=true (active_validators=5)] dns_overlay=configured (stage=Active, dns_confirmed=true)
2026-08-09 22:38:48.664+09:00 [INFO ] Processed 7 blocks and 7 headers in the last 10.00s (7 transactions; 7 UTXO-validated blocks; 1.00 parents; 1.00 mergeset; 1.00 TPB; 0.0 mass)
2026-08-09 22:38:48.664+09:00 [INFO ] [ibd-perf] 7 hdrs avg: validate(A,parallelizable) 119.2us | commit(serial) 242.9us [add_block 15.3 + db.write 111.4; held-lock 200.7] | f_serial=0.671 f_reach=0.042 | parallelize-ceiling 1.49x
2026-08-09 22:38:48.873+09:00 [INFO ] Accepted block 7442d2caf64088147397343ca1bea904c61c47c7b21b719ac2d3864edbfbb91d2fa0597034bbbcd84306949bd8e1581a682b496868eecf8d9f29de4287158a40 via relay
2026-08-09 22:38:50.241+09:00 [INFO ] Accepted block 34f533962dd99b85ffa8587ef9aa77030e8ef1c53b1fcfc47d53aea893e179979cad6e6d8a6186a48c8da473e0ec89eeb0ff1d4666ce26c16dcb4872c43eeb6a via relay
2026-08-09 22:38:51.611+09:00 [INFO ] Accepted block 48ba1ff3fa50a4cd417816b545b4407aaa93e9770b08f3acfeb9f22b031a901ef66a8fec50e26dd5ec55cc6c1c2252a34180f9ba51a36f376acc9881670e377a via relay
2026-08-09 22:38:53.858+09:00 [INFO ] Accepted block bf8041da0559ef8038cbee97ebb25d9dd6d6c5b7d7d78f788227359d5da13559c4cae21a22a016a48844b6567dee59ba27ff1a1533df88aee221d48ce484bfe5 via relay
2026-08-09 22:38:54.974+09:00 [INFO ] Accepted block 7a8789990d4c1f1b88f1df436eb4b47e7cf5b35e3bd9c2ff203cfc289907ca99aa7d8bcd27d38e2fd476e67bd88d6fd00caef97bc508f34ab85d3d7f353d9528 via relay
2026-08-09 22:38:56.155+09:00 [INFO ] Accepted block 19f20c3709fa69b303a67d255bc692e40da5c26564bbc68e8de7e79beb6fe57b1ce16b15668ee67a5ae02a5e0150a976d123bfaf4190886fdc6e6ffc361bd1fc via relay
2026-08-09 22:38:57.411+09:00 [INFO ] Accepted block 018990dbfcf22973686adb755702ec3b319399ac16f6b730a7e50836622ec106352b61ed6e7515aa454082dea81020f999ec76b2fbd17a225276f2d5d3d2cff8 via relay
2026-08-09 22:38:58.666+09:00 [INFO ] Processed 7 blocks and 7 headers in the last 10.00s (7 transactions; 7 UTXO-validated blocks; 1.00 parents; 1.00 mergeset; 1.00 TPB; 0.0 mass)
2026-08-09 22:38:58.667+09:00 [INFO ] [ibd-perf] 7 hdrs avg: validate(A,parallelizable) 120.6us | commit(serial) 217.6us [add_block 12.1 + db.write 114.0; held-lock 182.0] | f_serial=0.643 f_reach=0.036 | parallelize-ceiling 1.55x
2026-08-09 22:38:58.722+09:00 [INFO ] Accepted block ac8353b3f1d43b58567d76cbd8df28a1bf446407beb1f3c10c31dcd6a4871a1720aa3b557c70329fd3447db68096899352b92a6f44dbe4545911046207926185 via relay
2026-08-09 22:39:00.998+09:00 [INFO ] Accepted block 538dee6b98c9534e501521c86af537b281dbe771ba5dfac1b06a51b179ef38ed4d9ab9e14d72f2d8983871cac0b161364c42f656eed2f92f75a8e571768effc7 via relay
2026-08-09 22:39:02.257+09:00 [INFO ] Accepted block 91e3816e33d052c8da18bbd5c578da7a449033aa4cf20a8e87ced9655392c52428718413a8017427d4dee69f768c7eb12b98a095c22c70a165f914662e971565 via relay
2026-08-09 22:39:03.988+09:00 [INFO ] Accepted block 7555989ceb1b0808f4c2ba44931501f7b1018969b4b7be55f27f522b78351991479c4bef841025f16c1ad4ec450e48688ae9be2bc7544063d3a0e8bf0ff56bfd via relay
2026-08-09 22:39:05.301+09:00 [INFO ] Accepted block 70ab9401ab81cda88db36bac8d81f5d3008694158fba9879bf70f70e9f040e9b329542eb4df963428029aea35cb797c059e36cefbb647b41259b0a3ea5ae3fc3 via relay
2026-08-09 22:39:06.390+09:00 [INFO ] Accepted block b40518a857f71d2a488ef7f7713bcaae78e9b3fba737e5409f78ad3794614ac411dea325f33ae519ef3c2e8bf242319013bb04eab51e4c0cabecee64059a29f2 via relay
2026-08-09 22:39:07.509+09:00 [INFO ] Accepted block 2641d8e611b1d61d199d69f116c3c6c216be208d7a90d62f1dbaf88b8309e92b9c8789b54254bbc99966641b0971110fbd8a0d5922fc8d0081fb5336933fb592 via relay
2026-08-09 22:39:08.066+09:00 [INFO ] [vlt-shadow] sink_daa=2499 5 validator(s) with credit; 5/13 epoch(s) would reach quorum; newest epoch Some(23): W(E)=644846750 signed=386908050 snapshot_root=b7d77dd1768d151336c758cd7cc0f4b045f2ac59416067529f9e293c647c68738adf0c0439fdf1ec7b500ec56a9d1e7e9fd1029f24c480472f4f06873b0d3f91 — the weight fence is at 18446744073709551615
2026-08-09 22:39:08.066+09:00 [INFO ] [stake-score] sink=f00eff775b60d97c9ab1704fb9a3dbb297084004365c860ececfb09aeea43056fe3e2496784e2994b471ef22b7d9b4a73321cccca7ee5e5e2db7ea40a728f83a sink_blue=2500 credited 53 attestation(s) over 13 ready epoch(s) → stake_depth=10000000000 (rollout=Active, health=Active)
2026-08-09 22:39:08.668+09:00 [INFO ] Processed 7 blocks and 7 headers in the last 10.00s (7 transactions; 7 UTXO-validated blocks; 1.00 parents; 1.00 mergeset; 1.00 TPB; 0.0 mass)
2026-08-09 22:39:08.668+09:00 [INFO ] [ibd-perf] 7 hdrs avg: validate(A,parallelizable) 110.6us | commit(serial) 227.6us [add_block 13.3 + db.write 107.3; held-lock 187.4] | f_serial=0.673 f_reach=0.039 | parallelize-ceiling 1.49x
2026-08-09 22:39:09.072+09:00 [INFO ] Accepted block f00eff775b60d97c9ab1704fb9a3dbb297084004365c860ececfb09aeea43056fe3e2496784e2994b471ef22b7d9b4a73321cccca7ee5e5e2db7ea40a728f83a via relay
2026-08-09 22:39:10.230+09:00 [INFO ] Accepted block a2223338a063c36fd5464d63f0796b17a4997a152f896443d99b00f77e081faf59d1afc3299993858b476cc016006b757e97d56db656f1751b7e449defc7ef32 via relay
2026-08-09 22:39:11.531+09:00 [INFO ] Accepted block 769186c23d65f4eb03b6ccbdfcac1c152ed44d99858cfac3e3f3c6fd33e12a7514750dce905b840c20b2d1563812fa18e52795172e418c6e5a35d922d1fc98d4 via relay
2026-08-09 22:39:12.615+09:00 [INFO ] Accepted block d05913a50f62879dcbe6298dccad967012319295681e716177fe9a962ae19345a15152d0c701289b2039d258ff9fecb8b5d4b011510fbeb41cf26ae599247b0e via relay
2026-08-09 22:39:13.723+09:00 [INFO ] Accepted block 6eac036057e8e505ce886562faa8adcf32423536a44fb45cc84eba7528ceb57448c5581774934c740311ae774cf5d4bc6e5bdb49c917b6c35126754cf8aaaf28 via relay
2026-08-09 22:39:14.887+09:00 [INFO ] Accepted block fa6b21cc7d5ab7fee8319699e50ff2cce74e98d714745425d4ac60d52d1d78733d898d85d957ee2affe0ff98e12e928ea8c9a1c36935f668809ecb0046801843 via relay
2026-08-09 22:39:16.098+09:00 [INFO ] Accepted block b1f53855808aeae77d87870d5ac043820642fa4ee48b5b5bf1ed0287e9772af1ebef89b3af34210bbc5145361f71c5cf76c123930daed284c8deafce91b9f4db via relay
2026-08-09 22:39:17.605+09:00 [INFO ] Accepted block 3da8ad58557fd3bc1460dfd21453219ec5af972c5333ca7a944c51f2bed247bbc84cc9b6317eeb22434447b0e4adb94357ccb3f1238fb004d4a7d55e738803b4 via relay
2026-08-09 22:39:18.611+09:00 [INFO ] [validator-service] heartbeat: mode=active sink_daa=2507 bond=unconfigured active_set=[epoch=25 is_active_validator=true (active_validators=5)] dns_overlay=configured (stage=Active, dns_confirmed=true)
2026-08-09 22:39:18.669+09:00 [INFO ] Processed 8 blocks and 8 headers in the last 10.00s (8 transactions; 8 UTXO-validated blocks; 1.00 parents; 1.00 mergeset; 1.00 TPB; 0.0 mass)
2026-08-09 22:39:18.669+09:00 [INFO ] [ibd-perf] 8 hdrs avg: validate(A,parallelizable) 104.1us | commit(serial) 201.9us [add_block 12.5 + db.write 94.5; held-lock 168.6] | f_serial=0.660 f_reach=0.041 | parallelize-ceiling 1.52x
2026-08-09 22:39:19.367+09:00 [INFO ] Accepted block ef5fe9adeec712699def36fea846c9338f458f838a5c6c58ed38e653f7b358f6809417b090910dbad21c24c7b991b6a1470f9cdaf7d2ffe2bf166721a4c51bd3 via relay
2026-08-09 22:39:20.436+09:00 [INFO ] Accepted block bfc4355f01a04e296fa338e3aeea89245b5d3fa0eb15fd32e95e64dd90a9e8b2b1df9c417fea69e9bab2c1a5bbde694694c2c77a1d8c624da9de94e71be8ca41 via relay
2026-08-09 22:39:21.959+09:00 [INFO ] Accepted block 34273d9c4be9d8b8e6ffa141ca1a764c50f1ae8f6945e31511f6ab18f29c235b8be68c655a530594230e78a63d7920ecb0315882e300977c99c8ecfba460962b via relay
2026-08-09 22:39:23.181+09:00 [INFO ] Accepted block d2af2c1a7fda85c4bd2cf0116cb54c32db0bc67a0992dbc3a2286b6e59bc46bb771d1cd95ad1bd67a09c9419adb054aebf17c17806eb3e03d66afd2ddb70f68d via relay
2026-08-09 22:39:25.201+09:00 [INFO ] Accepted block afe99495674d6f4981cdafdbe4aae1bd3fe16e7c761e30abb8af641dc199b7a0fdf4af40898f6dd0305940b5b752ded1d406097ba17dfb35fb67a6e8cb12dc6f via relay
2026-08-09 22:39:26.665+09:00 [INFO ] Accepted block 4327f26db3e085cb4bcd849489f612c0c344f3d0aa86a683fbaf431d73d2d89c7bf95b1a01916b2d29cc5fa7e6637b3d0a3c377bbd78f8bc6b50ae78e1a59989 via relay
2026-08-09 22:39:27.799+09:00 [INFO ] Accepted block ca5852495160c1f32b42abf6ad034cc2ee29d16c352f8f887ff1e6e41ace61cc28a5ae3e51cffedfcbcecdf6dd99d7541c94d53b9c61a2a09c91f95eb339e864 via relay
2026-08-09 22:39:28.671+09:00 [INFO ] Processed 7 blocks and 7 headers in the last 10.00s (7 transactions; 7 UTXO-validated blocks; 1.00 parents; 1.00 mergeset; 1.00 TPB; 0.0 mass)
2026-08-09 22:39:28.671+09:00 [INFO ] [ibd-perf] 7 hdrs avg: validate(A,parallelizable) 131.1us | commit(serial) 193.6us [add_block 12.7 + db.write 83.1; held-lock 155.0] | f_serial=0.596 f_reach=0.039 | parallelize-ceiling 1.68x
2026-08-09 22:39:28.907+09:00 [INFO ] Accepted block eb0a5339a51f3bc664baec929fd94e20dacdbadc4149d37e02b5bb224d04571b95f1f19e87624f0386462d24a192ac6f82b617a500181b2f9b4d34bcc00648af via relay
2026-08-09 22:39:30.684+09:00 [INFO ] Accepted block 6b9bdf51196622902baa9d379d87e95afbb33f3efa871ec33de98fd8deff60c8bf0fa2d8587eb4768753b0d33db11929ed9e7e5801f6107cd340d5a8af5c440a via relay
2026-08-09 22:39:31.879+09:00 [INFO ] Accepted block 744b2fed76f1ee20daf7368ac54477fbf85423ace6e39b002b9158f32a011de08e4e8b789e4d92a5ad3abb5e3882925e403d2bdb1668fb3a02bfe60effd3a473 via relay
2026-08-09 22:39:33.023+09:00 [INFO ] Accepted block c1a964d192c421e7175950a3922f68ca729dc4312f1f54a028997ee0cf722b9cf419bb9e17be964a849c7ff95729d1856e154916130bee861c264b34c7959bcd via relay
2026-08-09 22:39:34.316+09:00 [INFO ] Accepted block 6080a04b48936ebc52807c2a579d89636a7a4376494d313d307aadd143558126a3c214e7c5548ef0bd1895ac07f91f380f89c06a3b4fab366a589bad75b9b8b5 via relay
2026-08-09 22:39:35.634+09:00 [INFO ] Accepted block ed3276a8d6fc7b9e65d965060334920120d8872f3b32a5a98b1cd34b967b3ad694e3e4fd8b91ab95216df847fe59d4d956c1b954bb4b214dbfdb18186bff04ed via relay
2026-08-09 22:39:37.298+09:00 [INFO ] Accepted block dd62e34dd1effefc7c528c204e96b9058f5c3c94d296639186d8d3b116ffefb5eb36f1714aa606f09095597d0c50efcbb1210478aa8eccac26c057218f629e4a via relay
2026-08-09 22:39:38.672+09:00 [INFO ] Processed 7 blocks and 7 headers in the last 10.00s (7 transactions; 7 UTXO-validated blocks; 1.00 parents; 1.00 mergeset; 1.00 TPB; 0.0 mass)
2026-08-09 22:39:38.672+09:00 [INFO ] [ibd-perf] 7 hdrs avg: validate(A,parallelizable) 96.1us | commit(serial) 234.2us [add_block 14.7 + db.write 108.2; held-lock 198.8] | f_serial=0.709 f_reach=0.045 | parallelize-ceiling 1.41x
2026-08-09 22:39:39.648+09:00 [INFO ] Accepted block d86ee09fab3464a3b2de68dff08fd291d1eabd7caa7276fdcc2536ab9965157430027a9936f4300081a4f0ada29e9ca54707e4b1da35e7b23ed80ee41b8e09ff via relay
2026-08-09 22:39:40.782+09:00 [INFO ] Accepted block 6c3b827a437ac31acc9682cb70216e66eb333b88f05f39a0be0df3727a98056c245f2bf58d65e08b2630f603cf22519a6a22d7d66d2f1cbfe61351efed318beb via relay
2026-08-09 22:39:42.789+09:00 [INFO ] Accepted block 07c16ec6cac1bf0945b910ff6d685e4f839d0d21de582a5eb00a68aa481f36359c766a9c51a6ca3e620d755cfc0d479cb6be3af91727b3a47ec17cbd2ca91b28 via relay
2026-08-09 22:39:44.063+09:00 [INFO ] Accepted block 75d7ff8a44ea043c06c619acc24a87ec75770b7adaa546f28d26c01bb48133b6309560fa825fbea01d24c9603b9ea6f95c2a1b3aeb522b272664ee4053853187 via relay
2026-08-09 22:39:45.245+09:00 [INFO ] Accepted block 722cf17920fd4720f5609b22bff45e95534b940a62c1f653d620e3955a4d8ff09904226d831e3cdd84a249f3f0de52bd9c96372b65654a2d1a3f5e1dc04fd4c2 via relay
2026-08-09 22:39:46.437+09:00 [INFO ] Accepted block bbddf62ba1774a9233871f4771a8eea01274c13de2da7126f558e0a3e3a92c09fa84750a1ff65d455031941c912eadd7f18755fe40828b51e1fee50f9e0694f5 via relay
2026-08-09 22:39:48.106+09:00 [INFO ] Accepted block caa421bc4ceb63b6126379406049e61d8e9cfc0824abd864b149b76c6351597ddd61314f595e3ae1ec8550a5352a2364cabe786f03533ec2a7761b770c6fcc9a via relay
2026-08-09 22:39:48.613+09:00 [INFO ] [validator-service] heartbeat: mode=active sink_daa=2528 bond=unconfigured active_set=[epoch=25 is_active_validator=true (active_validators=5)] dns_overlay=configured (stage=Active, dns_confirmed=true)
2026-08-09 22:39:48.675+09:00 [INFO ] Processed 7 blocks and 7 headers in the last 10.00s (7 transactions; 7 UTXO-validated blocks; 1.00 parents; 1.00 mergeset; 1.00 TPB; 0.0 mass)
2026-08-09 22:39:48.675+09:00 [INFO ] [ibd-perf] 7 hdrs avg: validate(A,parallelizable) 120.2us | commit(serial) 195.1us [add_block 11.3 + db.write 89.4; held-lock 156.1] | f_serial=0.619 f_reach=0.036 | parallelize-ceiling 1.62x
2026-08-09 22:39:49.274+09:00 [INFO ] Accepted block 358ef99796787966e0420bb9c7cc0113a73e6580aed3cc9765dbd5ef81cc24ff5f6fe458335f3e3018c2a88fb7f4ecf69b423836175a8f6bc3d0926ca7bf63bf via relay
2026-08-09 22:39:50.403+09:00 [INFO ] Accepted block 36cd8fc9aa6b57d48c6f4b6720e420ead9d480463498594e7aaace9323a01de2797c31aee5cfc5c9dcead1f257ea01e2f8e1b434dce3b7d3f879afd9ca882a68 via relay
2026-08-09 22:39:51.872+09:00 [INFO ] Accepted block 91260bf944f9730219d949c3948b87b21ce1ca28f46e386430345cc7b1043813bae84342f10512a0e6122967aee5857f17eb5411b24fb25956c32cd2b1684c4e via relay
2026-08-09 22:39:53.390+09:00 [INFO ] Accepted block 9351bc5095d3f0e321bb0eda2af4227cec83f13bdb273b77cb3bce7550f8a12df220309bdbd4db91680edb53bc9c0bc4a04482615c3ab702349159cb871da805 via relay
2026-08-09 22:39:54.475+09:00 [INFO ] Accepted block ab4ff3c84f9b1d31a974afcf26786826efaf802724867ebf81e6e8a94cd7bd56e9b8b8bb9d799a4563af5b19f9ce2c53eb569eaac8cdce6cc8a2aaaabe278d9b via relay
2026-08-09 22:39:56.429+09:00 [INFO ] Accepted block 2b9328247dc542c3209533c1495c2c2e4212859f1b95c07ca719085d4219f1b36ddf1b30c74c9dfd9c04cac5b9fbeed281da5e00f029cfccf0de451ecce4fa3a via relay
2026-08-09 22:39:58.230+09:00 [INFO ] Accepted block e61d5f8b4f4b0c5f61b7e585c7d9827f2f53595584b7ba0c3de11a22d4fa43a213fd0c4cae9d29d87d072f24be60229522c9791f3a4149066df86fde28df6eaa via relay
2026-08-09 22:39:58.677+09:00 [INFO ] Processed 7 blocks and 7 headers in the last 10.00s (7 transactions; 7 UTXO-validated blocks; 1.00 parents; 1.00 mergeset; 1.00 TPB; 0.0 mass)
2026-08-09 22:39:58.677+09:00 [INFO ] [ibd-perf] 7 hdrs avg: validate(A,parallelizable) 111.6us | commit(serial) 230.6us [add_block 13.4 + db.write 116.5; held-lock 197.2] | f_serial=0.674 f_reach=0.039 | parallelize-ceiling 1.48x
2026-08-09 22:39:59.376+09:00 [INFO ] Accepted block f07ec4b80ab1e82d7f0965854ad35e93f2fbf4dfbc60a9e1a865bb10ae889c1e28f6740f9032ba9f3ab9343819ac1d7e07bfbd911e4d367af311c89785b0f2fa via relay
2026-08-09 22:40:00.762+09:00 [INFO ] Accepted block f3dc247778cd9c8762c75776ef5411d5443107ede6e0cfe924a8695b0eba6a99a48dfe8f791fbb1726574d3e8814a17558f64e93036a3b75f03ecc5cd8d55ab7 via relay
2026-08-09 22:40:02.724+09:00 [INFO ] Accepted block a207d39ab8cf8181fdae373f69017fef5cbdd40d8761cb5ceefdb209b3efedef58340540a8468a0f2af62d955553bb11ecb3a26262833abb9b802823e9dfe8eb via relay
2026-08-09 22:40:04.384+09:00 [INFO ] Accepted block daaa3d3c7f4ae9ed190cc9c61f45a51650e0162c57cc092faf21000e1cff2e319a1e17a25b7e301bdaedd27479ac7a36587dddba1a9fc619401aded45abe538f via relay
2026-08-09 22:40:05.518+09:00 [INFO ] Accepted block e4d792039392adeea49205cd1835796a660da9f4117ceb95f576a34a6c71bfdaefac864821315d9ec7aa49400ff6410abdc54bdcf1ddabf4c0a8cdd0281e4fed via relay
2026-08-09 22:40:06.635+09:00 [INFO ] Accepted block 8038a923b362dabb6acca62c69774ae8560b045526f27e6d7dc99a9b5383d26d70685c8b9012b75a8455d1e357c55fa40e4ced40acc4f87f16e5fc9572300cf7 via relay
2026-08-09 22:40:07.898+09:00 [INFO ] Accepted block 972d6f553a0e1ed75dd582c43affe35a0a5f2fd867deadc09b91af479f878643576cf1020376893cff256ace9754d4567dff83dc33d83a77365240447d7a9c59 via relay
2026-08-09 22:40:08.679+09:00 [INFO ] Processed 7 blocks and 7 headers in the last 10.00s (7 transactions; 7 UTXO-validated blocks; 1.00 parents; 1.00 mergeset; 1.00 TPB; 0.0 mass)
2026-08-09 22:40:08.679+09:00 [INFO ] [ibd-perf] 7 hdrs avg: validate(A,parallelizable) 111.5us | commit(serial) 222.2us [add_block 15.8 + db.write 100.5; held-lock 180.8] | f_serial=0.666 f_reach=0.047 | parallelize-ceiling 1.50x
2026-08-09 22:40:08.985+09:00 [INFO ] Accepted block bf63fd4f67468f7cbb8d7b0a6514685704c482edb6db9cd6d63f17452f049c364aa25eac1fe267d6adc8f9f1ed963fa81edc018108abfee5514a26eb71c333e2 via relay
2026-08-09 22:40:10.709+09:00 [INFO ] Accepted block f0c4b54b027c70f6381eeaf96c7116711ed859dec17afb40d0121cf0fa55c0850f09b4dfb21dde13034779ed1b30ac0822e1b706c5b1a53b3c7a7d969aa46c94 via relay
2026-08-09 22:40:11.784+09:00 [INFO ] Accepted block 655a5f9e382bb6fd6dbf3c49b60e77246bde5a51a3cd902847216d41f196254c16a8baa7602736f947261e11c96c7830bded56a857e9bb6e777a771641dd2fe1 via relay
2026-08-09 22:40:13.023+09:00 [INFO ] Accepted block 9daa34d180aff901935c2cc4a8891114967fc919a5a3c142fc2c6cd724840b74497319425f6864e11a48433f4db3f29f718d4de20aeca424af28392f1aea6fa8 via relay
2026-08-09 22:40:14.752+09:00 [INFO ] Accepted block a971b638063f768d93372e685efa662c6dc762cba6aac4915d4d256af1d30726add14bd58f7113024c36a6da54bdd3e2942fe49149e349d8c62070583f9d2de8 via relay
2026-08-09 22:40:16.413+09:00 [INFO ] Accepted block a12155093e48e8fd7239b46b05b3c9064e8f1b6cbda34cc1b0e3a6a2ef047ceede5ed0590ff131be7cb5e00ae61c57ce19e58ee484841933bb061b385e05101b via relay
2026-08-09 22:40:18.615+09:00 [INFO ] [validator-service] heartbeat: mode=active sink_daa=2548 bond=unconfigured active_set=[epoch=25 is_active_validator=true (active_validators=5)] dns_overlay=configured (stage=Active, dns_confirmed=true)
2026-08-09 22:40:18.681+09:00 [INFO ] Processed 6 blocks and 6 headers in the last 10.00s (7 transactions; 6 UTXO-validated blocks; 1.00 parents; 1.00 mergeset; 1.17 TPB; 8366.7 mass)
2026-08-09 22:40:18.681+09:00 [INFO ] Tx throughput stats: 0.10 u-tps, 100.00% e-tps (in: 0 via RPC, 2 via P2P, out: 1 via accepted blocks)
2026-08-09 22:40:18.681+09:00 [INFO ] [ibd-perf] 6 hdrs avg: validate(A,parallelizable) 110.1us | commit(serial) 345.0us [add_block 13.6 + db.write 105.5; held-lock 309.2] | f_serial=0.758 f_reach=0.030 | parallelize-ceiling 1.32x
2026-08-09 22:40:18.875+09:00 [INFO ] Accepted block 0051b0c99a3384a48a5dd7c2003e6d889c7de060c3a5a826291807c0e2b75e3812c9738b6b9733866a66785014959be56ff6cffcea2f5fa63ba7cced415476db via relay
2026-08-09 22:40:20.420+09:00 [INFO ] Accepted block 8ea048cee886f0bf6bc883e4ff396dfa78eba6f04a867b214d28f3b97e4297a335af2912be949f9b2e221d5ba9e5f04ebcc0361a1da5290cc35691d36b204fe4 via relay
2026-08-09 22:40:21.515+09:00 [INFO ] Accepted block 009a13bdea6a813ef6d753eedfc44272e565da881b6150ba26b93516959df25b212f96ad1612cc6a7e87cafcf23a8c5567db9cc77b735632af3d227fb7cca40c via relay
2026-08-09 22:40:22.592+09:00 [INFO ] Accepted block fc5bc378b973c9b7b7e389f2666cc613494bc774c3da5cfd079b4579b645e9ec1630b1ec309e6a69b6dc6dca782cdb4155872d4d89a36e0c97f1f588191a5de9 via relay
2026-08-09 22:40:24.078+09:00 [INFO ] Accepted block 890438579f006681873c295b375c8970d47a98f8192bd4f3ba1b20f0b415493f847425875b66b74c41039ad4a5e578b9f073f18663fee11a22ae9eff23697bee via relay
2026-08-09 22:40:25.280+09:00 [INFO ] Accepted block 256d2a4e328c74e97d29c645405b4f3d0a1d55b00d97995b834fb70807db1b6ac58b0e67bf9574f987d91c27e0f42a4b4727c309a8706dce3c1665e4c16ebd0e via relay
2026-08-09 22:40:26.913+09:00 [INFO ] Accepted block 93f3f6c83ea3f609de6ee678326de5c31fd2f375bf38208843a417f701a865e7ca7a416c419f6fbc08b2d703399daec4e5a5683148672f83e7493563b71e5d6b via relay
2026-08-09 22:40:28.072+09:00 [INFO ] Accepted block 6c1df12ebe4d2f05fc537060d93016e866f69231f33c07b0f5f6a056e818f50a4ac87f35c80d20e6e61de413e395ee74352ef4d56a368639d9fef2e7591c1058 via relay
2026-08-09 22:40:28.685+09:00 [INFO ] Processed 8 blocks and 8 headers in the last 10.00s (10 transactions; 8 UTXO-validated blocks; 1.00 parents; 1.00 mergeset; 1.25 TPB; 12550.0 mass)
2026-08-09 22:40:28.685+09:00 [INFO ] Tx throughput stats: 0.20 u-tps, 100.00% e-tps (in: 0 via RPC, 0 via P2P, out: 2 via accepted blocks)
2026-08-09 22:40:28.685+09:00 [INFO ] [ibd-perf] 8 hdrs avg: validate(A,parallelizable) 111.3us | commit(serial) 233.8us [add_block 15.5 + db.write 107.4; held-lock 189.7] | f_serial=0.677 f_reach=0.045 | parallelize-ceiling 1.48x
2026-08-09 22:40:29.142+09:00 [INFO ] Accepted block 1954fb818fc79e3bfdef4ca3e8a97b8eb01b0e4f9c8b759bc6c712914e8c229c555e6ca9b128b58eb34b81748c45d25a0a0c19ad1f2be9a4e68bf67796f4379b via relay
2026-08-09 22:40:30.259+09:00 [INFO ] Accepted block 971c55a6f255d73147109352874982894d9249270e5cdb1ea7106d041396d7c59fe36316cc4d2363b8a15c7fbe818030e7667c044b1bcd1104b6e5376310fd30 via relay
2026-08-09 22:40:31.320+09:00 [INFO ] Accepted block cd2a24ffd66552e8034599275492006bb7a0447be1cfce7881b5690016850922faa1f99e7b84f8ee82bb102cbe3f0ced49de2025b0ce1f87ed8dcf330ac88123 via relay
2026-08-09 22:40:32.426+09:00 [INFO ] Accepted block ec36096da9f955f7c4f6d80bc54403823bac6bfca5662bcfd729ad254899f8a0048bd187192789b3d3e7bfe56e796d08491f0904d9e1db0f197e0034bf952933 via relay
2026-08-09 22:40:34.180+09:00 [INFO ] Accepted block 3371926d2c0d0d737d6c64a4a55e863e1a5eab33224fe60c68b9f706124c12463ec99cd9db8db75abbce9051dc471def6e92011ee72a5a33446da4001dbcff51 via relay
2026-08-09 22:40:35.274+09:00 [INFO ] Accepted block 983fa8e66b5b57b7c2a7445949c9b616034e82d4c2cf71a566ef5db948e921210619a5bed2344628b456335b7832692a1c2e77e45aee71b576260d212c4b6abb via relay
2026-08-09 22:40:37.114+09:00 [INFO ] Accepted block 11a84046e050ce98ee6cf49b1740ac81b1381f0525f36a14ee1119c6e1c8e389184a04ad0c408ef1a6c3102f6ad126337262084fee360d478b3a6073d7e6c1b3 via relay
2026-08-09 22:40:38.534+09:00 [INFO ] Accepted block 999893a1cbfbdca7dc432f1f2fef2582175796a27a9bfca32af08299b128435843e65488f185c6d28d74c633a07a9d02ce8ce3c539f8448ae56cb2ac9fe6d1fb via relay
2026-08-09 22:40:38.687+09:00 [INFO ] Processed 7 blocks and 7 headers in the last 10.00s (7 transactions; 7 UTXO-validated blocks; 1.00 parents; 1.00 mergeset; 1.00 TPB; 0.0 mass)
2026-08-09 22:40:38.687+09:00 [INFO ] [ibd-perf] 7 hdrs avg: validate(A,parallelizable) 99.0us | commit(serial) 263.3us [add_block 18.3 + db.write 133.8; held-lock 227.1] | f_serial=0.727 f_reach=0.051 | parallelize-ceiling 1.38x
2026-08-09 22:40:39.880+09:00 [INFO ] Accepted block dc170ab80daf4556f6b5186704969ba7ad5ffd358aa1be95e5d5ce67784481548f42e2e6b28df40be42e5832eaa912bfde4bc67479da7b8db6d98998bba1cf5e via relay
2026-08-09 22:40:41.963+09:00 [INFO ] Accepted block 068cd96290ceaf18ea16cf87dc5d8b61f37f3c652d1571d077974e0041c81e90de7568976f84f2aa6ac0af9a5019b6ff7d7db70062e147f427640ab4f92dd3c4 via relay
2026-08-09 22:40:44.291+09:00 [INFO ] Accepted block e949456016f9db2c4c43260ef040c27299697b1bbcc1d372bebf11f4cded49198c25ad582b39b78c04cf804d720e64f8d0f19a05b2ec7ce0246b7c9e23b7005f via relay
2026-08-09 22:40:45.960+09:00 [INFO ] Accepted block b0311323c7775de04632062d0f3900831727737e647d44a746c52401f3ea0dba75811c68ca46cff7631543ec64915c70aa55baa43def32c93e889f2098f4e4de via relay
2026-08-09 22:40:47.093+09:00 [INFO ] Accepted block 1e32d13978dba3c8877d01b167290a2431693343dc0befb27746395e870d6843a31273c1fd7ac848d14e873f2d93f6e5aef716add38843fada9e11bc031646b8 via relay
2026-08-09 22:40:48.269+09:00 [INFO ] Accepted block 950e623191c79835ba8b1bafec9612a580169167d0df9ef50171c85ea7f56aa242013fd16f8b31062314ad200735c60c51ba7f5a58e199fcfaa03cc799646f25 via relay
2026-08-09 22:40:48.618+09:00 [INFO ] [validator-service] heartbeat: mode=active sink_daa=2570 bond=unconfigured active_set=[epoch=25 is_active_validator=true (active_validators=5)] dns_overlay=configured (stage=Active, dns_confirmed=true)
2026-08-09 22:40:48.690+09:00 [INFO ] Processed 7 blocks and 7 headers in the last 10.00s (7 transactions; 7 UTXO-validated blocks; 1.00 parents; 1.00 mergeset; 1.00 TPB; 0.0 mass)
2026-08-09 22:40:48.690+09:00 [INFO ] [ibd-perf] 7 hdrs avg: validate(A,parallelizable) 93.8us | commit(serial) 191.0us [add_block 12.1 + db.write 93.6; held-lock 160.5] | f_serial=0.671 f_reach=0.042 | parallelize-ceiling 1.49x
2026-08-09 22:40:49.459+09:00 [INFO ] Accepted block ff742bb59d17870b92c49672439131a7e37e0d3f453daaba5075a6175f94b2e3f4e8254cb439f440a885c7e7bccea7de1e81b2af5992be61b0ca59d9ff004906 via relay
2026-08-09 22:40:50.740+09:00 [INFO ] Accepted block 8393d40f4a692e02efc43c1b0c7ba81c62c9d0bd2ccc94d4db738a31b4b1fda1534edb0c44afe3e1e61e813049507f0885088c34bc841098ced5fdf563335a53 via relay
2026-08-09 22:40:51.963+09:00 [INFO ] Accepted block 7ca2677a998392a786792b1ce64b2e74fb1cc43ff2e0db656f8fbf891cf715fc10d6bc84da4e379829842abb6a09c8c454e7d2138afd57303bd1b56a27e4d915 via relay
2026-08-09 22:40:53.254+09:00 [INFO ] Accepted block 50cd2d969e0812803185a55dbaf00a7ccae79cf9e9b91b65a861f4941c9c4e1935e9c5fe14576233603dc68c88ebe9c3c536b6e2b95e3ed284e39001694947a2 via relay
2026-08-09 22:40:55.049+09:00 [INFO ] Accepted block 2006b751becf0f839db5df99e2ae69e69803f8fd1a54368cf2433eaca649ad1e0cd090dcf609a572e754d34e8d5ca3452b4ea056f5d22e8d50d888295543bd2a via relay
2026-08-09 22:40:56.205+09:00 [INFO ] Accepted block ec9f3f66733692c87d8836003f822f24c37f96582d89ac8252a09b7205fef0df225b9d1b8b17243108cf907c7e52a31c86cda257d12856d0006cba40c3373959 via relay
2026-08-09 22:40:57.413+09:00 [INFO ] Accepted block 37318ea670d2d21e2f35c95bffc1115a22e1bc22635b992f7a89d5a9ff8ed9049a9ea13294aeff791fb1754e5840dc2843ce55bfb14857c3fefcc5e0eb5361b6 via relay
2026-08-09 22:40:58.477+09:00 [INFO ] Accepted block 6ec8c8ddfc983260e237c2a5dd5be97098cbdc1410c351bd55a203da6dead40d2b8310b164713cf89937f7d2e63ea49006c203690d84d847cff99ab2b83c9f07 via relay
2026-08-09 22:40:58.692+09:00 [INFO ] Processed 7 blocks and 7 headers in the last 10.00s (7 transactions; 7 UTXO-validated blocks; 1.00 parents; 1.00 mergeset; 1.00 TPB; 0.0 mass)
2026-08-09 22:40:58.692+09:00 [INFO ] [ibd-perf] 7 hdrs avg: validate(A,parallelizable) 106.2us | commit(serial) 245.5us [add_block 16.0 + db.write 116.4; held-lock 203.2] | f_serial=0.698 f_reach=0.045 | parallelize-ceiling 1.43x
2026-08-09 22:41:00.238+09:00 [INFO ] Accepted block acff106335fc868b886e373c7ef7946d1d9f38872309ee8b16705665ab5822453ced99f679837b9cc5ed15ea5b46fec57fce1505f01441f5e9672d811f404de3 via relay
2026-08-09 22:41:01.335+09:00 [INFO ] Accepted block 611ef591f211ef27ec7038a09efe08d5dc035a1d394eba234dfaed5c00776c9d14a8cc6698ab8ceb10530b14830fa0f002e8e41add0969d122e5f55e95fdc281 via relay
2026-08-09 22:41:02.594+09:00 [INFO ] Accepted block a91e560c6d99afa5f7cfebd78de375bbd3a6479475b599e7f4e8a0f5b0c3b886933c7ec94b6d5c6d139ee6c12269f3d56e71e34f278f751ee283f0a48d84bb9b via relay
2026-08-09 22:41:04.924+09:00 [INFO ] Accepted block 5f7192c6e6e7ca6f408a226244e2c5129766c37fdc5f187c494c0e03ef00a9f476ecb68fc3c5b68d9e222bba04baabc1de65d389b0a1396e7d926682ebd4cc11 via relay
2026-08-09 22:41:06.386+09:00 [INFO ] Accepted block e9e81ec9186db342b288c1128407947f15044ef489fd00f6cef8f8e60b909b9c831744f14b521bd8751b50b960f1614ff3dd6cc3b3fbb748c10430b526823e50 via relay
2026-08-09 22:41:08.694+09:00 [INFO ] Processed 6 blocks and 6 headers in the last 10.00s (6 transactions; 6 UTXO-validated blocks; 1.00 parents; 1.00 mergeset; 1.00 TPB; 0.0 mass)
2026-08-09 22:41:08.694+09:00 [INFO ] [ibd-perf] 6 hdrs avg: validate(A,parallelizable) 115.0us | commit(serial) 233.2us [add_block 13.7 + db.write 120.3; held-lock 198.1] | f_serial=0.670 f_reach=0.039 | parallelize-ceiling 1.49x
2026-08-09 22:41:08.796+09:00 [INFO ] Accepted block 0a6d4f149fb33030e98196a4b555ba7c3ab72446e7d6edea2a044f655af2051f13ba562c360c95faa46356c8dd71603b48628308a8a1df1bc013da80cead1295 via relay
2026-08-09 22:41:10.253+09:00 [INFO ] Accepted block d585e772ab478b5a6a3b76faf892b0b6b3392fb2fd98c16c202ede197fe2229dc95e16038af4700ed592b8c6fa91b42d49ba8b5e89925c10e3ae820f5fb1d738 via relay
2026-08-09 22:41:11.455+09:00 [INFO ] Accepted block 4d426bbc80272718c46d85dc4e94585f4c41993bd5c2fd7804482278aefdf0aa6544c5aa68205b27b7e8e4596db711c70de0f652b085ce121c6b436eaf34b7fb via relay
2026-08-09 22:41:12.793+09:00 [INFO ] Accepted block 22fa6a1534722de9a48b67c30e79cee81d362e4b1d58c90b1317fee24a0bf6617cde80b60c3fcc071a70695d14da5123e3a326d5b4bc41c428947c612006ba5c via relay
2026-08-09 22:41:14.424+09:00 [INFO ] Accepted block 2086af46d7e430306afb5b0c7d716395a355beeea94f555a7b7d468239718a1e0e3006c9318e494f558d629935901caf742918d8544568554c0aa33841620699 via relay
2026-08-09 22:41:16.679+09:00 [INFO ] Accepted block 26c6ff7e1b39d8e4a51fb88ad9f1a1fbb1f800ab8072e1468c064c8d91bc01324a6a7528455ea2624c9171c86a6a913dc2375dfeee23a667f748af3a198d97ad via relay
2026-08-09 22:41:17.867+09:00 [INFO ] Accepted block 8c131186c48b43ac643cfac669b9682c8199cb74334aab61ae3d1fcf234f4ed81f9b514ba77f3867cf9ab7999eba2291f884fdb6da4d65428290920abb9bccc9 via relay
2026-08-09 22:41:18.620+09:00 [INFO ] [validator-service] heartbeat: mode=active sink_daa=2590 bond=unconfigured active_set=[epoch=25 is_active_validator=true (active_validators=5)] dns_overlay=configured (stage=Active, dns_confirmed=true)
2026-08-09 22:41:18.696+09:00 [INFO ] Processed 7 blocks and 7 headers in the last 10.00s (7 transactions; 7 UTXO-validated blocks; 1.00 parents; 1.00 mergeset; 1.00 TPB; 0.0 mass)
2026-08-09 22:41:18.696+09:00 [INFO ] [ibd-perf] 7 hdrs avg: validate(A,parallelizable) 100.5us | commit(serial) 208.0us [add_block 11.4 + db.write 99.9; held-lock 172.8] | f_serial=0.674 f_reach=0.037 | parallelize-ceiling 1.48x
2026-08-09 22:41:19.102+09:00 [INFO ] Accepted block ce9aa05cfa7a9416d7f0c9c629fcd62e3c3f7cdbb225dfee60e040c28706cbefc37c04f92a340ddce5ebb55915189a67b006d6a44fc49f80d8a8f28fcfb2bdeb via relay
2026-08-09 22:41:20.239+09:00 [INFO ] Accepted block 0a9c0eeebbfccfe06b780c06f0f8f968aa99e7c0a59f757706318117a8ec5f447652dc4d9080c1270c863b5a3bb737f233d427186dce72cb248f579bda2fe8ad via relay
2026-08-09 22:41:21.335+09:00 [INFO ] Accepted block c25bb811f002e6823866ff16b5bf87c89ebfb8990f6faca01b0691d21a7e97fbec9cde73d2872c8e527bddf020ce5e6cafbdab3112bcc89e2fa87b6029b4b329 via relay
2026-08-09 22:41:22.508+09:00 [INFO ] Accepted block 1976ed1538adaba676986bf68ac6c6f8b58c417e1bd7d8312101f210c94e659913b18ab6f385fa08092bfa7c09366b9af1dd757a8b5798c995227398c5624dc6 via relay
2026-08-09 22:41:23.664+09:00 [INFO ] Accepted block 967e88a1c1eb1d4616f1f3e8fac9bf6ceb82dceb5a72041cf4a62f98d92009c58dd8bbb03cc3525528c7580526c068be34e69bf426a417143833995446d9239d via relay
2026-08-09 22:41:24.739+09:00 [INFO ] Accepted block 521d31d94b60e9fd7f3bd53bc9aba5a9d4c0dcd4b572431a12efbe2ebdf0f69d4438b04cc6822676e7d25c0726c484c8d6d84d80a77dd78c19dc05973345c7cf via relay
2026-08-09 22:41:25.952+09:00 [INFO ] Accepted block ddd1c1461d755c5aeafb86f3a348fbe1b31489b9f6396ac83578e0cd1d46ac7cc81577ee4f3a0744db4358209aebc943b3177a3dab3298105c6a2b97901c2899 via relay
2026-08-09 22:41:27.637+09:00 [INFO ] Accepted block 2b26c8b80a809ddfac337ca89b9532889876451173f2b896eeebd14b008c8081952a03de2f4435d3224fdf712b9310ad5f89614432b72bb07d8fd46eed033d38 via relay
2026-08-09 22:41:28.698+09:00 [INFO ] Processed 8 blocks and 8 headers in the last 10.00s (8 transactions; 8 UTXO-validated blocks; 1.00 parents; 1.00 mergeset; 1.00 TPB; 0.0 mass)
2026-08-09 22:41:28.698+09:00 [INFO ] [ibd-perf] 8 hdrs avg: validate(A,parallelizable) 117.0us | commit(serial) 249.7us [add_block 16.7 + db.write 112.0; held-lock 211.3] | f_serial=0.681 f_reach=0.045 | parallelize-ceiling 1.47x
2026-08-09 22:41:29.182+09:00 [INFO ] Accepted block 94d57f1b64ec15ae55a961e3928ac8b797aed9916d67bacaabf53447069f55a7d28238e05edbaf82ddec507b0e13bcebdd532724e7b113e9a42a7ea2cbbb726b via relay
2026-08-09 22:41:29.271+09:00 [INFO ] [vlt-shadow] sink_daa=2599 5 validator(s) with credit; 5/13 epoch(s) would reach quorum; newest epoch Some(24): W(E)=429565750 signed=257739450 snapshot_root=14f156c82ae496d273f1510b970e529374c266be0c493f5d28e8bd032bd8f91a32b970425a5aaca0daeda92c4cb4538fe38a8c6f3803a3ae75f1a209a6b4f0ed — the weight fence is at 18446744073709551615
2026-08-09 22:41:29.271+09:00 [INFO ] [stake-score] sink=78330c643b0d7fe08dbf44573eb8f969d7155fc9462e032b3213a59e0a98268f462ca8dae377c4f4993c80152b79d866f226baae094bb427cfa0116c81092ada sink_blue=2600 credited 54 attestation(s) over 13 ready epoch(s) → stake_depth=9000000000 (rollout=Active, health=Active)
2026-08-09 22:41:30.275+09:00 [INFO ] Accepted block 78330c643b0d7fe08dbf44573eb8f969d7155fc9462e032b3213a59e0a98268f462ca8dae377c4f4993c80152b79d866f226baae094bb427cfa0116c81092ada via relay
2026-08-09 22:41:32.577+09:00 [INFO ] Accepted block f710af6fc724015b8c2b86955d73bc960d2566e2138b961bb1c3679270c6854310d9d96b58c61a822c73a232ee573d4679585327baff670f678d8ffa72366533 via relay
2026-08-09 22:41:34.081+09:00 [INFO ] Accepted block 183f3a4f71ea577770fa1d96220aaa23caf8f0ebc793f48db8d0611c4990ae6dec5fbbbf29fc439e47a00dcb3c3dc7d8645eaffc0c24b281b56c6e9d24e1afbe via relay
2026-08-09 22:41:36.102+09:00 [INFO ] Accepted block be013a6844511bd263c02f6ea6c19ecafd5b52371c057ca544cb966f549f7025b98d256901d5178c7ca2c50a488707ab6e6ec7ac30aa76e52f2e557623a02fd8 via relay
2026-08-09 22:41:38.519+09:00 [INFO ] Accepted block fce11a68fff2147f023c5a46a6ccb1d8c21a1fde4380bf933f2506e8e77b3acdfe963376be31ef34fb6391ab93d5696cf1aba6838ee3a8b0e62a00cae6535d18 via relay
2026-08-09 22:41:38.701+09:00 [INFO ] Processed 5 blocks and 5 headers in the last 10.00s (5 transactions; 5 UTXO-validated blocks; 1.00 parents; 1.00 mergeset; 1.00 TPB; 0.0 mass)
2026-08-09 22:41:38.701+09:00 [INFO ] [ibd-perf] 5 hdrs avg: validate(A,parallelizable) 133.8us | commit(serial) 283.0us [add_block 15.7 + db.write 138.9; held-lock 245.4] | f_serial=0.679 f_reach=0.038 | parallelize-ceiling 1.47x
2026-08-09 22:41:39.860+09:00 [INFO ] Accepted block 1db7bfe463d142cebba7efddae93af67b14e50945df77c54d82c8daf935623d8016e5f078fc4e7ee94068d63bc3915d2d9c3bc480754408689102fad252327eb via relay
2026-08-09 22:41:41.276+09:00 [INFO ] Accepted block 3f4b872553d67d27a243980cc814bbf5d2104cfefb5428e1ac33088dd893079bd47f0c36d00d3febffbf7ead6c5411554f95120d97e173e5946373a7a7d85e5b via relay
2026-08-09 22:41:42.722+09:00 [INFO ] Accepted block 4f54d3f7983ca651adfbef514970b092da0e90c6d2ee9af7743d347a6f7cb88e74f4de864b7500857d93df31dc7d0f04c9531062b8844331207f89c55c01e17b via relay
2026-08-09 22:41:43.821+09:00 [INFO ] Accepted block 65f6bc3fce6a68f6dd15c60b0b8ab2a7ffab9629ae8b2daa414fd9a9c4b128a7c0258b73c93fcde688e192a9a2b65e20b73a844bf1be2db1c34af2ac5b597323 via relay
2026-08-09 22:41:44.960+09:00 [INFO ] Accepted block bdd033cce9446a13e277727bd954774274a2bc496630a05b99b8fac0699440598d83291a93e278ed6c52d41414fd51e6b08175b2686d4a2cca9d6317f775373d via relay
2026-08-09 22:41:46.307+09:00 [INFO ] Accepted block 9ffabd3cbd09e5d9d4e89f91e504cdaf4201dc3d3cb6a9a7181b3ee731d3e290f2ab8c0c6fa1b88984bf11d8f1f7a7a75a902f53e74afa166a748c0738393d11 via relay
2026-08-09 22:41:47.469+09:00 [INFO ] Accepted block d4bad8751a56e6139b7d77d95149ce86f29883735b5274f35bdad7f2adaf153f82170d4b74800cf2b0edf46d7b8bf600f32b81dc80f4f75cc976ab7c190b17ad via relay
2026-08-09 22:41:48.623+09:00 [INFO ] [validator-service] heartbeat: mode=active sink_daa=2611 bond=unconfigured active_set=[epoch=26 is_active_validator=true (active_validators=5)] dns_overlay=configured (stage=Active, dns_confirmed=false)
2026-08-09 22:41:48.633+09:00 [INFO ] Accepted block 1551cfba027aea90ffd393b5c3757c61baa0dd0abe0372f1c6ca9516637520cea26b90321b7a925ee0474bc1fa423456723d1022653b6269c31ceea587a6c7a4 via relay
2026-08-09 22:41:48.703+09:00 [INFO ] Processed 8 blocks and 8 headers in the last 10.00s (8 transactions; 8 UTXO-validated blocks; 1.00 parents; 1.00 mergeset; 1.00 TPB; 0.0 mass)
2026-08-09 22:41:48.703+09:00 [INFO ] [ibd-perf] 8 hdrs avg: validate(A,parallelizable) 114.1us | commit(serial) 355.1us [add_block 12.7 + db.write 217.2; held-lock 318.5] | f_serial=0.757 f_reach=0.027 | parallelize-ceiling 1.32x
2026-08-09 22:41:49.829+09:00 [INFO ] Accepted block 24a06cd7b5758897781abde5ff21b95e50f6279656ac5e0a0b92b50b02bac6541af570a6c822308ddef2022fef7c9c9ae65774adbe41637ebe3cde703e0ad050 via relay
2026-08-09 22:41:51.284+09:00 [INFO ] Accepted block a0ec302a44ce2aaee11c21b23bb51735a5063da64c9a5780ae0353ff681949a3d175b44c94292e98efb4223047fadd651d7d39dfc06ffe034fac6c7f6800915e via relay
2026-08-09 22:41:52.358+09:00 [INFO ] Accepted block 1b2c9cd57acb0d42de0e6ffce87b8f1a6094b6ef88095af9c43a16718bffe9161e4193a3d7f65712072ccc01856e8bf0721bafe0c47bf30cadcddab575daf4dd via relay
2026-08-09 22:41:54.159+09:00 [INFO ] Accepted block 861e77d1f8df8e5007fcd4fd123cb248ed5bf17307f02f40b4fca471cbd46fa93f29de097db66825064ea25bec40316c92b2e445dd0c5232b836ec155689ea42 via relay
2026-08-09 22:41:55.443+09:00 [INFO ] Accepted block 48fd1ba72c339f1d29b613bcdf5f427874f328a2e7662f0d25666beb234e8c84139cb6b6ea4679e541913bebdeb6a9bda09f8faa9364996dbf24d1ae1fb31471 via relay
2026-08-09 22:41:56.527+09:00 [INFO ] Accepted block ae644cc0ce99f732f68eb59275162a936837b827ce7e300d96607f88322697ebc1c1b368c078da40775c64fcdb6e47f51ae385641f629442a6915179044f1cf8 via relay
2026-08-09 22:41:57.977+09:00 [INFO ] Accepted block ffd1eaf352502857f97a20f24d3d7c26a42a9ea670f222073e9ed101e9ae6d66d6ce539a9262c901122d90f6877926fb481749221dbc109e28e38a6e85623f10 via relay
2026-08-09 22:41:58.705+09:00 [INFO ] Processed 8 blocks and 8 headers in the last 10.00s (8 transactions; 8 UTXO-validated blocks; 1.00 parents; 1.00 mergeset; 1.00 TPB; 0.0 mass)
2026-08-09 22:41:58.705+09:00 [INFO ] [ibd-perf] 8 hdrs avg: validate(A,parallelizable) 117.8us | commit(serial) 229.6us [add_block 13.7 + db.write 114.4; held-lock 191.0] | f_serial=0.661 f_reach=0.039 | parallelize-ceiling 1.51x
2026-08-09 22:41:59.364+09:00 [INFO ] Accepted block ffbdc9aae8bd8d049f21b581ca1f533e6af641ec528a875efddbf36bb843a758da5968f09b3411cc93cac8097827655c7e810f284afecb7982297cda2b6dccf1 via relay
2026-08-09 22:42:00.464+09:00 [INFO ] Accepted block b057d07b54eb726962f6ec1453ff2313f4745b5d4a70335b08e475fe27b58922003189e182758a0ea9d6a743a291465a3090cf651c71860831dbdc7b110bfb1d via relay
2026-08-09 22:42:01.981+09:00 [INFO ] Accepted block cf806b9fb0474c80a159429b8984aa949f61934ad95dc5fe7b287f212a79c7520bc9ab1a6becab2f7ec160f34bd24bbef50fedf29a285235d3531d8909ad6653 via relay
2026-08-09 22:42:03.131+09:00 [INFO ] Accepted block 3e70ed78ea52c4ac2d115855ddddb361c821bb33bbc1f0995e97317027ef786a112b65098d0145c0cc407412e418239705cfd3cb4db961e34a9a338c1a6a2253 via relay
2026-08-09 22:42:04.260+09:00 [INFO ] Accepted block a4ee189ae39978917d513bb25ecbb7ca63a3bddba5dd6671c777403cda8ac868b65290a0dd24b65ff32f67e9b8b391871f53b734047442825204626b8921c233 via relay
2026-08-09 22:42:05.466+09:00 [INFO ] Accepted block bc9df4a50cb593e2dab710f12b4e9b8d13d6a774808b5157c31693a737c04e031a7367091f0d89e521240b803e1ab55e121420c7cd8e254623aa63710c4b0856 via relay
2026-08-09 22:42:06.717+09:00 [INFO ] Accepted block d9b00c8df13846fcb93aefa043ce962fefda9d04e0ffd767a552a17ca07b47cc6008240fbeca68cb3dc676bcfa81d4aa457e472a750360d299f0bacd8662be5a via relay
2026-08-09 22:42:07.860+09:00 [INFO ] Accepted block 942d71a3d04d44c257ba41df4c1408d7480e70150faba2790b202aa6c252e566d7beed7dd74348dab3f6adcfcfbb16f0582c5c40efeaf9c3ca46e8ed7d47ed0c via relay
2026-08-09 22:42:08.707+09:00 [INFO ] Processed 8 blocks and 8 headers in the last 10.00s (8 transactions; 8 UTXO-validated blocks; 1.00 parents; 1.00 mergeset; 1.00 TPB; 0.0 mass)
2026-08-09 22:42:08.707+09:00 [INFO ] [ibd-perf] 8 hdrs avg: validate(A,parallelizable) 129.5us | commit(serial) 295.3us [add_block 15.4 + db.write 144.5; held-lock 254.5] | f_serial=0.695 f_reach=0.036 | parallelize-ceiling 1.44x
2026-08-09 22:42:09.095+09:00 [INFO ] Accepted block e3145762c3d760099b136b8066dd841e738a8e21838aa6a4fdf0dd7693dba0bce671392c1bd0dfe26819880069b319958249eff38635bff100291980d8cb0099 via relay
2026-08-09 22:42:11.529+09:00 [INFO ] Accepted block c0efb4542d1d639d92958938d3f419c374716bd63025619128304fd95ae232d902214ad989aacfbffe06eafb0dbc62ad78f0cf0576162ac9db86058305861816 via relay
2026-08-09 22:42:12.202+09:00 [INFO ] P2P, incoming stream ended from peer 127.0.0.1:63134
2026-08-09 22:42:12.882+09:00 [INFO ] Accepted block a16f775f52011d8d595d755e5850bb288082e6af3970146657ba3cb59e3c043f243cd9ab602e9f926311baa376b879dd1909bba3b773b16fe0b09ed63f9d6d65 via relay
2026-08-09 22:42:13.986+09:00 [INFO ] Accepted block 1c842a75deb005f56839625978a6eefb55775c3602c1f0d34aee8ec47228ee7dc3e64e7cefcf8a5b48b4cdb9a2d5a3aa257ea87803fc668b7ba321881f7eed5b via relay
2026-08-09 22:42:15.955+09:00 [INFO ] Accepted block 55a855e224c97dc51e2b43b83a7b42647dfce96211bcb2b522aacec3aaea2cf3d142cffb5e39808292c2fba2000274b5fd3675f84d9ad5101e63d7a99174811e via relay
2026-08-09 22:42:17.258+09:00 [INFO ] Accepted block 77b9a84ee9f5d88e94171f8017a7de4b30071ed171e3085dac8bd599cd724076da4e6ae1db528322eefde4f3e4cfff632f4bee7362be219069f365005ebf6386 via relay
2026-08-09 22:42:18.388+09:00 [INFO ] Accepted block 9a30425bcde8b4ff1626467b63946e6807cad6e48e3bf791d4d511ea3713afd9c297843b7975813fedf6e839371fc503b45a4a5b67219b3bd0637e13fdac6048 via relay
2026-08-09 22:42:18.626+09:00 [INFO ] [validator-service] heartbeat: mode=active sink_daa=2633 bond=unconfigured active_set=[epoch=26 is_active_validator=true (active_validators=5)] dns_overlay=configured (stage=Active, dns_confirmed=false)
2026-08-09 22:42:18.710+09:00 [INFO ] Tx throughput stats: 0.10 u-tps, 100.00% e-tps (in: 0 via RPC, 3 via P2P, out: 1 via accepted blocks)
2026-08-09 22:42:18.710+09:00 [INFO ] Processed 6 blocks and 6 headers in the last 10.00s (7 transactions; 6 UTXO-validated blocks; 1.00 parents; 1.00 mergeset; 1.17 TPB; 8304.0 mass)
2026-08-09 22:42:18.710+09:00 [INFO ] [ibd-perf] 6 hdrs avg: validate(A,parallelizable) 171.1us | commit(serial) 546.8us [add_block 16.2 + db.write 304.4; held-lock 429.4] | f_serial=0.762 f_reach=0.023 | parallelize-ceiling 1.31x
2026-08-09 22:42:20.564+09:00 [INFO ] Accepted block 9e6092368dc2bb102552932fe22b60a515ab0ee48aab9122b67931398262d8218b4f5a1fdd3e3d7fa6a105c6b1d639f53b99cdb8a7bf45d751bdd0a4662cb0f1 via relay
2026-08-09 22:42:25.130+09:00 [INFO ] Accepted block 84a88318ac52733ec11dcef22f15578bbf3f6524e162046cdb7b0531308bbec26bccd9598c14b269f12701d6e90ffd3eef8c4da4c05b47db950e945e01401ef2 via relay
2026-08-09 22:42:26.452+09:00 [INFO ] Accepted block cc024f4046154092d04b5341a3897e7f2d83ce96fd12821f0a6a357ef4839a5c76a10912388e9e1b4b5f94806dc0ab41b8d4afd77095ce7b565b6ab705a6a900 via relay
2026-08-09 22:42:28.597+09:00 [INFO ] Accepted block 0d837175a68e1a0e2d46d78dee41c40988b0fc445ce8b303058783f2da38e3f863c8265ffaea41d77294d92193a3a5ef1642edfc417fc30215a55570be64a8eb via relay
2026-08-09 22:42:28.712+09:00 [INFO ] Processed 4 blocks and 4 headers in the last 10.00s (6 transactions; 4 UTXO-validated blocks; 1.00 parents; 1.00 mergeset; 1.50 TPB; 24912.0 mass)
2026-08-09 22:42:28.713+09:00 [INFO ] [ibd-perf] 4 hdrs avg: validate(A,parallelizable) 401.9us | commit(serial) 948.8us [add_block 47.0 + db.write 553.1; held-lock 833.2] | f_serial=0.702 f_reach=0.035 | parallelize-ceiling 1.42x
2026-08-09 22:42:28.713+09:00 [INFO ] Tx throughput stats: 0.20 u-tps, 100.00% e-tps (in: 0 via RPC, 0 via P2P, out: 2 via accepted blocks)
2026-08-09 22:42:30.410+09:00 [INFO ] Accepted block 2ef6e959a6d45097329deaa6cd9b6d685936c81429837af30ad28a358fce4dafc812f2462c8928bbedc10c4e115ac5c5828bdf0d1f85054d5b5048dfd3976eae via relay
2026-08-09 22:42:35.218+09:00 [INFO ] Accepted block cf69fb683377c88ad06ac91935b462aac1d64d52e41d0c7234a20a6fe7ce0f0806b51cb66ae51efc4a35e77d0d7fe08107102428616cc434a98387128eaae00f via relay
2026-08-09 22:42:37.533+09:00 [INFO ] Accepted block 5b6d050d78da312374f7034df4da12f2a84c8c9d758eaa034510ce464205a6707e986c1921575cca4e92f44fbfe80149e1ccadbc07074ba04c547d163432e3a9 via relay
2026-08-09 22:42:38.618+09:00 [INFO ] Accepted block e85c0759085998257cbcbb65a9a8b1f18ab973c6a164a708209c074a5036751d8e8ab08cd4dda1a143bb9760454f633c1e85bdccd6aba96712e0148ebb7124bb via relay
2026-08-09 22:42:38.715+09:00 [INFO ] Processed 4 blocks and 4 headers in the last 10.00s (4 transactions; 4 UTXO-validated blocks; 1.00 parents; 1.00 mergeset; 1.00 TPB; 0.0 mass)
2026-08-09 22:42:38.715+09:00 [INFO ] [ibd-perf] 4 hdrs avg: validate(A,parallelizable) 250.3us | commit(serial) 790.6us [add_block 171.2 + db.write 297.3; held-lock 663.2] | f_serial=0.759 f_reach=0.164 | parallelize-ceiling 1.32x
2026-08-09 22:42:40.015+09:00 [INFO ] Accepted block cbcf871abad52b96d055cc57779b5857256d289bf8ba0a5ad78c5c52130e0c5a1adffd314147f48d936265976f14ce2f45af5deeaa44f3d69010fbcf50bffbd0 via relay
2026-08-09 22:42:41.401+09:00 [INFO ] Accepted block 3392eb4a0251a8f2abbc86aaca3803d9c7a7a9401426dafbfa744626bf8c01b66f421ebcd8b247965e07b49959ceeeec358817eca9dd3a23f55ee536b9785c70 via relay
2026-08-09 22:42:42.753+09:00 [INFO ] Accepted block f997609dd9b1c8fd24f425306623c1ea2e82eb3ce6fcecf21ac35ba9dfc1bef5f0e599f36733b209289754be114c90214afb8dd517100ee44e9d1bceb10c1f80 via relay
2026-08-09 22:42:45.952+09:00 [INFO ] Accepted block 06c923f956cad206ed7f4a5d7d1dd4ecd9c3079b7d193a25665028f26a0790f23eb425f9ae416a1ed34af280a8d53b0f0ff57b40249e5220f2b84612714811e9 via relay
2026-08-09 22:42:47.393+09:00 [INFO ] Accepted block 3a9da88cbb3b8ab54413561beab271c772c0f551c1f3739ba109b89e7245d94b6496c90d10f5c9cc6b2b6f22b9074e0eba7a5dc7896b89ec75fe50d2c28175a5 via relay
2026-08-09 22:42:48.629+09:00 [INFO ] [validator-service] heartbeat: mode=active sink_daa=2647 bond=unconfigured active_set=[epoch=26 is_active_validator=true (active_validators=5)] dns_overlay=configured (stage=Active, dns_confirmed=false)
2026-08-09 22:42:48.717+09:00 [INFO ] Processed 6 blocks and 6 headers in the last 10.00s (7 transactions; 6 UTXO-validated blocks; 1.00 parents; 1.00 mergeset; 1.17 TPB; 8366.7 mass)
2026-08-09 22:42:48.717+09:00 [INFO ] Tx throughput stats: 0.10 u-tps, 100.00% e-tps (in: 0 via RPC, 3 via P2P, out: 1 via accepted blocks)
2026-08-09 22:42:48.717+09:00 [INFO ] [ibd-perf] 6 hdrs avg: validate(A,parallelizable) 175.2us | commit(serial) 528.2us [add_block 36.0 + db.write 248.2; held-lock 440.7] | f_serial=0.751 f_reach=0.051 | parallelize-ceiling 1.33x
2026-08-09 22:42:49.330+09:00 [INFO ] Accepted block 37c4a56d86022e6bab4245867096e282e8e13eae876c5d0b093d8889e3f77dd91369d5453fbddba49d841856558089f4507c6021a6a7d571ac7df160cef3784c via relay
2026-08-09 22:42:51.538+09:00 [INFO ] Accepted block 2f71351b3830728f21b8a0c6e857b427fc5cf2a973b12b852faea98731f8761278c6d08247d072c5204dd56ec2ac467d907eee6439f486ee1ab299b4906e8c92 via relay
2026-08-09 22:42:55.516+09:00 [INFO ] Accepted block fcb4768867bf02c8cec7c4970429bf332396cce95046f708763cad66be9d0bb72aa8eb74e565b3600e14729c507a846640ad3f273f84b69f5bba83b485d0cbc4 via relay
2026-08-09 22:42:58.718+09:00 [INFO ] Processed 3 blocks and 3 headers in the last 10.00s (5 transactions; 3 UTXO-validated blocks; 1.00 parents; 1.00 mergeset; 1.67 TPB; 33466.7 mass)
2026-08-09 22:42:58.718+09:00 [INFO ] [ibd-perf] 3 hdrs avg: validate(A,parallelizable) 263.9us | commit(serial) 416.5us [add_block 31.5 + db.write 181.5; held-lock 324.0] | f_serial=0.612 f_reach=0.046 | parallelize-ceiling 1.63x
2026-08-09 22:42:58.718+09:00 [INFO ] Tx throughput stats: 0.20 u-tps, 100.00% e-tps (in: 0 via RPC, 0 via P2P, out: 2 via accepted blocks)
2026-08-09 22:42:58.867+09:00 [INFO ] Accepted block db83fe2f2e6774a9c7f62d12daf02f2622f6bd6ab0caab3c7641a70935aaee95853c86ea4f0de0e280cd0216c86190bdc452ec6f9b294d480a96223b6887cf7d via relay
2026-08-09 22:43:00.023+09:00 [INFO ] Accepted block c359bb99b8f05300eb588897aa877244f0bdc6bc74cca45cfe3740577d23ec66640e4d539ddb8f8eece2ffda4b23c684fd2105c5675773b0d433603dca770f4d via relay
2026-08-09 22:43:01.959+09:00 [INFO ] Accepted block ce0c882d3fb251bcfeae5b257fa09be962850d4b74352f27409e11eabc65f90d8138f76f05c8422c951a1f0f66fa750f5129f70ac9e91c2947f3c854f979e54b via relay
2026-08-09 22:43:03.156+09:00 [INFO ] Accepted block 391711b8ea78250f52ca5920c416d66ce2b12b903d6a34ee874069b8da79768112b449222fbeb5cd314f68d9fa0d5095550a3b29ab2abab60f27de41f5c67650 via relay
2026-08-09 22:43:04.875+09:00 [INFO ] Accepted block e8283c561df6bfa7d66267f6db76efa1ec9ef07590eb519b8216a740512d9441da35b509755895dfcf022a4fb080259bab672855e5ceeed3432a266bad5af81b via relay
2026-08-09 22:43:05.922+09:00 [INFO ] Accepted block 4523dbecb6314327cd4d270b44cf7451bdc85ec2be4b6e10a72884c754d1223d1863dca6f8b9f3a8f577500d177acc80b0438a8ce4ab8454505747401c594d3b via relay
2026-08-09 22:43:07.016+09:00 [INFO ] Accepted block e5a6dee462d7f72be0141fb9112eb873bd3268cb1f93fc2c53fc9fdfd6c001fcaada051fdb3d6e7753360e9a44cdf4690d076e87ae62784abb9baa8bf3d1f1fc via relay
2026-08-09 22:43:08.068+09:00 [INFO ] Accepted block e6a3442f60fab7ef9869509687bd311938d827d4575c78dc68cb8c359f044de302c8f9160cd30f412e85b25b4e1ed753135f3378d1093d7b6ae6bf72560cfbcb via relay
2026-08-09 22:43:08.720+09:00 [INFO ] Processed 8 blocks and 8 headers in the last 10.00s (8 transactions; 8 UTXO-validated blocks; 1.00 parents; 1.00 mergeset; 1.00 TPB; 0.0 mass)
2026-08-09 22:43:08.721+09:00 [INFO ] [ibd-perf] 8 hdrs avg: validate(A,parallelizable) 169.6us | commit(serial) 307.7us [add_block 18.9 + db.write 129.1; held-lock 241.0] | f_serial=0.645 f_reach=0.040 | parallelize-ceiling 1.55x
2026-08-09 22:43:09.339+09:00 [INFO ] Accepted block bae36a2eb8f3be47b829247915ce56f54e2dffa90c43af7a4d4ab61163177921bd987d1d5134a3cb53dea01d3900744589fd2a04a52f33e229bf023c42028c1e via relay
2026-08-09 22:43:10.740+09:00 [INFO ] Accepted block af1ac0a125d3a413a958c30ca17e40bcc696ef18c29dbe929ad3379ae7dcd17b6279a7e4be38b0b044e3c375f461531492199aa311627480b23d7f695ea756b2 via relay
2026-08-09 22:43:11.920+09:00 [INFO ] Accepted block 7f83f8571509f50e08cfd6b720b86d53764ca078617b81ac3826e34196a15f1dc49f74571503a4947c0c1a5f4cba7c4cba55660d8df8a304e969dcf2ceea0ea0 via relay
2026-08-09 22:43:13.130+09:00 [INFO ] Accepted block d49631b88d546ca1262023794bc36a3fea33206adc184a38061b954d6efd63e9066132bf1c7d81c3e2273a9cde654eabf32e1349aa4d416891d257d0708be659 via relay
2026-08-09 22:43:14.250+09:00 [INFO ] Accepted block 9396914f79835e1ce845b89b7e95a7186d00d0e50a269ba870f01b05f72f783bebfd8812c06810e550457236907e1ba1e31a904acc5ddd13aaf62a4f6fe90da8 via relay
2026-08-09 22:43:15.373+09:00 [INFO ] Accepted block c82f52de629735311501d68c58f2bff2861ae4fd4b607db3b510205ece6fd14e51038a37f6643161be92d373eb67f9e5567b04b5fb06b3adab69817201ca460a via relay
2026-08-09 22:43:16.741+09:00 [INFO ] Accepted block 43800d995c657044569ecb8c115d9147c890f7ec6447d45c6197352f96a33a194ecf0c5b91f7721961379f1894cc20c10eb4608abf8cd1dcfe9c97352dcd30e7 via relay
2026-08-09 22:43:18.653+09:00 [INFO ] [validator-service] heartbeat: mode=active sink_daa=2665 bond=unconfigured active_set=[epoch=26 is_active_validator=true (active_validators=5)] dns_overlay=configured (stage=Active, dns_confirmed=false)
2026-08-09 22:43:18.730+09:00 [INFO ] Processed 7 blocks and 7 headers in the last 10.01s (7 transactions; 7 UTXO-validated blocks; 1.00 parents; 1.00 mergeset; 1.00 TPB; 0.0 mass)
2026-08-09 22:43:18.731+09:00 [INFO ] [ibd-perf] 7 hdrs avg: validate(A,parallelizable) 177.8us | commit(serial) 358.4us [add_block 32.0 + db.write 142.9; held-lock 287.0] | f_serial=0.668 f_reach=0.060 | parallelize-ceiling 1.50x
2026-08-09 22:43:19.157+09:00 [INFO ] Accepted block 91388ed2ff3db397b3fc71d0097c4af79e4f2957eb6aff0b955906cf13df34b31ce6c43a2af34cd961117ef93a580254631f88f157763ff6f7d58c735f5ac9f3 via relay
2026-08-09 22:43:21.339+09:00 [INFO ] Accepted block 05b50c260458028516ce45fdb7b850b1dacf537a57a5e8030fb3167bfe6cd56bbe8b524c2547eb641778c589b6f3fb29559774c812befc7c1ae8696abed2de62 via relay
2026-08-09 22:43:23.097+09:00 [INFO ] Accepted block 434557f44d4bb566f92f16fd2781b9ba33875146671951bc35e92396cf502b013e312ad1be73c46c2f240d90f8e6c5102d64abaaf8ce74897986695856a7092b via relay
2026-08-09 22:43:24.594+09:00 [INFO ] Accepted block f34ef267f2698d581b2914a6e3b84d35c08238919738e093019b5f2f1540a39fc31a3a5553e85655677a04457d05a39ca2dbcae0aff7496d67ddfd323ded14f7 via relay
2026-08-09 22:43:25.709+09:00 [INFO ] Accepted block e828782d2cc34906f6f7d31efa8118714dd37d66ea3bffdf9a70f068c2050ade89d958305482f6aa6a055f77ef95a39600305f01e47115e806a4e9af01eff584 via relay
2026-08-09 22:43:28.365+09:00 [INFO ] Accepted block acbad9a3cc224a63d49274adc40075b5867d11b1f926015352a43a6c8572957426c5b43111c408021abf6a5b30815f3b67360553f8e59ccbd0ae9efd5eecf81c via relay
2026-08-09 22:43:28.732+09:00 [INFO ] Processed 6 blocks and 6 headers in the last 10.00s (6 transactions; 6 UTXO-validated blocks; 1.00 parents; 1.00 mergeset; 1.00 TPB; 0.0 mass)
2026-08-09 22:43:28.732+09:00 [INFO ] [ibd-perf] 6 hdrs avg: validate(A,parallelizable) 201.8us | commit(serial) 379.0us [add_block 23.8 + db.write 155.4; held-lock 286.3] | f_serial=0.653 f_reach=0.041 | parallelize-ceiling 1.53x
2026-08-09 22:43:29.444+09:00 [INFO ] Accepted block 238cef9d0e566926c82754596ac05825ceaf0b3723fa81ae1bdbd6373b7790c4beaeadae32eebbfa7345223ff12ee07da6170f46c89a8836e85883639dae704e via relay
2026-08-09 22:43:30.996+09:00 [INFO ] Accepted block 2309b2fd5f172e86d6c9d96efc2deaeaf5b36f76f6f571b728a35c57d5d5527fd127ae93b93af1d4fc0faa0756ca9addb86419a31b42431e5493832c881d547e via relay
2026-08-09 22:43:32.780+09:00 [INFO ] Accepted block 391962fdc8861bd786735ecc40588b5a1f3b2f5502ccc7db61bbf7609bbff3adeabf0750612cbf60d49bf35bd8644f4122709cc6bcb897ceb70ea0fd429a0267 via relay
2026-08-09 22:43:35.042+09:00 [INFO ] Accepted block 2beef71d9e4b3a770a3e815627fff5e6bc767eec2578b3e82194ce9348c574755a7039c4b89eca8a0213cd821a9c97a9a6e29e866805007ccbb1df736c232a61 via relay
2026-08-09 22:43:38.115+09:00 [INFO ] Accepted block 00f8b09c69300de7293057f213c1e927ebe2ea7bd61bea3dd67221e46759d8a7e79f2951b29073e112e93d36aabd43a13ce68392de524555f9ccd7579cf7348e via relay
2026-08-09 22:43:38.735+09:00 [INFO ] Processed 5 blocks and 5 headers in the last 10.00s (5 transactions; 5 UTXO-validated blocks; 1.00 parents; 1.00 mergeset; 1.00 TPB; 0.0 mass)
2026-08-09 22:43:38.735+09:00 [INFO ] [ibd-perf] 5 hdrs avg: validate(A,parallelizable) 250.8us | commit(serial) 378.1us [add_block 22.0 + db.write 160.3; held-lock 291.6] | f_serial=0.601 f_reach=0.035 | parallelize-ceiling 1.66x
2026-08-09 22:43:39.215+09:00 [INFO ] Accepted block 72163ce92af4304ae1264ffe4ac7a447bf7ee5dd5b0f2eae420a7f1d453c396efb4546b85e43a2374594d85a88291e25973c82e981534a78bd169b86ab1b2685 via relay
2026-08-09 22:43:42.346+09:00 [INFO ] Accepted block 2eb283dc8772f0f1acdb0f6b9888bba1d4067797c63dc84723835030f1761e3129d3c9fe26c96bca3e5ac3ecd294b4703781ee8ca843f8110f1ce1d6edfb2836 via relay
2026-08-09 22:43:43.438+09:00 [INFO ] Accepted block ee01c0c69eaefd96c4c82d36616a4183a15e87e655d57c5e0b8cb715b22464d4db4c0911686b689f26e26d6e4043fddb306ca8d63d4c7bf470a9053e9d33cdeb via relay
2026-08-09 22:43:44.695+09:00 [INFO ] Accepted block cf9d973ce9821b78460e762aee6da0a729fccb7bd1bb2cce52fe6da34961067b051f94ebe0fd05abe3b7d4f90b0ca44a8acc89be997c230a8e2d3d2b479c5e99 via relay
2026-08-09 22:43:48.334+09:00 [INFO ] Accepted block 2aace4f663852c7fc80b3d1ad5090e5601b042950d076a90d9f770f42fb70b5cd5982157c709eb239793d7cb8282dd6933300c513611aa7919517df30dad1750 via relay
2026-08-09 22:43:48.655+09:00 [INFO ] [validator-service] heartbeat: mode=active sink_daa=2680 bond=unconfigured active_set=[epoch=26 is_active_validator=true (active_validators=5)] dns_overlay=configured (stage=Active, dns_confirmed=false)
2026-08-09 22:43:48.737+09:00 [INFO ] Processed 4 blocks and 4 headers in the last 10.00s (4 transactions; 4 UTXO-validated blocks; 1.00 parents; 1.00 mergeset; 1.00 TPB; 0.0 mass)
2026-08-09 22:43:48.737+09:00 [INFO ] [ibd-perf] 4 hdrs avg: validate(A,parallelizable) 233.8us | commit(serial) 404.8us [add_block 30.6 + db.write 142.7; held-lock 319.1] | f_serial=0.634 f_reach=0.048 | parallelize-ceiling 1.58x
2026-08-09 22:43:50.532+09:00 [INFO ] Accepted block 199d7be26de93a85ad7062c9d8bda4ad2fcb4831c3f6ab8222bb9f1053b2663950620afbd13cad12cd49e7df7458a2daee7b9c8bcb6dadfe28cdfe2cfb8d1353 via relay
2026-08-09 22:43:55.144+09:00 [INFO ] Accepted block f9188ff739559d779abc35e14030e03c0708324f88b5cdae28f56ab02f0c4fd24f8e9503e15adefeae5afc92c4da79efd0404aa500ae55428d90a6669688a7e3 via relay
2026-08-09 22:43:57.142+09:00 [INFO ] Accepted block 1c781c340354cf83a6935e606a18c7d6edeb2860a19e1660c892e9489e3fb7d87dd539709e7fb0ea295f750cc2257401eea6c178725fff6bea25b03265dc2251 via relay
2026-08-09 22:43:58.739+09:00 [INFO ] Processed 4 blocks and 4 headers in the last 10.00s (4 transactions; 4 UTXO-validated blocks; 1.00 parents; 1.00 mergeset; 1.00 TPB; 0.0 mass)
2026-08-09 22:43:58.739+09:00 [INFO ] [ibd-perf] 4 hdrs avg: validate(A,parallelizable) 169.1us | commit(serial) 398.4us [add_block 19.4 + db.write 153.8; held-lock 335.2] | f_serial=0.702 f_reach=0.034 | parallelize-ceiling 1.42x
2026-08-09 22:43:58.742+09:00 [INFO ] Accepted block ef361d31dc5f54745e351a101c71a08936a823dca935e1b7140da5098510a762a45226ced9bf10a370b6c32622b9e01c5b953958f7e9c91e02e24e3193f824df via relay
2026-08-09 22:43:59.902+09:00 [INFO ] Accepted block 501461bacffa7958c86d958dd4d4c2ced495d3c70dbc4488a323777a9e1b1011c63432767f5930b531fedd2d137583a7edca70565755395417d35ed51a6aa008 via relay
2026-08-09 22:44:01.099+09:00 [INFO ] Accepted block dc486f8f8e3ab14aa01c8f36e570ba04645a94dc93942de3a180443ba210204f34289b41d5ab04911951861f0c5fc09367fcdee0c9182172c274cfa4e53ef982 via relay
2026-08-09 22:44:02.792+09:00 [INFO ] Accepted block c2234a11356dc9eb00f278022c161b8dcca368323841aacb857602dc52927f7bcdf3a5522f42f1aec0463d8a32a3f04b10db0fab15cdbaa71a2938b94a66bb8c via relay
2026-08-09 22:44:05.753+09:00 [INFO ] Accepted block cc276871d0dc565582c9d006a7696c88306b000f382c51a2aef7442881258b6914f09ac349fdd9ec3b1e76071685590fd6757d4d638f3b7917064843827adafd via relay
2026-08-09 22:44:06.939+09:00 [INFO ] Accepted block 8091aae10be71fe6cb309c955a844128bc546d01eea329bc34c49ca769ad3782d37253230a73eaedf7f80890f6bf5bbd2510b7cfd7575a6a1104dae26f396f70 via relay
2026-08-09 22:44:08.275+09:00 [INFO ] Accepted block 8e7622246ddcde3442f7178ec6ec8948acf7c03350146cfc918aaef7188c6a49a3c3ff90c196d14cb7bc683868b66744b85b0caae0bb020d97c327fac520a4ab via relay
2026-08-09 22:44:08.742+09:00 [INFO ] Processed 7 blocks and 7 headers in the last 10.00s (7 transactions; 7 UTXO-validated blocks; 1.00 parents; 1.00 mergeset; 1.00 TPB; 0.0 mass)
2026-08-09 22:44:08.742+09:00 [INFO ] [ibd-perf] 7 hdrs avg: validate(A,parallelizable) 126.0us | commit(serial) 277.3us [add_block 16.1 + db.write 121.0; held-lock 221.6] | f_serial=0.688 f_reach=0.040 | parallelize-ceiling 1.45x
2026-08-09 22:44:09.513+09:00 [INFO ] Accepted block a7e1a09558a0a77aef61f76c6f1d4b5eaa22180ad5f2a878e0c033d83c8b53eaddb38bd8f4cc6a0d8a14b5bfbd18c2cd5e1bab7da72ec59fc7349a8244bb8f8e via relay
2026-08-09 22:44:11.237+09:00 [INFO ] Accepted block 74e537baa25ca8e535735b56b9ef12c71ae41b4afc3392e02f0b4ff7518d3a630533c05922e6480332aff6804dd16ecf6895fc665ac488bd204203e9a2db2c5c via relay
2026-08-09 22:44:12.480+09:00 [INFO ] Accepted block a7e78542155d2596dcb91578c72be499a138d0be2a561e089557626377395cfa1ae7fe25ef538e053677b73022f111e5318e8e01608cecc4329a018fc8814894 via relay
2026-08-09 22:44:14.073+09:00 [INFO ] Accepted block 8a746072e1da85e1a5da89a6e9100e7981b183400fecb3c184c592a081c396ef00ad00ce69720b4bd19259a13c9b43409d4d378009885663a57aae498b08dcb6 via relay
2026-08-09 22:44:15.310+09:00 [INFO ] Accepted block e3e96d602428b1852d7b7f7508ea9fffbb2fbb977371a738205f888fcb36f584934d86b9fcae1726956c25d69e9a881368fac8991836f046cb7808ea67f9daa1 via relay
2026-08-09 22:44:16.486+09:00 [INFO ] Accepted block c9a5b0bda89e021bc35525939a9406feeade662100b65e6a05c895f9fa6ede85c072c2cf5460134363f925f92a207e80ed015b66f06fd0f67d396903045b0fa8 via relay
2026-08-09 22:44:18.060+09:00 [INFO ] Accepted block 73ec5a2682e905acb40ee328ac295312f85251dcbb1e10cdd1eda91b934c1148faabac5688024658dd13312d486a5f6e83d107084eabf66c4b30ae17691c58be via relay
2026-08-09 22:44:18.658+09:00 [INFO ] [validator-service] heartbeat: mode=active sink_daa=2697 bond=unconfigured active_set=[epoch=26 is_active_validator=true (active_validators=5)] dns_overlay=configured (stage=Active, dns_confirmed=false)
2026-08-09 22:44:18.743+09:00 [INFO ] Processed 6 blocks and 6 headers in the last 10.00s (6 transactions; 6 UTXO-validated blocks; 1.00 parents; 1.00 mergeset; 1.00 TPB; 0.0 mass)
2026-08-09 22:44:18.744+09:00 [INFO ] [ibd-perf] 6 hdrs avg: validate(A,parallelizable) 215.4us | commit(serial) 428.5us [add_block 30.3 + db.write 173.9; held-lock 350.9] | f_serial=0.665 f_reach=0.047 | parallelize-ceiling 1.50x
2026-08-09 22:44:20.667+09:00 [INFO ] Accepted block e35dd793043bfbb3bd57bf45d94f70849b685b54b4830a789a3cef51d337ef88fc9afcaaed337b849e62b3f9d474ee97523683deeed73c06e8cab7f13745e960 via relay
2026-08-09 22:44:21.251+09:00 [INFO ] [vlt-shadow] sink_daa=2699 5 validator(s) with credit; 5/13 epoch(s) would reach quorum; newest epoch Some(25): W(E)=416678500 signed=250007100 snapshot_root=1ef33f74255612c24088ae6a2b15e91a930f501862222a08b7634064bf213f297fd910e1d227511b4408124b90c7df7ed5e1d143b733cfdf790a056bb7858d48 — the weight fence is at 18446744073709551615
2026-08-09 22:44:21.251+09:00 [INFO ] [stake-score] sink=ebfd7aa91827943163001a8f38d4148cdf9dfa3d005c56bd9104eefb26839b000b933eea5d3b2032cc99add1664d6121f3ba0316f1d7f68d1ae42909a2e92615 sink_blue=2700 credited 55 attestation(s) over 13 ready epoch(s) → stake_depth=8000000000 (rollout=Active, health=Active)
2026-08-09 22:44:22.258+09:00 [INFO ] Accepted block ebfd7aa91827943163001a8f38d4148cdf9dfa3d005c56bd9104eefb26839b000b933eea5d3b2032cc99add1664d6121f3ba0316f1d7f68d1ae42909a2e92615 via relay
2026-08-09 22:44:23.875+09:00 [INFO ] Accepted block 94778c8b13b4f1f29f6626c1661d32a999a4e1bb06f12ba1f9e699b63c6531a358dfcc4c3c31bce5e9938a714c9f2842ad6915a5298822d12e7b955bc5168dbe via relay
2026-08-09 22:44:25.119+09:00 [INFO ] Accepted block 8c7f85debc9b8300792980adf7058852c26348f4b57af5583e27e43601ec63689da5e6789dd47e236689bdd649c8cda240ba5bbd359e7d5c5f12e06bd77ea2b3 via relay
2026-08-09 22:44:26.651+09:00 [INFO ] Accepted block b501dbf8391b66dbc608dae55e30c05c91a362da102d67feb1886418d6d6564e97a3f89a0816eeafd2f9c455e1e09046db9694cd83dbf36ff1a52f030115d7f6 via relay
2026-08-09 22:44:28.009+09:00 [INFO ] Accepted block e2d8eb9ee1cec80a2ed2cf3f4cbc6cd6db2d1b742513c815b1944302effcccce1d4a95dbedfb143b38cd856154600efbe4f1a917bcdc5ac6093ada0e16ee5e3d via relay
2026-08-09 22:44:28.746+09:00 [INFO ] Processed 6 blocks and 6 headers in the last 10.00s (6 transactions; 6 UTXO-validated blocks; 1.00 parents; 1.00 mergeset; 1.00 TPB; 0.0 mass)
2026-08-09 22:44:28.746+09:00 [INFO ] [ibd-perf] 6 hdrs avg: validate(A,parallelizable) 152.2us | commit(serial) 290.3us [add_block 18.4 + db.write 137.6; held-lock 241.3] | f_serial=0.656 f_reach=0.042 | parallelize-ceiling 1.52x
2026-08-09 22:44:30.178+09:00 [INFO ] Accepted block 12feb7dc2f067c608bbf63a3255e8b196777c7ab6780aef819d1ca5091706ce982c3232dac3c2271c5f34f06c58d9c8c17d85f6af0e5011b2221592382c84a41 via relay
2026-08-09 22:44:31.331+09:00 [INFO ] Accepted block 2f71517bfbc28ac71401a5e629913fa97c1c23491289ac82a7a22c2b14af51c44f6e1b4779a5c4955b511207747e0a84082f703096d8756c857322c9099453e4 via relay
2026-08-09 22:44:34.253+09:00 [INFO ] Accepted block 2b77d0435b0a93d98866170bb6a2c75ca4659e5ee0190e93d8efe48c80d0174807c5e3f349afffb504b4c46796b7460b9bd4d89c977ce8c91a5a1d77fdf7b185 via relay
2026-08-09 22:44:38.590+09:00 [INFO ] Accepted block 7a927d143b9fe74cbd52afed1f2861fc30f9b8ba0fe39015b7f15cb47536b9424b5fb2100144578cd6ee91e3a9c2a3d0b7b8adf8263fcc44e14f139f993c0d77 via relay
2026-08-09 22:44:38.748+09:00 [INFO ] Processed 4 blocks and 4 headers in the last 10.00s (4 transactions; 4 UTXO-validated blocks; 1.00 parents; 1.00 mergeset; 1.00 TPB; 0.0 mass)
2026-08-09 22:44:38.748+09:00 [INFO ] [ibd-perf] 4 hdrs avg: validate(A,parallelizable) 231.4us | commit(serial) 896.4us [add_block 22.1 + db.write 192.7; held-lock 427.8] | f_serial=0.795 f_reach=0.020 | parallelize-ceiling 1.26x
2026-08-09 22:44:41.615+09:00 [INFO ] Accepted block 8d877b04a4fba44b45105bb49d1d3e1cdaeb34283ff3806f3cb25ce4eb7abdbb46c71786b4401ad66aa46ca96b63eeb4eccafa1379e60c814c38baa0d6021401 via relay
2026-08-09 22:44:43.780+09:00 [INFO ] Accepted block 23ff7f311c1859e8ed42e735e628d8a7c773ca6f40d4406d5d77fe6d528c449b216119a7f1b77729140c16bac5423d740e416bb6d4b6c6a0c22aa2a881744af3 via relay
2026-08-09 22:44:46.736+09:00 [INFO ] Accepted block baad6d44c3fbbdb6805a842bb98769f9a454b6c7e1deefad7fa9f44f2eb89b8da06a61d3c99f9d50ffa54130eac32e6d3c91d20d2cc6d6b0a5607997bc06e351 via relay
2026-08-09 22:44:47.895+09:00 [INFO ] Accepted block d228dde91c166092914c65ddc7427d15c6b7cd2ef2d3109bdf0ee812a028b7c607851364c4c160c7c24d76b052d6a72e3edd39b6de05583df3b3c5043b91467b via relay
2026-08-09 22:44:48.661+09:00 [INFO ] [validator-service] heartbeat: mode=active sink_daa=2712 bond=unconfigured active_set=[epoch=27 is_active_validator=true (active_validators=5)] dns_overlay=configured (stage=Active, dns_confirmed=false)
2026-08-09 22:44:48.750+09:00 [INFO ] Processed 5 blocks and 5 headers in the last 10.00s (5 transactions; 5 UTXO-validated blocks; 1.00 parents; 1.00 mergeset; 1.00 TPB; 0.0 mass)
2026-08-09 22:44:48.751+09:00 [INFO ] [ibd-perf] 5 hdrs avg: validate(A,parallelizable) 222.4us | commit(serial) 348.5us [add_block 20.6 + db.write 145.5; held-lock 275.1] | f_serial=0.610 f_reach=0.036 | parallelize-ceiling 1.64x
2026-08-09 22:44:49.095+09:00 [INFO ] Accepted block a357a09d55c9f419a6264f425059c92296e37733c76741ff77f8b3d4e1ce5244bf52fb83361bdfaf65b65da2f7c1f01ac1f81c9241be6c3c85816ed0930e473e via relay
2026-08-09 22:44:53.095+09:00 [INFO ] Accepted block 56f3889fc495aa3f956474d78a7e0f0110e08d0d5a6c2be53546ab177b099b00eb84bfcf6e335ffaf2105f91095f266f46f626154d2f57a576663ecb9fffa31d via relay
2026-08-09 22:44:54.307+09:00 [INFO ] Accepted block 1bb87eee43eb2e6b872e46b0c974ec85b6103c62f60ce51ecf01eefbd4b6a6302af4f0c50eafa20bd03b166da8ddc7cb8adb07e98b086e8711b3f9472a42717d via relay
2026-08-09 22:44:55.473+09:00 [INFO ] Accepted block 553917d4a2cb60a248bce64f3a393a6814818bc9e45ae60130597a9ab94dc7bc7a433009a7b562d3f1876bcaa771a57d7f5f838fe1d51f373e061d0928e6ad71 via relay
2026-08-09 22:44:56.754+09:00 [INFO ] Accepted block d5565442ad4e63ca571e9419211ce8260fb053e38ea63deae32d3c63b5a3460060701f1c9365ef8043185abb9872a24a561e6a578f588e63d2246ea16fb8065f via relay
2026-08-09 22:44:58.753+09:00 [INFO ] Processed 4 blocks and 4 headers in the last 10.00s (4 transactions; 4 UTXO-validated blocks; 1.00 parents; 1.00 mergeset; 1.00 TPB; 0.0 mass)
2026-08-09 22:44:58.753+09:00 [INFO ] [ibd-perf] 4 hdrs avg: validate(A,parallelizable) 232.5us | commit(serial) 416.0us [add_block 25.9 + db.write 191.2; held-lock 345.4] | f_serial=0.642 f_reach=0.040 | parallelize-ceiling 1.56x
2026-08-09 22:45:01.079+09:00 [INFO ] Accepted block add0472ed1c4e30be941a230710718ff45f75f2ba05a7829fcb37d4144e52b12471d81f251f613fe6568518edfd5d5384da4769d272068a5fde65976d0f372d9 via relay
2026-08-09 22:45:02.242+09:00 [INFO ] Accepted block 718b775c674bf235e77adb5ae86fca0863b9947a2f3da81160453683a759c474b59d7eb2a46000d48d34378939ee78c8607f6f05209d616cd16a5d4e27c54bf6 via relay
2026-08-09 22:45:03.441+09:00 [INFO ] Accepted block cf13b7953c71304fab3c9c679d79ab8e2310d4e9d02ef9e286b9d43e2da41c826b98147ac61e99532122d44a59bab7e42469fe11dca6f55ce17be5d406a1e897 via relay
2026-08-09 22:45:04.470+09:00 [INFO ] EVM lane KPI (O9): 512 chain blocks, avg mergeset 1.00, avg accepted-gas utilization 0.00%, 0 deposit-claims applied (cumulative)
2026-08-09 22:45:05.519+09:00 [INFO ] Accepted block 590235dfa2b6d90c12ffe8d0660a09b65bd1c7c1d64631c85e748ce28df8cfcf55c2f77c62d972902cc56934f0b13408a2f7b88698cddddeefc6dbb073ccbe2d via relay
2026-08-09 22:45:08.755+09:00 [INFO ] Processed 4 blocks and 4 headers in the last 10.00s (4 transactions; 4 UTXO-validated blocks; 1.00 parents; 1.00 mergeset; 1.00 TPB; 0.0 mass)
2026-08-09 22:45:08.755+09:00 [INFO ] [ibd-perf] 4 hdrs avg: validate(A,parallelizable) 202.8us | commit(serial) 342.6us [add_block 24.3 + db.write 162.7; held-lock 282.4] | f_serial=0.628 f_reach=0.045 | parallelize-ceiling 1.59x
2026-08-09 22:45:11.509+09:00 [INFO ] Accepted block 5dad0aa612400b8a76b65f17c3e92ac2c2e31b7c799352ded160aa57da29c34987a7ced6d6b691cc19213646b2ee39197bf85e6e564d9948ce1940cfe0f9b3ff via relay
2026-08-09 22:45:13.974+09:00 [INFO ] Accepted block d871e38035b782f990e60a8382431eaa0b155c0ead310464eac89cf7f65ff3a2a673c4c06fe2949ba9b6ce6cfb969ec7deaa1d9a299bb6e48f9c154787ec847f via relay
2026-08-09 22:45:15.064+09:00 [INFO ] Accepted block 797c075aa15d1fff2173499692dff276565b4b2cf1dc4492f19b7a282eb7d1f2902aa367d5a71542a3c4c9c8373435b9c65a1edbab26a34eda8bf9ede6682893 via relay
2026-08-09 22:45:18.664+09:00 [INFO ] [validator-service] heartbeat: mode=active sink_daa=2724 bond=unconfigured active_set=[epoch=27 is_active_validator=true (active_validators=5)] dns_overlay=configured (stage=Active, dns_confirmed=false)
2026-08-09 22:45:18.757+09:00 [INFO ] Processed 4 blocks and 4 headers in the last 10.00s (4 transactions; 4 UTXO-validated blocks; 1.00 parents; 1.00 mergeset; 1.00 TPB; 0.0 mass)
2026-08-09 22:45:18.757+09:00 [INFO ] [ibd-perf] 4 hdrs avg: validate(A,parallelizable) 250.8us | commit(serial) 311.4us [add_block 24.7 + db.write 124.3; held-lock 256.4] | f_serial=0.554 f_reach=0.044 | parallelize-ceiling 1.81x
2026-08-09 22:45:19.287+09:00 [INFO ] Accepted block a07e249b3a4db606c64bd22cfb4c1b1fe464863ee4d424d60be1fa84d85102c6d729b1a7ae9f05d8f363303e3e6b655c606be8da1200eca540ee5d9648c43cd8 via relay
2026-08-09 22:45:20.371+09:00 [INFO ] Accepted block 113e38b0e9f354d9749372a0dafbc80d4696380b6f05764c428bdd33fd4240717fb64a40f4034b38e8feb019cd9d9fe95b66406311306ff43b7b07b685553568 via relay
2026-08-09 22:45:22.154+09:00 [INFO ] Accepted block 295cbb13475a408958170da6a7214c277563a3c98f777ad0124075fb2777f96bc085e9760387654a9c3796529710c25acc6733249e0d3c73dbbefc146ca861cf via relay
2026-08-09 22:45:24.357+09:00 [INFO ] Accepted block b903acb3aa7e90228e3e5bd5272023e84aed45a6d08220cc26c9de539521d63783feb7935cce26993735e049659fa3465ff5a78088846334e5b1be0d94c79a76 via relay
2026-08-09 22:45:25.615+09:00 [INFO ] Accepted block c2a3ba0d697c51894c9c823419756e001930001e4ed146153b413b87201a7504b42294a03c1f16d1d154d365701b4172565eff304e34eab9feaa21d31d914e45 via relay
2026-08-09 22:45:26.705+09:00 [INFO ] Accepted block b8f62cb96f44f60886dbdd8b2249a8df59644b539bed67ea4e36ac681accffe62dca7979b53981e10d9ed334bf20f802124804229ff073f17ccd57dc3a8cc3c6 via relay
2026-08-09 22:45:28.191+09:00 [INFO ] Accepted block fc5d7ac841db708e2591767897c5852a8b0df17c43fc9b8b6f2febb0100751aae79630ca4160275143d5c8f9b2c083283c8eb6bc7441428873f2230099a5610d via relay
2026-08-09 22:45:28.759+09:00 [INFO ] Processed 7 blocks and 7 headers in the last 10.00s (7 transactions; 7 UTXO-validated blocks; 1.00 parents; 1.00 mergeset; 1.00 TPB; 0.0 mass)
2026-08-09 22:45:28.759+09:00 [INFO ] [ibd-perf] 7 hdrs avg: validate(A,parallelizable) 144.3us | commit(serial) 342.9us [add_block 20.1 + db.write 137.1; held-lock 268.6] | f_serial=0.704 f_reach=0.041 | parallelize-ceiling 1.42x
2026-08-09 22:45:29.492+09:00 [INFO ] Accepted block 9489de7bdcde9627aa10ebabb80802244ada38ab75b107a002159ce5bc4c50c6c215cbd963596903bce34742d781dfe480a444b7509956ad721ae52a6deb6636 via relay
2026-08-09 22:45:32.303+09:00 [INFO ] Accepted block 76905615c7779e90dae295beb87cb8865558504ff0d3de1a228487ddd02a9f015c9ef5236ff504eca09e63f99b9f6b556886930eacce15f4b7465f8ef96d8e42 via relay
2026-08-09 22:45:33.531+09:00 [INFO ] Accepted block d463378fa8bf23bf9eb7156f1dc4c1ecd938300af5f8a25eb39ba7cd0880e320446b0e2fcb4b1618736374b69506ccbca9b178a4ef15fdb7ebc725e954897b37 via relay
2026-08-09 22:45:34.670+09:00 [INFO ] Accepted block 3ea0b896a3b62d2cec6b76982473931e9177ec7e84ae415950c48547a0db5404b8bc783bc9f41287d5ed3fd2408c62fe253a62ea5059295fec0e2aa909010e3d via relay
2026-08-09 22:45:35.794+09:00 [INFO ] Accepted block dd5219416a33701e0157d1d1dcac2d6b4bcdca584fb1663e0aa5e5aa92ebdc49ebe7319158460c80f067133501c420bd8654093a68f414307b85662ca5ac50ab via relay
2026-08-09 22:45:37.160+09:00 [INFO ] Accepted block ce0bc36caff42657a534fafa13398dc9ce519a4974ccfbfad8415f9c83852070b84eda5cb585d3e792fb9346fea37fa98c7a2a6f528d404630b0edb76e8f4087 via relay
2026-08-09 22:45:38.218+09:00 [INFO ] Accepted block 76ff788e98087e25216bb03de23308b6de7ff53616144d8adcbe7aa3e993d1f043ef588f925e9b9151ac3c364d74702ba12ace2fe28fea1e7550574165960cb8 via relay
2026-08-09 22:45:38.761+09:00 [INFO ] Processed 7 blocks and 7 headers in the last 10.00s (7 transactions; 7 UTXO-validated blocks; 1.00 parents; 1.00 mergeset; 1.00 TPB; 0.0 mass)
2026-08-09 22:45:38.761+09:00 [INFO ] [ibd-perf] 7 hdrs avg: validate(A,parallelizable) 101.5us | commit(serial) 253.5us [add_block 12.9 + db.write 137.4; held-lock 215.1] | f_serial=0.714 f_reach=0.036 | parallelize-ceiling 1.40x
2026-08-09 22:45:39.592+09:00 [INFO ] Accepted block 580d899c1baed0b8c7d0d3fab44985a90c538593b402e15792f953e07a7607c421f9f7299fda5af3d7081364bd19a48ec6c9fc4f1e3a85ff894d4d4fcf52f758 via relay
2026-08-09 22:45:41.071+09:00 [INFO ] Accepted block 7cdd6b73a97977c75578f96c9f3ffe0f52ec1057eb68de32bfe4eac061568e2e32bd060ab09d7e9ba8d63b4074c9232a0663ee75a11fbd237db743e9620fcfc4 via relay
2026-08-09 22:45:42.277+09:00 [INFO ] Accepted block e0a5081e07f68d16ff235037e62971b0695bb0d5296b26bc94163a9227bcdcec5bc733b2d400739ecfe28af063fbeba3d2e98072b70b0a545b35b7d843e7d511 via relay
2026-08-09 22:45:43.371+09:00 [INFO ] Accepted block 74b6ce145c74833a9a88ca2498e119d274c65392b446d30cfdc8c20d17c7fdce35086a4f39632a653741dd793a0470e0b942e8d35e05d413278a1e331eeebe79 via relay
2026-08-09 22:45:45.467+09:00 [INFO ] Accepted block b8cc70eed8462dd61b2247c1c4d31979f7a34d55ea25d6c5508f40e3d8824c899cc92f348b7ab23112fe178f9cf85173549da65d7da2f68a105c447b32281366 via relay
2026-08-09 22:45:47.129+09:00 [INFO ] Accepted block 34a1502602dde86ead52a70c64de89c9e01270f785bcee61bed1a7dc23d6cf6847b5659f8c6055b099edbf32fcb9dbb71a82e44d08747bd6c52d63094de5571b via relay
2026-08-09 22:45:48.563+09:00 [INFO ] Accepted block ef5116b58dc9dd265b6ad29841c6c6f714047f1f1db490420bc9da4df5563eab9058759f95f826a4dc9617ac9971db1b80881359137a369ebff56c9cb104e0e7 via relay
2026-08-09 22:45:48.666+09:00 [INFO ] [validator-service] heartbeat: mode=active sink_daa=2744 bond=unconfigured active_set=[epoch=27 is_active_validator=true (active_validators=5)] dns_overlay=configured (stage=Active, dns_confirmed=false)
2026-08-09 22:45:48.763+09:00 [INFO ] Processed 6 blocks and 6 headers in the last 10.00s (7 transactions; 6 UTXO-validated blocks; 1.00 parents; 1.00 mergeset; 1.17 TPB; 8366.7 mass)
2026-08-09 22:45:48.763+09:00 [INFO ] [ibd-perf] 6 hdrs avg: validate(A,parallelizable) 97.2us | commit(serial) 231.4us [add_block 14.0 + db.write 107.4; held-lock 190.4] | f_serial=0.704 f_reach=0.043 | parallelize-ceiling 1.42x
2026-08-09 22:45:48.773+09:00 [INFO ] Tx throughput stats: 0.10 u-tps, 100.00% e-tps (in: 0 via RPC, 2 via P2P, out: 1 via accepted blocks)
2026-08-09 22:45:50.498+09:00 [INFO ] Accepted block 294c975f340d49942aea531d05e1352f97de9f5e8d59e0370e405139c2bf518d8a28bc1b728b9be55841c371756ef8cc3227f46fb292c558ed1be2eaaee322a4 via relay
2026-08-09 22:45:52.153+09:00 [INFO ] Accepted block 00694a26a4747c9f755f2dbb88121827a7f95d7753d31f94e6b4a337f2b31c797e0f3ceef8155365e830f4f904ea55683f07d556b0d49f220e127a360c0582bd via relay
2026-08-09 22:45:53.263+09:00 [INFO ] Accepted block 22f9f8443d164a00367bc580221ff1a97b15c1c20c3a0f5f2148b9adb021ba2f9102acdfeb72d34edc9503a01f7bbbbf072ef6d5836c85bacfa0abbfc07936c6 via relay
2026-08-09 22:45:55.239+09:00 [INFO ] Accepted block a820fc40e375ef11eb8836e2e77b38098defef489780cb9cadcd3ef60e6114743ad16e58fbf632f380a92aff57ccf564b7c08fa0d4b122e98afdcab736f3e59b via relay
2026-08-09 22:45:56.589+09:00 [INFO ] Accepted block e3e8fb9e2492a7805dcf23f79c86d78e046cf4e3ccf0295aa525a088001896a9fb51927ffa13f3b8f7d81aa3ba491947c5bdfde04f4202fa3a0e875e47eeffb1 via relay
2026-08-09 22:45:58.184+09:00 [INFO ] Accepted block 30f4323b501f09970097b9a75cb1e8bc2ddbbbb01189c74a38200f154058ee5a93e34c24788ebc9e1f23729729005433cb945420470391b3294d0b12297fccc7 via relay
2026-08-09 22:45:58.765+09:00 [INFO ] Processed 7 blocks and 7 headers in the last 10.00s (9 transactions; 7 UTXO-validated blocks; 1.00 parents; 1.00 mergeset; 1.29 TPB; 14342.9 mass)
2026-08-09 22:45:58.765+09:00 [INFO ] [ibd-perf] 7 hdrs avg: validate(A,parallelizable) 109.3us | commit(serial) 253.2us [add_block 15.0 + db.write 123.6; held-lock 213.0] | f_serial=0.698 f_reach=0.041 | parallelize-ceiling 1.43x
2026-08-09 22:45:58.776+09:00 [INFO ] Tx throughput stats: 0.20 u-tps, 100.00% e-tps (in: 0 via RPC, 0 via P2P, out: 2 via accepted blocks)
2026-08-09 22:45:59.398+09:00 [INFO ] Accepted block 5678b83341e277fe52b7768f4f15f21ca6d3cec6e02ed997f788d7115231a7a041642b752168d3bb28c18fa908ded276fad117c7a39d60bc364c9f931cbaa984 via relay
2026-08-09 22:46:00.633+09:00 [INFO ] Accepted block 30c92b60a9c27b6786043d12ae7dd355cb2bb3fa73d4e7d8302ca7329e42aa6de68a2067c84cd4f021fc10527256554c859e229ca99201a78676f68401667d3e via relay
2026-08-09 22:46:02.817+09:00 [INFO ] Accepted block b7981e6c0a3ee4f4710999ea856f092a01d51d17ad7e7c3c65e2b0df008b277662681c8996737491667b1c28ced44c434ab53b1553a11748b16523a82a0052ff via relay
2026-08-09 22:46:04.429+09:00 [INFO ] Accepted block 6c9e55054d328f2e317794d5db8c86d2089d1f3611cb1439b30b7d657cc5273314eec772bb5fc8499919d7e313d6d5a1ebec0dbe2149e78ad220f7f6d162084c via relay
2026-08-09 22:46:05.912+09:00 [INFO ] Accepted block d4be7233395050e637ddfb92a518dea730ab14fd1b0178069b20f3f12ddc194b1fcb828e97d97c5ee1f98e4fb9bb0a59384256f282b0b43f7e37d22eb9c52916 via relay
2026-08-09 22:46:07.864+09:00 [INFO ] Accepted block b7c96662931dcfb6b312c3dc86ab700fa3d0c8efc0479c3e36fad1d56adce73d3c1aeea002cd44bc42330340ff55cc96ef638cabc697838b259580232ccc2449 via relay
2026-08-09 22:46:08.767+09:00 [INFO ] Processed 6 blocks and 6 headers in the last 10.00s (6 transactions; 6 UTXO-validated blocks; 1.00 parents; 1.00 mergeset; 1.00 TPB; 0.0 mass)
2026-08-09 22:46:08.767+09:00 [INFO ] [ibd-perf] 6 hdrs avg: validate(A,parallelizable) 99.4us | commit(serial) 219.2us [add_block 14.4 + db.write 98.5; held-lock 180.0] | f_serial=0.688 f_reach=0.045 | parallelize-ceiling 1.45x
2026-08-09 22:46:09.537+09:00 [INFO ] Accepted block b7f01d2e693fcab7f480cafd44bdd8047038be46164cfd662d8f989b998c868fec9604b108a6e8bda9981b1f8029d15a987a65a48d3ac811a96bdfee7be30a64 via relay
2026-08-09 22:46:10.819+09:00 [INFO ] Accepted block 4b0227dcc59245978665a59720fbc2e52032f4d9708813eb247311c9b1d250403f0d7465e3b234cf415934d7b585190fd1be3fa0e060a4122bfa5b77692bff23 via relay
2026-08-09 22:46:11.999+09:00 [INFO ] Accepted block 75699478fab6005e21986084fae77750ddb756f107a217f992660266bcc92d5d7d13bcbf17e6ed2e2c8086d1dfb23a156740e6d15512a8218251dcf9653579a8 via relay
2026-08-09 22:46:13.136+09:00 [INFO ] Accepted block f9af030072dfa610a82dbbde8ac9481cab755685888c780379e51e73be7d5f7b73390b13e802453da6d0ac9018a7ee54f44486a43406ce9e25aa0301c561dc40 via relay
2026-08-09 22:46:14.393+09:00 [INFO ] Accepted block 62a697bf690b976bc9a8aac7ef8247a8a4764899b7f4e20c4837639c76bdb7ae735bb1ca1ded95fbda7cfc1109373f18f53b383ef31b6dc9215bf3352fed7f4e via relay
2026-08-09 22:46:15.475+09:00 [INFO ] Accepted block c1c2629fcc5f2f20c23524190b35c09bd2ceae463bb6efaaf3221be2773945140b7563ca8e8ba41f836054218fade0dd2cca69a6837000517a1b75e8c68f5576 via relay
2026-08-09 22:46:18.668+09:00 [INFO ] [validator-service] heartbeat: mode=active sink_daa=2763 bond=unconfigured active_set=[epoch=27 is_active_validator=true (active_validators=5)] dns_overlay=configured (stage=Active, dns_confirmed=false)
2026-08-09 22:46:18.769+09:00 [INFO ] Processed 6 blocks and 6 headers in the last 10.00s (6 transactions; 6 UTXO-validated blocks; 1.00 parents; 1.00 mergeset; 1.00 TPB; 0.0 mass)
2026-08-09 22:46:18.769+09:00 [INFO ] [ibd-perf] 6 hdrs avg: validate(A,parallelizable) 93.9us | commit(serial) 214.9us [add_block 12.5 + db.write 101.1; held-lock 178.0] | f_serial=0.696 f_reach=0.040 | parallelize-ceiling 1.44x
2026-08-09 22:46:19.001+09:00 [INFO ] Accepted block e83ff5fb1604a4cc0fc77593ccfae5502705bab1e8d21c16563e5fb260227269d06037c5163f875281964b4d2c3dc0e66420dde6e72db3709ea881b8f8d60598 via relay
2026-08-09 22:46:20.483+09:00 [INFO ] Accepted block 2be432c4e6729ca9ec17b7e035e50b2a6fa9d606373cbd11351be1ac54110c363103084425fa90d8ee29fdce7dee503607f1e2a8f1b7428d1a5bec9b88682d7e via relay
2026-08-09 22:46:21.563+09:00 [INFO ] Accepted block 6bcc0592b5815f4dd3c6ea444ca4bf46dbc66246a46122214f9ceff298a35cf1834d9824e267ea2284cc861c6600e4f3c251e1a8b72bc40a81ff87afb2b7c936 via relay
2026-08-09 22:46:22.611+09:00 [INFO ] Accepted block 694b039df9941f72ce8f3ea4d7c2731681d8187a5f83e22c15515e7bcf9335e7e0553640ea06b90ca0d59030c5de1231e7e74e42272dab01a0b67d3287ff749a via relay
2026-08-09 22:46:24.306+09:00 [INFO ] Accepted block e4b298d4ba8241ccbc3e3dda034932fbf7bdee477713367fc72f3b435699eac64658068fa9764f9f5a0b603d61e422cb5d1b025fe56dba2d3f79ee4e004ac079 via relay
2026-08-09 22:46:25.511+09:00 [INFO ] Accepted block a4eb4d8c991429581321d42675f538e8c498d77628131c653db1847bdc0ea2dfbc4f4fd746f0f0dace70e2df45a4b85cf1f02107acf8ac6ffc011dfd8642034f via relay
2026-08-09 22:46:26.931+09:00 [INFO ] Accepted block 32ede338b9bea8f449e1f20b8097c01a3e86807b9699dd67f83d57bbc243adff6d0f7bf0180ef48baa81b7bd3090396623d2f6dd1dc982e0b6c5dc4b1926a34b via relay
2026-08-09 22:46:28.770+09:00 [INFO ] Processed 7 blocks and 7 headers in the last 10.00s (7 transactions; 7 UTXO-validated blocks; 1.00 parents; 1.00 mergeset; 1.00 TPB; 0.0 mass)
2026-08-09 22:46:28.770+09:00 [INFO ] [ibd-perf] 7 hdrs avg: validate(A,parallelizable) 109.1us | commit(serial) 208.4us [add_block 13.8 + db.write 91.4; held-lock 167.8] | f_serial=0.656 f_reach=0.044 | parallelize-ceiling 1.52x
2026-08-09 22:46:29.052+09:00 [INFO ] Accepted block 653c1df6863057e1c632fb7d9877adbb118ae36662478c369fe2d8c9f04c4698d9f7864e1f1f833f3e6e001ec594a291c7aaa4583fb8a0334f7531237eb269b9 via relay
2026-08-09 22:46:30.371+09:00 [INFO ] Accepted block 627ffd49fee416913eaa2c8fe05e4c98d10d13cc636df2345b9ec9ca501dfd9978edd2785900320217ba2d2269eed3c8efd527c562ccc9cb61797293150ca35b via relay
2026-08-09 22:46:31.831+09:00 [INFO ] Accepted block e656b407aa9e5e135311666d23f7ef485daa91cdfd1fef7ff5eb8db0442322db6296a8d555f62bc5d25021dc6522cb9cf54142e08bfae900b3c99076701c0d94 via relay
2026-08-09 22:46:33.913+09:00 [INFO ] Accepted block bc1439c742ad6c4092737ee01fb43dab0addfa84b2004808dc45b1ad3eaa2452bf2a753ce7af56bdf1d383eef7087814a2b775e9145958b9a6702aca577428e4 via relay
2026-08-09 22:46:35.025+09:00 [INFO ] Accepted block 13582cda4082282af972ae49e8af6f9c742d0e938d743026e70427d1ac9a879cfccc54e6ec42790052d1845fb77b8683c941ceaa966cb096af62ea0962727e0f via relay
2026-08-09 22:46:36.216+09:00 [INFO ] Accepted block aec6d25a67efc1737527cd15e587aa1e4a1324d9435db1326600ee59dd2bab63f82f1134213d15b21fe4fe5319078eb4950d893d2d12066d7bbc606d2a72a40f via relay
2026-08-09 22:46:37.587+09:00 [INFO ] Accepted block cb5ec7e4f57cbb195e1c5e59b4ea751f6467c65e85c79ccb73594b3ea95aca55dba870bd3c44c33dd9c8f4813f90d913c5870961346aaa0462732dea96843bae via relay
2026-08-09 22:46:38.772+09:00 [INFO ] Processed 7 blocks and 7 headers in the last 10.00s (7 transactions; 7 UTXO-validated blocks; 1.00 parents; 1.00 mergeset; 1.00 TPB; 0.0 mass)
2026-08-09 22:46:38.772+09:00 [INFO ] [ibd-perf] 7 hdrs avg: validate(A,parallelizable) 102.1us | commit(serial) 239.4us [add_block 13.7 + db.write 116.6; held-lock 203.7] | f_serial=0.701 f_reach=0.040 | parallelize-ceiling 1.43x
2026-08-09 22:46:39.050+09:00 [INFO ] Accepted block a3393777bb0322ddd0598e5cc26e62016fe5d88f77561bea9554b09aaad509e4e8267b9f047532b640ea187bfd6e5bc94273907caa66cee4cbc11ba8186c1a4c via relay
2026-08-09 22:46:41.609+09:00 [INFO ] Accepted block b1fa0e4dce75a09f5b218360bf65cce42b46add19acf6bb32fd7bf5a5889fc3fa6d7e5ba2d9e6db75df52be9c77d609be93bd2a33732384fcb1b7d607a83d252 via relay
2026-08-09 22:46:42.697+09:00 [INFO ] Accepted block 0332063941acc23e0ebadf43a48d2f056a70ed7a2ab7adf707b6f4d07d436bbaaff8516a667ef4d0b709073afa0f289284bae5689b216241e51ce33aca21af80 via relay
2026-08-09 22:46:44.358+09:00 [INFO ] Accepted block 110a15ff07bfb785a97b732d74cb38d43cf31db8965e5ce80171bee73907710e269472dbe4469c468b9f3c0aea8e8dbd9bb941b0819bb7fad914ff5555aa5ed0 via relay
2026-08-09 22:46:45.516+09:00 [INFO ] Accepted block 1140e062ce7b289e0a7cfad9c0ed10594e147bb5d0df69f536e7fea474e71ef36a896c4c4a503fda1a6d083573cc7d39d197b896a096370f0eea1873864489bb via relay
2026-08-09 22:46:48.182+09:00 [INFO ] Accepted block 6e2e96f6fd0fdc0078f97d6d18f3e3b3377879a49d854699eb381e3d2ec36fdb2773793d7a07f22239fd09a83ec45c67cc0530829a3e205f164e06d5a0d0cec3 via relay
2026-08-09 22:46:48.671+09:00 [INFO ] [validator-service] heartbeat: mode=active sink_daa=2783 bond=unconfigured active_set=[epoch=27 is_active_validator=true (active_validators=5)] dns_overlay=configured (stage=Active, dns_confirmed=false)
2026-08-09 22:46:48.775+09:00 [INFO ] Processed 6 blocks and 6 headers in the last 10.00s (6 transactions; 6 UTXO-validated blocks; 1.00 parents; 1.00 mergeset; 1.00 TPB; 0.0 mass)
2026-08-09 22:46:48.775+09:00 [INFO ] [ibd-perf] 6 hdrs avg: validate(A,parallelizable) 104.2us | commit(serial) 225.4us [add_block 12.5 + db.write 107.2; held-lock 184.9] | f_serial=0.684 f_reach=0.038 | parallelize-ceiling 1.46x
2026-08-09 22:46:49.675+09:00 [INFO ] Accepted block 6e101b48f57e79401c72bd3ce0bf386aa79b10b9eddd2a56db915bfdb7b5635e9f6c07a71ba41f120bdc14b23b311c3769ffee1a6224074d2fbcc5d191c1b2f6 via relay
2026-08-09 22:46:51.605+09:00 [INFO ] Accepted block 802f0b36ed0e172a32d69edba29e2427698711a663ed14afdf22fe144cae4d912d21bce71d4871136568129aaeb5ee3febc7c85e733cea39cb3d9a675360ef4c via relay
2026-08-09 22:46:53.651+09:00 [INFO ] Accepted block f24c69c196b02b92ac6be37d44c82e5abe16e221eefeeb744f327dcbff483383ba39bf15ee7da5c0bc13f45a4dc515601f217038c66ecc5e2b30b33ef9ecaf68 via relay
2026-08-09 22:46:55.282+09:00 [INFO ] Accepted block 6f1b071836cc44ea04cf96197772d93090791d38bd4dc8ac45f19459c6fb20a024eb3eee05fd68a384b982e6be85486169173471b541c59eba87f5ac6eabbcd2 via relay
2026-08-09 22:46:56.327+09:00 [INFO ] Accepted block f8443899c7b6015c01708dec844f3364a243dd80248ffb3bb04f3ab022e89ae5f5144c4265659d2695c5e506fc17d783c1e401b92fafdc01b526e630cb6796e0 via relay
2026-08-09 22:46:58.020+09:00 [INFO ] Accepted block 8b124968db46f5afeb3e11a22920ba96212007722869670e6b8b1625c52fde0dd2ef2fabacb58b3b7a627cffb6d1fcad55babab0b685704848909618ed277556 via relay
2026-08-09 22:46:58.776+09:00 [INFO ] Processed 5 blocks and 5 headers in the last 10.00s (5 transactions; 5 UTXO-validated blocks; 1.00 parents; 1.00 mergeset; 1.00 TPB; 0.0 mass)
2026-08-09 22:46:58.776+09:00 [INFO ] [ibd-perf] 5 hdrs avg: validate(A,parallelizable) 93.2us | commit(serial) 194.6us [add_block 11.8 + db.write 91.1; held-lock 158.9] | f_serial=0.676 f_reach=0.041 | parallelize-ceiling 1.48x
2026-08-09 22:47:00.212+09:00 [INFO ] Accepted block c3025a39b91e7cc45af5debc3a2b3bb1d28e5a6eeca8a12f0ae8d747a216c456267c21a04bfa018b19380f1901d036c8d703ea19a7fc7cd95ae5d382f2ec3da2 via relay
2026-08-09 22:47:01.586+09:00 [INFO ] Accepted block bbd33c968bee9e4c5b333ba6a2ccb40575a04649cf54bd82323e7f7cd7cbf44506a840d59308d2a6bd3dfec02b1a72d903461d1fd5935f743e2e88e7349ca79e via relay
2026-08-09 22:47:03.235+09:00 [INFO ] Accepted block 3bd46e9d8117271636d4e8d7915abd3a978f2ac1376e64341ec9e4a2622020c9bb05efc011cc0a42c6d9c2b65a67e1c4468abb2d8ef7b1554e9828303b7ed67f via relay
2026-08-09 22:47:04.865+09:00 [INFO ] Accepted block 993d3e34fcb2a15bf713e45b3a17c551647fd46c943d841f105782e35a0f4c29a5b000fea8688f6b3c1e94fbf968c675c68e714ff1704742ff7db11752cee5a1 via relay
2026-08-09 22:47:06.584+09:00 [INFO ] Accepted block 7b42c2043b7c2e07f7cc08369dc721991d4b84c4043c44436fde9758d3e676fcdbbe1a862e1e78d9a853f92be2f332a2111acb379f7c2b115a11556da9e83361 via relay
2026-08-09 22:47:08.104+09:00 [INFO ] Accepted block 7d26bcd239fcd7381ca8524c9e907ec96c6056f07dfb4d22e87b878fde03b0326fea1246f0dcfa88e0b699f36010f957d817b2211bc9fee1064add6bf077a933 via relay
2026-08-09 22:47:08.779+09:00 [INFO ] Processed 6 blocks and 6 headers in the last 10.00s (6 transactions; 6 UTXO-validated blocks; 1.00 parents; 1.00 mergeset; 1.00 TPB; 0.0 mass)
2026-08-09 22:47:08.779+09:00 [INFO ] [ibd-perf] 6 hdrs avg: validate(A,parallelizable) 94.3us | commit(serial) 218.0us [add_block 15.7 + db.write 101.1; held-lock 181.0] | f_serial=0.698 f_reach=0.050 | parallelize-ceiling 1.43x
2026-08-09 22:47:09.945+09:00 [INFO ] Accepted block efb1a8153665a066d7c5de8d6c1e7fd14415b08b11e23293a35c8d4e4eeda2dc686813219da17934e7f0d4cc1e741a811ae1c8817f58486661a865542be61419 via relay
2026-08-09 22:47:11.465+09:00 [INFO ] Accepted block 017d8d003414e798705aa5c54d9fc41b53bebe4d959796dbb11b326ba11c63c5de530fb068147175088b20ad05c3f01bba269d7628c4f0ace1e8d95a22aad59b via relay
2026-08-09 22:47:12.508+09:00 [INFO ] Accepted block eaa78ea1c7362c8c2977d9c3dbe6f91c696a492b998c8e1a4f821cf66ee1f79aa744c327fe7e640a720fd7e5c318571f5adfef7d6be9e97c0feeff9f54fa464e via relay
2026-08-09 22:47:14.649+09:00 [INFO ] Accepted block 4487343e76883371f226fda07eb05490ef77c4545eb3808a42faee94b2838e194ef2a1c56b736a870a2b24e3c7081e6f54e9650538cc85384212f156835e3329 via relay
2026-08-09 22:47:14.729+09:00 [INFO ] [vlt-shadow] sink_daa=2799 5 validator(s) with credit; 3/13 epoch(s) would reach quorum; newest epoch Some(26): W(E)=208242750 signed=124945650 snapshot_root=8fded3bf8a99b6d0ec06b69425da5b51bc9101b5341b29f4833c08183cc4c27a32ae2d3e2f8b48cb461713ca05bc8fd817edb01b8e20c404589c1eb8bd8cc36d — the weight fence is at 18446744073709551615
2026-08-09 22:47:14.730+09:00 [INFO ] [stake-score] sink=ffb4347a4c8294fed9548a875d1924a3a690ef2d70641e7610b63523d8dc613393051f7aeb84f6cb3f49c546cbfe46e5fd8b768d26c0ece49de75c1dc7c3b1c2 sink_blue=2800 credited 53 attestation(s) over 13 ready epoch(s) → stake_depth=7000000000 (rollout=Active, health=Active)
2026-08-09 22:47:15.732+09:00 [INFO ] Accepted block ffb4347a4c8294fed9548a875d1924a3a690ef2d70641e7610b63523d8dc613393051f7aeb84f6cb3f49c546cbfe46e5fd8b768d26c0ece49de75c1dc7c3b1c2 via relay
2026-08-09 22:47:16.990+09:00 [INFO ] Accepted block eca55222f5608b0289e73b463f5c3e0403f33a0094117763cb039cfb60d110b33c851da873d4297b60bc1845f26169cd321f399e025e92782e56eeb4fd0f2ff4 via relay
2026-08-09 22:47:18.348+09:00 [INFO ] Accepted block c810c8ad4b2e17dad22c7c5c901d2a9dbddb57ae80f153bf7e3e3a4ed8c5ddc84751e59405371594ed144668ff094c5dc323fd0805b1f9693273f9fc74f07540 via relay
2026-08-09 22:47:18.674+09:00 [INFO ] [validator-service] heartbeat: mode=active sink_daa=2801 bond=unconfigured active_set=[epoch=28 is_active_validator=true (active_validators=5)] dns_overlay=configured (stage=Active, dns_confirmed=false)
2026-08-09 22:47:18.780+09:00 [INFO ] Processed 8 blocks and 8 headers in the last 10.00s (8 transactions; 8 UTXO-validated blocks; 1.00 parents; 1.00 mergeset; 1.00 TPB; 0.0 mass)
2026-08-09 22:47:18.781+09:00 [INFO ] [ibd-perf] 8 hdrs avg: validate(A,parallelizable) 96.2us | commit(serial) 221.9us [add_block 13.3 + db.write 108.8; held-lock 186.2] | f_serial=0.698 f_reach=0.042 | parallelize-ceiling 1.43x
2026-08-09 22:47:19.745+09:00 [INFO ] Accepted block 203d5223e3c1507e1672bdf38fbe3972f004626c9197f20a238fa84fb589f1dd62ebd31b195c51836d9bd3a9215744e1b409ce1ac63f3afbbb10164941f482bf via relay
2026-08-09 22:47:21.689+09:00 [INFO ] Accepted block 56a4f6b346925578677f6849c2ea63fb6bc7b2c376b242ebca3abc8773c4adc530b300678c0f87a8ec685030ef2b23e70b2840a9604437309f8f51e6ffce5629 via relay
2026-08-09 22:47:24.333+09:00 [INFO ] Accepted block 524fd206f4f85a457f8d5b2c9f03e2548c2abff8bce9490f6f78c9d327201a99544f7157afce0084273ff13d32d3b82136964e91b76bd2362aeec01e6b00c6d7 via relay
2026-08-09 22:47:26.049+09:00 [INFO ] Accepted block 70a2419c7d489b0d441c9c0a2c2e81aa88b6e621abef7a9f22044c7d32297d5ffee18de1bf8fefd9b2f3c7ef8aaca17d9ab9ebd577ae91a4f707172d2c36991a via relay
2026-08-09 22:47:27.519+09:00 [INFO ] Accepted block 65d9e0361f33db6bc3b5d1aae7deea4946d98f307b3998c774ae77d49fda5d559d9bbf6c2e714dcd2440c3336e50cfd339fe6ec1232212a9eca975e174fbb77d via relay
2026-08-09 22:47:28.592+09:00 [INFO ] Accepted block 217c6c409e675a56f3df3ca718e78e1805b2258d264175e5c9bb9f47e6e9b44857b1db9660a02e7cd781486095a9bdd62785a0dcfbd7f55a33557d75e2563b0f via relay
2026-08-09 22:47:28.783+09:00 [INFO ] Processed 5 blocks and 5 headers in the last 10.00s (5 transactions; 5 UTXO-validated blocks; 1.00 parents; 1.00 mergeset; 1.00 TPB; 0.0 mass)
2026-08-09 22:47:28.783+09:00 [INFO ] [ibd-perf] 5 hdrs avg: validate(A,parallelizable) 90.8us | commit(serial) 246.7us [add_block 11.8 + db.write 128.0; held-lock 215.0] | f_serial=0.731 f_reach=0.035 | parallelize-ceiling 1.37x
2026-08-09 22:47:31.028+09:00 [INFO ] Accepted block 03039a611987570ef55f228f24e708876d15f818ab2a5d89b2d91f9f473263c1e16130e3b8010ee7660fba4b15d395cb32cbc16e69cc8432a1d293194b58768d via relay
2026-08-09 22:47:32.305+09:00 [INFO ] Accepted block 0a2e21f84f1e4a7956880c7ecdf0afdb39027d4fddacd7c527a2033e369f10c08ec31c08fc9ea27480baf47d9fda4175662840988c97e06d3dfcf7275e119f9b via relay
2026-08-09 22:47:33.638+09:00 [INFO ] Accepted block 347c54e02de1d085052a7b7f655f9827af60b8753a7c50de39cc89be355d8a6a6bae354b090cb3d9b494a171e20abedf44071fe207fc36c4c860d57cd0bfe539 via relay
2026-08-09 22:47:35.768+09:00 [INFO ] Accepted block 28d5243b5ba839e104809b41ea89e77ebd4e3db849645d200f323b6e0e1bc46d522a984b1d1a787049d14f29065d8c1784366cd58d61094fd86cefd5ed714524 via relay
2026-08-09 22:47:37.113+09:00 [INFO ] Accepted block 373c5494aebf5dbc6fe516e206d87f4da1dca6290170436d2533c6a56add95a30538aa957e01f1bbd4731a9d4a4425ec35b30cf1d72b259b3dcfe67e8ce146c6 via relay
2026-08-09 22:47:38.509+09:00 [INFO ] Accepted 2 blocks ...1631b374c06bb31b88a766bf7ba48037f1d85a482262716d6b384809ae7a1f738290f1d3fef0aac0ffc96ecc5de7bdd4d989b045895644873dab14faab823efe via relay
2026-08-09 22:47:38.785+09:00 [INFO ] Processed 7 blocks and 7 headers in the last 10.00s (7 transactions; 7 UTXO-validated blocks; 1.00 parents; 1.00 mergeset; 1.00 TPB; 0.0 mass)
2026-08-09 22:47:38.785+09:00 [INFO ] [ibd-perf] 7 hdrs avg: validate(A,parallelizable) 99.4us | commit(serial) 212.2us [add_block 13.2 + db.write 95.6; held-lock 172.2] | f_serial=0.681 f_reach=0.042 | parallelize-ceiling 1.47x
2026-08-09 22:47:42.262+09:00 [INFO ] Accepted block c9d7cc3824047296de2c988a513b2cf8b3fcb639aa4c743482fe90058029a078be32a887c6ac838c414d781b8d08794dfc1a36a244b0f2790c0d6b72f229eb6d via relay
2026-08-09 22:47:43.792+09:00 [INFO ] Accepted block 939cff0f309372db90d41c6898eb814487cfb19400565a197dd5a53bfe36b6d04b7b3171f03f7b59ceacfa26ec1e662c6a57803a972ce6782f3426ce2f7c4cdb via relay
2026-08-09 22:47:44.873+09:00 [INFO ] Accepted block e6f9f978551829680dc2b21c314c123ed7b33628acef0457bce7ef5606dca72e73504ab260338ea94931f41c237857ced9939526115e70035b2101e1d93997cb via relay
2026-08-09 22:47:45.972+09:00 [INFO ] Accepted block 3935a20555836856e4a21d5193c7dc7571c90d38314e3005f1bed4955201efe0a25bdbce1ecdc8061108267f34419048d439a6b41ae0fa15a420973717fed068 via relay
2026-08-09 22:47:47.021+09:00 [INFO ] Accepted block 33cfbfd2b0912ee9f117059db2266a78428c3c0b7b2552521faf9a73c75b04e085e8447f2dbb3ae6f1967c36c768160ffe33ce8e9cfc36fd1cdb6c93f989bc56 via relay
2026-08-09 22:47:48.663+09:00 [INFO ] Accepted block 3397714e6169c35a31427824803df0bb19911908ff334859369bd4aefe5dc4325fe7158da4b691c2c980d9db12aed7ba49874500ee3ee5498efe1ad12e2f0617 via relay
2026-08-09 22:47:48.676+09:00 [INFO ] [validator-service] heartbeat: mode=active sink_daa=2820 bond=unconfigured active_set=[epoch=28 is_active_validator=true (active_validators=5)] dns_overlay=configured (stage=Active, dns_confirmed=false)
2026-08-09 22:47:48.787+09:00 [INFO ] Processed 6 blocks and 6 headers in the last 10.00s (6 transactions; 6 UTXO-validated blocks; 1.00 parents; 1.00 mergeset; 1.00 TPB; 0.0 mass)
2026-08-09 22:47:48.787+09:00 [INFO ] [ibd-perf] 6 hdrs avg: validate(A,parallelizable) 104.6us | commit(serial) 233.3us [add_block 14.5 + db.write 115.0; held-lock 196.8] | f_serial=0.690 f_reach=0.043 | parallelize-ceiling 1.45x
2026-08-09 22:47:50.502+09:00 [INFO ] Accepted block cbe3ff8c62661a14a812c4b95ad717666d2cdeb24fd4fba7722c87e1dcaa0a3b774903863972bd53f390e33f5e42ace245b9811a23742dc962a55066cd7bb45a via relay
2026-08-09 22:47:52.266+09:00 [INFO ] Accepted block fa455633471cd5fd788988b991b7e97865a5c9f965105e0faa423f373bb6e3c2d87d450b75c101ff35d6d3fee97e3f705e30eebabbf6618e291f163aaf1d8d23 via relay
2026-08-09 22:47:53.617+09:00 [INFO ] Accepted block d0064c72674f2de486b81ab141fe27f23e02c0e4d377af8e67d347630f7c88f34a6c3ff04a80e5895d105a6f8902346fb661dff9a134c33fc5224e2cf37dd958 via relay
2026-08-09 22:47:55.083+09:00 [INFO ] Accepted block 156323a23f1af4b8f9dcaf1e04200105a0025109aa6feaadbe08dbe016e8e23269353c4cd43737f7e9f4a1eafbb46a3587b48310e4986da4ca3398b66c237042 via relay
2026-08-09 22:47:56.235+09:00 [INFO ] Accepted block 9a48c9e4885e00bd94936cae9bedec107732caedebe0711921ba0cd8ba21452457785222c63fc6e0245ef7f6358f184b38c133db04a2dd72a8fcefe2827513cb via relay
2026-08-09 22:47:58.033+09:00 [INFO ] Accepted block 039934f6d0549e114e349c278446f52b6985c57a453fa9ca68b4b3dae72f71f55c2a1e6d4e5b2341c220bf7b604a2255b05f939ef2eb8f5dc3458adec9cbde24 via relay
2026-08-09 22:47:58.789+09:00 [INFO ] Processed 6 blocks and 6 headers in the last 10.00s (6 transactions; 6 UTXO-validated blocks; 1.00 parents; 1.00 mergeset; 1.00 TPB; 0.0 mass)
2026-08-09 22:47:58.789+09:00 [INFO ] [ibd-perf] 6 hdrs avg: validate(A,parallelizable) 94.0us | commit(serial) 235.6us [add_block 13.7 + db.write 117.2; held-lock 195.2] | f_serial=0.715 f_reach=0.042 | parallelize-ceiling 1.40x
2026-08-09 22:48:00.335+09:00 [INFO ] Accepted block 6c350f1d5933c344763d8c5b2fd3df68d78741f6fdc38b7585b79d711221e63fbf340fce444c6f56491d2e9d51f75d84d9aae2addc2ade7e779069e133fb4ca5 via relay
2026-08-09 22:48:01.717+09:00 [INFO ] Accepted block 5e9fa25acab6ea3cd83895b357bfd1d0c2c7f219cc7eda18ce22a353d29621c64d553066402283aa82275952b2107203d6e2149d32cd269ac94add13534b5882 via relay
2026-08-09 22:48:02.764+09:00 [INFO ] Accepted 3 blocks ...33e2bc0ee96e9747d9c0658e332b850257313d6f87946cef5e49a429e47620b7f369c5b5481eeb430e0cfe11822e2ba86d0a8702cb0d42eb8b5af35702f32979 via relay
2026-08-09 22:48:03.844+09:00 [INFO ] Accepted 5 blocks ...196b25ba51ebef1c79bbb4d87ba2fb1faa8a376a6b04090730968c68ee6bd19b7652dfb9eb8e79549afc5f981898dfd17ec7559de77b173350dc1c3f7c5d816d via relay
2026-08-09 22:48:04.856+09:00 [INFO ] Accepted 2 blocks ...00f7c28bf229329ff92318c1ac7eacf858a6835ffba1e2bb5d7b34bbd1e90bad5a52a45564b6bf22940eb3ac8907aa4479b4408242362b5c29f2f1dfff31de9c via relay
2026-08-09 22:48:05.887+09:00 [INFO ] Accepted 5 blocks ...0e3d626fa770582d9dfaa08b1e80397c2ef7373ac9804787a9c9f1cdac4d578bd260147b4c6852e823e1de086e90f7e50d1d4571cb54165dea9422e7d5e53f42 via relay
2026-08-09 22:48:07.000+09:00 [INFO ] Accepted 3 blocks ...0506fd1e6d994e87484fe218263133cab288d618c0b1e0c6ff0c6ead59413890ed8dea0006ebc77b16540aab299aca30b6a08836197666ddaa12b876394004f5 via relay
2026-08-09 22:48:08.125+09:00 [INFO ] Accepted 2 blocks ...ccc5628a06ce00729938d4174787d79459a87bb41a0ec076cc4de6f8e619869be2aee19da5eee65795d1a9db5bb05131b6e90bedecd9bfc5c3b2e14f26e18e62 via relay
2026-08-09 22:48:08.792+09:00 [INFO ] Processed 25 blocks and 25 headers in the last 10.00s (25 transactions; 22 UTXO-validated blocks; 1.24 parents; 1.24 mergeset; 1.00 TPB; 0.0 mass)
2026-08-09 22:48:08.792+09:00 [INFO ] [ibd-perf] 25 hdrs avg: validate(A,parallelizable) 114.2us | commit(serial) 207.2us [add_block 17.8 + db.write 89.2; held-lock 169.1] | f_serial=0.645 f_reach=0.056 | parallelize-ceiling 1.55x
2026-08-09 22:48:09.250+09:00 [INFO ] Accepted 3 blocks ...53affc4c6ab56a33aba93b1dd0d7dcf338772701ce3591761a71809608d73cbe0199e4c645be3b991f11001a54c80a28560ea3a56379d2ee8a676346c8e13a96 via relay
2026-08-09 22:48:10.385+09:00 [INFO ] Accepted 3 blocks ...eed407dd1f0c08e4a0a04c70287f2b8589a5ce3fbeaddbc27de953e607fdb1fcb02a47cb68a0ce1336be0b59ef0927c0ed89064fce664d016b307c9d23713043 via relay
2026-08-09 22:48:11.474+09:00 [INFO ] Accepted block a6887c099771c74a89d47b696b6e776f8a4b42668ffd346be23fdd1e41954388f534ec0b64949ea7c560a7180b3af0fc1db61ecde6d36cd46d951d259a25a7ee via relay
2026-08-09 22:48:13.092+09:00 [INFO ] Accepted 4 blocks ...03e5e3494c693add9efc2e4e151032fe2659da2839f68a60e9bc0b6c33174feb7868ae32b5798ebee6d9acd309cc222631e0eea44c60b362f784c31941c4b87d via relay
2026-08-09 22:48:14.276+09:00 [INFO ] Accepted 5 blocks ...f827b34cbd41ebb319013aeab5998da84d9f557f1932df4631e97bf70915e4ee862a0a56aa3a893be25a926709fff7d50338b014c1ed9890b94804536b166493 via relay
2026-08-09 22:48:15.304+09:00 [INFO ] Accepted 2 blocks ...864bcf1a9c4511ee42b8b0864f81aa92736204fe73b03de08acaa09b0ed45446b908671a8a21a8013dfd1d7ccec63b98ae5ee97494a9022622033db75e6a9b36 via relay
2026-08-09 22:48:16.426+09:00 [INFO ] Accepted 7 blocks ...15bcad0695a8fdc89fbabf4b1dca79320ffa67f658def5e1c69aca120654963a5e3e2c1e46709734210f90eef1b3da1464e0b11d75f87e24eb231eca7ba95f0e via relay
2026-08-09 22:48:17.664+09:00 [INFO ] Accepted 3 blocks ...3be7464d6303ec2c4df721d9d15188c5789d7bf2834eb1d4eed5fb5a0a39652769eb2e9778b80584f45dba48781fe63bdcbf2aa1fe5a0417453bdb65798251d6 via relay
2026-08-09 22:48:18.679+09:00 [INFO ] [validator-service] heartbeat: mode=active sink_daa=2877 bond=unconfigured active_set=[epoch=28 is_active_validator=true (active_validators=5)] dns_overlay=configured (stage=Active, dns_confirmed=false)
2026-08-09 22:48:18.708+09:00 [INFO ] Accepted 2 blocks ...e4039d7850da22525fc683f5cef45b013f57cdea5c9ed628bd75221661bc7a99e088f24bd43b79cd19d6aef2aa0d71c00d195efaaf20d71fbc864927d1768cb3 via relay
2026-08-09 22:48:18.794+09:00 [INFO ] Processed 27 blocks and 27 headers in the last 10.00s (30 transactions; 21 UTXO-validated blocks; 1.26 parents; 1.26 mergeset; 1.11 TPB; 5577.8 mass)
2026-08-09 22:48:18.794+09:00 [INFO ] [ibd-perf] 27 hdrs avg: validate(A,parallelizable) 106.2us | commit(serial) 158.9us [add_block 16.3 + db.write 42.8; held-lock 117.5] | f_serial=0.599 f_reach=0.061 | parallelize-ceiling 1.67x
2026-08-09 22:48:18.805+09:00 [INFO ] Tx throughput stats: 0.30 u-tps, 100.00% e-tps (in: 0 via RPC, 3 via P2P, out: 3 via accepted blocks)
2026-08-09 22:48:20.406+09:00 [INFO ] Accepted 6 blocks ...fd9ba378a82ea151a1e1da5c059ef26871ceaef5262a6b6c0423ec4cffcbe8299acf98a8a2b5d2843afc15f3f813d419a645faddfefce5432606196d784caabd via relay
2026-08-09 22:48:21.450+09:00 [INFO ] Accepted block 9c3fd837ee811d10e8d26bb00cf232f947ce216258892e1adf13f86f7b7a174436daaa404131734264973d62c3959d8dfd18f0fd7619233c2cb151d4bd9e0a54 via relay
2026-08-09 22:48:22.481+09:00 [INFO ] Accepted 3 blocks ...b266341e52b90e0902c54a1905a1582512cfce5154d95dc1583188e64aa3e580f8785ffa88750a7e74e07cbe2d0e5032e95e36a4988347bfd8a1a5c3d0e0322a via relay
2026-08-09 22:48:23.676+09:00 [INFO ] Accepted 4 blocks ...94450f2b767131566009cf606fb935e07a6cedde459175a60c9ae3dc81e0d73391b777f2fe2bc606f88d730d63392a74214cb0b7020326d252ced44a631ba84e via relay
2026-08-09 22:48:24.770+09:00 [INFO ] Accepted block 758cfaeac146545d7c27889f396df48f53571b4f3ca9faad8a751a175deaa99644a6818f89346c3316eef94790da9bed2a397bdb2a29b3dd0d1f95ad5cea91cf via relay
2026-08-09 22:48:26.133+09:00 [INFO ] Accepted 3 blocks ...b5fdb78b78ec1f58948539098ea78eac8ca486a597491346bd1e2de2dc66eef39fefcf49e925ffd42fff50f6fcfcf161447d4ce5474d8884e74a0a5479942099 via relay
2026-08-09 22:48:26.955+09:00 [INFO ] [vlt-shadow] sink_daa=2899 5 validator(s) with credit; 3/13 epoch(s) would reach quorum; newest epoch Some(27): W(E)=201995250 signed=121197150 snapshot_root=efd0764e66935e39d948bf521b5c04c05116439d67be355573f76fc14e55cf2d8c6b05b0b4cc8155d67eda1521cf2fd78f5f93472ef38d2998de39d3a398fe7b — the weight fence is at 18446744073709551615
2026-08-09 22:48:26.955+09:00 [INFO ] [stake-score] sink=849fa42bf9989ded4df65ac9ddc0a7988bea56a9f9b52e1f84895106708393f60fea4c7c05b316b1f92fbfa1c2765bedf96b03e5eda9872047ae5f4978569779 sink_blue=2900 credited 51 attestation(s) over 13 ready epoch(s) → stake_depth=6000000000 (rollout=Active, health=Active)
2026-08-09 22:48:27.570+09:00 [INFO ] Accepted 6 blocks ...cb093e16245b04f18c4c7222450498fc82d8c5c73eab81511e81140bc25521d0860b7eadda9ecbed77554a8ca2ab16489135087b978ff636a91a3c5a9a8a1207 via relay
2026-08-09 22:48:28.796+09:00 [INFO ] Processed 27 blocks and 27 headers in the last 10.00s (27 transactions; 25 UTXO-validated blocks; 1.37 parents; 1.37 mergeset; 1.00 TPB; 0.0 mass)
2026-08-09 22:48:28.796+09:00 [INFO ] [ibd-perf] 27 hdrs avg: validate(A,parallelizable) 127.5us | commit(serial) 181.4us [add_block 17.5 + db.write 55.7; held-lock 141.1] | f_serial=0.587 f_reach=0.057 | parallelize-ceiling 1.70x
2026-08-09 22:48:29.048+09:00 [INFO ] Accepted 3 blocks ...8a556fe5b6d5042d67e4630924f8279a389245f2074b4b85d4300341eaae0d7acebce2b56b802eb6a7193f2d7183765a4766723ecd991a48de59a089eefef8ea via relay
2026-08-09 22:48:30.191+09:00 [INFO ] Accepted block 532f5ee83cbc4f2ef0e54c9cacd07367acc972bcb77d5d9dbaefbc832a89029df23344b5c168f640ce285b4577f4cfc34be2d8f82bdb623297511e224c746d88 via relay
2026-08-09 22:48:31.410+09:00 [INFO ] Accepted 4 blocks ...0ad522065e8efae468e77513812a5dfcc120ec0ac542de491c4a8ab0d28595902f7cc38132298f906f327fb63b2b4042d741b7f60aaae07f5827686c48f14bed via relay
2026-08-09 22:48:32.791+09:00 [INFO ] Accepted 4 blocks ...6e6efcb3adfe3a77cf2ec94c0769beffcded43645eb4c69fc23afc1c19d2a5ef21861adf3a6cb78f93f3cf49b5f625d2cf789ec48de7bd35232e2b450d6c5545 via relay
2026-08-09 22:48:33.957+09:00 [INFO ] Accepted 5 blocks ...61b5b0091dbcf4e8f937764e3286bf6d97771385403876a0f4abd7dd9e6adec71b15dd2283710d271f8fb5278e55d738075c9ea0f4ca178ac40474db31dd1916 via relay
2026-08-09 22:48:35.003+09:00 [INFO ] Accepted 3 blocks ...c78e66f756859bcb79abc8aec4ea59fced06e55590ea7f69e8211af3f8b553f5f5ce6b5db459c1a5c8b588e5d8b79b621a0fcb0536e618d6326c0067814db353 via relay
2026-08-09 22:48:36.232+09:00 [INFO ] Accepted 3 blocks ...cda29869dee6bfdc5964a77f3941cc6b51be88f967df381c201270a6e88bf6c5c58c4817cdbeddec0dd74c9f24a4a9ede4fda71d2d242971e352489ae0f46f49 via relay
2026-08-09 22:48:37.841+09:00 [INFO ] Accepted 2 blocks ...de00648ac6dfd180c6963725f329af53f7db02bd7bcd0c23b459b598236bce13ca616f75840eeaeea67029ac3683f15bd90d9505d90b2c02cf72d10c1bee2514 via relay
2026-08-09 22:48:38.798+09:00 [INFO ] Processed 23 blocks and 23 headers in the last 10.00s (23 transactions; 21 UTXO-validated blocks; 1.30 parents; 1.30 mergeset; 1.00 TPB; 0.0 mass)
2026-08-09 22:48:38.798+09:00 [INFO ] [ibd-perf] 23 hdrs avg: validate(A,parallelizable) 134.6us | commit(serial) 199.0us [add_block 18.7 + db.write 64.6; held-lock 157.1] | f_serial=0.597 f_reach=0.056 | parallelize-ceiling 1.68x
2026-08-09 22:48:38.943+09:00 [INFO ] Accepted block eb2086c14dfb43b43827a95b2b7a0f40320c2dfaf39d22f6b397cf7144b72c1ef2484314533929e8d448d5bb6b7c34563d6a157f5716f1918b94828b3c1deb40 via relay
2026-08-09 22:48:39.949+09:00 [INFO ] Accepted 4 blocks ...9b3a059180c12c30bae24e5f251715013ce71a733a89bff1081a099b3c04ae7e7c7282fd6dbe58b1c721599dc744cb1f9e8a626e97d0a19c04ea3e2fe1060cf1 via relay
2026-08-09 22:48:41.932+09:00 [INFO ] Accepted 4 blocks ...cf20354fbf12be68d8b2554c39c7fb5bb61fbd9365c33afa0b1015c54aa2633ffb08357119cb51ea798f59c4e0d7837a8f39cf61c7b1f50eda498f0d034632f0 via relay
2026-08-09 22:48:43.208+09:00 [INFO ] Accepted 8 blocks ...27f13c90cdd35aadc417046b7e4bd82695f50069c93e628c36711e553c1046b042a5ba564561523e85562e193a9bc64ab1a1bf82c62ca1fc5659ad1bbfc38176 via relay
2026-08-09 22:48:44.722+09:00 [INFO ] Accepted 2 blocks ...4f0b550d03637381c4f953c442817cb81c9ce352bd08a573be3db64af492257e08245b487526cf5a2557c91440dae0dd7940be02ce84ae87f245333f58334e17 via relay
2026-08-09 22:48:45.872+09:00 [INFO ] Accepted 3 blocks ...e7b6c368bd4b1b95c65e9a2e9c3117b76c39f745c5813c32406553a99eb95f5e0a23c2e44e90fde579b12ea72617d09768c6f82d1468caa3a342358dbce46c4a via relay
2026-08-09 22:48:47.073+09:00 [INFO ] Accepted 3 blocks ...69b52abe27d846da1274b78823a16fe942a5615fd7e1130546b4f34deb25c64cf874703ebcd7aea38f74b5750de9b87a47775038e22d6973c98e9b150c688c5a via relay
2026-08-09 22:48:48.097+09:00 [INFO ] Accepted 2 blocks ...93de7835ca57bc88236087763910e212eaabb3d44deae7a8d45a2d939c2137ab749f32b410804a1e1738b61f3fffb00e0b3bb7e1db54f341b5db5b7be93232b1 via relay
2026-08-09 22:48:48.682+09:00 [INFO ] [validator-service] heartbeat: mode=active sink_daa=2955 bond=unconfigured active_set=[epoch=29 is_active_validator=true (active_validators=5)] dns_overlay=configured (stage=Active, dns_confirmed=false)
2026-08-09 22:48:48.801+09:00 [INFO ] Processed 28 blocks and 28 headers in the last 10.00s (31 transactions; 22 UTXO-validated blocks; 1.32 parents; 1.32 mergeset; 1.11 TPB; 5378.6 mass)
2026-08-09 22:48:48.801+09:00 [INFO ] [ibd-perf] 28 hdrs avg: validate(A,parallelizable) 118.6us | commit(serial) 184.5us [add_block 17.3 + db.write 62.8; held-lock 143.8] | f_serial=0.609 f_reach=0.057 | parallelize-ceiling 1.64x
2026-08-09 22:48:48.812+09:00 [INFO ] Tx throughput stats: 0.30 u-tps, 100.00% e-tps (in: 0 via RPC, 2 via P2P, out: 3 via accepted blocks)
2026-08-09 22:48:49.433+09:00 [INFO ] Accepted 4 blocks ...cd21c93983dd495b0f064e4086458b754cb48491d2a9caea7ac60456a9c115b859bf8dec09e584bd6d7924eacbb8dd9efd7584059655f1d23e8707d214888e60 via relay
2026-08-09 22:48:50.677+09:00 [INFO ] Accepted 4 blocks ...aff5785c8009b7de93981d607286e67a7792ef8fa886227c1640c0483331dd810d1d6f1f8986894de0089f37825da04c5126672bd40332b41e423e3e3f707685 via relay
2026-08-09 22:48:51.961+09:00 [INFO ] Accepted 2 blocks ...45ada778ec865835feceac01168420117b00f7673c0035847717285164bfb0f754ba50223404da6e0c8fe4e249dc30c8409a4b904a38da75057d9456bf0f177e via relay
2026-08-09 22:48:53.192+09:00 [INFO ] Accepted 4 blocks ...712d71787c91af57683f2435b2678eb3a7ba5103a1ff1a50189534e0dcf4785c79c83895ff1031ce6d76b25cfa301fd79417985bb084c9e649b2dfa51c040180 via relay
2026-08-09 22:48:54.461+09:00 [INFO ] Accepted 4 blocks ...e2acbda8b079005d2b081a8894caaf85b2a1656dbadf052248404f956c0192faa09b26cd022f98021c86f43c8148c5748846f96e6eb839ea166733241d43e8af via relay
2026-08-09 22:48:55.561+09:00 [INFO ] Accepted 3 blocks ...ce8849ca1dccac2de1b8eb5c0ea6a56f1200e52ca1e8d48420f7a5f0501c840ff9f627e9f04ddf31a23a1ad6ea36e9117d5579bc66230f13648665895d5d2187 via relay
2026-08-09 22:48:57.143+09:00 [INFO ] Accepted 2 blocks ...8435d500029a38c5011c8a5488fb268135fb16099895d0bec021018568703a4caa8e0f1cadab1e2ec387baba83593934ec3e021764e7d9eda3707bb3b740e785 via relay
2026-08-09 22:48:58.452+09:00 [INFO ] Accepted 3 blocks ...1bed0193ee9c1bab36d8b5a938b86a57a2f2d02d702c582585f33e92cc98085844dbe93d9cc14983aed87df718685961bd430b2b68093d15ac14f07a96493a38 via relay
2026-08-09 22:48:58.803+09:00 [INFO ] Processed 26 blocks and 26 headers in the last 10.00s (26 transactions; 21 UTXO-validated blocks; 1.35 parents; 1.35 mergeset; 1.00 TPB; 0.0 mass)
2026-08-09 22:48:58.803+09:00 [INFO ] [ibd-perf] 26 hdrs avg: validate(A,parallelizable) 123.0us | commit(serial) 227.3us [add_block 19.6 + db.write 76.9; held-lock 184.9] | f_serial=0.649 f_reach=0.056 | parallelize-ceiling 1.54x
2026-08-09 22:48:59.700+09:00 [INFO ] Accepted 6 blocks ...68737038db2e7afa3e2f085d66ce7daf0e2f42fcd20af9f4578471ffcf94ab3bd8e3f97614ff7c34cb0c93b4e8fdabdbc5b1e6cefd6e54cc7c856fdb5c97cec4 via relay
2026-08-09 22:49:00.725+09:00 [INFO ] Accepted 3 blocks ...5fc1e2b8c4001d21708bc0e90b6aa0e715a9840d3ab3b40b125211d57300800a161227456fd3efed8f02e2824be03b22e7db1d86793c86d34022a0022b01d6ac via relay
2026-08-09 22:49:02.758+09:00 [INFO ] Accepted 4 blocks ...a7da92d07fc3c4e3cded8c51e49eedab5cca0c924cf76077f01c93ee1955693ed1ddb29ede118fe9a0365b3679fac0d278a21c49771fdf7e38b8c160f74c1f85 via relay
2026-08-09 22:49:03.764+09:00 [INFO ] [vlt-shadow] sink_daa=2999 5 validator(s) with credit; 1/13 epoch(s) would reach quorum; newest epoch Some(28): W(E)=0 signed=0 snapshot_root=e118aabda127048231a1b37f4e0d4043ca4e4b14b66517191c93859de6e627d3d440fefe60d68af738c93c85bafda7c590f1467e329c8a9832f2d38b880eeaad — the weight fence is at 18446744073709551615
2026-08-09 22:49:03.764+09:00 [INFO ] [stake-score] sink=d22dc6978c9804ab78f249755849d3dffcc3664840e0b23be1a67199c67f9f93b6125bc914648dc9bff7c499ae9c8b590e7c3f86cd3ee0650cb1e3c6482f1e15 sink_blue=3000 credited 49 attestation(s) over 13 ready epoch(s) → stake_depth=5000000000 (rollout=Active, health=Active)
2026-08-09 22:49:04.077+09:00 [INFO ] Accepted 6 blocks ...d22dc6978c9804ab78f249755849d3dffcc3664840e0b23be1a67199c67f9f93b6125bc914648dc9bff7c499ae9c8b590e7c3f86cd3ee0650cb1e3c6482f1e15 via relay
2026-08-09 22:49:04.994+09:00 [INFO ] EVM lane KPI (O9): 768 chain blocks, avg mergeset 1.07, avg accepted-gas utilization 0.00%, 0 deposit-claims applied (cumulative)
2026-08-09 22:49:05.245+09:00 [INFO ] Accepted 3 blocks ...b2999c77ecc8a0d6b9f37973024e15cf5f62f6bf4ec81dd3a5a4a7f82a2d2af8bee5d1adc5f2675b7399f490a36cd51636be6b78dc1802ecd852ba556e3d5940 via relay
2026-08-09 22:49:06.335+09:00 [INFO ] Accepted 4 blocks ...0bc8c9795ddd37118f29874d1449b630a1f146af4bbd6e1da04d0da83a46b6452aab318bf9c74a22c957996e4b7f218af39c5cbcaed719ae7aaf60745797124a via relay
2026-08-09 22:49:07.536+09:00 [INFO ] Accepted 4 blocks ...afa6e298efbbb4b2ff56812068226142c4c0bea52d364f8db99375864da4cd07d6257ba39637d6d59c330be4826a61de8117202e2b50633409d512db7e2d4364 via relay
2026-08-09 22:49:08.805+09:00 [INFO ] Processed 30 blocks and 30 headers in the last 10.00s (30 transactions; 27 UTXO-validated blocks; 1.30 parents; 1.30 mergeset; 1.00 TPB; 0.0 mass)
2026-08-09 22:49:08.805+09:00 [INFO ] [ibd-perf] 30 hdrs avg: validate(A,parallelizable) 111.3us | commit(serial) 201.2us [add_block 17.0 + db.write 80.3; held-lock 164.3] | f_serial=0.644 f_reach=0.054 | parallelize-ceiling 1.55x
2026-08-09 22:49:09.086+09:00 [INFO ] Accepted 3 blocks ...23b378554bedb8e0d3b467c644f94c295dffca7ba6f58d4ecf659db1ed7b13b1fb4056a0b7442dc279c59afc790b7c916a8c3819a2e30e91b3acd746c69dbc45 via relay
2026-08-09 22:49:10.121+09:00 [INFO ] Accepted 2 blocks ...2697264f997bedb4d99bad96979d4a63bf357567d1736676a9f85f4d030d809172f2561ab2424cdafb76854a0d3d6ffc383877022bc6e6c6d7e278c68df93533 via relay
2026-08-09 22:49:11.162+09:00 [INFO ] Accepted 4 blocks ...efe37e81e8176a15370ea35b67370c4a65a489e03ce8b167fc3a1503c4f3eac943c5d9c7ac0660b6ca58bc6b022474f3c9db35d40a425b0a2d03233d42920343 via relay
2026-08-09 22:49:12.259+09:00 [INFO ] Accepted 3 blocks ...fb6fee7b3e549a88234922eebb64ef624526b2d66e8a610ef8b21c820eeded3bef0ebc454e71fc774eeb8619227c30b797d95dd0f77e94b44fe6cf697acfbb10 via relay
2026-08-09 22:49:13.950+09:00 [INFO ] Accepted 5 blocks ...230fc38abaa45bb4d193e45ee3fbab69bef628d5ac73988ce89474a294b34d44f978f3a13d7367a3ab5807c204a892254a0accd6c0500f642c2edd9efa36390c via relay
2026-08-09 22:49:15.230+09:00 [INFO ] Accepted 4 blocks ...5f1987cc9424e2f6e09e2ad6bb50738a8af0b2982d2a3d2657cb105e5c232408abc3940482b3c02fe34ba7413442fd440e4ff0a32bee3bec0ab9cb83ec95a016 via relay
2026-08-09 22:49:16.253+09:00 [INFO ] Accepted block 00e1f10ba98cae335af829ae2e4818abce719ec53246e368facd974817cd5145a472bf98bc3cc3a5a282b4366691c57532204a476c1ffc96f55af17237d3df99 via relay
2026-08-09 22:49:17.641+09:00 [INFO ] Accepted 4 blocks ...9ec1000a3cb8925ef78126826475e1abd7cd5bc509e99f266b4435e8f7d36ef4759083b7fa8d5d95c9780bb067a799ef91985c3ff29625d6aa5ba0083fb0f078 via relay
2026-08-09 22:49:18.685+09:00 [INFO ] [validator-service] heartbeat: mode=active sink_daa=3037 bond=unconfigured active_set=[epoch=30 is_active_validator=true (active_validators=5)] dns_overlay=configured (stage=Active, dns_confirmed=false)
2026-08-09 22:49:18.807+09:00 [INFO ] Processed 26 blocks and 26 headers in the last 10.00s (26 transactions; 21 UTXO-validated blocks; 1.31 parents; 1.31 mergeset; 1.00 TPB; 0.0 mass)
2026-08-09 22:49:18.807+09:00 [INFO ] [ibd-perf] 26 hdrs avg: validate(A,parallelizable) 109.1us | commit(serial) 207.4us [add_block 16.8 + db.write 81.8; held-lock 167.2] | f_serial=0.655 f_reach=0.053 | parallelize-ceiling 1.53x
2026-08-09 22:49:19.351+09:00 [INFO ] Accepted 4 blocks ...d47e20a60751b25e1039d7d67343dab4bf9fd085ed3f18ac0d2598801e9643361fc1a80a7673cb09846acc7b806f900c053713cf4cd73a149672ae4fb0cba35d via relay
2026-08-09 22:49:19.869+09:00 [INFO ] P2P, incoming stream ended from peer 127.0.0.1:17111
2026-08-09 22:49:19.871+09:00 [INFO ] P2P, incoming stream ended from peer 127.0.0.1:17121
2026-08-09 22:49:19.876+09:00 [INFO ] P2P, incoming stream ended from peer 127.0.0.1:17131
2026-08-09 22:49:19.879+09:00 [INFO ] P2P, incoming stream ended from peer 127.0.0.1:17141
^SIGTERM - shutting down...
2026-08-09 22:49:19.881+09:00 [INFO ] P2P Server stopped: 127.0.0.1:17151
2026-08-09 22:49:19.881+09:00 [INFO ] WRPC Server stopped on: 127.0.0.1:17152
2026-08-09 22:49:19.882+09:00 [INFO ] GRPC Server stopped on: 127.0.0.1:17150
2026-08-09 22:49:20.383+09:00 [INFO ] Accepted block 76940911e48dc1574ea41e3d1941b26599bb5f3080d9533d7239c1380605c37fe707b8ffb29f3730729457c16d254e58043f60dd6d90a44f382ab884dba78fc2 via relay
2026-08-09 22:49:20.393+09:00 [INFO ] Kaspad has stopped...
