
  misaminer v1.0.0  —  MISAKA (kaspa-pq) Layer-0 CPU miner
  ---------------------------------------------------------
  pool/node : 127.0.0.1:17210
  network   : devnet
  worker    : rig0
  threads   : 2

2026-08-09 22:50:44.079+09:00 [INFO ] payout wallet: misakadev:qtd7hdgy4aw6hc4dfypftzj7wh7lwplq9dfwfpn9ll2csyrmt5x4rarf436w4ndqaz762x8g3802utmrkknsheg3l6lx0vz922a5lmr9kvn89n02
2026-08-09 22:50:44.080+09:00 [INFO ] [rig0] connected to 127.0.0.1:17210; mining network_id=devnet to misakadev:qtd7hdgy4aw6hc4dfypftzj7wh7lwplq9dfwfpn9ll2csyrmt5x4rarf436w4ndqaz762x8g3802utmrkknsheg3l6lx0vz922a5lmr9kvn89n02
2026-08-09 22:50:44.487+09:00 [INFO ] [rig0] mined block #1 (nonce=234051, daa_score=10)
2026-08-09 22:50:45.249+09:00 [INFO ] [rig0] mined block #2 (nonce=9223372036855214152, daa_score=11)
2026-08-09 22:50:45.946+09:00 [INFO ] [rig0] mined block #3 (nonce=9223372036855174729, daa_score=13)
2026-08-09 22:50:46.108+09:00 [INFO ] [rig0] mined block #4 (nonce=92478, daa_score=15)
2026-08-09 22:50:46.522+09:00 [INFO ] [rig0] mined block #5 (nonce=9223372036855012536, daa_score=16)
2026-08-09 22:50:46.801+09:00 [INFO ] [rig0] mined block #6 (nonce=157442, daa_score=17)
2026-08-09 22:50:47.387+09:00 [INFO ] [rig0] mined block #7 (nonce=9223372036855093890, daa_score=18)
2026-08-09 22:50:47.743+09:00 [INFO ] [rig0] mined block #8 (nonce=9223372036854981748, daa_score=20)
2026-08-09 22:50:48.012+09:00 [INFO ] [rig0] mined block #9 (nonce=154263, daa_score=21)
2026-08-09 22:50:48.251+09:00 [INFO ] [rig0] mined block #10 (nonce=136905, daa_score=22)
2026-08-09 22:50:48.594+09:00 [INFO ] [rig0] mined block #11 (nonce=196176, daa_score=23)
2026-08-09 22:50:48.712+09:00 [INFO ] [rig0] mined block #12 (nonce=66637, daa_score=24)
2026-08-09 22:50:49.055+09:00 [INFO ] [rig0] mined block #13 (nonce=9223372036854973070, daa_score=25)
2026-08-09 22:50:49.288+09:00 [INFO ] [rig0] mined block #14 (nonce=133064, daa_score=27)
2026-08-09 22:50:49.702+09:00 [INFO ] [rig0] mined block #15 (nonce=9223372036855014740, daa_score=28)
2026-08-09 22:50:50.679+09:00 [INFO ] [rig0] mined block #16 (nonce=9223372036855338707, daa_score=29)
2026-08-09 22:50:50.906+09:00 [INFO ] [rig0] mined block #17 (nonce=130814, daa_score=31)
2026-08-09 22:50:51.006+09:00 [INFO ] [rig0] mined block #18 (nonce=56576, daa_score=32)
2026-08-09 22:50:51.076+09:00 [INFO ] [rig0] mined block #19 (nonce=9223372036854815614, daa_score=33)
2026-08-09 22:50:51.377+09:00 [INFO ] [rig0] mined block #20 (nonce=9223372036854947808, daa_score=34)
2026-08-09 22:50:51.434+09:00 [INFO ] [rig0] mined block #21 (nonce=9223372036854807050, daa_score=35)
2026-08-09 22:50:52.120+09:00 [INFO ] [rig0] mined block #22 (nonce=392479, daa_score=36)
2026-08-09 22:50:52.213+09:00 [INFO ] [rig0] mined block #23 (nonce=9223372036854827474, daa_score=38)
2026-08-09 22:50:52.630+09:00 [INFO ] [rig0] mined block #24 (nonce=9223372036855016000, daa_score=39)
2026-08-09 22:50:54.123+09:00 [INFO ] [rig0] mined block #25 (nonce=9223372036855609040, daa_score=40)
2026-08-09 22:50:54.474+09:00 [INFO ] [rig0] mined block #26 (nonce=201751, daa_score=42)
2026-08-09 22:50:54.914+09:00 [INFO ] [rig0] mined block #27 (nonce=253515, daa_score=44)
2026-08-09 22:50:55.002+09:00 [INFO ] [rig0] mined block #28 (nonce=49959, daa_score=45)
2026-08-09 22:50:55.014+09:00 [INFO ] [rig0] mined block #29 (nonce=9223372036854820198, daa_score=46)
2026-08-09 22:50:55.026+09:00 [INFO ] [rig0] mined block #30 (nonce=5707, daa_score=47)
2026-08-09 22:50:55.767+09:00 [INFO ] [rig0] mined block #31 (nonce=420734, daa_score=48)
2026-08-09 22:50:55.877+09:00 [INFO ] [rig0] mined block #32 (nonce=9223372036854838303, daa_score=50)
2026-08-09 22:50:57.528+09:00 [INFO ] [rig0] mined block #33 (nonce=942365, daa_score=51)
2026-08-09 22:50:57.541+09:00 [INFO ] [rig0] mined block #34 (nonce=9223372036854782220, daa_score=53)
2026-08-09 22:50:57.568+09:00 [INFO ] [rig0] mined block #35 (nonce=9223372036854790418, daa_score=54)
2026-08-09 22:50:57.629+09:00 [INFO ] [rig0] mined block #36 (nonce=33590, daa_score=55)
2026-08-09 22:50:57.646+09:00 [INFO ] [rig0] mined block #37 (nonce=9223372036854784075, daa_score=56)
2026-08-09 22:50:57.823+09:00 [INFO ] [rig0] mined block #38 (nonce=9223372036854876268, daa_score=57)
2026-08-09 22:50:58.791+09:00 [INFO ] [rig0] mined block #39 (nonce=556446, daa_score=58)
2026-08-09 22:50:58.935+09:00 [INFO ] [rig0] mined block #40 (nonce=82624, daa_score=60)
2026-08-09 22:50:58.935+09:00 [INFO ] done: mined 40 blocks

  misaminer v1.0.0  —  MISAKA (kaspa-pq) Layer-0 CPU miner
  ---------------------------------------------------------
  pool/node : 127.0.0.1:17210
  network   : devnet
  worker    : rig0
  threads   : 2

2026-08-09 22:50:58.941+09:00 [INFO ] payout wallet: misakadev:q25wsp74fry360936xn3f83cnasd73q72w8ucemru4dqdpxusj70sj2ulwx744ptu59n5hn8vy45nhpgvmgdjxyv85wq44ryyrs0t3mcck0qfjds
2026-08-09 22:50:58.942+09:00 [INFO ] [rig0] connected to 127.0.0.1:17210; mining network_id=devnet to misakadev:q25wsp74fry360936xn3f83cnasd73q72w8ucemru4dqdpxusj70sj2ulwx744ptu59n5hn8vy45nhpgvmgdjxyv85wq44ryyrs0t3mcck0qfjds
2026-08-09 22:50:58.949+09:00 [INFO ] [rig0] mined block #1 (nonce=9223372036854779257, daa_score=61)
2026-08-09 22:50:58.977+09:00 [INFO ] [rig0] mined block #2 (nonce=9223372036854790766, daa_score=62)
2026-08-09 22:50:59.221+09:00 [INFO ] [rig0] mined block #3 (nonce=140943, daa_score=63)
2026-08-09 22:50:59.582+09:00 [INFO ] [rig0] mined block #4 (nonce=9223372036854985507, daa_score=64)
2026-08-09 22:51:00.318+09:00 [INFO ] [rig0] mined block #5 (nonce=425769, daa_score=65)
2026-08-09 22:51:00.583+09:00 [INFO ] [rig0] mined block #6 (nonce=9223372036854928212, daa_score=66)
2026-08-09 22:51:01.267+09:00 [INFO ] [rig0] mined block #7 (nonce=9223372036855173828, daa_score=67)
2026-08-09 22:51:01.412+09:00 [INFO ] [rig0] mined block #8 (nonce=83348, daa_score=69)
2026-08-09 22:51:01.571+09:00 [INFO ] [rig0] mined block #9 (nonce=9223372036854867573, daa_score=70)
2026-08-09 22:51:01.756+09:00 [INFO ] [rig0] mined block #10 (nonce=9223372036854881661, daa_score=71)
2026-08-09 22:51:02.194+09:00 [INFO ] [rig0] mined block #11 (nonce=9223372036855026872, daa_score=72)
2026-08-09 22:51:02.694+09:00 [INFO ] [rig0] mined block #12 (nonce=288202, daa_score=73)
2026-08-09 22:51:02.967+09:00 [INFO ] [rig0] mined block #13 (nonce=159232, daa_score=74)
2026-08-09 22:51:03.352+09:00 [INFO ] [rig0] mined block #14 (nonce=9223372036854998780, daa_score=76)
2026-08-09 22:51:04.237+09:00 [INFO ] [rig0] mined block #15 (nonce=511221, daa_score=77)
2026-08-09 22:51:05.563+09:00 [INFO ] [rig0] mined block #16 (nonce=768992, daa_score=78)
2026-08-09 22:51:06.159+09:00 [INFO ] [rig0] mined block #17 (nonce=9223372036855119979, daa_score=80)
2026-08-09 22:51:06.753+09:00 [INFO ] [rig0] mined block #18 (nonce=344403, daa_score=82)
2026-08-09 22:51:06.828+09:00 [INFO ] [rig0] mined block #19 (nonce=9223372036854818010, daa_score=83)
2026-08-09 22:51:07.176+09:00 [INFO ] [rig0] mined block #20 (nonce=200891, daa_score=84)
2026-08-09 22:51:08.562+09:00 [INFO ] [rig0] mined block #21 (nonce=798412, daa_score=85)
2026-08-09 22:51:08.652+09:00 [INFO ] [rig0] mined block #22 (nonce=9223372036854826302, daa_score=87)
2026-08-09 22:51:09.575+09:00 [INFO ] [rig0] mined block #23 (nonce=536440, daa_score=88)
2026-08-09 22:51:09.698+09:00 [INFO ] [rig0] mined block #24 (nonce=9223372036854845893, daa_score=90)
2026-08-09 22:51:10.268+09:00 [INFO ] [rig0] mined block #25 (nonce=9223372036855105685, daa_score=91)
2026-08-09 22:51:13.375+09:00 [INFO ] [rig0] mined block #26 (nonce=9223372036856578220, daa_score=93)
2026-08-09 22:51:13.663+09:00 [INFO ] [rig0] mined block #27 (nonce=9223372036854942535, daa_score=96)
2026-08-09 22:51:13.696+09:00 [INFO ] [rig0] mined block #28 (nonce=17651, daa_score=97)
2026-08-09 22:51:14.427+09:00 [INFO ] [rig0] mined block #29 (nonce=424700, daa_score=98)
2026-08-09 22:51:14.569+09:00 [INFO ] [rig0] mined block #30 (nonce=81605, daa_score=100)
2026-08-09 22:51:14.733+09:00 [INFO ] [rig0] mined block #31 (nonce=9223372036854870555, daa_score=101)
2026-08-09 22:51:15.657+09:00 [INFO ] [rig0] mined block #32 (nonce=9223372036855312319, daa_score=102)
2026-08-09 22:51:15.693+09:00 [INFO ] [rig0] mined block #33 (nonce=19957, daa_score=104)
2026-08-09 22:51:16.321+09:00 [INFO ] [rig0] mined block #34 (nonce=364753, daa_score=105)
2026-08-09 22:51:16.936+09:00 [INFO ] [rig0] mined block #35 (nonce=357612, daa_score=106)
2026-08-09 22:51:17.009+09:00 [INFO ] [rig0] mined block #36 (nonce=9223372036854817143, daa_score=108)
2026-08-09 22:51:17.240+09:00 [INFO ] [rig0] mined block #37 (nonce=9223372036854897531, daa_score=109)
2026-08-09 22:51:18.519+09:00 [INFO ] [rig0] mined block #38 (nonce=733658, daa_score=110)
2026-08-09 22:51:19.514+09:00 [INFO ] [rig0] mined block #39 (nonce=574283, daa_score=112)
2026-08-09 22:51:19.846+09:00 [INFO ] [rig0] mined block #40 (nonce=9223372036854965441, daa_score=113)
2026-08-09 22:51:19.846+09:00 [INFO ] done: mined 40 blocks

  misaminer v1.0.0  —  MISAKA (kaspa-pq) Layer-0 CPU miner
  ---------------------------------------------------------
  pool/node : 127.0.0.1:17210
  network   : devnet
  worker    : rig0
  threads   : 2

2026-08-09 22:51:19.852+09:00 [INFO ] payout wallet: misakadev:qt9zx6cafet2fx9thcf2wcc0ngu9tc9zsxnjn2rkvtvcp9cvgyv6d50zz4jhyu07qnuav3wyqw4k7rgdmex6pkp429462wu23x8y2cgs7jt548aa
2026-08-09 22:51:19.853+09:00 [INFO ] [rig0] connected to 127.0.0.1:17210; mining network_id=devnet to misakadev:qt9zx6cafet2fx9thcf2wcc0ngu9tc9zsxnjn2rkvtvcp9cvgyv6d50zz4jhyu07qnuav3wyqw4k7rgdmex6pkp429462wu23x8y2cgs7jt548aa
2026-08-09 22:51:20.420+09:00 [INFO ] [rig0] mined block #1 (nonce=325857, daa_score=114)
2026-08-09 22:51:20.872+09:00 [INFO ] [rig0] mined block #2 (nonce=9223372036855036421, daa_score=115)
2026-08-09 22:51:21.801+09:00 [INFO ] [rig0] mined block #3 (nonce=532885, daa_score=117)
2026-08-09 22:51:22.051+09:00 [INFO ] [rig0] mined block #4 (nonce=9223372036854919261, daa_score=118)
2026-08-09 22:51:22.648+09:00 [INFO ] [rig0] mined block #5 (nonce=9223372036855120299, daa_score=119)
2026-08-09 22:51:22.966+09:00 [INFO ] [rig0] mined block #6 (nonce=9223372036854958861, daa_score=121)
2026-08-09 22:51:23.010+09:00 [INFO ] [rig0] mined block #7 (nonce=9223372036854800426, daa_score=122)
2026-08-09 22:51:23.689+09:00 [INFO ] [rig0] mined block #8 (nonce=394011, daa_score=123)
2026-08-09 22:51:24.043+09:00 [INFO ] [rig0] mined block #9 (nonce=9223372036854980421, daa_score=125)
2026-08-09 22:51:24.452+09:00 [INFO ] [rig0] mined block #10 (nonce=9223372036855010004, daa_score=126)
2026-08-09 22:51:24.458+09:00 [INFO ] [rig0] mined block #11 (nonce=9223372036854777837, daa_score=127)
2026-08-09 22:51:24.665+09:00 [INFO ] [rig0] mined block #12 (nonce=9223372036854894863, daa_score=128)
2026-08-09 22:51:24.786+09:00 [INFO ] [rig0] mined block #13 (nonce=69380, daa_score=130)
2026-08-09 22:51:24.991+09:00 [INFO ] [rig0] mined block #14 (nonce=9223372036854893384, daa_score=131)
2026-08-09 22:51:25.009+09:00 [INFO ] [rig0] mined block #15 (nonce=9223372036854785635, daa_score=132)
2026-08-09 22:51:25.621+09:00 [INFO ] [rig0] mined block #16 (nonce=9223372036855130621, daa_score=133)
2026-08-09 22:51:26.770+09:00 [INFO ] [rig0] mined block #17 (nonce=663484, daa_score=134)
2026-08-09 22:51:26.983+09:00 [INFO ] [rig0] mined block #18 (nonce=120674, daa_score=136)
2026-08-09 22:51:28.789+09:00 [INFO ] [rig0] mined block #19 (nonce=975976, daa_score=137)
2026-08-09 22:51:28.983+09:00 [INFO ] [rig0] mined block #20 (nonce=9223372036854885361, daa_score=139)
2026-08-09 22:51:29.460+09:00 [INFO ] [rig0] mined block #21 (nonce=9223372036855051815, daa_score=141)
2026-08-09 22:51:30.799+09:00 [INFO ] [rig0] mined block #22 (nonce=775923, daa_score=142)
2026-08-09 22:51:30.850+09:00 [INFO ] [rig0] mined block #23 (nonce=27317, daa_score=144)
2026-08-09 22:51:30.885+09:00 [INFO ] [rig0] mined block #24 (nonce=9223372036854794859, daa_score=145)
2026-08-09 22:51:30.951+09:00 [INFO ] [rig0] mined block #25 (nonce=9223372036854812989, daa_score=146)
2026-08-09 22:51:32.251+09:00 [INFO ] [rig0] mined block #26 (nonce=749099, daa_score=147)
2026-08-09 22:51:32.274+09:00 [INFO ] [rig0] mined block #27 (nonce=9223372036854787755, daa_score=149)
2026-08-09 22:51:32.504+09:00 [INFO ] [rig0] mined block #28 (nonce=130970, daa_score=150)
2026-08-09 22:51:32.778+09:00 [INFO ] [rig0] mined block #29 (nonce=9223372036854932980, daa_score=151)
2026-08-09 22:51:34.102+09:00 [INFO ] [rig0] mined block #30 (nonce=9223372036855542111, daa_score=152)
2026-08-09 22:51:34.517+09:00 [INFO ] [rig0] mined block #31 (nonce=239297, daa_score=154)
2026-08-09 22:51:34.772+09:00 [INFO ] [rig0] mined block #32 (nonce=146500, daa_score=155)
2026-08-09 22:51:35.410+09:00 [INFO ] [rig0] mined block #33 (nonce=369775, daa_score=156)
2026-08-09 22:51:35.599+09:00 [INFO ] [rig0] mined block #34 (nonce=108374, daa_score=158)
2026-08-09 22:51:36.599+09:00 [INFO ] [rig0] mined block #35 (nonce=9223372036855352224, daa_score=159)
2026-08-09 22:51:36.662+09:00 [INFO ] [rig0] mined block #36 (nonce=34593, daa_score=160)
2026-08-09 22:51:37.077+09:00 [INFO ] [rig0] mined block #37 (nonce=238134, daa_score=161)
2026-08-09 22:51:37.404+09:00 [INFO ] [rig0] mined block #38 (nonce=9223372036854962959, daa_score=162)
2026-08-09 22:51:37.706+09:00 [INFO ] [rig0] mined block #39 (nonce=9223372036854949482, daa_score=164)
2026-08-09 22:51:38.067+09:00 [INFO ] [rig0] mined block #40 (nonce=208404, daa_score=165)
2026-08-09 22:51:38.067+09:00 [INFO ] done: mined 40 blocks

  misaminer v1.0.0  —  MISAKA (kaspa-pq) Layer-0 CPU miner
  ---------------------------------------------------------
  pool/node : 127.0.0.1:17210
  network   : devnet
  worker    : rig0
  threads   : 2

2026-08-09 22:51:38.074+09:00 [INFO ] payout wallet: misakadev:q268jp9xwvv9ecdmpnxq7ekz4puyxa720leas7xec7dqpq53dsh7q4kngr8jz0fcq9n06cltl3ew4uhk3y5eyvml3cdl6lvzem8h5rddzdvx5wqw
2026-08-09 22:51:38.074+09:00 [INFO ] [rig0] connected to 127.0.0.1:17210; mining network_id=devnet to misakadev:q268jp9xwvv9ecdmpnxq7ekz4puyxa720leas7xec7dqpq53dsh7q4kngr8jz0fcq9n06cltl3ew4uhk3y5eyvml3cdl6lvzem8h5rddzdvx5wqw
2026-08-09 22:51:38.371+09:00 [INFO ] [rig0] mined block #1 (nonce=169219, daa_score=166)
2026-08-09 22:51:38.422+09:00 [INFO ] [rig0] mined block #2 (nonce=9223372036854803895, daa_score=167)
2026-08-09 22:51:38.907+09:00 [INFO ] [rig0] mined block #3 (nonce=273653, daa_score=168)
2026-08-09 22:51:38.961+09:00 [INFO ] [rig0] mined block #4 (nonce=29682, daa_score=170)
2026-08-09 22:51:39.022+09:00 [INFO ] [rig0] mined block #5 (nonce=9223372036854809211, daa_score=171)
2026-08-09 22:51:39.419+09:00 [INFO ] [rig0] mined block #6 (nonce=9223372036855003504, daa_score=172)
2026-08-09 22:51:40.031+09:00 [INFO ] [rig0] mined block #7 (nonce=350622, daa_score=173)
2026-08-09 22:51:40.148+09:00 [INFO ] [rig0] mined block #8 (nonce=9223372036854840594, daa_score=174)
2026-08-09 22:51:40.399+09:00 [INFO ] [rig0] mined block #9 (nonce=143113, daa_score=175)
2026-08-09 22:51:40.722+09:00 [INFO ] [rig0] mined block #10 (nonce=186089, daa_score=177)
2026-08-09 22:51:41.147+09:00 [INFO ] [rig0] mined block #11 (nonce=9223372036855020357, daa_score=178)
2026-08-09 22:51:42.279+09:00 [INFO ] [rig0] mined block #12 (nonce=651390, daa_score=179)
2026-08-09 22:51:42.349+09:00 [INFO ] [rig0] mined block #13 (nonce=9223372036854815096, daa_score=181)
2026-08-09 22:51:42.557+09:00 [INFO ] [rig0] mined block #14 (nonce=9223372036854895119, daa_score=182)
2026-08-09 22:51:42.636+09:00 [INFO ] [rig0] mined block #15 (nonce=9223372036854819483, daa_score=183)
2026-08-09 22:51:43.204+09:00 [INFO ] [rig0] mined block #16 (nonce=9223372036855097670, daa_score=184)
2026-08-09 22:51:44.680+09:00 [INFO ] [rig0] mined block #17 (nonce=9223372036855595368, daa_score=185)
2026-08-09 22:51:45.481+09:00 [INFO ] [rig0] mined block #18 (nonce=9223372036855234303, daa_score=187)
2026-08-09 22:51:45.790+09:00 [INFO ] [rig0] mined block #19 (nonce=176164, daa_score=188)
2026-08-09 22:51:46.175+09:00 [INFO ] [rig0] mined block #20 (nonce=9223372036854996304, daa_score=189)
2026-08-09 22:51:46.406+09:00 [INFO ] [rig0] mined block #21 (nonce=132262, daa_score=190)
2026-08-09 22:51:47.300+09:00 [INFO ] [rig0] mined block #22 (nonce=9223372036855272526, daa_score=191)
2026-08-09 22:51:47.442+09:00 [INFO ] [rig0] mined block #23 (nonce=9223372036854855989, daa_score=193)
2026-08-09 22:51:47.827+09:00 [INFO ] [rig0] mined block #24 (nonce=9223372036854998517, daa_score=194)
2026-08-09 22:51:49.199+09:00 [INFO ] [rig0] mined block #25 (nonce=9223372036855564410, daa_score=196)
2026-08-09 22:51:50.526+09:00 [INFO ] [rig0] mined block #26 (nonce=764889, daa_score=197)
2026-08-09 22:51:50.551+09:00 [INFO ] [rig0] mined block #27 (nonce=9223372036854788901, daa_score=199)
2026-08-09 22:51:51.675+09:00 [INFO ] [rig0] mined block #28 (nonce=648761, daa_score=200)
2026-08-09 22:51:51.682+09:00 [INFO ] [rig0] mined block #29 (nonce=9223372036854778324, daa_score=202)
2026-08-09 22:51:53.323+09:00 [INFO ] [rig0] mined block #30 (nonce=948823, daa_score=203)
2026-08-09 22:51:54.225+09:00 [INFO ] [rig0] mined block #31 (nonce=494982, daa_score=205)
2026-08-09 22:51:54.392+09:00 [INFO ] [rig0] mined block #32 (nonce=9223372036854870394, daa_score=207)
2026-08-09 22:51:55.374+09:00 [INFO ] [rig0] mined block #33 (nonce=564996, daa_score=208)
2026-08-09 22:51:55.387+09:00 [INFO ] [rig0] mined block #34 (nonce=5808, daa_score=209)
2026-08-09 22:51:55.394+09:00 [INFO ] [rig0] mined block #35 (nonce=2236, daa_score=210)
2026-08-09 22:51:56.730+09:00 [INFO ] [rig0] mined block #36 (nonce=770014, daa_score=211)
2026-08-09 22:51:57.366+09:00 [INFO ] [rig0] mined block #37 (nonce=365834, daa_score=213)
2026-08-09 22:51:58.042+09:00 [INFO ] [rig0] mined block #38 (nonce=386889, daa_score=214)
2026-08-09 22:51:59.843+09:00 [INFO ] [rig0] mined block #39 (nonce=9223372036855811414, daa_score=215)
2026-08-09 22:52:00.282+09:00 [INFO ] [rig0] mined block #40 (nonce=251521, daa_score=217)
2026-08-09 22:52:00.282+09:00 [INFO ] done: mined 40 blocks

  misaminer v1.0.0  —  MISAKA (kaspa-pq) Layer-0 CPU miner
  ---------------------------------------------------------
  pool/node : 127.0.0.1:17210
  network   : devnet
  worker    : rig0
  threads   : 2

2026-08-09 22:52:00.303+09:00 [WARN ] --allow-burn: mining to an UNSPENDABLE placeholder (rewards are lost) — PoW smoke test only.
2026-08-09 22:52:00.304+09:00 [INFO ] [rig0] connected to 127.0.0.1:17210; mining network_id=devnet to misakadev:qgqqqqqqqqqqqqqqqqqqqqqqqqqqqqqqqqqqqqqqqqqqqqqqqqqqqqqqqqqqqqqqqqqqqqqqqqqqqqqqqqqqqqqqqqqqqqqqqqqqqqqqets69efd
2026-08-09 22:52:00.361+09:00 [INFO ] [rig0] mined block #1 (nonce=31064, daa_score=219)
2026-08-09 22:52:00.461+09:00 [INFO ] [rig0] mined block #2 (nonce=9223372036854832148, daa_score=220)
2026-08-09 22:52:00.813+09:00 [INFO ] [rig0] mined block #3 (nonce=9223372036854973906, daa_score=221)
2026-08-09 22:52:01.208+09:00 [INFO ] [rig0] mined block #4 (nonce=9223372036855003048, daa_score=222)
2026-08-09 22:52:01.924+09:00 [INFO ] [rig0] mined block #5 (nonce=9223372036855184912, daa_score=223)
2026-08-09 22:52:01.967+09:00 [INFO ] [rig0] mined block #6 (nonce=9223372036854798756, daa_score=224)
2026-08-09 22:52:02.444+09:00 [INFO ] [rig0] mined block #7 (nonce=272800, daa_score=225)
2026-08-09 22:52:02.971+09:00 [INFO ] [rig0] mined block #8 (nonce=302407, daa_score=226)
2026-08-09 22:52:03.048+09:00 [INFO ] [rig0] mined block #9 (nonce=43064, daa_score=227)
2026-08-09 22:52:03.262+09:00 [INFO ] [rig0] mined block #10 (nonce=9223372036854898630, daa_score=228)
2026-08-09 22:52:03.563+09:00 [INFO ] [rig0] mined block #11 (nonce=172565, daa_score=229)
2026-08-09 22:52:03.742+09:00 [INFO ] [rig0] mined block #12 (nonce=102554, daa_score=230)
2026-08-09 22:52:04.076+09:00 [INFO ] [rig0] mined block #13 (nonce=9223372036854967408, daa_score=231)
2026-08-09 22:52:04.539+09:00 [INFO ] [rig0] mined block #14 (nonce=9223372036855042330, daa_score=232)
2026-08-09 22:52:04.977+09:00 [INFO ] [rig0] mined block #15 (nonce=9223372036855027611, daa_score=233)
2026-08-09 22:52:04.990+09:00 [INFO ] [rig0] mined block #16 (nonce=5584, daa_score=234)
2026-08-09 22:52:05.311+09:00 [INFO ] [rig0] mined block #17 (nonce=182894, daa_score=235)
2026-08-09 22:52:07.075+09:00 [INFO ] [rig0] mined block #18 (nonce=9223372036855789219, daa_score=236)
2026-08-09 22:52:07.677+09:00 [INFO ] [rig0] mined block #19 (nonce=9223372036855122381, daa_score=238)
2026-08-09 22:52:08.389+09:00 [INFO ] [rig0] mined block #20 (nonce=407745, daa_score=239)
2026-08-09 22:52:08.784+09:00 [INFO ] [rig0] mined block #21 (nonce=9223372036855004191, daa_score=240)
2026-08-09 22:52:09.705+09:00 [INFO ] [rig0] mined block #22 (nonce=9223372036855303247, daa_score=241)
2026-08-09 22:52:09.880+09:00 [INFO ] [rig0] mined block #23 (nonce=9223372036854873984, daa_score=242)
2026-08-09 22:52:09.887+09:00 [INFO ] [rig0] mined block #24 (nonce=2634, daa_score=243)
2026-08-09 22:52:10.470+09:00 [INFO ] [rig0] mined block #25 (nonce=335629, daa_score=244)
2026-08-09 22:52:11.154+09:00 [INFO ] [rig0] mined block #26 (nonce=392465, daa_score=245)
2026-08-09 22:52:11.474+09:00 [INFO ] [rig0] mined block #27 (nonce=182703, daa_score=246)
2026-08-09 22:52:11.738+09:00 [INFO ] [rig0] mined block #28 (nonce=148797, daa_score=247)
2026-08-09 22:52:11.833+09:00 [INFO ] [rig0] mined block #29 (nonce=53102, daa_score=248)
2026-08-09 22:52:13.842+09:00 [INFO ] [rig0] mined block #30 (nonce=9223372036855929209, daa_score=249)
2026-08-09 22:52:14.138+09:00 [INFO ] [rig0] mined block #31 (nonce=167513, daa_score=250)
2026-08-09 22:52:14.252+09:00 [INFO ] [rig0] mined block #32 (nonce=63140, daa_score=251)
2026-08-09 22:52:14.923+09:00 [INFO ] [rig0] mined block #33 (nonce=9223372036855159996, daa_score=252)
2026-08-09 22:52:15.027+09:00 [INFO ] [rig0] mined block #34 (nonce=58763, daa_score=253)
2026-08-09 22:52:15.756+09:00 [INFO ] [rig0] mined block #35 (nonce=416296, daa_score=254)
2026-08-09 22:52:15.884+09:00 [INFO ] [rig0] mined block #36 (nonce=71851, daa_score=255)
2026-08-09 22:52:18.095+09:00 [INFO ] [rig0] mined block #37 (nonce=9223372036856034603, daa_score=256)
2026-08-09 22:52:18.146+09:00 [INFO ] [rig0] mined block #38 (nonce=27363, daa_score=258)
2026-08-09 22:52:18.505+09:00 [INFO ] [rig0] mined block #39 (nonce=9223372036854982129, daa_score=259)
2026-08-09 22:52:18.846+09:00 [INFO ] [rig0] mined block #40 (nonce=9223372036854972215, daa_score=260)
2026-08-09 22:52:19.312+09:00 [INFO ] [rig0] mined block #41 (nonce=267854, daa_score=261)
2026-08-09 22:52:19.695+09:00 [INFO ] [rig0] mined block #42 (nonce=220453, daa_score=262)
2026-08-09 22:52:20.181+09:00 [INFO ] [rig0] mined block #43 (nonce=9223372036855055641, daa_score=263)
2026-08-09 22:52:20.840+09:00 [INFO ] [rig0] mined block #44 (nonce=375535, daa_score=264)
2026-08-09 22:52:21.083+09:00 [INFO ] [rig0] mined block #45 (nonce=9223372036854913349, daa_score=265)
2026-08-09 22:52:22.028+09:00 [INFO ] [rig0] mined block #46 (nonce=546158, daa_score=266)
2026-08-09 22:52:22.221+09:00 [INFO ] [rig0] mined block #47 (nonce=108405, daa_score=267)
2026-08-09 22:52:22.322+09:00 [INFO ] [rig0] mined block #48 (nonce=56396, daa_score=268)
2026-08-09 22:52:22.640+09:00 [INFO ] [rig0] mined block #49 (nonce=9223372036854958358, daa_score=269)
2026-08-09 22:52:22.715+09:00 [INFO ] [rig0] mined block #50 (nonce=41140, daa_score=270)
2026-08-09 22:52:23.097+09:00 [INFO ] [rig0] mined block #51 (nonce=219869, daa_score=271)
2026-08-09 22:52:23.121+09:00 [INFO ] [rig0] mined block #52 (nonce=12018, daa_score=272)
2026-08-09 22:52:23.818+09:00 [INFO ] [rig0] mined block #53 (nonce=9223372036855173319, daa_score=273)
2026-08-09 22:52:24.105+09:00 [INFO ] [rig0] mined block #54 (nonce=9223372036854939761, daa_score=274)
2026-08-09 22:52:24.188+09:00 [INFO ] [rig0] mined block #55 (nonce=9223372036854821788, daa_score=275)
2026-08-09 22:52:24.268+09:00 [INFO ] [rig0] mined block #56 (nonce=9223372036854820444, daa_score=276)
2026-08-09 22:52:25.387+09:00 [INFO ] [rig0] mined block #57 (nonce=9223372036855419068, daa_score=277)
2026-08-09 22:52:25.429+09:00 [INFO ] [rig0] mined block #58 (nonce=9223372036854797753, daa_score=278)
2026-08-09 22:52:25.655+09:00 [INFO ] [rig0] mined block #59 (nonce=9223372036854902446, daa_score=279)
2026-08-09 22:52:26.348+09:00 [INFO ] [rig0] mined block #60 (nonce=9223372036855175788, daa_score=280)
2026-08-09 22:52:26.371+09:00 [INFO ] [rig0] mined block #61 (nonce=9223372036854787293, daa_score=281)
2026-08-09 22:52:27.136+09:00 [INFO ] [rig0] mined block #62 (nonce=439175, daa_score=282)
2026-08-09 22:52:27.372+09:00 [INFO ] [rig0] mined block #63 (nonce=133822, daa_score=283)
2026-08-09 22:52:27.511+09:00 [INFO ] [rig0] mined block #64 (nonce=77957, daa_score=284)
2026-08-09 22:52:28.590+09:00 [INFO ] [rig0] mined block #65 (nonce=621601, daa_score=285)
2026-08-09 22:52:28.669+09:00 [INFO ] [rig0] mined block #66 (nonce=42898, daa_score=286)
2026-08-09 22:52:28.686+09:00 [INFO ] [rig0] mined block #67 (nonce=9223372036854783806, daa_score=287)
2026-08-09 22:52:28.984+09:00 [INFO ] [rig0] mined block #68 (nonce=9223372036854945463, daa_score=288)
2026-08-09 22:52:29.356+09:00 [INFO ] [rig0] mined block #69 (nonce=212000, daa_score=289)
2026-08-09 22:52:29.486+09:00 [INFO ] [rig0] mined block #70 (nonce=72573, daa_score=290)
2026-08-09 22:52:29.506+09:00 [INFO ] [rig0] mined block #71 (nonce=9351, daa_score=291)
2026-08-09 22:52:30.303+09:00 [INFO ] [rig0] mined block #72 (nonce=456120, daa_score=292)
2026-08-09 22:52:30.469+09:00 [INFO ] [rig0] mined block #73 (nonce=9223372036854868034, daa_score=293)
2026-08-09 22:52:31.239+09:00 [INFO ] [rig0] mined block #74 (nonce=440781, daa_score=294)
2026-08-09 22:52:31.327+09:00 [INFO ] [rig0] mined block #75 (nonce=49510, daa_score=295)
2026-08-09 22:52:31.849+09:00 [INFO ] [rig0] mined block #76 (nonce=9223372036855073846, daa_score=296)
2026-08-09 22:52:31.920+09:00 [INFO ] [rig0] mined block #77 (nonce=9223372036854815064, daa_score=297)
2026-08-09 22:52:32.018+09:00 [INFO ] [rig0] mined block #78 (nonce=54226, daa_score=298)
2026-08-09 22:52:32.265+09:00 [INFO ] [rig0] mined block #79 (nonce=9223372036854915972, daa_score=299)
2026-08-09 22:52:32.472+09:00 [INFO ] [rig0] mined block #80 (nonce=118036, daa_score=300)
2026-08-09 22:52:32.780+09:00 [INFO ] [rig0] mined block #81 (nonce=174367, daa_score=301)
2026-08-09 22:52:33.166+09:00 [INFO ] [rig0] mined block #82 (nonce=219715, daa_score=302)
2026-08-09 22:52:33.187+09:00 [INFO ] [rig0] mined block #83 (nonce=9223372036854784973, daa_score=303)
2026-08-09 22:52:33.231+09:00 [INFO ] [rig0] mined block #84 (nonce=22821, daa_score=304)
2026-08-09 22:52:34.839+09:00 [INFO ] [rig0] mined block #85 (nonce=9223372036855701164, daa_score=305)
2026-08-09 22:52:35.563+09:00 [INFO ] [rig0] mined block #86 (nonce=414866, daa_score=306)
2026-08-09 22:52:35.861+09:00 [INFO ] [rig0] mined block #87 (nonce=170773, daa_score=308)
2026-08-09 22:52:36.157+09:00 [INFO ] [rig0] mined block #88 (nonce=169313, daa_score=309)
2026-08-09 22:52:36.166+09:00 [INFO ] [rig0] mined block #89 (nonce=9223372036854779360, daa_score=310)
2026-08-09 22:52:36.172+09:00 [INFO ] [rig0] mined block #90 (nonce=9223372036854777395, daa_score=311)
2026-08-09 22:52:36.259+09:00 [INFO ] [rig0] mined block #91 (nonce=47828, daa_score=312)
2026-08-09 22:52:36.593+09:00 [INFO ] [rig0] mined block #92 (nonce=192186, daa_score=313)
2026-08-09 22:52:37.177+09:00 [INFO ] [rig0] mined block #93 (nonce=335734, daa_score=314)
2026-08-09 22:52:37.528+09:00 [INFO ] [rig0] mined block #94 (nonce=9223372036854975318, daa_score=315)
2026-08-09 22:52:37.597+09:00 [INFO ] [rig0] mined block #95 (nonce=9223372036854813304, daa_score=316)
2026-08-09 22:52:37.695+09:00 [INFO ] [rig0] mined block #96 (nonce=54304, daa_score=317)
2026-08-09 22:52:37.973+09:00 [INFO ] [rig0] mined block #97 (nonce=9223372036854933300, daa_score=318)
2026-08-09 22:52:38.330+09:00 [INFO ] [rig0] mined block #98 (nonce=9223372036854979585, daa_score=319)
2026-08-09 22:52:38.719+09:00 [INFO ] [rig0] mined block #99 (nonce=9223372036854977956, daa_score=320)
2026-08-09 22:52:39.626+09:00 [INFO ] [rig0] mined block #100 (nonce=517506, daa_score=321)
2026-08-09 22:52:39.979+09:00 [INFO ] [rig0] mined block #101 (nonce=9223372036854979546, daa_score=322)
2026-08-09 22:52:40.149+09:00 [INFO ] [rig0] mined block #102 (nonce=9223372036854872155, daa_score=323)
2026-08-09 22:52:40.275+09:00 [INFO ] [rig0] mined block #103 (nonce=70977, daa_score=324)
2026-08-09 22:52:40.910+09:00 [INFO ] [rig0] mined block #104 (nonce=364548, daa_score=325)
2026-08-09 22:52:41.427+09:00 [INFO ] [rig0] mined block #105 (nonce=296253, daa_score=326)
2026-08-09 22:52:41.447+09:00 [INFO ] [rig0] mined block #106 (nonce=9223372036854784969, daa_score=327)
2026-08-09 22:52:42.182+09:00 [INFO ] [rig0] mined block #107 (nonce=422547, daa_score=328)
2026-08-09 22:52:42.188+09:00 [INFO ] [rig0] mined block #108 (nonce=9223372036854777101, daa_score=329)
2026-08-09 22:52:42.213+09:00 [INFO ] [rig0] mined block #109 (nonce=9223372036854788384, daa_score=330)
2026-08-09 22:52:42.397+09:00 [INFO ] [rig0] mined block #110 (nonce=9223372036854881107, daa_score=331)
2026-08-09 22:52:42.967+09:00 [INFO ] [rig0] mined block #111 (nonce=325320, daa_score=332)
2026-08-09 22:52:44.057+09:00 [INFO ] [rig0] mined block #112 (nonce=9223372036855401842, daa_score=333)
2026-08-09 22:52:45.705+09:00 [INFO ] [rig0] mined block #113 (nonce=949689, daa_score=334)
2026-08-09 22:52:45.968+09:00 [INFO ] [rig0] mined block #114 (nonce=146786, daa_score=335)
2026-08-09 22:52:46.731+09:00 [INFO ] [rig0] mined block #115 (nonce=440545, daa_score=336)
2026-08-09 22:52:47.352+09:00 [INFO ] [rig0] mined block #116 (nonce=9223372036855132730, daa_score=337)
2026-08-09 22:52:47.461+09:00 [INFO ] [rig0] mined block #117 (nonce=9223372036854836543, daa_score=338)
2026-08-09 22:52:47.553+09:00 [INFO ] [rig0] mined block #118 (nonce=50779, daa_score=339)
2026-08-09 22:52:47.586+09:00 [INFO ] [rig0] mined block #119 (nonce=9223372036854793372, daa_score=340)
2026-08-09 22:52:47.895+09:00 [INFO ] [rig0] mined block #120 (nonce=176704, daa_score=341)
2026-08-09 22:52:47.992+09:00 [INFO ] [rig0] mined block #121 (nonce=53255, daa_score=342)
2026-08-09 22:52:48.284+09:00 [INFO ] [rig0] mined block #122 (nonce=9223372036854942684, daa_score=343)
2026-08-09 22:52:49.126+09:00 [INFO ] [rig0] mined block #123 (nonce=9223372036855259108, daa_score=344)
2026-08-09 22:52:49.646+09:00 [INFO ] [rig0] mined block #124 (nonce=9223372036855076900, daa_score=345)
2026-08-09 22:52:52.261+09:00 [INFO ] [rig0] mined block #125 (nonce=1498512, daa_score=346)
2026-08-09 22:52:53.642+09:00 [INFO ] [rig0] mined block #126 (nonce=9223372036855570355, daa_score=347)
2026-08-09 22:52:53.665+09:00 [INFO ] [rig0] mined block #127 (nonce=9223372036854787028, daa_score=348)
2026-08-09 22:52:53.855+09:00 [INFO ] [rig0] mined block #128 (nonce=9223372036854883339, daa_score=349)
2026-08-09 22:52:54.628+09:00 [INFO ] [rig0] mined block #129 (nonce=9223372036855220188, daa_score=350)
2026-08-09 22:52:55.365+09:00 [INFO ] [rig0] mined block #130 (nonce=423813, daa_score=351)
2026-08-09 22:52:56.158+09:00 [INFO ] [rig0] mined block #131 (nonce=9223372036855223077, daa_score=352)
2026-08-09 22:52:56.171+09:00 [INFO ] [rig0] mined block #132 (nonce=9223372036854780086, daa_score=353)
2026-08-09 22:52:56.308+09:00 [INFO ] [rig0] mined block #133 (nonce=66298, daa_score=354)
2026-08-09 22:52:56.742+09:00 [INFO ] [rig0] mined block #134 (nonce=238142, daa_score=355)
2026-08-09 22:52:57.260+09:00 [INFO ] [rig0] mined block #135 (nonce=9223372036855041700, daa_score=356)
2026-08-09 22:52:58.039+09:00 [INFO ] [rig0] mined block #136 (nonce=444946, daa_score=357)
2026-08-09 22:52:59.131+09:00 [INFO ] [rig0] mined block #137 (nonce=9223372036855403758, daa_score=358)
2026-08-09 22:52:59.264+09:00 [INFO ] [rig0] mined block #138 (nonce=9223372036854850952, daa_score=359)
2026-08-09 22:52:59.444+09:00 [INFO ] [rig0] mined block #139 (nonce=102246, daa_score=360)
2026-08-09 22:53:00.735+09:00 [INFO ] [rig0] mined block #140 (nonce=9223372036855520754, daa_score=361)
2026-08-09 22:53:01.437+09:00 [INFO ] [rig0] mined block #141 (nonce=401872, daa_score=363)
2026-08-09 22:53:01.474+09:00 [INFO ] [rig0] mined block #142 (nonce=18616, daa_score=364)
2026-08-09 22:53:02.208+09:00 [INFO ] [rig0] mined block #143 (nonce=9223372036855191588, daa_score=365)
2026-08-09 22:53:02.491+09:00 [INFO ] [rig0] mined block #144 (nonce=9223372036854931932, daa_score=366)
2026-08-09 22:53:04.203+09:00 [INFO ] [rig0] mined block #145 (nonce=976663, daa_score=367)
2026-08-09 22:53:04.735+09:00 [INFO ] [rig0] mined block #146 (nonce=9223372036855078171, daa_score=368)
2026-08-09 22:53:05.089+09:00 [INFO ] [rig0] mined block #147 (nonce=9223372036854966466, daa_score=369)
2026-08-09 22:53:05.102+09:00 [INFO ] [rig0] mined block #148 (nonce=5530, daa_score=370)
2026-08-09 22:53:05.625+09:00 [INFO ] [rig0] mined block #149 (nonce=294796, daa_score=371)
2026-08-09 22:53:05.720+09:00 [INFO ] [rig0] mined block #150 (nonce=9223372036854829613, daa_score=372)
2026-08-09 22:53:06.204+09:00 [INFO ] [rig0] mined block #151 (nonce=9223372036855051107, daa_score=373)
2026-08-09 22:53:06.996+09:00 [INFO ] [rig0] mined block #152 (nonce=442285, daa_score=374)
2026-08-09 22:53:07.031+09:00 [INFO ] [rig0] mined block #153 (nonce=18222, daa_score=375)
2026-08-09 22:53:07.108+09:00 [INFO ] [rig0] mined block #154 (nonce=9223372036854818739, daa_score=376)
2026-08-09 22:53:07.235+09:00 [INFO ] [rig0] mined block #155 (nonce=9223372036854848060, daa_score=377)
2026-08-09 22:53:08.038+09:00 [INFO ] [rig0] mined block #156 (nonce=9223372036855232339, daa_score=378)
2026-08-09 22:53:08.141+09:00 [INFO ] [rig0] mined block #157 (nonce=9223372036854832572, daa_score=379)
2026-08-09 22:53:09.129+09:00 [INFO ] [rig0] mined block #158 (nonce=564413, daa_score=380)
2026-08-09 22:53:09.176+09:00 [INFO ] [rig0] mined block #159 (nonce=9223372036854801098, daa_score=381)
2026-08-09 22:53:09.324+09:00 [INFO ] [rig0] mined block #160 (nonce=9223372036854859276, daa_score=382)
2026-08-09 22:53:09.622+09:00 [INFO ] [rig0] mined block #161 (nonce=154224, daa_score=383)
2026-08-09 22:53:09.926+09:00 [INFO ] [rig0] mined block #162 (nonce=9223372036854950665, daa_score=384)
2026-08-09 22:53:10.215+09:00 [INFO ] [rig0] mined block #163 (nonce=159047, daa_score=385)
2026-08-09 22:53:10.897+09:00 [INFO ] [rig0] mined block #164 (nonce=9223372036855168614, daa_score=386)
2026-08-09 22:53:11.987+09:00 [INFO ] [rig0] mined block #165 (nonce=621639, daa_score=387)
2026-08-09 22:53:12.604+09:00 [INFO ] [rig0] mined block #166 (nonce=9223372036855118150, daa_score=388)
2026-08-09 22:53:13.033+09:00 [INFO ] [rig0] mined block #167 (nonce=9223372036855021958, daa_score=389)
2026-08-09 22:53:13.724+09:00 [INFO ] [rig0] mined block #168 (nonce=9223372036855166452, daa_score=390)
2026-08-09 22:53:14.088+09:00 [INFO ] [rig0] mined block #169 (nonce=196134, daa_score=391)
2026-08-09 22:53:15.296+09:00 [INFO ] [rig0] mined block #170 (nonce=698549, daa_score=392)
2026-08-09 22:53:16.048+09:00 [INFO ] [rig0] mined block #171 (nonce=416795, daa_score=393)
2026-08-09 22:53:17.906+09:00 [INFO ] [rig0] mined block #172 (nonce=9223372036855822727, daa_score=394)
2026-08-09 22:53:18.331+09:00 [INFO ] [rig0] mined block #173 (nonce=206139, daa_score=396)
2026-08-09 22:53:19.064+09:00 [INFO ] [rig0] mined block #174 (nonce=9223372036855139674, daa_score=397)
2026-08-09 22:53:19.196+09:00 [INFO ] [rig0] mined block #175 (nonce=9223372036854844922, daa_score=398)
2026-08-09 22:53:19.783+09:00 [INFO ] [rig0] mined block #176 (nonce=330646, daa_score=399)
2026-08-09 22:53:20.032+09:00 [INFO ] [rig0] mined block #177 (nonce=9223372036854915416, daa_score=400)
2026-08-09 22:53:20.136+09:00 [INFO ] [rig0] mined block #178 (nonce=9223372036854834083, daa_score=401)
2026-08-09 22:53:21.054+09:00 [INFO ] [rig0] mined block #179 (nonce=9223372036855260897, daa_score=402)
2026-08-09 22:53:21.144+09:00 [INFO ] [rig0] mined block #180 (nonce=9223372036854824457, daa_score=403)
2026-08-09 22:53:21.211+09:00 [INFO ] [rig0] mined block #181 (nonce=9223372036854811914, daa_score=404)
2026-08-09 22:53:21.463+09:00 [INFO ] [rig0] mined block #182 (nonce=9223372036854915697, daa_score=405)
2026-08-09 22:53:21.506+09:00 [INFO ] [rig0] mined block #183 (nonce=22503, daa_score=406)
2026-08-09 22:53:21.892+09:00 [INFO ] [rig0] mined block #184 (nonce=9223372036854995434, daa_score=407)
2026-08-09 22:53:22.369+09:00 [INFO ] [rig0] mined block #185 (nonce=268376, daa_score=408)
2026-08-09 22:53:23.181+09:00 [INFO ] [rig0] mined block #186 (nonce=458241, daa_score=409)
2026-08-09 22:53:23.228+09:00 [INFO ] [rig0] mined block #187 (nonce=9223372036854800643, daa_score=410)
2026-08-09 22:53:23.319+09:00 [INFO ] [rig0] mined block #188 (nonce=49567, daa_score=411)
2026-08-09 22:53:23.633+09:00 [INFO ] [rig0] mined block #189 (nonce=176122, daa_score=412)
2026-08-09 22:53:23.725+09:00 [INFO ] [rig0] mined block #190 (nonce=9223372036854826044, daa_score=413)
2026-08-09 22:53:23.797+09:00 [INFO ] [rig0] mined block #191 (nonce=9223372036854814189, daa_score=414)
2026-08-09 22:53:24.603+09:00 [INFO ] [rig0] mined block #192 (nonce=445736, daa_score=415)
2026-08-09 22:53:27.411+09:00 [INFO ] [rig0] mined block #193 (nonce=1582298, daa_score=416)
2026-08-09 22:53:27.678+09:00 [INFO ] [rig0] mined block #194 (nonce=9223372036854909509, daa_score=417)
2026-08-09 22:53:27.698+09:00 [INFO ] [rig0] mined block #195 (nonce=9169, daa_score=418)
2026-08-09 22:53:27.726+09:00 [INFO ] [rig0] mined block #196 (nonce=9223372036854789219, daa_score=419)
2026-08-09 22:53:28.072+09:00 [INFO ] [rig0] mined block #197 (nonce=198481, daa_score=420)
2026-08-09 22:53:30.461+09:00 [INFO ] [rig0] mined block #198 (nonce=1343677, daa_score=421)
2026-08-09 22:53:31.770+09:00 [INFO ] [rig0] mined block #199 (nonce=710785, daa_score=422)
2026-08-09 22:53:31.877+09:00 [INFO ] [rig0] mined block #200 (nonce=9223372036854835488, daa_score=423)
2026-08-09 22:53:31.877+09:00 [INFO ] done: mined 200 blocks

  misaminer v1.0.0  —  MISAKA (kaspa-pq) Layer-0 CPU miner
  ---------------------------------------------------------
  pool/node : 127.0.0.1:17210
  network   : devnet
  worker    : rig0
  threads   : 2

2026-08-09 22:53:31.890+09:00 [WARN ] --allow-burn: mining to an UNSPENDABLE placeholder (rewards are lost) — PoW smoke test only.
2026-08-09 22:53:31.891+09:00 [INFO ] [rig0] connected to 127.0.0.1:17210; mining network_id=devnet to misakadev:qgqqqqqqqqqqqqqqqqqqqqqqqqqqqqqqqqqqqqqqqqqqqqqqqqqqqqqqqqqqqqqqqqqqqqqqqqqqqqqqqqqqqqqqqqqqqqqqqqqqqqqqets69efd
2026-08-09 22:53:32.513+09:00 [INFO ] [rig0] mined block #1 (nonce=9223372036855129972, daa_score=424)
2026-08-09 22:53:32.766+09:00 [INFO ] [rig0] mined block #2 (nonce=9223372036854910664, daa_score=425)
2026-08-09 22:53:32.941+09:00 [INFO ] [rig0] mined block #3 (nonce=95344, daa_score=426)
2026-08-09 22:53:33.105+09:00 [INFO ] [rig0] mined block #4 (nonce=9223372036854868073, daa_score=427)
2026-08-09 22:53:33.244+09:00 [INFO ] [rig0] mined block #5 (nonce=77121, daa_score=428)
2026-08-09 22:53:33.370+09:00 [INFO ] [rig0] mined block #6 (nonce=69890, daa_score=429)
2026-08-09 22:53:33.525+09:00 [INFO ] [rig0] mined block #7 (nonce=88652, daa_score=430)
2026-08-09 22:53:33.713+09:00 [INFO ] [rig0] mined block #8 (nonce=9223372036854878347, daa_score=431)
2026-08-09 22:53:34.042+09:00 [INFO ] [rig0] mined block #9 (nonce=9223372036854960769, daa_score=432)
2026-08-09 22:53:34.497+09:00 [INFO ] [rig0] mined block #10 (nonce=249140, daa_score=433)
2026-08-09 22:53:34.754+09:00 [INFO ] [rig0] mined block #11 (nonce=145852, daa_score=434)
2026-08-09 22:53:35.112+09:00 [INFO ] [rig0] mined block #12 (nonce=9223372036854966780, daa_score=435)
2026-08-09 22:53:35.378+09:00 [INFO ] [rig0] mined block #13 (nonce=150450, daa_score=436)
2026-08-09 22:53:35.732+09:00 [INFO ] [rig0] mined block #14 (nonce=9223372036854972280, daa_score=437)
2026-08-09 22:53:36.146+09:00 [INFO ] [rig0] mined block #15 (nonce=238535, daa_score=438)
2026-08-09 22:53:36.939+09:00 [INFO ] [rig0] mined block #16 (nonce=437293, daa_score=439)
2026-08-09 22:53:37.341+09:00 [INFO ] [rig0] mined block #17 (nonce=9223372036854986386, daa_score=440)
2026-08-09 22:53:37.371+09:00 [INFO ] [rig0] mined block #18 (nonce=9223372036854790608, daa_score=441)
2026-08-09 22:53:37.425+09:00 [INFO ] [rig0] mined block #19 (nonce=28915, daa_score=442)
2026-08-09 22:53:37.962+09:00 [INFO ] [rig0] mined block #20 (nonce=309632, daa_score=443)
2026-08-09 22:53:38.112+09:00 [INFO ] [rig0] mined block #21 (nonce=9223372036854858904, daa_score=444)
2026-08-09 22:53:38.222+09:00 [INFO ] [rig0] mined block #22 (nonce=61290, daa_score=445)
2026-08-09 22:53:39.367+09:00 [INFO ] [rig0] mined block #23 (nonce=629435, daa_score=446)
2026-08-09 22:53:42.391+09:00 [INFO ] [rig0] mined block #24 (nonce=1737050, daa_score=447)
2026-08-09 22:53:43.545+09:00 [INFO ] [rig0] mined block #25 (nonce=9223372036855401623, daa_score=450)
2026-08-09 22:53:43.623+09:00 [INFO ] [rig0] mined block #26 (nonce=9223372036854818338, daa_score=451)
2026-08-09 22:53:44.100+09:00 [INFO ] [rig0] mined block #27 (nonce=9223372036855024825, daa_score=452)
2026-08-09 22:53:44.710+09:00 [INFO ] [rig0] mined block #28 (nonce=351157, daa_score=453)
2026-08-09 22:53:45.263+09:00 [INFO ] [rig0] mined block #29 (nonce=9223372036855086715, daa_score=454)
2026-08-09 22:53:45.489+09:00 [INFO ] [rig0] mined block #30 (nonce=126166, daa_score=455)
2026-08-09 22:53:46.217+09:00 [INFO ] [rig0] mined block #31 (nonce=9223372036855190861, daa_score=456)
2026-08-09 22:53:46.226+09:00 [INFO ] [rig0] mined block #32 (nonce=9223372036854778878, daa_score=457)
2026-08-09 22:53:46.391+09:00 [INFO ] [rig0] mined block #33 (nonce=9223372036854869419, daa_score=458)
2026-08-09 22:53:46.688+09:00 [INFO ] [rig0] mined block #34 (nonce=167168, daa_score=459)
2026-08-09 22:53:47.265+09:00 [INFO ] [rig0] mined block #35 (nonce=9223372036855105480, daa_score=460)
2026-08-09 22:53:47.915+09:00 [INFO ] [rig0] mined block #36 (nonce=9223372036855148565, daa_score=461)
2026-08-09 22:53:47.939+09:00 [INFO ] [rig0] mined block #37 (nonce=11649, daa_score=462)
2026-08-09 22:53:48.185+09:00 [INFO ] [rig0] mined block #38 (nonce=139625, daa_score=463)
2026-08-09 22:53:48.197+09:00 [INFO ] [rig0] mined block #39 (nonce=9223372036854780654, daa_score=464)
2026-08-09 22:53:49.080+09:00 [INFO ] [rig0] mined block #40 (nonce=503796, daa_score=465)
2026-08-09 22:53:49.336+09:00 [INFO ] [rig0] mined block #41 (nonce=136868, daa_score=466)
2026-08-09 22:53:49.862+09:00 [INFO ] [rig0] mined block #42 (nonce=9223372036855005825, daa_score=467)
2026-08-09 22:53:50.061+09:00 [INFO ] [rig0] mined block #43 (nonce=9223372036854886296, daa_score=468)
2026-08-09 22:53:50.415+09:00 [INFO ] [rig0] mined block #44 (nonce=9223372036854977405, daa_score=469)
2026-08-09 22:53:50.445+09:00 [INFO ] [rig0] mined block #45 (nonce=9223372036854790398, daa_score=470)
2026-08-09 22:53:50.957+09:00 [INFO ] [rig0] mined block #46 (nonce=290701, daa_score=471)
2026-08-09 22:53:51.469+09:00 [INFO ] [rig0] mined block #47 (nonce=9223372036855066860, daa_score=472)
2026-08-09 22:53:52.726+09:00 [INFO ] [rig0] mined block #48 (nonce=721590, daa_score=473)
2026-08-09 22:53:52.757+09:00 [INFO ] [rig0] mined block #49 (nonce=9223372036854791611, daa_score=475)
2026-08-09 22:53:52.940+09:00 [INFO ] [rig0] mined block #50 (nonce=9223372036854879301, daa_score=476)
2026-08-09 22:53:53.052+09:00 [INFO ] [rig0] mined block #51 (nonce=9223372036854838144, daa_score=477)
2026-08-09 22:53:53.426+09:00 [INFO ] [rig0] mined block #52 (nonce=215097, daa_score=478)
2026-08-09 22:53:53.954+09:00 [INFO ] [rig0] mined block #53 (nonce=9223372036855077260, daa_score=479)
2026-08-09 22:53:54.090+09:00 [INFO ] [rig0] mined block #54 (nonce=75227, daa_score=480)
2026-08-09 22:53:54.276+09:00 [INFO ] [rig0] mined block #55 (nonce=9223372036854880059, daa_score=481)
2026-08-09 22:53:54.896+09:00 [INFO ] [rig0] mined block #56 (nonce=9223372036855127181, daa_score=482)
2026-08-09 22:53:55.698+09:00 [INFO ] [rig0] mined block #57 (nonce=9223372036855231617, daa_score=483)
2026-08-09 22:53:55.917+09:00 [INFO ] [rig0] mined block #58 (nonce=122104, daa_score=484)
2026-08-09 22:53:56.004+09:00 [INFO ] [rig0] mined block #59 (nonce=9223372036854823827, daa_score=485)
2026-08-09 22:53:56.072+09:00 [INFO ] [rig0] mined block #60 (nonce=9223372036854812569, daa_score=486)
2026-08-09 22:53:56.317+09:00 [INFO ] [rig0] mined block #61 (nonce=138155, daa_score=487)
2026-08-09 22:53:56.390+09:00 [INFO ] [rig0] mined block #62 (nonce=9223372036854814387, daa_score=488)
2026-08-09 22:53:56.525+09:00 [INFO ] [rig0] mined block #63 (nonce=72420, daa_score=489)
2026-08-09 22:53:56.597+09:00 [INFO ] [rig0] mined block #64 (nonce=9223372036854813848, daa_score=490)
2026-08-09 22:53:57.248+09:00 [INFO ] [rig0] mined block #65 (nonce=366906, daa_score=491)
2026-08-09 22:53:57.780+09:00 [INFO ] [rig0] mined block #66 (nonce=9223372036855077291, daa_score=492)
2026-08-09 22:53:58.389+09:00 [INFO ] [rig0] mined block #67 (nonce=342216, daa_score=493)
2026-08-09 22:53:58.595+09:00 [INFO ] [rig0] mined block #68 (nonce=9223372036854890785, daa_score=494)
2026-08-09 22:53:58.845+09:00 [INFO ] [rig0] mined block #69 (nonce=141506, daa_score=495)
2026-08-09 22:53:58.899+09:00 [INFO ] [rig0] mined block #70 (nonce=9223372036854804174, daa_score=496)
2026-08-09 22:53:58.975+09:00 [INFO ] [rig0] mined block #71 (nonce=42478, daa_score=497)
2026-08-09 22:53:59.490+09:00 [INFO ] [rig0] mined block #72 (nonce=9223372036855065113, daa_score=498)
2026-08-09 22:53:59.604+09:00 [INFO ] [rig0] mined block #73 (nonce=9223372036854837328, daa_score=499)
2026-08-09 22:53:59.898+09:00 [INFO ] [rig0] mined block #74 (nonce=157627, daa_score=500)
2026-08-09 22:54:00.083+09:00 [INFO ] [rig0] mined block #75 (nonce=9223372036854856006, daa_score=501)
2026-08-09 22:54:00.559+09:00 [INFO ] [rig0] mined block #76 (nonce=227699, daa_score=502)
2026-08-09 22:54:00.581+09:00 [INFO ] [rig0] mined block #77 (nonce=8904, daa_score=503)
2026-08-09 22:54:00.704+09:00 [INFO ] [rig0] mined block #78 (nonce=68493, daa_score=504)
2026-08-09 22:54:01.022+09:00 [INFO ] [rig0] mined block #79 (nonce=151319, daa_score=505)
2026-08-09 22:54:01.169+09:00 [INFO ] [rig0] mined block #80 (nonce=46197, daa_score=506)
2026-08-09 22:54:01.711+09:00 [INFO ] [rig0] mined block #81 (nonce=9223372036855076825, daa_score=507)
2026-08-09 22:54:02.312+09:00 [INFO ] [rig0] mined block #82 (nonce=332753, daa_score=508)
2026-08-09 22:54:02.469+09:00 [INFO ] [rig0] mined block #83 (nonce=82020, daa_score=509)
2026-08-09 22:54:03.747+09:00 [INFO ] [rig0] mined block #84 (nonce=9223372036855496340, daa_score=510)
2026-08-09 22:54:04.034+09:00 [INFO ] [rig0] mined block #85 (nonce=9223372036854934948, daa_score=511)
2026-08-09 22:54:04.429+09:00 [INFO ] [rig0] mined block #86 (nonce=223891, daa_score=512)
2026-08-09 22:54:04.775+09:00 [INFO ] [rig0] mined block #87 (nonce=9223372036854973721, daa_score=513)
2026-08-09 22:54:04.871+09:00 [INFO ] [rig0] mined block #88 (nonce=53013, daa_score=514)
2026-08-09 22:54:04.878+09:00 [INFO ] [rig0] mined block #89 (nonce=9223372036854777401, daa_score=515)
2026-08-09 22:54:05.100+09:00 [INFO ] [rig0] mined block #90 (nonce=9223372036854900348, daa_score=516)
2026-08-09 22:54:05.677+09:00 [INFO ] [rig0] mined block #91 (nonce=9223372036855098086, daa_score=517)
2026-08-09 22:54:06.193+09:00 [INFO ] [rig0] mined block #92 (nonce=272907, daa_score=518)
2026-08-09 22:54:07.102+09:00 [INFO ] [rig0] mined block #93 (nonce=496550, daa_score=519)
2026-08-09 22:54:07.405+09:00 [INFO ] [rig0] mined block #94 (nonce=166670, daa_score=520)
2026-08-09 22:54:07.496+09:00 [INFO ] [rig0] mined block #95 (nonce=9223372036854824923, daa_score=521)
2026-08-09 22:54:07.917+09:00 [INFO ] [rig0] mined block #96 (nonce=9223372036855017122, daa_score=522)
2026-08-09 22:54:07.978+09:00 [INFO ] [rig0] mined block #97 (nonce=32998, daa_score=523)
2026-08-09 22:54:08.194+09:00 [INFO ] [rig0] mined block #98 (nonce=9223372036854898197, daa_score=524)
2026-08-09 22:54:08.271+09:00 [INFO ] [rig0] mined block #99 (nonce=41473, daa_score=525)
2026-08-09 22:54:08.377+09:00 [INFO ] [rig0] mined block #100 (nonce=9223372036854835507, daa_score=526)
2026-08-09 22:54:08.499+09:00 [INFO ] [rig0] mined block #101 (nonce=9223372036854844130, daa_score=527)
2026-08-09 22:54:08.547+09:00 [INFO ] [rig0] mined block #102 (nonce=25459, daa_score=528)
2026-08-09 22:54:08.666+09:00 [INFO ] [rig0] mined block #103 (nonce=62295, daa_score=529)
2026-08-09 22:54:08.699+09:00 [INFO ] [rig0] mined block #104 (nonce=9223372036854792560, daa_score=530)
2026-08-09 22:54:08.807+09:00 [INFO ] [rig0] mined block #105 (nonce=59506, daa_score=531)
2026-08-09 22:54:08.999+09:00 [INFO ] [rig0] mined block #106 (nonce=108292, daa_score=532)
2026-08-09 22:54:09.192+09:00 [INFO ] [rig0] mined block #107 (nonce=108241, daa_score=533)
2026-08-09 22:54:09.352+09:00 [INFO ] [rig0] mined block #108 (nonce=9223372036854865145, daa_score=534)
2026-08-09 22:54:10.106+09:00 [INFO ] [rig0] mined block #109 (nonce=9223372036855201486, daa_score=535)
2026-08-09 22:54:10.302+09:00 [INFO ] [rig0] mined block #110 (nonce=9223372036854885731, daa_score=536)
2026-08-09 22:54:10.776+09:00 [INFO ] [rig0] mined block #111 (nonce=271101, daa_score=537)
2026-08-09 22:54:12.667+09:00 [INFO ] [rig0] mined block #112 (nonce=9223372036855860292, daa_score=538)
2026-08-09 22:54:13.317+09:00 [INFO ] [rig0] mined block #113 (nonce=369364, daa_score=540)
2026-08-09 22:54:14.282+09:00 [INFO ] [rig0] mined block #114 (nonce=9223372036855326876, daa_score=541)
2026-08-09 22:54:14.402+09:00 [INFO ] [rig0] mined block #115 (nonce=67258, daa_score=542)
2026-08-09 22:54:15.130+09:00 [INFO ] [rig0] mined block #116 (nonce=415347, daa_score=543)
2026-08-09 22:54:15.135+09:00 [INFO ] [rig0] mined block #117 (nonce=9223372036854776075, daa_score=544)
2026-08-09 22:54:15.347+09:00 [INFO ] [rig0] mined block #118 (nonce=118678, daa_score=545)
2026-08-09 22:54:16.192+09:00 [INFO ] [rig0] mined block #119 (nonce=484142, daa_score=546)
2026-08-09 22:54:16.262+09:00 [INFO ] [rig0] mined block #120 (nonce=9223372036854813429, daa_score=547)
2026-08-09 22:54:16.929+09:00 [INFO ] [rig0] mined block #121 (nonce=380157, daa_score=548)
2026-08-09 22:54:17.341+09:00 [INFO ] [rig0] mined block #122 (nonce=9223372036855009973, daa_score=549)
2026-08-09 22:54:17.545+09:00 [INFO ] [rig0] mined block #123 (nonce=9223372036854891968, daa_score=550)
2026-08-09 22:54:17.724+09:00 [INFO ] [rig0] mined block #124 (nonce=9223372036854876009, daa_score=551)
2026-08-09 22:54:18.372+09:00 [INFO ] [rig0] mined block #125 (nonce=370751, daa_score=552)
2026-08-09 22:54:18.635+09:00 [INFO ] [rig0] mined block #126 (nonce=9223372036854922346, daa_score=553)
2026-08-09 22:54:18.650+09:00 [INFO ] [rig0] mined block #127 (nonce=9223372036854781576, daa_score=554)
2026-08-09 22:54:19.560+09:00 [INFO ] [rig0] mined block #128 (nonce=516652, daa_score=555)
2026-08-09 22:54:19.782+09:00 [INFO ] [rig0] mined block #129 (nonce=9223372036854900939, daa_score=556)
2026-08-09 22:54:20.679+09:00 [INFO ] [rig0] mined block #130 (nonce=471370, daa_score=557)
2026-08-09 22:54:21.238+09:00 [INFO ] [rig0] mined block #131 (nonce=9223372036855091028, daa_score=558)
2026-08-09 22:54:22.630+09:00 [INFO ] [rig0] mined block #132 (nonce=9223372036855574821, daa_score=559)
2026-08-09 22:54:22.960+09:00 [INFO ] [rig0] mined block #133 (nonce=9223372036854961888, daa_score=560)
2026-08-09 22:54:23.220+09:00 [INFO ] [rig0] mined block #134 (nonce=9223372036854919383, daa_score=561)
2026-08-09 22:54:23.228+09:00 [INFO ] [rig0] mined block #135 (nonce=2060, daa_score=562)
2026-08-09 22:54:24.407+09:00 [INFO ] [rig0] mined block #136 (nonce=671568, daa_score=563)
2026-08-09 22:54:24.945+09:00 [INFO ] [rig0] mined block #137 (nonce=9223372036855085599, daa_score=565)
2026-08-09 22:54:25.010+09:00 [INFO ] [rig0] mined block #138 (nonce=35181, daa_score=566)
2026-08-09 22:54:25.047+09:00 [INFO ] [rig0] mined block #139 (nonce=9223372036854794632, daa_score=567)
2026-08-09 22:54:25.679+09:00 [INFO ] [rig0] mined block #140 (nonce=360888, daa_score=568)
2026-08-09 22:54:25.893+09:00 [INFO ] [rig0] mined block #141 (nonce=9223372036854893253, daa_score=569)
2026-08-09 22:54:26.136+09:00 [INFO ] [rig0] mined block #142 (nonce=9223372036854911416, daa_score=570)
2026-08-09 22:54:26.624+09:00 [INFO ] [rig0] mined block #143 (nonce=272844, daa_score=571)
2026-08-09 22:54:27.057+09:00 [INFO ] [rig0] mined block #144 (nonce=9223372036855016954, daa_score=572)
2026-08-09 22:54:27.453+09:00 [INFO ] [rig0] mined block #145 (nonce=9223372036854994013, daa_score=573)
2026-08-09 22:54:27.559+09:00 [INFO ] [rig0] mined block #146 (nonce=58759, daa_score=574)
2026-08-09 22:54:27.885+09:00 [INFO ] [rig0] mined block #147 (nonce=9223372036854959490, daa_score=575)
2026-08-09 22:54:27.946+09:00 [INFO ] [rig0] mined block #148 (nonce=9223372036854808623, daa_score=576)
2026-08-09 22:54:28.166+09:00 [INFO ] [rig0] mined block #149 (nonce=124613, daa_score=577)
2026-08-09 22:54:28.270+09:00 [INFO ] [rig0] mined block #150 (nonce=57846, daa_score=578)
2026-08-09 22:54:28.373+09:00 [INFO ] [rig0] mined block #151 (nonce=56860, daa_score=579)
2026-08-09 22:54:28.450+09:00 [INFO ] [rig0] mined block #152 (nonce=41941, daa_score=580)
2026-08-09 22:54:29.118+09:00 [INFO ] [rig0] mined block #153 (nonce=382813, daa_score=581)
2026-08-09 22:54:29.455+09:00 [INFO ] [rig0] mined block #154 (nonce=9223372036854967490, daa_score=582)
2026-08-09 22:54:30.122+09:00 [INFO ] [rig0] mined block #155 (nonce=381910, daa_score=583)
2026-08-09 22:54:31.988+09:00 [INFO ] [rig0] mined block #156 (nonce=1075433, daa_score=584)
2026-08-09 22:54:32.229+09:00 [INFO ] [rig0] mined block #157 (nonce=9223372036854910441, daa_score=586)
2026-08-09 22:54:32.868+09:00 [INFO ] [rig0] mined block #158 (nonce=361586, daa_score=587)
2026-08-09 22:54:33.615+09:00 [INFO ] [rig0] mined block #159 (nonce=427569, daa_score=588)
2026-08-09 22:54:33.878+09:00 [INFO ] [rig0] mined block #160 (nonce=9223372036854925893, daa_score=589)
2026-08-09 22:54:33.993+09:00 [INFO ] [rig0] mined block #161 (nonce=63502, daa_score=590)
2026-08-09 22:54:34.274+09:00 [INFO ] [rig0] mined block #162 (nonce=9223372036854935962, daa_score=591)
2026-08-09 22:54:35.429+09:00 [INFO ] [rig0] mined block #163 (nonce=666110, daa_score=592)
2026-08-09 22:54:35.940+09:00 [INFO ] [rig0] mined block #164 (nonce=291287, daa_score=593)
2026-08-09 22:54:35.968+09:00 [INFO ] [rig0] mined block #165 (nonce=9223372036854789832, daa_score=594)
2026-08-09 22:54:36.171+09:00 [INFO ] [rig0] mined block #166 (nonce=9223372036854890502, daa_score=595)
2026-08-09 22:54:36.964+09:00 [INFO ] [rig0] mined block #167 (nonce=453115, daa_score=596)
2026-08-09 22:54:37.368+09:00 [INFO ] [rig0] mined block #168 (nonce=229240, daa_score=597)
2026-08-09 22:54:37.866+09:00 [INFO ] [rig0] mined block #169 (nonce=276385, daa_score=598)
2026-08-09 22:54:38.133+09:00 [INFO ] [rig0] mined block #170 (nonce=9223372036854927224, daa_score=599)
2026-08-09 22:54:38.844+09:00 [INFO ] [rig0] mined block #171 (nonce=399349, daa_score=600)
2026-08-09 22:54:39.111+09:00 [INFO ] [rig0] mined block #172 (nonce=142048, daa_score=601)
2026-08-09 22:54:39.502+09:00 [INFO ] [rig0] mined block #173 (nonce=9223372036854990625, daa_score=602)
2026-08-09 22:54:39.942+09:00 [INFO ] [rig0] mined block #174 (nonce=9223372036854992597, daa_score=603)
2026-08-09 22:54:40.006+09:00 [INFO ] [rig0] mined block #175 (nonce=33583, daa_score=604)
2026-08-09 22:54:40.109+09:00 [INFO ] [rig0] mined block #176 (nonce=9223372036854833383, daa_score=605)
2026-08-09 22:54:41.078+09:00 [INFO ] [rig0] mined block #177 (nonce=9223372036855321991, daa_score=606)
2026-08-09 22:54:41.646+09:00 [INFO ] [rig0] mined block #178 (nonce=9223372036855097053, daa_score=607)
2026-08-09 22:54:42.584+09:00 [INFO ] [rig0] mined block #179 (nonce=9223372036855311058, daa_score=608)
2026-08-09 22:54:42.735+09:00 [INFO ] [rig0] mined block #180 (nonce=82213, daa_score=609)
2026-08-09 22:54:42.793+09:00 [INFO ] [rig0] mined block #181 (nonce=9223372036854805610, daa_score=610)
2026-08-09 22:54:43.080+09:00 [INFO ] [rig0] mined block #182 (nonce=160687, daa_score=611)
2026-08-09 22:54:43.913+09:00 [INFO ] [rig0] mined block #183 (nonce=464054, daa_score=612)
2026-08-09 22:54:43.945+09:00 [INFO ] [rig0] mined block #184 (nonce=9223372036854791700, daa_score=613)
2026-08-09 22:54:44.308+09:00 [INFO ] [rig0] mined block #185 (nonce=205770, daa_score=614)
2026-08-09 22:54:44.521+09:00 [INFO ] [rig0] mined block #186 (nonce=9223372036854895152, daa_score=615)
2026-08-09 22:54:44.825+09:00 [INFO ] [rig0] mined block #187 (nonce=9223372036854948467, daa_score=616)
2026-08-09 22:54:45.136+09:00 [INFO ] [rig0] mined block #188 (nonce=9223372036854941756, daa_score=617)
2026-08-09 22:54:46.717+09:00 [INFO ] [rig0] mined block #189 (nonce=9223372036855687401, daa_score=618)
2026-08-09 22:54:46.877+09:00 [INFO ] [rig0] mined block #190 (nonce=89426, daa_score=619)
2026-08-09 22:54:47.576+09:00 [INFO ] [rig0] mined block #191 (nonce=9223372036855173320, daa_score=620)
2026-08-09 22:54:47.661+09:00 [INFO ] [rig0] mined block #192 (nonce=45562, daa_score=621)
2026-08-09 22:54:47.671+09:00 [INFO ] [rig0] mined block #193 (nonce=3505, daa_score=622)
2026-08-09 22:54:48.082+09:00 [INFO ] [rig0] mined block #194 (nonce=9223372036855009469, daa_score=623)
2026-08-09 22:54:49.393+09:00 [INFO ] [rig0] mined block #195 (nonce=9223372036855529557, daa_score=624)
2026-08-09 22:54:50.135+09:00 [INFO ] [rig0] mined block #196 (nonce=9223372036855200744, daa_score=625)
2026-08-09 22:54:50.400+09:00 [INFO ] [rig0] mined block #197 (nonce=150923, daa_score=626)
2026-08-09 22:54:50.677+09:00 [INFO ] [rig0] mined block #198 (nonce=157370, daa_score=627)
2026-08-09 22:54:51.648+09:00 [INFO ] [rig0] mined block #199 (nonce=9223372036855324767, daa_score=628)
2026-08-09 22:54:51.893+09:00 [INFO ] [rig0] mined block #200 (nonce=9223372036854913694, daa_score=629)
2026-08-09 22:54:51.893+09:00 [INFO ] done: mined 200 blocks

  misaminer v1.0.0  —  MISAKA (kaspa-pq) Layer-0 CPU miner
  ---------------------------------------------------------
  pool/node : 127.0.0.1:17210
  network   : devnet
  worker    : rig0
  threads   : 2

2026-08-09 22:54:51.906+09:00 [WARN ] --allow-burn: mining to an UNSPENDABLE placeholder (rewards are lost) — PoW smoke test only.
2026-08-09 22:54:51.907+09:00 [INFO ] [rig0] connected to 127.0.0.1:17210; mining network_id=devnet to misakadev:qgqqqqqqqqqqqqqqqqqqqqqqqqqqqqqqqqqqqqqqqqqqqqqqqqqqqqqqqqqqqqqqqqqqqqqqqqqqqqqqqqqqqqqqqqqqqqqqqqqqqqqqets69efd
2026-08-09 22:54:52.168+09:00 [INFO ] [rig0] mined block #1 (nonce=9223372036854925220, daa_score=630)
2026-08-09 22:54:52.219+09:00 [INFO ] [rig0] mined block #2 (nonce=27123, daa_score=631)
2026-08-09 22:54:53.327+09:00 [INFO ] [rig0] mined block #3 (nonce=9223372036855416272, daa_score=632)
2026-08-09 22:54:53.844+09:00 [INFO ] [rig0] mined block #4 (nonce=297759, daa_score=633)
2026-08-09 22:54:54.129+09:00 [INFO ] [rig0] mined block #5 (nonce=162549, daa_score=634)
2026-08-09 22:54:54.262+09:00 [INFO ] [rig0] mined block #6 (nonce=9223372036854850153, daa_score=635)
2026-08-09 22:54:54.329+09:00 [INFO ] [rig0] mined block #7 (nonce=9223372036854812457, daa_score=636)
2026-08-09 22:54:54.380+09:00 [INFO ] [rig0] mined block #8 (nonce=9223372036854802346, daa_score=637)
2026-08-09 22:54:54.440+09:00 [INFO ] [rig0] mined block #9 (nonce=9223372036854807967, daa_score=638)
2026-08-09 22:54:54.876+09:00 [INFO ] [rig0] mined block #10 (nonce=9223372036855027205, daa_score=639)
2026-08-09 22:54:55.474+09:00 [INFO ] [rig0] mined block #11 (nonce=336386, daa_score=640)
2026-08-09 22:54:56.176+09:00 [INFO ] [rig0] mined block #12 (nonce=9223372036855173064, daa_score=641)
2026-08-09 22:54:56.269+09:00 [INFO ] [rig0] mined block #13 (nonce=9223372036854827954, daa_score=642)
2026-08-09 22:54:56.691+09:00 [INFO ] [rig0] mined block #14 (nonce=9223372036855019325, daa_score=643)
2026-08-09 22:54:56.761+09:00 [INFO ] [rig0] mined block #15 (nonce=38180, daa_score=644)
2026-08-09 22:54:57.232+09:00 [INFO ] [rig0] mined block #16 (nonce=255697, daa_score=645)
2026-08-09 22:54:57.383+09:00 [INFO ] [rig0] mined block #17 (nonce=9223372036854859821, daa_score=646)
2026-08-09 22:54:57.907+09:00 [INFO ] [rig0] mined block #18 (nonce=9223372036855078492, daa_score=647)
2026-08-09 22:54:59.034+09:00 [INFO ] [rig0] mined block #19 (nonce=9223372036855401011, daa_score=648)
2026-08-09 22:54:59.106+09:00 [INFO ] [rig0] mined block #20 (nonce=9223372036854811758, daa_score=649)
2026-08-09 22:54:59.137+09:00 [INFO ] [rig0] mined block #21 (nonce=14846, daa_score=650)
2026-08-09 22:54:59.227+09:00 [INFO ] [rig0] mined block #22 (nonce=9223372036854822521, daa_score=651)
2026-08-09 22:54:59.254+09:00 [INFO ] [rig0] mined block #23 (nonce=9223372036854787561, daa_score=652)
2026-08-09 22:54:59.439+09:00 [INFO ] [rig0] mined block #24 (nonce=99253, daa_score=653)
2026-08-09 22:54:59.697+09:00 [INFO ] [rig0] mined block #25 (nonce=9223372036854923965, daa_score=654)
2026-08-09 22:55:00.319+09:00 [INFO ] [rig0] mined block #26 (nonce=9223372036855137942, daa_score=655)
2026-08-09 22:55:00.345+09:00 [INFO ] [rig0] mined block #27 (nonce=9223372036854788337, daa_score=656)
2026-08-09 22:55:00.441+09:00 [INFO ] [rig0] mined block #28 (nonce=52133, daa_score=657)
2026-08-09 22:55:01.290+09:00 [INFO ] [rig0] mined block #29 (nonce=9223372036855263917, daa_score=658)
2026-08-09 22:55:02.236+09:00 [INFO ] [rig0] mined block #30 (nonce=541728, daa_score=659)
2026-08-09 22:55:02.342+09:00 [INFO ] [rig0] mined block #31 (nonce=9223372036854834592, daa_score=660)
2026-08-09 22:55:02.878+09:00 [INFO ] [rig0] mined block #32 (nonce=9223372036855082343, daa_score=661)
2026-08-09 22:55:02.922+09:00 [INFO ] [rig0] mined block #33 (nonce=22259, daa_score=662)
2026-08-09 22:55:04.457+09:00 [INFO ] [rig0] mined block #34 (nonce=885305, daa_score=663)
2026-08-09 22:55:05.015+09:00 [INFO ] [rig0] mined block #35 (nonce=9223372036855097389, daa_score=664)
2026-08-09 22:55:05.202+09:00 [INFO ] [rig0] mined block #36 (nonce=104775, daa_score=665)
2026-08-09 22:55:06.071+09:00 [INFO ] [rig0] mined block #37 (nonce=9223372036855276427, daa_score=666)
2026-08-09 22:55:06.878+09:00 [INFO ] [rig0] mined block #38 (nonce=465540, daa_score=667)
2026-08-09 22:55:07.160+09:00 [INFO ] [rig0] mined block #39 (nonce=9223372036854935328, daa_score=668)
2026-08-09 22:55:07.659+09:00 [INFO ] [rig0] mined block #40 (nonce=289606, daa_score=669)
2026-08-09 22:55:07.708+09:00 [INFO ] [rig0] mined block #41 (nonce=25983, daa_score=670)
2026-08-09 22:55:09.470+09:00 [INFO ] [rig0] mined block #42 (nonce=973755, daa_score=671)
2026-08-09 22:55:10.023+09:00 [INFO ] [rig0] mined block #43 (nonce=315675, daa_score=672)
2026-08-09 22:55:11.074+09:00 [INFO ] [rig0] mined block #44 (nonce=9223372036855380121, daa_score=673)
2026-08-09 22:55:11.770+09:00 [INFO ] [rig0] mined block #45 (nonce=9223372036855175257, daa_score=674)
2026-08-09 22:55:12.876+09:00 [INFO ] [rig0] mined block #46 (nonce=9223372036855418150, daa_score=675)
2026-08-09 22:55:13.006+09:00 [INFO ] [rig0] mined block #47 (nonce=71835, daa_score=676)
2026-08-09 22:55:13.389+09:00 [INFO ] [rig0] mined block #48 (nonce=214359, daa_score=677)
2026-08-09 22:55:14.020+09:00 [INFO ] [rig0] mined block #49 (nonce=356984, daa_score=678)
2026-08-09 22:55:14.051+09:00 [INFO ] [rig0] mined block #50 (nonce=15698, daa_score=679)
2026-08-09 22:55:14.385+09:00 [INFO ] [rig0] mined block #51 (nonce=191900, daa_score=680)
2026-08-09 22:55:14.582+09:00 [INFO ] [rig0] mined block #52 (nonce=110740, daa_score=681)
2026-08-09 22:55:15.059+09:00 [INFO ] [rig0] mined block #53 (nonce=274640, daa_score=682)
2026-08-09 22:55:15.222+09:00 [INFO ] [rig0] mined block #54 (nonce=9223372036854867162, daa_score=683)
2026-08-09 22:55:15.607+09:00 [INFO ] [rig0] mined block #55 (nonce=221539, daa_score=684)
2026-08-09 22:55:15.788+09:00 [INFO ] [rig0] mined block #56 (nonce=9223372036854878302, daa_score=685)
2026-08-09 22:55:16.017+09:00 [INFO ] [rig0] mined block #57 (nonce=9223372036854907609, daa_score=686)
2026-08-09 22:55:16.163+09:00 [INFO ] [rig0] mined block #58 (nonce=9223372036854858631, daa_score=687)
2026-08-09 22:55:16.225+09:00 [INFO ] [rig0] mined block #59 (nonce=9223372036854809581, daa_score=688)
2026-08-09 22:55:16.688+09:00 [INFO ] [rig0] mined block #60 (nonce=261766, daa_score=689)
2026-08-09 22:55:17.618+09:00 [INFO ] [rig0] mined block #61 (nonce=9223372036855318141, daa_score=690)
2026-08-09 22:55:17.814+09:00 [INFO ] [rig0] mined block #62 (nonce=111870, daa_score=691)
2026-08-09 22:55:18.230+09:00 [INFO ] [rig0] mined block #63 (nonce=236985, daa_score=692)
2026-08-09 22:55:18.245+09:00 [INFO ] [rig0] mined block #64 (nonce=9223372036854781823, daa_score=693)
2026-08-09 22:55:18.639+09:00 [INFO ] [rig0] mined block #65 (nonce=9223372036855004583, daa_score=694)
2026-08-09 22:55:19.070+09:00 [INFO ] [rig0] mined block #66 (nonce=248247, daa_score=695)
2026-08-09 22:55:19.240+09:00 [INFO ] [rig0] mined block #67 (nonce=9223372036854871513, daa_score=696)
2026-08-09 22:55:20.126+09:00 [INFO ] [rig0] mined block #68 (nonce=9223372036855285464, daa_score=697)
2026-08-09 22:55:20.171+09:00 [INFO ] [rig0] mined block #69 (nonce=23360, daa_score=698)
2026-08-09 22:55:20.212+09:00 [INFO ] [rig0] mined block #70 (nonce=9223372036854796605, daa_score=699)
2026-08-09 22:55:21.143+09:00 [INFO ] [rig0] mined block #71 (nonce=538302, daa_score=700)
2026-08-09 22:55:21.414+09:00 [INFO ] [rig0] mined block #72 (nonce=9223372036854931269, daa_score=701)
2026-08-09 22:55:22.858+09:00 [INFO ] [rig0] mined block #73 (nonce=9223372036855612462, daa_score=702)
2026-08-09 22:55:23.122+09:00 [INFO ] [rig0] mined block #74 (nonce=9223372036854923348, daa_score=703)
2026-08-09 22:55:23.165+09:00 [INFO ] [rig0] mined block #75 (nonce=21816, daa_score=704)
2026-08-09 22:55:23.546+09:00 [INFO ] [rig0] mined block #76 (nonce=9223372036854993503, daa_score=705)
2026-08-09 22:55:24.087+09:00 [INFO ] [rig0] mined block #77 (nonce=312477, daa_score=706)
2026-08-09 22:55:24.695+09:00 [INFO ] [rig0] mined block #78 (nonce=354341, daa_score=707)
2026-08-09 22:55:24.732+09:00 [INFO ] [rig0] mined block #79 (nonce=18098, daa_score=708)
2026-08-09 22:55:24.888+09:00 [INFO ] [rig0] mined block #80 (nonce=88494, daa_score=709)
2026-08-09 22:55:24.991+09:00 [INFO ] [rig0] mined block #81 (nonce=9223372036854833005, daa_score=710)
2026-08-09 22:55:25.192+09:00 [INFO ] [rig0] mined block #82 (nonce=115146, daa_score=711)
2026-08-09 22:55:25.891+09:00 [INFO ] [rig0] mined block #83 (nonce=411168, daa_score=712)
2026-08-09 22:55:25.999+09:00 [INFO ] [rig0] mined block #84 (nonce=59280, daa_score=713)
2026-08-09 22:55:26.023+09:00 [INFO ] [rig0] mined block #85 (nonce=10839, daa_score=714)
2026-08-09 22:55:26.553+09:00 [INFO ] [rig0] mined block #86 (nonce=308985, daa_score=715)
2026-08-09 22:55:27.130+09:00 [INFO ] [rig0] mined block #87 (nonce=330626, daa_score=716)
2026-08-09 22:55:27.209+09:00 [INFO ] [rig0] mined block #88 (nonce=9223372036854818595, daa_score=717)
2026-08-09 22:55:27.712+09:00 [INFO ] [rig0] mined block #89 (nonce=9223372036855064890, daa_score=718)
2026-08-09 22:55:27.759+09:00 [INFO ] [rig0] mined block #90 (nonce=24074, daa_score=719)
2026-08-09 22:55:27.953+09:00 [INFO ] [rig0] mined block #91 (nonce=9223372036854884732, daa_score=720)
2026-08-09 22:55:28.068+09:00 [INFO ] [rig0] mined block #92 (nonce=9223372036854837409, daa_score=721)
2026-08-09 22:55:28.198+09:00 [INFO ] [rig0] mined block #93 (nonce=9223372036854849235, daa_score=722)
2026-08-09 22:55:28.757+09:00 [INFO ] [rig0] mined block #94 (nonce=317341, daa_score=723)
2026-08-09 22:55:29.070+09:00 [INFO ] [rig0] mined block #95 (nonce=9223372036854943566, daa_score=724)
2026-08-09 22:55:29.346+09:00 [INFO ] [rig0] mined block #96 (nonce=9223372036854932513, daa_score=725)
2026-08-09 22:55:29.402+09:00 [INFO ] [rig0] mined block #97 (nonce=29655, daa_score=726)
2026-08-09 22:55:29.501+09:00 [INFO ] [rig0] mined block #98 (nonce=9223372036854830399, daa_score=727)
2026-08-09 22:55:29.740+09:00 [INFO ] [rig0] mined block #99 (nonce=136777, daa_score=728)
2026-08-09 22:55:30.152+09:00 [INFO ] [rig0] mined block #100 (nonce=9223372036855014059, daa_score=729)
2026-08-09 22:55:30.255+09:00 [INFO ] [rig0] mined block #101 (nonce=9223372036854831955, daa_score=730)
2026-08-09 22:55:30.649+09:00 [INFO ] [rig0] mined block #102 (nonce=9223372036855002954, daa_score=731)
2026-08-09 22:55:31.235+09:00 [INFO ] [rig0] mined block #103 (nonce=340701, daa_score=732)
2026-08-09 22:55:31.597+09:00 [INFO ] [rig0] mined block #104 (nonce=9223372036854984203, daa_score=733)
2026-08-09 22:55:31.736+09:00 [INFO ] [rig0] mined block #105 (nonce=9223372036854850762, daa_score=734)
2026-08-09 22:55:32.035+09:00 [INFO ] [rig0] mined block #106 (nonce=170718, daa_score=735)
2026-08-09 22:55:32.899+09:00 [INFO ] [rig0] mined block #107 (nonce=497675, daa_score=736)
2026-08-09 22:55:33.345+09:00 [INFO ] [rig0] mined block #108 (nonce=255889, daa_score=737)
2026-08-09 22:55:35.158+09:00 [INFO ] [rig0] mined block #109 (nonce=1056082, daa_score=738)
2026-08-09 22:55:35.684+09:00 [INFO ] [rig0] mined block #110 (nonce=296129, daa_score=740)
2026-08-09 22:55:35.703+09:00 [INFO ] [rig0] mined block #111 (nonce=7802, daa_score=741)
2026-08-09 22:55:35.906+09:00 [INFO ] [rig0] mined block #112 (nonce=9223372036854890756, daa_score=742)
2026-08-09 22:55:36.479+09:00 [INFO ] [rig0] mined block #113 (nonce=328198, daa_score=743)
2026-08-09 22:55:36.707+09:00 [INFO ] [rig0] mined block #114 (nonce=9223372036854906800, daa_score=744)
2026-08-09 22:55:37.135+09:00 [INFO ] [rig0] mined block #115 (nonce=247927, daa_score=745)
2026-08-09 22:55:37.360+09:00 [INFO ] [rig0] mined block #116 (nonce=129004, daa_score=746)
2026-08-09 22:55:37.502+09:00 [INFO ] [rig0] mined block #117 (nonce=80753, daa_score=747)
2026-08-09 22:55:38.021+09:00 [INFO ] [rig0] mined block #118 (nonce=297774, daa_score=748)
2026-08-09 22:55:38.193+09:00 [INFO ] [rig0] mined block #119 (nonce=9223372036854873736, daa_score=749)
2026-08-09 22:55:38.313+09:00 [INFO ] [rig0] mined block #120 (nonce=9223372036854842978, daa_score=750)
2026-08-09 22:55:38.555+09:00 [INFO ] [rig0] mined block #121 (nonce=131301, daa_score=751)
2026-08-09 22:55:39.132+09:00 [INFO ] [rig0] mined block #122 (nonce=9223372036855111029, daa_score=752)
2026-08-09 22:55:39.208+09:00 [INFO ] [rig0] mined block #123 (nonce=9223372036854816086, daa_score=753)
2026-08-09 22:55:39.452+09:00 [INFO ] [rig0] mined block #124 (nonce=9223372036854912787, daa_score=754)
2026-08-09 22:55:40.183+09:00 [INFO ] [rig0] mined block #125 (nonce=9223372036855198942, daa_score=755)
2026-08-09 22:55:41.029+09:00 [INFO ] [rig0] mined block #126 (nonce=9223372036855262705, daa_score=756)
2026-08-09 22:55:41.273+09:00 [INFO ] [rig0] mined block #127 (nonce=138196, daa_score=757)
2026-08-09 22:55:41.969+09:00 [INFO ] [rig0] mined block #128 (nonce=400145, daa_score=758)
2026-08-09 22:55:42.461+09:00 [INFO ] [rig0] mined block #129 (nonce=9223372036855054322, daa_score=759)
2026-08-09 22:55:42.538+09:00 [INFO ] [rig0] mined block #130 (nonce=41018, daa_score=760)
2026-08-09 22:55:42.841+09:00 [INFO ] [rig0] mined block #131 (nonce=9223372036854945323, daa_score=761)
2026-08-09 22:55:43.196+09:00 [INFO ] [rig0] mined block #132 (nonce=199517, daa_score=762)
2026-08-09 22:55:43.509+09:00 [INFO ] [rig0] mined block #133 (nonce=176943, daa_score=763)
2026-08-09 22:55:43.737+09:00 [INFO ] [rig0] mined block #134 (nonce=129669, daa_score=764)
2026-08-09 22:55:43.815+09:00 [INFO ] [rig0] mined block #135 (nonce=41322, daa_score=765)
2026-08-09 22:55:44.277+09:00 [INFO ] [rig0] mined block #136 (nonce=9223372036855039272, daa_score=766)
2026-08-09 22:55:44.554+09:00 [INFO ] [rig0] mined block #137 (nonce=155982, daa_score=767)
2026-08-09 22:55:44.586+09:00 [INFO ] [rig0] mined block #138 (nonce=14733, daa_score=768)
2026-08-09 22:55:44.869+09:00 [INFO ] [rig0] mined block #139 (nonce=9223372036854936008, daa_score=769)
2026-08-09 22:55:45.474+09:00 [INFO ] [rig0] mined block #140 (nonce=9223372036855121477, daa_score=770)
2026-08-09 22:55:45.558+09:00 [INFO ] [rig0] mined block #141 (nonce=36994, daa_score=771)
2026-08-09 22:55:45.828+09:00 [INFO ] [rig0] mined block #142 (nonce=9223372036854927033, daa_score=772)
2026-08-09 22:55:47.253+09:00 [INFO ] [rig0] mined block #143 (nonce=9223372036855598164, daa_score=773)
2026-08-09 22:55:47.800+09:00 [INFO ] [rig0] mined block #144 (nonce=316649, daa_score=774)
2026-08-09 22:55:47.970+09:00 [INFO ] [rig0] mined block #145 (nonce=9223372036854872399, daa_score=775)
2026-08-09 22:55:48.510+09:00 [INFO ] [rig0] mined block #146 (nonce=9223372036855089361, daa_score=776)
2026-08-09 22:55:49.079+09:00 [INFO ] [rig0] mined block #147 (nonce=9223372036855103303, daa_score=777)
2026-08-09 22:55:49.477+09:00 [INFO ] [rig0] mined block #148 (nonce=9223372036855006364, daa_score=778)
2026-08-09 22:55:49.605+09:00 [INFO ] [rig0] mined block #149 (nonce=9223372036854847021, daa_score=779)
2026-08-09 22:55:49.718+09:00 [INFO ] [rig0] mined block #150 (nonce=63218, daa_score=780)
2026-08-09 22:55:49.927+09:00 [INFO ] [rig0] mined block #151 (nonce=9223372036854895681, daa_score=781)
2026-08-09 22:55:50.665+09:00 [INFO ] [rig0] mined block #152 (nonce=419531, daa_score=782)
2026-08-09 22:55:51.737+09:00 [INFO ] [rig0] mined block #153 (nonce=9223372036855401320, daa_score=783)
2026-08-09 22:55:51.783+09:00 [INFO ] [rig0] mined block #154 (nonce=9223372036854799292, daa_score=784)
2026-08-09 22:55:51.804+09:00 [INFO ] [rig0] mined block #155 (nonce=8712, daa_score=785)
2026-08-09 22:55:52.062+09:00 [INFO ] [rig0] mined block #156 (nonce=9223372036854924155, daa_score=786)
2026-08-09 22:55:52.074+09:00 [INFO ] [rig0] mined block #157 (nonce=3730, daa_score=787)
2026-08-09 22:55:52.946+09:00 [INFO ] [rig0] mined block #158 (nonce=508384, daa_score=788)
2026-08-09 22:55:53.233+09:00 [INFO ] [rig0] mined block #159 (nonce=9223372036854937323, daa_score=789)
2026-08-09 22:55:53.454+09:00 [INFO ] [rig0] mined block #160 (nonce=124119, daa_score=790)
2026-08-09 22:55:53.765+09:00 [INFO ] [rig0] mined block #161 (nonce=177381, daa_score=791)
2026-08-09 22:55:54.599+09:00 [INFO ] [rig0] mined block #162 (nonce=488185, daa_score=792)
2026-08-09 22:55:54.780+09:00 [INFO ] [rig0] mined block #163 (nonce=102116, daa_score=793)
2026-08-09 22:55:55.171+09:00 [INFO ] [rig0] mined block #164 (nonce=9223372036855001278, daa_score=794)
2026-08-09 22:55:55.238+09:00 [INFO ] [rig0] mined block #165 (nonce=35725, daa_score=795)
2026-08-09 22:55:55.661+09:00 [INFO ] [rig0] mined block #166 (nonce=237707, daa_score=796)
2026-08-09 22:55:56.070+09:00 [INFO ] [rig0] mined block #167 (nonce=234592, daa_score=797)
2026-08-09 22:55:57.933+09:00 [INFO ] [rig0] mined block #168 (nonce=1086513, daa_score=798)
2026-08-09 22:55:58.306+09:00 [INFO ] [rig0] mined block #169 (nonce=214695, daa_score=799)
2026-08-09 22:55:58.654+09:00 [INFO ] [rig0] mined block #170 (nonce=197155, daa_score=800)
2026-08-09 22:55:59.181+09:00 [INFO ] [rig0] mined block #171 (nonce=297487, daa_score=801)
2026-08-09 22:55:59.282+09:00 [INFO ] [rig0] mined block #172 (nonce=9223372036854830032, daa_score=802)
2026-08-09 22:55:59.886+09:00 [INFO ] [rig0] mined block #173 (nonce=347204, daa_score=803)
2026-08-09 22:56:00.596+09:00 [INFO ] [rig0] mined block #174 (nonce=9223372036855185616, daa_score=805)
2026-08-09 22:56:00.754+09:00 [INFO ] [rig0] mined block #175 (nonce=88759, daa_score=806)
2026-08-09 22:56:02.138+09:00 [INFO ] [rig0] mined block #176 (nonce=784575, daa_score=807)
2026-08-09 22:56:02.361+09:00 [INFO ] [rig0] mined block #177 (nonce=9223372036854900547, daa_score=808)
2026-08-09 22:56:02.658+09:00 [INFO ] [rig0] mined block #178 (nonce=9223372036854940596, daa_score=810)
2026-08-09 22:56:02.809+09:00 [INFO ] [rig0] mined block #179 (nonce=9223372036854849171, daa_score=811)
2026-08-09 22:56:03.042+09:00 [INFO ] [rig0] mined block #180 (nonce=130729, daa_score=812)
2026-08-09 22:56:03.232+09:00 [INFO ] [rig0] mined block #181 (nonce=9223372036854881373, daa_score=813)
2026-08-09 22:56:03.533+09:00 [INFO ] [rig0] mined block #182 (nonce=170225, daa_score=814)
2026-08-09 22:56:03.928+09:00 [INFO ] [rig0] mined block #183 (nonce=9223372036854994716, daa_score=815)
2026-08-09 22:56:04.487+09:00 [INFO ] [rig0] mined block #184 (nonce=317470, daa_score=816)
2026-08-09 22:56:05.823+09:00 [INFO ] [rig0] mined block #185 (nonce=9223372036855514544, daa_score=817)
2026-08-09 22:56:06.498+09:00 [INFO ] [rig0] mined block #186 (nonce=9223372036855162648, daa_score=818)
2026-08-09 22:56:08.391+09:00 [INFO ] [rig0] mined block #187 (nonce=9223372036855857950, daa_score=819)
2026-08-09 22:56:08.880+09:00 [INFO ] [rig0] mined block #188 (nonce=9223372036855055811, daa_score=821)
2026-08-09 22:56:09.197+09:00 [INFO ] [rig0] mined block #189 (nonce=9223372036854951620, daa_score=822)
2026-08-09 22:56:09.832+09:00 [INFO ] [rig0] mined block #190 (nonce=9223372036855132802, daa_score=823)
2026-08-09 22:56:10.844+09:00 [INFO ] [rig0] mined block #191 (nonce=9223372036855356129, daa_score=824)
2026-08-09 22:56:11.273+09:00 [INFO ] [rig0] mined block #192 (nonce=9223372036855020423, daa_score=825)
2026-08-09 22:56:11.306+09:00 [INFO ] [rig0] mined block #193 (nonce=13835, daa_score=826)
2026-08-09 22:56:11.580+09:00 [INFO ] [rig0] mined block #194 (nonce=151940, daa_score=827)
2026-08-09 22:56:11.877+09:00 [INFO ] [rig0] mined block #195 (nonce=167009, daa_score=828)
2026-08-09 22:56:12.165+09:00 [INFO ] [rig0] mined block #196 (nonce=9223372036854936772, daa_score=829)
2026-08-09 22:56:12.333+09:00 [INFO ] [rig0] mined block #197 (nonce=93298, daa_score=830)
2026-08-09 22:56:12.456+09:00 [INFO ] [rig0] mined block #198 (nonce=67377, daa_score=831)
2026-08-09 22:56:12.604+09:00 [INFO ] [rig0] mined block #199 (nonce=82202, daa_score=832)
2026-08-09 22:56:12.855+09:00 [INFO ] [rig0] mined block #200 (nonce=140703, daa_score=833)
2026-08-09 22:56:12.855+09:00 [INFO ] done: mined 200 blocks

  misaminer v1.0.0  —  MISAKA (kaspa-pq) Layer-0 CPU miner
  ---------------------------------------------------------
  pool/node : 127.0.0.1:17210
  network   : devnet
  worker    : rig0
  threads   : 2

2026-08-09 22:56:12.868+09:00 [WARN ] --allow-burn: mining to an UNSPENDABLE placeholder (rewards are lost) — PoW smoke test only.
2026-08-09 22:56:12.868+09:00 [INFO ] [rig0] connected to 127.0.0.1:17210; mining network_id=devnet to misakadev:qgqqqqqqqqqqqqqqqqqqqqqqqqqqqqqqqqqqqqqqqqqqqqqqqqqqqqqqqqqqqqqqqqqqqqqqqqqqqqqqqqqqqqqqqqqqqqqqqqqqqqqqets69efd
2026-08-09 22:56:13.595+09:00 [INFO ] [rig0] mined block #1 (nonce=417354, daa_score=834)
2026-08-09 22:56:14.020+09:00 [INFO ] [rig0] mined block #2 (nonce=241242, daa_score=835)
2026-08-09 22:56:14.173+09:00 [INFO ] [rig0] mined block #3 (nonce=9223372036854860626, daa_score=836)
2026-08-09 22:56:14.206+09:00 [INFO ] [rig0] mined block #4 (nonce=14952, daa_score=837)
2026-08-09 22:56:14.710+09:00 [INFO ] [rig0] mined block #5 (nonce=285841, daa_score=838)
2026-08-09 22:56:15.508+09:00 [INFO ] [rig0] mined block #6 (nonce=9223372036855214600, daa_score=839)
2026-08-09 22:56:15.571+09:00 [INFO ] [rig0] mined block #7 (nonce=33003, daa_score=840)
2026-08-09 22:56:15.648+09:00 [INFO ] [rig0] mined block #8 (nonce=9223372036854816408, daa_score=841)
2026-08-09 22:56:15.663+09:00 [INFO ] [rig0] mined block #9 (nonce=9223372036854780360, daa_score=842)
2026-08-09 22:56:16.903+09:00 [INFO ] [rig0] mined block #10 (nonce=9223372036855490477, daa_score=843)
2026-08-09 22:56:17.376+09:00 [INFO ] [rig0] mined block #11 (nonce=269276, daa_score=844)
2026-08-09 22:56:18.038+09:00 [INFO ] [rig0] mined block #12 (nonce=380284, daa_score=845)
2026-08-09 22:56:18.707+09:00 [INFO ] [rig0] mined block #13 (nonce=385242, daa_score=846)
2026-08-09 22:56:19.177+09:00 [INFO ] [rig0] mined block #14 (nonce=266307, daa_score=847)
2026-08-09 22:56:19.550+09:00 [INFO ] [rig0] mined block #15 (nonce=214237, daa_score=848)
2026-08-09 22:56:19.735+09:00 [INFO ] [rig0] mined block #16 (nonce=99823, daa_score=849)
2026-08-09 22:56:20.173+09:00 [INFO ] [rig0] mined block #17 (nonce=247376, daa_score=850)
2026-08-09 22:56:20.961+09:00 [INFO ] [rig0] mined block #18 (nonce=450547, daa_score=851)
2026-08-09 22:56:21.002+09:00 [INFO ] [rig0] mined block #19 (nonce=9223372036854795680, daa_score=852)
2026-08-09 22:56:22.065+09:00 [INFO ] [rig0] mined block #20 (nonce=9223372036855395317, daa_score=853)
2026-08-09 22:56:23.893+09:00 [INFO ] [rig0] mined block #21 (nonce=9223372036855830428, daa_score=854)
2026-08-09 22:56:24.109+09:00 [INFO ] [rig0] mined block #22 (nonce=9223372036854897536, daa_score=855)
2026-08-09 22:56:25.925+09:00 [INFO ] [rig0] mined block #23 (nonce=9223372036855824947, daa_score=856)
2026-08-09 22:56:26.006+09:00 [INFO ] [rig0] mined block #24 (nonce=9223372036854818186, daa_score=857)
2026-08-09 22:56:26.013+09:00 [INFO ] [rig0] mined block #25 (nonce=9223372036854776154, daa_score=858)
2026-08-09 22:56:26.575+09:00 [INFO ] [rig0] mined block #26 (nonce=321639, daa_score=859)
2026-08-09 22:56:26.782+09:00 [INFO ] [rig0] mined block #27 (nonce=117628, daa_score=861)
2026-08-09 22:56:27.574+09:00 [INFO ] [rig0] mined block #28 (nonce=457842, daa_score=862)
2026-08-09 22:56:28.487+09:00 [INFO ] [rig0] mined block #29 (nonce=9223372036855301790, daa_score=863)
2026-08-09 22:56:29.077+09:00 [INFO ] [rig0] mined block #30 (nonce=9223372036855114477, daa_score=864)
2026-08-09 22:56:29.632+09:00 [INFO ] [rig0] mined block #31 (nonce=9223372036855090399, daa_score=865)
2026-08-09 22:56:29.949+09:00 [INFO ] [rig0] mined block #32 (nonce=180485, daa_score=866)
2026-08-09 22:56:30.167+09:00 [INFO ] [rig0] mined block #33 (nonce=9223372036854899181, daa_score=867)
2026-08-09 22:56:31.748+09:00 [INFO ] [rig0] mined block #34 (nonce=9223372036855689108, daa_score=868)
2026-08-09 22:56:31.796+09:00 [INFO ] [rig0] mined block #35 (nonce=9223372036854799053, daa_score=869)
2026-08-09 22:56:32.538+09:00 [INFO ] [rig0] mined block #36 (nonce=427113, daa_score=870)
2026-08-09 22:56:33.115+09:00 [INFO ] [rig0] mined block #37 (nonce=9223372036855104869, daa_score=871)
2026-08-09 22:56:34.430+09:00 [INFO ] [rig0] mined block #38 (nonce=744561, daa_score=872)
2026-08-09 22:56:34.472+09:00 [INFO ] [rig0] mined block #39 (nonce=19110, daa_score=873)
2026-08-09 22:56:35.017+09:00 [INFO ] [rig0] mined block #40 (nonce=9223372036855082385, daa_score=874)
2026-08-09 22:56:35.429+09:00 [INFO ] [rig0] mined block #41 (nonce=215442, daa_score=875)
2026-08-09 22:56:35.578+09:00 [INFO ] [rig0] mined block #42 (nonce=81520, daa_score=876)
2026-08-09 22:56:36.448+09:00 [INFO ] [rig0] mined block #43 (nonce=489096, daa_score=877)
2026-08-09 22:56:36.894+09:00 [INFO ] [rig0] mined block #44 (nonce=9223372036854994129, daa_score=878)
2026-08-09 22:56:38.363+09:00 [INFO ] [rig0] mined block #45 (nonce=755578, daa_score=879)
2026-08-09 22:56:38.551+09:00 [INFO ] [rig0] mined block #46 (nonce=71607, daa_score=880)
2026-08-09 22:56:40.475+09:00 [INFO ] [rig0] mined block #47 (nonce=9223372036855573438, daa_score=881)
2026-08-09 22:56:42.583+09:00 [INFO ] [rig0] mined block #48 (nonce=9223372036855628979, daa_score=882)
2026-08-09 22:56:46.203+09:00 [INFO ] [rig0] mined block #49 (nonce=1525103, daa_score=884)
2026-08-09 22:56:46.951+09:00 [INFO ] [rig0] mined block #50 (nonce=9223372036855060901, daa_score=887)
2026-08-09 22:56:47.143+09:00 [INFO ] [rig0] mined block #51 (nonce=9223372036854838276, daa_score=888)
2026-08-09 22:56:48.222+09:00 [INFO ] [rig0] mined block #52 (nonce=9223372036855184221, daa_score=889)
2026-08-09 22:56:48.383+09:00 [INFO ] [rig0] mined block #53 (nonce=9223372036854836865, daa_score=891)
2026-08-09 22:56:49.012+09:00 [INFO ] [rig0] mined block #54 (nonce=9223372036855000426, daa_score=892)
2026-08-09 22:56:49.677+09:00 [INFO ] [rig0] mined block #55 (nonce=236900, daa_score=893)
2026-08-09 22:56:49.928+09:00 [INFO ] [rig0] mined block #56 (nonce=97918, daa_score=894)
2026-08-09 22:56:50.011+09:00 [INFO ] [rig0] mined block #57 (nonce=9223372036854805893, daa_score=895)
2026-08-09 22:56:50.161+09:00 [INFO ] [rig0] mined block #58 (nonce=9223372036854834474, daa_score=896)
2026-08-09 22:56:51.093+09:00 [INFO ] [rig0] mined block #59 (nonce=9223372036855140425, daa_score=897)
2026-08-09 22:56:51.929+09:00 [INFO ] [rig0] mined block #60 (nonce=9223372036855117529, daa_score=898)
2026-08-09 22:56:52.211+09:00 [INFO ] [rig0] mined block #61 (nonce=104007, daa_score=899)
2026-08-09 22:56:52.280+09:00 [INFO ] [rig0] mined block #62 (nonce=9223372036854792791, daa_score=900)
2026-08-09 22:56:53.200+09:00 [INFO ] [rig0] mined block #63 (nonce=360139, daa_score=901)
2026-08-09 22:56:53.281+09:00 [INFO ] [rig0] mined block #64 (nonce=9223372036854802184, daa_score=902)
2026-08-09 22:56:54.094+09:00 [INFO ] [rig0] mined block #65 (nonce=340285, daa_score=903)
2026-08-09 22:56:54.255+09:00 [INFO ] [rig0] mined block #66 (nonce=9223372036854831432, daa_score=904)
2026-08-09 22:56:56.885+09:00 [INFO ] [rig0] mined block #67 (nonce=853753, daa_score=905)
2026-08-09 22:56:58.342+09:00 [INFO ] [rig0] mined block #68 (nonce=516037, daa_score=906)
2026-08-09 22:56:58.481+09:00 [INFO ] [rig0] mined block #69 (nonce=9223372036854833304, daa_score=907)
2026-08-09 22:56:59.075+09:00 [INFO ] [rig0] mined block #70 (nonce=9223372036855081227, daa_score=908)
2026-08-09 22:56:59.178+09:00 [INFO ] [rig0] mined block #71 (nonce=51788, daa_score=910)
2026-08-09 22:57:00.226+09:00 [INFO ] [rig0] mined block #72 (nonce=9223372036855228838, daa_score=911)
2026-08-09 22:57:00.607+09:00 [INFO ] [rig0] mined block #73 (nonce=148800, daa_score=912)
2026-08-09 22:57:02.540+09:00 [INFO ] [rig0] mined block #74 (nonce=580572, daa_score=913)
2026-08-09 22:57:03.125+09:00 [INFO ] [rig0] mined block #75 (nonce=187889, daa_score=914)
2026-08-09 22:57:03.306+09:00 [INFO ] [rig0] mined block #76 (nonce=9223372036854830125, daa_score=916)
2026-08-09 22:57:03.673+09:00 [INFO ] [rig0] mined block #77 (nonce=135944, daa_score=917)
2026-08-09 22:57:04.110+09:00 [INFO ] [rig0] mined block #78 (nonce=163613, daa_score=918)
2026-08-09 22:57:04.891+09:00 [INFO ] [rig0] mined block #79 (nonce=260999, daa_score=919)
2026-08-09 22:57:06.046+09:00 [INFO ] [rig0] mined block #80 (nonce=445998, daa_score=920)
2026-08-09 22:57:06.901+09:00 [INFO ] [rig0] mined block #81 (nonce=285469, daa_score=921)
2026-08-09 22:57:07.447+09:00 [INFO ] [rig0] mined block #82 (nonce=9223372036854993788, daa_score=922)
2026-08-09 22:57:09.702+09:00 [INFO ] [rig0] mined block #83 (nonce=864553, daa_score=923)
2026-08-09 22:57:09.803+09:00 [INFO ] [rig0] mined block #84 (nonce=9223372036854811714, daa_score=924)
2026-08-09 22:57:10.196+09:00 [INFO ] [rig0] mined block #85 (nonce=160061, daa_score=925)
2026-08-09 22:57:10.209+09:00 [INFO ] [rig0] mined block #86 (nonce=766, daa_score=926)
2026-08-09 22:57:11.027+09:00 [INFO ] [rig0] mined block #87 (nonce=9223372036855122456, daa_score=927)
2026-08-09 22:57:11.516+09:00 [INFO ] [rig0] mined block #88 (nonce=170872, daa_score=928)
2026-08-09 22:57:11.695+09:00 [INFO ] [rig0] mined block #89 (nonce=9223372036854839654, daa_score=929)
2026-08-09 22:57:13.129+09:00 [INFO ] [rig0] mined block #90 (nonce=9223372036855508411, daa_score=930)
2026-08-09 22:57:13.806+09:00 [INFO ] [rig0] mined block #91 (nonce=301202, daa_score=931)
2026-08-09 22:57:13.902+09:00 [INFO ] [rig0] mined block #92 (nonce=35933, daa_score=932)
2026-08-09 22:57:14.405+09:00 [INFO ] [rig0] mined block #93 (nonce=218338, daa_score=933)
2026-08-09 22:57:15.294+09:00 [INFO ] [rig0] mined block #94 (nonce=9223372036855200409, daa_score=934)
2026-08-09 22:57:16.329+09:00 [INFO ] [rig0] mined block #95 (nonce=9223372036855123501, daa_score=935)
2026-08-09 22:57:16.786+09:00 [INFO ] [rig0] mined block #96 (nonce=188284, daa_score=936)
2026-08-09 22:57:17.063+09:00 [INFO ] [rig0] mined block #97 (nonce=9223372036854924814, daa_score=937)
2026-08-09 22:57:17.622+09:00 [INFO ] [rig0] mined block #98 (nonce=299724, daa_score=938)
2026-08-09 22:57:17.712+09:00 [INFO ] [rig0] mined block #99 (nonce=39577, daa_score=939)
2026-08-09 22:57:17.807+09:00 [INFO ] [rig0] mined block #100 (nonce=9223372036854814944, daa_score=940)
2026-08-09 22:57:18.485+09:00 [INFO ] [rig0] mined block #101 (nonce=329311, daa_score=941)
2026-08-09 22:57:18.599+09:00 [INFO ] [rig0] mined block #102 (nonce=60908, daa_score=942)
2026-08-09 22:57:18.710+09:00 [INFO ] [rig0] mined block #103 (nonce=55781, daa_score=943)
2026-08-09 22:57:20.963+09:00 [INFO ] [rig0] mined block #104 (nonce=1193585, daa_score=944)
2026-08-09 22:57:21.174+09:00 [INFO ] [rig0] mined block #105 (nonce=9223372036854889765, daa_score=945)
2026-08-09 22:57:21.609+09:00 [INFO ] [rig0] mined block #106 (nonce=240779, daa_score=946)
2026-08-09 22:57:21.695+09:00 [INFO ] [rig0] mined block #107 (nonce=45089, daa_score=947)
2026-08-09 22:57:22.170+09:00 [INFO ] [rig0] mined block #108 (nonce=9223372036855047391, daa_score=948)
2026-08-09 22:57:23.034+09:00 [INFO ] [rig0] mined block #109 (nonce=480118, daa_score=949)
2026-08-09 22:57:24.849+09:00 [INFO ] [rig0] mined block #110 (nonce=1028592, daa_score=950)
2026-08-09 22:57:25.222+09:00 [INFO ] [rig0] mined block #111 (nonce=9223372036854986563, daa_score=952)
2026-08-09 22:57:25.619+09:00 [INFO ] [rig0] mined block #112 (nonce=9223372036854999946, daa_score=953)
2026-08-09 22:57:25.786+09:00 [INFO ] [rig0] mined block #113 (nonce=9223372036854866609, daa_score=954)
2026-08-09 22:57:26.322+09:00 [INFO ] [rig0] mined block #114 (nonce=9223372036855077038, daa_score=955)
2026-08-09 22:57:26.639+09:00 [INFO ] [rig0] mined block #115 (nonce=9223372036854953465, daa_score=956)
2026-08-09 22:57:27.026+09:00 [INFO ] [rig0] mined block #116 (nonce=9223372036854987699, daa_score=957)
2026-08-09 22:57:27.984+09:00 [INFO ] [rig0] mined block #117 (nonce=9223372036855321073, daa_score=958)
2026-08-09 22:57:29.228+09:00 [INFO ] [rig0] mined block #118 (nonce=9223372036855464275, daa_score=959)
2026-08-09 22:57:29.340+09:00 [INFO ] [rig0] mined block #119 (nonce=51694, daa_score=960)
2026-08-09 22:57:30.212+09:00 [INFO ] [rig0] mined block #120 (nonce=475638, daa_score=961)
2026-08-09 22:57:30.650+09:00 [INFO ] [rig0] mined block #121 (nonce=248523, daa_score=962)
2026-08-09 22:57:31.217+09:00 [INFO ] [rig0] mined block #122 (nonce=323217, daa_score=963)
2026-08-09 22:57:31.347+09:00 [INFO ] [rig0] mined block #123 (nonce=70746, daa_score=964)
2026-08-09 22:57:31.444+09:00 [INFO ] [rig0] mined block #124 (nonce=9223372036854826707, daa_score=965)
2026-08-09 22:57:31.585+09:00 [INFO ] [rig0] mined block #125 (nonce=63558, daa_score=966)
2026-08-09 22:57:31.991+09:00 [INFO ] [rig0] mined block #126 (nonce=231211, daa_score=967)
2026-08-09 22:57:32.800+09:00 [INFO ] [rig0] mined block #127 (nonce=458052, daa_score=968)
2026-08-09 22:57:33.808+09:00 [INFO ] [rig0] mined block #128 (nonce=576823, daa_score=969)
2026-08-09 22:57:33.833+09:00 [INFO ] [rig0] mined block #129 (nonce=10042, daa_score=970)
2026-08-09 22:57:33.959+09:00 [INFO ] [rig0] mined block #130 (nonce=67684, daa_score=971)
2026-08-09 22:57:34.973+09:00 [INFO ] [rig0] mined block #131 (nonce=583095, daa_score=972)
2026-08-09 22:57:35.078+09:00 [INFO ] [rig0] mined block #132 (nonce=55814, daa_score=973)
2026-08-09 22:57:35.122+09:00 [INFO ] [rig0] mined block #133 (nonce=21685, daa_score=974)
2026-08-09 22:57:35.229+09:00 [INFO ] [rig0] mined block #134 (nonce=57806, daa_score=975)
2026-08-09 22:57:38.215+09:00 [INFO ] [rig0] mined block #135 (nonce=9223372036856500937, daa_score=976)
2026-08-09 22:57:38.241+09:00 [INFO ] [rig0] mined block #136 (nonce=10551, daa_score=977)
2026-08-09 22:57:39.222+09:00 [INFO ] [rig0] mined block #137 (nonce=564815, daa_score=978)
2026-08-09 22:57:39.360+09:00 [INFO ] [rig0] mined block #138 (nonce=75381, daa_score=979)
2026-08-09 22:57:39.720+09:00 [INFO ] [rig0] mined block #139 (nonce=9223372036854980110, daa_score=980)
2026-08-09 22:57:40.002+09:00 [INFO ] [rig0] mined block #140 (nonce=9223372036854935195, daa_score=981)
2026-08-09 22:57:40.593+09:00 [INFO ] [rig0] mined block #141 (nonce=336074, daa_score=982)
2026-08-09 22:57:41.622+09:00 [INFO ] [rig0] mined block #142 (nonce=589560, daa_score=983)
2026-08-09 22:57:42.237+09:00 [INFO ] [rig0] mined block #143 (nonce=9223372036855130856, daa_score=984)
2026-08-09 22:57:42.482+09:00 [INFO ] [rig0] mined block #144 (nonce=127272, daa_score=985)
2026-08-09 22:57:43.070+09:00 [INFO ] [rig0] mined block #145 (nonce=9223372036855113310, daa_score=986)
2026-08-09 22:57:43.997+09:00 [INFO ] [rig0] mined block #146 (nonce=530988, daa_score=987)
2026-08-09 22:57:44.443+09:00 [INFO ] [rig0] mined block #147 (nonce=9223372036855029690, daa_score=988)
2026-08-09 22:57:44.855+09:00 [INFO ] [rig0] mined block #148 (nonce=235789, daa_score=989)
2026-08-09 22:57:46.629+09:00 [INFO ] [rig0] mined block #149 (nonce=1020027, daa_score=990)
2026-08-09 22:57:47.843+09:00 [INFO ] [rig0] mined block #150 (nonce=9223372036855392512, daa_score=991)
2026-08-09 22:57:48.657+09:00 [INFO ] [rig0] mined block #151 (nonce=466961, daa_score=992)
2026-08-09 22:57:50.064+09:00 [INFO ] [rig0] mined block #152 (nonce=9223372036855195963, daa_score=993)
2026-08-09 22:57:50.885+09:00 [INFO ] [rig0] mined block #153 (nonce=185383, daa_score=994)
2026-08-09 22:57:51.248+09:00 [INFO ] [rig0] mined block #154 (nonce=9223372036854899981, daa_score=995)
2026-08-09 22:57:51.500+09:00 [INFO ] [rig0] mined block #155 (nonce=9223372036854828300, daa_score=996)
2026-08-09 22:57:57.184+09:00 [INFO ] [rig0] mined block #156 (nonce=1178896, daa_score=997)
2026-08-09 22:57:57.267+09:00 [INFO ] [rig0] mined block #157 (nonce=9223372036854792654, daa_score=998)
2026-08-09 22:57:58.331+09:00 [INFO ] [rig0] mined block #158 (nonce=9223372036855018993, daa_score=999)
2026-08-09 22:57:58.801+09:00 [INFO ] [rig0] mined block #159 (nonce=9223372036854875987, daa_score=1000)
2026-08-09 22:57:59.116+09:00 [INFO ] [rig0] mined block #160 (nonce=9223372036854846798, daa_score=1001)
2026-08-09 22:57:59.626+09:00 [INFO ] [rig0] mined block #161 (nonce=9223372036854960540, daa_score=1002)
2026-08-09 22:58:00.191+09:00 [INFO ] [rig0] mined block #162 (nonce=9223372036854905450, daa_score=1003)
2026-08-09 22:58:01.535+09:00 [INFO ] [rig0] mined block #163 (nonce=560454, daa_score=1004)
2026-08-09 22:58:03.502+09:00 [INFO ] [rig0] mined block #164 (nonce=503245, daa_score=1005)
2026-08-09 22:58:04.099+09:00 [INFO ] [rig0] mined block #165 (nonce=156645, daa_score=1007)
2026-08-09 22:58:04.908+09:00 [INFO ] [rig0] mined block #166 (nonce=9223372036855002877, daa_score=1008)
2026-08-09 22:58:09.108+09:00 [INFO ] [rig0] mined block #167 (nonce=1026596, daa_score=1010)
2026-08-09 22:58:11.029+09:00 [INFO ] [rig0] mined block #168 (nonce=9223372036855293875, daa_score=1011)
2026-08-09 22:58:11.176+09:00 [INFO ] [rig0] mined block #169 (nonce=9223372036854816629, daa_score=1013)
2026-08-09 22:58:11.742+09:00 [INFO ] [rig0] mined block #170 (nonce=9223372036854917893, daa_score=1014)
2026-08-09 22:58:15.138+09:00 [INFO ] [rig0] mined block #171 (nonce=844454, daa_score=1016)
2026-08-09 22:58:17.761+09:00 [INFO ] [rig0] mined block #172 (nonce=9223372036855433058, daa_score=1017)
2026-08-09 22:58:18.096+09:00 [INFO ] [rig0] mined block #173 (nonce=126424, daa_score=1019)
2026-08-09 22:58:19.402+09:00 [INFO ] [rig0] mined block #174 (nonce=722909, daa_score=1020)
2026-08-09 22:58:19.685+09:00 [INFO ] [rig0] mined block #175 (nonce=9223372036854934188, daa_score=1021)
2026-08-09 22:58:19.704+09:00 [INFO ] [rig0] mined block #176 (nonce=6211, daa_score=1022)
2026-08-09 22:58:20.066+09:00 [INFO ] [rig0] mined block #177 (nonce=9223372036854981467, daa_score=1023)
2026-08-09 22:58:20.077+09:00 [INFO ] [rig0] mined block #178 (nonce=9223372036854777213, daa_score=1024)
2026-08-09 22:58:21.660+09:00 [INFO ] [rig0] mined block #179 (nonce=9223372036855640772, daa_score=1025)
2026-08-09 22:58:21.972+09:00 [INFO ] [rig0] mined block #180 (nonce=173579, daa_score=1026)
2026-08-09 22:58:22.139+09:00 [INFO ] [rig0] mined block #181 (nonce=9223372036854863693, daa_score=1027)
2026-08-09 22:58:22.704+09:00 [INFO ] [rig0] mined block #182 (nonce=322349, daa_score=1028)
2026-08-09 22:58:23.931+09:00 [INFO ] [rig0] mined block #183 (nonce=9223372036855201151, daa_score=1029)
2026-08-09 22:58:24.742+09:00 [INFO ] [rig0] mined block #184 (nonce=9223372036855062751, daa_score=1030)
2026-08-09 22:58:25.608+09:00 [INFO ] [rig0] mined block #185 (nonce=9223372036855004978, daa_score=1031)
2026-08-09 22:58:26.284+09:00 [INFO ] [rig0] mined block #186 (nonce=9223372036854986689, daa_score=1032)
2026-08-09 22:58:27.007+09:00 [INFO ] [rig0] mined block #187 (nonce=411001, daa_score=1033)
2026-08-09 22:58:27.068+09:00 [INFO ] [rig0] mined block #188 (nonce=29817, daa_score=1034)
2026-08-09 22:58:27.079+09:00 [INFO ] [rig0] mined block #189 (nonce=9223372036854777164, daa_score=1035)
2026-08-09 22:58:27.703+09:00 [INFO ] [rig0] mined block #190 (nonce=344964, daa_score=1036)
2026-08-09 22:58:27.904+09:00 [INFO ] [rig0] mined block #191 (nonce=111572, daa_score=1037)
2026-08-09 22:58:28.586+09:00 [INFO ] [rig0] mined block #192 (nonce=348515, daa_score=1038)
2026-08-09 22:58:28.680+09:00 [INFO ] [rig0] mined block #193 (nonce=9223372036854801257, daa_score=1039)
2026-08-09 22:58:28.765+09:00 [INFO ] [rig0] mined block #194 (nonce=9223372036854791138, daa_score=1040)
2026-08-09 22:58:29.853+09:00 [INFO ] [rig0] mined block #195 (nonce=9223372036855149673, daa_score=1041)
2026-08-09 22:58:30.602+09:00 [INFO ] [rig0] mined block #196 (nonce=413079, daa_score=1042)
2026-08-09 22:58:30.861+09:00 [INFO ] [rig0] mined block #197 (nonce=142297, daa_score=1043)
2026-08-09 22:58:31.498+09:00 [INFO ] [rig0] mined block #198 (nonce=287532, daa_score=1044)
2026-08-09 22:58:31.817+09:00 [INFO ] [rig0] mined block #199 (nonce=9223372036854922457, daa_score=1045)
2026-08-09 22:58:32.092+09:00 [INFO ] [rig0] mined block #200 (nonce=152911, daa_score=1046)
2026-08-09 22:58:32.092+09:00 [INFO ] done: mined 200 blocks

  misaminer v1.0.0  —  MISAKA (kaspa-pq) Layer-0 CPU miner
  ---------------------------------------------------------
  pool/node : 127.0.0.1:17210
  network   : devnet
  worker    : rig0
  threads   : 2

2026-08-09 22:58:32.131+09:00 [WARN ] --allow-burn: mining to an UNSPENDABLE placeholder (rewards are lost) — PoW smoke test only.
2026-08-09 22:58:32.132+09:00 [INFO ] [rig0] connected to 127.0.0.1:17210; mining network_id=devnet to misakadev:qgqqqqqqqqqqqqqqqqqqqqqqqqqqqqqqqqqqqqqqqqqqqqqqqqqqqqqqqqqqqqqqqqqqqqqqqqqqqqqqqqqqqqqqqqqqqqqqqqqqqqqqets69efd
2026-08-09 22:58:33.014+09:00 [INFO ] [rig0] mined block #1 (nonce=375499, daa_score=1047)
2026-08-09 22:58:34.508+09:00 [INFO ] [rig0] mined block #2 (nonce=9223372036855226029, daa_score=1048)
2026-08-09 22:58:35.416+09:00 [INFO ] [rig0] mined block #3 (nonce=9223372036854991685, daa_score=1049)
2026-08-09 22:58:35.651+09:00 [INFO ] [rig0] mined block #4 (nonce=9223372036854863910, daa_score=1050)
2026-08-09 22:58:36.346+09:00 [INFO ] [rig0] mined block #5 (nonce=9223372036855155956, daa_score=1051)
2026-08-09 22:58:36.745+09:00 [INFO ] [rig0] mined block #6 (nonce=225608, daa_score=1052)
2026-08-09 22:58:37.420+09:00 [INFO ] [rig0] mined block #7 (nonce=385663, daa_score=1053)
2026-08-09 22:58:38.765+09:00 [INFO ] [rig0] mined block #8 (nonce=420256, daa_score=1054)
2026-08-09 22:58:40.213+09:00 [INFO ] [rig0] mined block #9 (nonce=9223372036855219916, daa_score=1055)
2026-08-09 22:58:40.776+09:00 [INFO ] [rig0] mined block #10 (nonce=128222, daa_score=1056)
2026-08-09 22:58:41.059+09:00 [INFO ] [rig0] mined block #11 (nonce=80799, daa_score=1057)
2026-08-09 22:58:41.297+09:00 [INFO ] [rig0] mined block #12 (nonce=9223372036854844176, daa_score=1058)
2026-08-09 22:58:41.475+09:00 [INFO ] [rig0] mined block #13 (nonce=54217, daa_score=1059)
2026-08-09 22:58:41.709+09:00 [INFO ] [rig0] mined block #14 (nonce=47449, daa_score=1060)
2026-08-09 22:58:42.428+09:00 [INFO ] [rig0] mined block #15 (nonce=202390, daa_score=1061)
2026-08-09 22:58:42.543+09:00 [INFO ] [rig0] mined block #16 (nonce=25402, daa_score=1062)
2026-08-09 22:58:42.616+09:00 [INFO ] [rig0] mined block #17 (nonce=9223372036854792821, daa_score=1063)
2026-08-09 22:58:43.795+09:00 [INFO ] [rig0] mined block #18 (nonce=305911, daa_score=1064)
2026-08-09 22:58:45.305+09:00 [INFO ] [rig0] mined block #19 (nonce=393552, daa_score=1065)
2026-08-09 22:58:45.433+09:00 [INFO ] [rig0] mined block #20 (nonce=9223372036854813851, daa_score=1066)
2026-08-09 22:58:48.755+09:00 [INFO ] [rig0] mined block #21 (nonce=890160, daa_score=1067)
2026-08-09 22:58:48.975+09:00 [INFO ] [rig0] mined block #22 (nonce=9223372036854795032, daa_score=1069)
2026-08-09 22:58:51.641+09:00 [INFO ] [rig0] mined block #23 (nonce=9223372036855346157, daa_score=1070)
2026-08-09 22:58:51.865+09:00 [INFO ] [rig0] mined block #24 (nonce=48585, daa_score=1072)
2026-08-09 22:58:52.601+09:00 [INFO ] [rig0] mined block #25 (nonce=9223372036854918753, daa_score=1073)
2026-08-09 22:58:54.469+09:00 [INFO ] [rig0] mined block #26 (nonce=408668, daa_score=1074)
2026-08-09 22:58:54.616+09:00 [INFO ] [rig0] mined block #27 (nonce=34836, daa_score=1075)
2026-08-09 22:58:54.915+09:00 [INFO ] [rig0] mined block #28 (nonce=71877, daa_score=1076)
2026-08-09 22:58:55.290+09:00 [INFO ] [rig0] mined block #29 (nonce=9223372036854850671, daa_score=1078)
2026-08-09 22:58:55.612+09:00 [INFO ] [rig0] mined block #30 (nonce=9223372036854835856, daa_score=1079)
2026-08-09 22:58:56.075+09:00 [INFO ] [rig0] mined block #31 (nonce=101290, daa_score=1080)
2026-08-09 22:58:56.214+09:00 [INFO ] [rig0] mined block #32 (nonce=43251, daa_score=1081)
2026-08-09 22:58:56.321+09:00 [INFO ] [rig0] mined block #33 (nonce=17839, daa_score=1082)
2026-08-09 22:58:57.650+09:00 [INFO ] [rig0] mined block #34 (nonce=302642, daa_score=1083)
2026-08-09 22:58:57.739+09:00 [INFO ] [rig0] mined block #35 (nonce=6883, daa_score=1084)
2026-08-09 22:58:58.200+09:00 [INFO ] [rig0] mined block #36 (nonce=9223372036854883672, daa_score=1085)
2026-08-09 22:58:58.310+09:00 [INFO ] [rig0] mined block #37 (nonce=9223372036854791542, daa_score=1086)
2026-08-09 22:59:00.325+09:00 [INFO ] [rig0] mined block #38 (nonce=459167, daa_score=1087)
2026-08-09 22:59:01.016+09:00 [INFO ] [rig0] mined block #39 (nonce=138522, daa_score=1088)
2026-08-09 22:59:01.041+09:00 [INFO ] [rig0] mined block #40 (nonce=417, daa_score=1089)
2026-08-09 22:59:06.343+09:00 [INFO ] [rig0] mined block #41 (nonce=999797, daa_score=1090)
2026-08-09 22:59:11.470+09:00 [INFO ] [rig0] mined block #42 (nonce=9223372036855685083, daa_score=1093)
2026-08-09 22:59:11.487+09:00 [INFO ] [rig0] mined block #43 (nonce=4122, daa_score=1095)
2026-08-09 22:59:11.740+09:00 [INFO ] [rig0] mined block #44 (nonce=132284, daa_score=1096)
2026-08-09 22:59:12.187+09:00 [INFO ] [rig0] mined block #45 (nonce=9223372036855028651, daa_score=1097)
2026-08-09 22:59:12.933+09:00 [INFO ] [rig0] mined block #46 (nonce=9223372036855187686, daa_score=1098)
2026-08-09 22:59:15.049+09:00 [INFO ] [rig0] mined block #47 (nonce=9223372036855983495, daa_score=1099)
2026-08-09 22:59:16.813+09:00 [INFO ] [rig0] mined block #48 (nonce=1021794, daa_score=1100)
2026-08-09 22:59:16.897+09:00 [INFO ] [rig0] mined block #49 (nonce=9223372036854819558, daa_score=1102)
2026-08-09 22:59:17.759+09:00 [INFO ] [rig0] mined block #50 (nonce=496474, daa_score=1103)
2026-08-09 22:59:18.073+09:00 [INFO ] [rig0] mined block #51 (nonce=176142, daa_score=1104)
2026-08-09 22:59:18.389+09:00 [INFO ] [rig0] mined block #52 (nonce=177826, daa_score=1105)
2026-08-09 22:59:18.505+09:00 [INFO ] [rig0] mined block #53 (nonce=61119, daa_score=1106)
2026-08-09 22:59:18.594+09:00 [INFO ] [rig0] mined block #54 (nonce=9223372036854821570, daa_score=1107)
2026-08-09 22:59:18.611+09:00 [INFO ] [rig0] mined block #55 (nonce=4214, daa_score=1108)
2026-08-09 22:59:18.944+09:00 [INFO ] [rig0] mined block #56 (nonce=188031, daa_score=1109)
2026-08-09 22:59:19.001+09:00 [INFO ] [rig0] mined block #57 (nonce=27581, daa_score=1110)
2026-08-09 22:59:19.200+09:00 [INFO ] [rig0] mined block #58 (nonce=110784, daa_score=1111)
2026-08-09 22:59:19.356+09:00 [INFO ] [rig0] mined block #59 (nonce=9223372036854860996, daa_score=1112)
2026-08-09 22:59:19.582+09:00 [INFO ] [rig0] mined block #60 (nonce=126014, daa_score=1113)
2026-08-09 22:59:19.992+09:00 [INFO ] [rig0] mined block #61 (nonce=233589, daa_score=1114)
2026-08-09 22:59:20.831+09:00 [INFO ] [rig0] mined block #62 (nonce=481143, daa_score=1115)
2026-08-09 22:59:21.375+09:00 [INFO ] [rig0] mined block #63 (nonce=308173, daa_score=1116)
2026-08-09 22:59:22.011+09:00 [INFO ] [rig0] mined block #64 (nonce=9223372036855139808, daa_score=1117)
2026-08-09 22:59:22.040+09:00 [INFO ] [rig0] mined block #65 (nonce=11600, daa_score=1118)
2026-08-09 22:59:22.471+09:00 [INFO ] [rig0] mined block #66 (nonce=9223372036855018254, daa_score=1119)
2026-08-09 22:59:22.537+09:00 [INFO ] [rig0] mined block #67 (nonce=9223372036854793004, daa_score=1120)
2026-08-09 22:59:22.709+09:00 [INFO ] [rig0] mined block #68 (nonce=88585, daa_score=1121)
2026-08-09 22:59:23.309+09:00 [INFO ] [rig0] mined block #69 (nonce=9223372036855113221, daa_score=1122)
2026-08-09 22:59:24.545+09:00 [INFO ] [rig0] mined block #70 (nonce=9223372036855486915, daa_score=1123)
2026-08-09 22:59:24.582+09:00 [INFO ] [rig0] mined block #71 (nonce=9223372036854791615, daa_score=1124)
2026-08-09 22:59:25.037+09:00 [INFO ] [rig0] mined block #72 (nonce=9223372036855033538, daa_score=1125)
2026-08-09 22:59:25.113+09:00 [INFO ] [rig0] mined block #73 (nonce=9223372036854813973, daa_score=1126)
2026-08-09 22:59:25.741+09:00 [INFO ] [rig0] mined block #74 (nonce=9223372036855133648, daa_score=1127)
2026-08-09 22:59:26.644+09:00 [INFO ] [rig0] mined block #75 (nonce=9223372036855289639, daa_score=1128)
2026-08-09 22:59:26.687+09:00 [INFO ] [rig0] mined block #76 (nonce=18899, daa_score=1129)
2026-08-09 22:59:26.798+09:00 [INFO ] [rig0] mined block #77 (nonce=58350, daa_score=1130)
2026-08-09 22:59:27.021+09:00 [INFO ] [rig0] mined block #78 (nonce=9223372036854899130, daa_score=1131)
2026-08-09 22:59:27.401+09:00 [INFO ] [rig0] mined block #79 (nonce=214032, daa_score=1132)
2026-08-09 22:59:27.479+09:00 [INFO ] [rig0] mined block #80 (nonce=9223372036854815429, daa_score=1133)
2026-08-09 22:59:27.855+09:00 [INFO ] [rig0] mined block #81 (nonce=9223372036854988752, daa_score=1134)
2026-08-09 22:59:28.204+09:00 [INFO ] [rig0] mined block #82 (nonce=196150, daa_score=1135)
2026-08-09 22:59:28.863+09:00 [INFO ] [rig0] mined block #83 (nonce=9223372036855150967, daa_score=1136)
2026-08-09 22:59:28.983+09:00 [INFO ] [rig0] mined block #84 (nonce=9223372036854840032, daa_score=1137)
2026-08-09 22:59:30.025+09:00 [INFO ] [rig0] mined block #85 (nonce=9223372036855371487, daa_score=1138)
2026-08-09 22:59:30.057+09:00 [INFO ] [rig0] mined block #86 (nonce=12491, daa_score=1139)
2026-08-09 22:59:30.147+09:00 [INFO ] [rig0] mined block #87 (nonce=9223372036854822073, daa_score=1140)
2026-08-09 22:59:30.199+09:00 [INFO ] [rig0] mined block #88 (nonce=24169, daa_score=1141)
2026-08-09 22:59:30.313+09:00 [INFO ] [rig0] mined block #89 (nonce=60081, daa_score=1142)
2026-08-09 22:59:30.882+09:00 [INFO ] [rig0] mined block #90 (nonce=9223372036855099610, daa_score=1143)
2026-08-09 22:59:33.007+09:00 [INFO ] [rig0] mined block #91 (nonce=1185923, daa_score=1144)
2026-08-09 22:59:33.391+09:00 [INFO ] [rig0] mined block #92 (nonce=215955, daa_score=1145)
2026-08-09 22:59:33.913+09:00 [INFO ] [rig0] mined block #93 (nonce=298125, daa_score=1146)
2026-08-09 22:59:35.299+09:00 [INFO ] [rig0] mined block #94 (nonce=797261, daa_score=1147)
2026-08-09 22:59:35.390+09:00 [INFO ] [rig0] mined block #95 (nonce=46614, daa_score=1148)
2026-08-09 22:59:36.723+09:00 [INFO ] [rig0] mined block #96 (nonce=766362, daa_score=1149)
2026-08-09 22:59:36.757+09:00 [INFO ] [rig0] mined block #97 (nonce=14244, daa_score=1150)
2026-08-09 22:59:37.372+09:00 [INFO ] [rig0] mined block #98 (nonce=350186, daa_score=1151)
2026-08-09 22:59:37.734+09:00 [INFO ] [rig0] mined block #99 (nonce=203455, daa_score=1152)
2026-08-09 22:59:37.746+09:00 [INFO ] [rig0] mined block #100 (nonce=1517, daa_score=1153)
2026-08-09 22:59:37.969+09:00 [INFO ] [rig0] mined block #101 (nonce=124106, daa_score=1154)
2026-08-09 22:59:37.995+09:00 [INFO ] [rig0] mined block #102 (nonce=9223372036854785936, daa_score=1155)
2026-08-09 22:59:38.403+09:00 [INFO ] [rig0] mined block #103 (nonce=9223372036855006810, daa_score=1156)
2026-08-09 22:59:38.471+09:00 [INFO ] [rig0] mined block #104 (nonce=33822, daa_score=1157)
2026-08-09 22:59:39.353+09:00 [INFO ] [rig0] mined block #105 (nonce=9223372036855278572, daa_score=1158)
2026-08-09 22:59:40.389+09:00 [INFO ] [rig0] mined block #106 (nonce=9223372036855373855, daa_score=1159)
2026-08-09 22:59:40.500+09:00 [INFO ] [rig0] mined block #107 (nonce=9223372036854834197, daa_score=1160)
2026-08-09 22:59:40.602+09:00 [INFO ] [rig0] mined block #108 (nonce=9223372036854829140, daa_score=1161)
2026-08-09 22:59:41.115+09:00 [INFO ] [rig0] mined block #109 (nonce=280421, daa_score=1162)
2026-08-09 22:59:41.851+09:00 [INFO ] [rig0] mined block #110 (nonce=9223372036855186687, daa_score=1163)
2026-08-09 22:59:42.725+09:00 [INFO ] [rig0] mined block #111 (nonce=9223372036855217256, daa_score=1164)
2026-08-09 22:59:42.882+09:00 [INFO ] [rig0] mined block #112 (nonce=83950, daa_score=1165)
2026-08-09 22:59:43.061+09:00 [INFO ] [rig0] mined block #113 (nonce=9223372036854871006, daa_score=1166)
2026-08-09 22:59:44.181+09:00 [INFO ] [rig0] mined block #114 (nonce=626611, daa_score=1167)
2026-08-09 22:59:44.306+09:00 [INFO ] [rig0] mined block #115 (nonce=9223372036854841607, daa_score=1168)
2026-08-09 22:59:44.485+09:00 [INFO ] [rig0] mined block #116 (nonce=95543, daa_score=1169)
2026-08-09 22:59:45.110+09:00 [INFO ] [rig0] mined block #117 (nonce=9223372036855129321, daa_score=1170)
2026-08-09 22:59:46.291+09:00 [INFO ] [rig0] mined block #118 (nonce=670434, daa_score=1171)
2026-08-09 22:59:47.501+09:00 [INFO ] [rig0] mined block #119 (nonce=691662, daa_score=1172)
2026-08-09 22:59:47.630+09:00 [INFO ] [rig0] mined block #120 (nonce=68962, daa_score=1173)
2026-08-09 22:59:48.039+09:00 [INFO ] [rig0] mined block #121 (nonce=9223372036855005889, daa_score=1174)
2026-08-09 22:59:48.081+09:00 [INFO ] [rig0] mined block #122 (nonce=9223372036854794392, daa_score=1175)
2026-08-09 22:59:48.126+09:00 [INFO ] [rig0] mined block #123 (nonce=9223372036854795650, daa_score=1176)
2026-08-09 22:59:48.663+09:00 [INFO ] [rig0] mined block #124 (nonce=9223372036855082432, daa_score=1177)
2026-08-09 22:59:49.039+09:00 [INFO ] [rig0] mined block #125 (nonce=9223372036854986911, daa_score=1178)
2026-08-09 22:59:49.056+09:00 [INFO ] [rig0] mined block #126 (nonce=4651, daa_score=1179)
2026-08-09 22:59:49.741+09:00 [INFO ] [rig0] mined block #127 (nonce=392896, daa_score=1180)
2026-08-09 22:59:49.858+09:00 [INFO ] [rig0] mined block #128 (nonce=62511, daa_score=1181)
2026-08-09 22:59:49.983+09:00 [INFO ] [rig0] mined block #129 (nonce=9223372036854842797, daa_score=1182)
2026-08-09 22:59:50.418+09:00 [INFO ] [rig0] mined block #130 (nonce=243149, daa_score=1183)
2026-08-09 22:59:51.490+09:00 [INFO ] [rig0] mined block #131 (nonce=589054, daa_score=1184)
2026-08-09 22:59:52.335+09:00 [INFO ] [rig0] mined block #132 (nonce=481037, daa_score=1185)
2026-08-09 22:59:52.726+09:00 [INFO ] [rig0] mined block #133 (nonce=9223372036854997402, daa_score=1186)
2026-08-09 22:59:53.085+09:00 [INFO ] [rig0] mined block #134 (nonce=202947, daa_score=1187)
2026-08-09 22:59:54.031+09:00 [INFO ] [rig0] mined block #135 (nonce=9223372036855316568, daa_score=1188)
2026-08-09 22:59:54.527+09:00 [INFO ] [rig0] mined block #136 (nonce=9223372036855056698, daa_score=1189)
2026-08-09 22:59:55.800+09:00 [INFO ] [rig0] mined block #137 (nonce=9223372036855503657, daa_score=1190)
2026-08-09 22:59:56.185+09:00 [INFO ] [rig0] mined block #138 (nonce=215293, daa_score=1191)
2026-08-09 22:59:56.368+09:00 [INFO ] [rig0] mined block #139 (nonce=99769, daa_score=1192)
2026-08-09 22:59:56.529+09:00 [INFO ] [rig0] mined block #140 (nonce=9223372036854863383, daa_score=1193)
2026-08-09 22:59:57.053+09:00 [INFO ] [rig0] mined block #141 (nonce=9223372036855074477, daa_score=1194)
2026-08-09 22:59:57.146+09:00 [INFO ] [rig0] mined block #142 (nonce=48601, daa_score=1195)
2026-08-09 22:59:57.539+09:00 [INFO ] [rig0] mined block #143 (nonce=223055, daa_score=1196)
2026-08-09 22:59:57.556+09:00 [INFO ] [rig0] mined block #144 (nonce=9223372036854780720, daa_score=1197)
2026-08-09 22:59:58.198+09:00 [INFO ] [rig0] mined block #145 (nonce=9223372036855141508, daa_score=1198)
2026-08-09 22:59:58.381+09:00 [INFO ] [rig0] mined block #146 (nonce=99462, daa_score=1199)
2026-08-09 22:59:58.430+09:00 [INFO ] [rig0] mined block #147 (nonce=9223372036854797813, daa_score=1200)
2026-08-09 22:59:58.536+09:00 [INFO ] [rig0] mined block #148 (nonce=55891, daa_score=1201)
2026-08-09 22:59:58.751+09:00 [INFO ] [rig0] mined block #149 (nonce=119471, daa_score=1202)
2026-08-09 22:59:58.915+09:00 [INFO ] [rig0] mined block #150 (nonce=87736, daa_score=1203)
2026-08-09 22:59:59.007+09:00 [INFO ] [rig0] mined block #151 (nonce=9223372036854822780, daa_score=1204)
2026-08-09 22:59:59.927+09:00 [INFO ] [rig0] mined block #152 (nonce=9223372036855300461, daa_score=1205)
2026-08-09 23:00:00.354+09:00 [INFO ] [rig0] mined block #153 (nonce=241006, daa_score=1206)
2026-08-09 23:00:00.891+09:00 [INFO ] [rig0] mined block #154 (nonce=9223372036855080537, daa_score=1207)
2026-08-09 23:00:01.081+09:00 [INFO ] [rig0] mined block #155 (nonce=9223372036854880239, daa_score=1208)
2026-08-09 23:00:01.343+09:00 [INFO ] [rig0] mined block #156 (nonce=9223372036854919811, daa_score=1209)
2026-08-09 23:00:01.730+09:00 [INFO ] [rig0] mined block #157 (nonce=216705, daa_score=1210)
2026-08-09 23:00:02.299+09:00 [INFO ] [rig0] mined block #158 (nonce=315150, daa_score=1211)
2026-08-09 23:00:02.655+09:00 [INFO ] [rig0] mined block #159 (nonce=174457, daa_score=1212)
2026-08-09 23:00:03.221+09:00 [INFO ] [rig0] mined block #160 (nonce=315507, daa_score=1213)
2026-08-09 23:00:03.354+09:00 [INFO ] [rig0] mined block #161 (nonce=9223372036854846643, daa_score=1214)
2026-08-09 23:00:03.740+09:00 [INFO ] [rig0] mined block #162 (nonce=214410, daa_score=1215)
2026-08-09 23:00:04.137+09:00 [INFO ] [rig0] mined block #163 (nonce=9223372036854998775, daa_score=1216)
2026-08-09 23:00:04.157+09:00 [INFO ] [rig0] mined block #164 (nonce=9223372036854782436, daa_score=1217)
2026-08-09 23:00:04.416+09:00 [INFO ] [rig0] mined block #165 (nonce=9223372036854916176, daa_score=1218)
2026-08-09 23:00:04.600+09:00 [INFO ] [rig0] mined block #166 (nonce=9223372036854876718, daa_score=1219)
2026-08-09 23:00:05.420+09:00 [INFO ] [rig0] mined block #167 (nonce=422193, daa_score=1220)
2026-08-09 23:00:05.815+09:00 [INFO ] [rig0] mined block #168 (nonce=9223372036854937720, daa_score=1221)
2026-08-09 23:00:05.890+09:00 [INFO ] [rig0] mined block #169 (nonce=35644, daa_score=1222)
2026-08-09 23:00:07.579+09:00 [INFO ] [rig0] mined block #170 (nonce=859135, daa_score=1223)
2026-08-09 23:00:08.595+09:00 [INFO ] [rig0] mined block #171 (nonce=579528, daa_score=1225)
2026-08-09 23:00:08.669+09:00 [INFO ] [rig0] mined block #172 (nonce=35573, daa_score=1226)
2026-08-09 23:00:08.713+09:00 [INFO ] [rig0] mined block #173 (nonce=9223372036854794130, daa_score=1227)
2026-08-09 23:00:08.892+09:00 [INFO ] [rig0] mined block #174 (nonce=94643, daa_score=1228)
2026-08-09 23:00:09.553+09:00 [INFO ] [rig0] mined block #175 (nonce=373007, daa_score=1229)
2026-08-09 23:00:09.578+09:00 [INFO ] [rig0] mined block #176 (nonce=8813, daa_score=1230)
2026-08-09 23:00:10.060+09:00 [INFO ] [rig0] mined block #177 (nonce=9223372036855047503, daa_score=1231)
2026-08-09 23:00:10.885+09:00 [INFO ] [rig0] mined block #178 (nonce=471704, daa_score=1232)
2026-08-09 23:00:11.727+09:00 [INFO ] [rig0] mined block #179 (nonce=9223372036855257077, daa_score=1233)
2026-08-09 23:00:12.079+09:00 [INFO ] [rig0] mined block #180 (nonce=200640, daa_score=1234)
2026-08-09 23:00:12.652+09:00 [INFO ] [rig0] mined block #181 (nonce=326768, daa_score=1235)
2026-08-09 23:00:13.148+09:00 [INFO ] [rig0] mined block #182 (nonce=279338, daa_score=1236)
2026-08-09 23:00:13.490+09:00 [INFO ] [rig0] mined block #183 (nonce=192646, daa_score=1237)
2026-08-09 23:00:13.505+09:00 [INFO ] [rig0] mined block #184 (nonce=9223372036854779274, daa_score=1238)
2026-08-09 23:00:13.882+09:00 [INFO ] [rig0] mined block #185 (nonce=213161, daa_score=1239)
2026-08-09 23:00:15.306+09:00 [INFO ] [rig0] mined block #186 (nonce=9223372036855571147, daa_score=1240)
2026-08-09 23:00:15.383+09:00 [INFO ] [rig0] mined block #187 (nonce=38800, daa_score=1241)
2026-08-09 23:00:15.530+09:00 [INFO ] [rig0] mined block #188 (nonce=9223372036854854963, daa_score=1242)
2026-08-09 23:00:17.973+09:00 [INFO ] [rig0] mined block #189 (nonce=1407568, daa_score=1243)
2026-08-09 23:00:19.602+09:00 [INFO ] [rig0] mined block #190 (nonce=934265, daa_score=1244)
2026-08-09 23:00:20.114+09:00 [INFO ] [rig0] mined block #191 (nonce=9223372036855064342, daa_score=1245)
2026-08-09 23:00:20.176+09:00 [INFO ] [rig0] mined block #192 (nonce=9223372036854795068, daa_score=1246)
2026-08-09 23:00:20.210+09:00 [INFO ] [rig0] mined block #193 (nonce=2419, daa_score=1247)
2026-08-09 23:00:20.231+09:00 [INFO ] [rig0] mined block #194 (nonce=9223372036854781884, daa_score=1248)
2026-08-09 23:00:20.322+09:00 [INFO ] [rig0] mined block #195 (nonce=45295, daa_score=1249)
2026-08-09 23:00:21.101+09:00 [INFO ] [rig0] mined block #196 (nonce=445006, daa_score=1250)
2026-08-09 23:00:21.262+09:00 [INFO ] [rig0] mined block #197 (nonce=9223372036854862695, daa_score=1251)
2026-08-09 23:00:21.532+09:00 [INFO ] [rig0] mined block #198 (nonce=147421, daa_score=1252)
2026-08-09 23:00:21.829+09:00 [INFO ] [rig0] mined block #199 (nonce=9223372036854941361, daa_score=1253)
2026-08-09 23:00:22.223+09:00 [INFO ] [rig0] mined block #200 (nonce=220838, daa_score=1254)
2026-08-09 23:00:22.223+09:00 [INFO ] done: mined 200 blocks

  misaminer v1.0.0  —  MISAKA (kaspa-pq) Layer-0 CPU miner
  ---------------------------------------------------------
  pool/node : 127.0.0.1:17210
  network   : devnet
  worker    : rig0
  threads   : 2

2026-08-09 23:00:22.295+09:00 [WARN ] --allow-burn: mining to an UNSPENDABLE placeholder (rewards are lost) — PoW smoke test only.
2026-08-09 23:00:22.296+09:00 [INFO ] [rig0] connected to 127.0.0.1:17210; mining network_id=devnet to misakadev:qgqqqqqqqqqqqqqqqqqqqqqqqqqqqqqqqqqqqqqqqqqqqqqqqqqqqqqqqqqqqqqqqqqqqqqqqqqqqqqqqqqqqqqqqqqqqqqqqqqqqqqqets69efd
2026-08-09 23:00:22.496+09:00 [INFO ] [rig0] mined block #1 (nonce=9223372036854884488, daa_score=1255)
2026-08-09 23:00:22.819+09:00 [INFO ] [rig0] mined block #2 (nonce=177320, daa_score=1256)
2026-08-09 23:00:23.129+09:00 [INFO ] [rig0] mined block #3 (nonce=9223372036854944784, daa_score=1257)
2026-08-09 23:00:23.878+09:00 [INFO ] [rig0] mined block #4 (nonce=9223372036855202281, daa_score=1258)
2026-08-09 23:00:24.229+09:00 [INFO ] [rig0] mined block #5 (nonce=9223372036854971113, daa_score=1259)
2026-08-09 23:00:25.187+09:00 [INFO ] [rig0] mined block #6 (nonce=9223372036855323430, daa_score=1260)
2026-08-09 23:00:25.199+09:00 [INFO ] [rig0] mined block #7 (nonce=1954, daa_score=1261)
2026-08-09 23:00:25.424+09:00 [INFO ] [rig0] mined block #8 (nonce=9223372036854899609, daa_score=1262)
2026-08-09 23:00:25.577+09:00 [INFO ] [rig0] mined block #9 (nonce=81351, daa_score=1263)
2026-08-09 23:00:25.972+09:00 [INFO ] [rig0] mined block #10 (nonce=9223372036854999076, daa_score=1264)
2026-08-09 23:00:26.073+09:00 [INFO ] [rig0] mined block #11 (nonce=53043, daa_score=1265)
2026-08-09 23:00:26.349+09:00 [INFO ] [rig0] mined block #12 (nonce=9223372036854932478, daa_score=1266)
2026-08-09 23:00:26.453+09:00 [INFO ] [rig0] mined block #13 (nonce=9223372036854831237, daa_score=1267)
2026-08-09 23:00:26.626+09:00 [INFO ] [rig0] mined block #14 (nonce=93494, daa_score=1268)
2026-08-09 23:00:26.685+09:00 [INFO ] [rig0] mined block #15 (nonce=9223372036854804259, daa_score=1269)
2026-08-09 23:00:26.789+09:00 [INFO ] [rig0] mined block #16 (nonce=55936, daa_score=1270)
2026-08-09 23:00:26.944+09:00 [INFO ] [rig0] mined block #17 (nonce=9223372036854860858, daa_score=1271)
2026-08-09 23:00:27.655+09:00 [INFO ] [rig0] mined block #18 (nonce=409223, daa_score=1272)
2026-08-09 23:00:27.688+09:00 [INFO ] [rig0] mined block #19 (nonce=13564, daa_score=1273)
2026-08-09 23:00:27.968+09:00 [INFO ] [rig0] mined block #20 (nonce=154965, daa_score=1274)
2026-08-09 23:00:28.220+09:00 [INFO ] [rig0] mined block #21 (nonce=9223372036854913642, daa_score=1275)
2026-08-09 23:00:28.593+09:00 [INFO ] [rig0] mined block #22 (nonce=197216, daa_score=1276)
2026-08-09 23:00:29.598+09:00 [INFO ] [rig0] mined block #23 (nonce=9223372036855320625, daa_score=1277)
2026-08-09 23:00:30.043+09:00 [INFO ] [rig0] mined block #24 (nonce=9223372036855023906, daa_score=1278)
2026-08-09 23:00:30.160+09:00 [INFO ] [rig0] mined block #25 (nonce=9223372036854836777, daa_score=1279)
2026-08-09 23:00:30.759+09:00 [INFO ] [rig0] mined block #26 (nonce=342343, daa_score=1280)
2026-08-09 23:00:30.893+09:00 [INFO ] [rig0] mined block #27 (nonce=9223372036854847972, daa_score=1281)
2026-08-09 23:00:31.018+09:00 [INFO ] [rig0] mined block #28 (nonce=9223372036854842728, daa_score=1282)
2026-08-09 23:00:31.751+09:00 [INFO ] [rig0] mined block #29 (nonce=9223372036855194401, daa_score=1283)
2026-08-09 23:00:31.843+09:00 [INFO ] [rig0] mined block #30 (nonce=47451, daa_score=1284)
2026-08-09 23:00:31.843+09:00 [INFO ] done: mined 30 blocks
